match_id,game_id,map_order,date,event,event_id,region_a,region_b,team_a,team_b,map,rounds_a,rounds_b,y,picked_by,best_of,lan,international
430837,196664,1,2025-01-11,2025 China Kickoff,2275,China,China,XLG,WOL,Lotus,13,11,1,XLG,3,True,False
430837,196665,2,2025-01-11,2025 China Kickoff,2275,China,China,XLG,WOL,Split,13,9,1,WOL,3,True,False
430838,196667,1,2025-01-11,2025 China Kickoff,2275,China,China,TYL,TEC,Fracture,11,13,0,TEC,3,True,False
430838,196668,2,2025-01-11,2025 China Kickoff,2275,China,China,TYL,TEC,Abyss,10,13,0,TYL,3,True,False
430839,196670,1,2025-01-12,2025 China Kickoff,2275,China,China,JDG,DRG,Abyss,5,13,0,JDG,3,True,False
430839,196671,2,2025-01-12,2025 China Kickoff,2275,China,China,JDG,DRG,Haven,15,13,1,DRG,3,True,False
430839,196672,3,2025-01-12,2025 China Kickoff,2275,China,China,JDG,DRG,Bind,7,13,0,decider,3,True,False
430840,196673,1,2025-01-12,2025 China Kickoff,2275,China,China,AG,NOVA,Abyss,8,13,0,NOVA,3,True,False
430840,196674,2,2025-01-12,2025 China Kickoff,2275,China,China,AG,NOVA,Bind,3,13,0,AG,3,True,False
429380,196070,1,2025-01-15,2025 EMEA Kickoff,2276,EMEA,EMEA,KC,NAVI,Abyss,10,13,0,NAVI,3,True,False
429380,196071,2,2025-01-15,2025 EMEA Kickoff,2276,EMEA,EMEA,KC,NAVI,Bind,13,2,1,KC,3,True,False
429380,196072,3,2025-01-15,2025 EMEA Kickoff,2276,EMEA,EMEA,KC,NAVI,Lotus,13,6,1,decider,3,True,False
429381,196073,1,2025-01-15,2025 EMEA Kickoff,2276,EMEA,EMEA,BBL,GX,Lotus,13,9,1,GX,3,True,False
429381,196074,2,2025-01-15,2025 EMEA Kickoff,2276,EMEA,EMEA,BBL,GX,Haven,12,14,0,BBL,3,True,False
429381,196075,3,2025-01-15,2025 EMEA Kickoff,2276,EMEA,EMEA,BBL,GX,Pearl,13,5,1,decider,3,True,False
427991,195761,1,2025-01-16,2025 Americas Kickoff,2274,Americas,Americas,EG,LOUD,Split,12,14,0,LOUD,3,True,False
427991,195762,2,2025-01-16,2025 Americas Kickoff,2274,Americas,Americas,EG,LOUD,Pearl,10,13,0,EG,3,True,False
427992,195764,1,2025-01-16,2025 Americas Kickoff,2274,Americas,Americas,MIBR,100T,Lotus,4,13,0,MIBR,3,True,False
427992,195765,2,2025-01-16,2025 Americas Kickoff,2274,Americas,Americas,MIBR,100T,Bind,9,13,0,100T,3,True,False
429379,196067,1,2025-01-16,2025 EMEA Kickoff,2276,EMEA,EMEA,TL,MKOI,Fracture,10,13,0,TL,3,True,False
429379,196068,2,2025-01-16,2025 EMEA Kickoff,2276,EMEA,EMEA,TL,MKOI,Abyss,13,3,1,MKOI,3,True,False
429379,196069,3,2025-01-16,2025 EMEA Kickoff,2276,EMEA,EMEA,TL,MKOI,Bind,13,10,1,decider,3,True,False
429382,196076,1,2025-01-16,2025 EMEA Kickoff,2276,EMEA,EMEA,APK,M8,Pearl,7,13,0,M8,3,True,False
429382,196077,2,2025-01-16,2025 EMEA Kickoff,2276,EMEA,EMEA,APK,M8,Haven,12,14,0,APK,3,True,False
430841,196676,1,2025-01-16,2025 China Kickoff,2275,China,China,BLG,XLG,Haven,11,13,0,XLG,3,True,False
430841,196677,2,2025-01-16,2025 China Kickoff,2275,China,China,BLG,XLG,Lotus,13,11,1,BLG,3,True,False
430841,196678,3,2025-01-16,2025 China Kickoff,2275,China,China,BLG,XLG,Abyss,13,11,1,decider,3,True,False
430842,196679,1,2025-01-16,2025 China Kickoff,2275,China,China,FPX,TEC,Abyss,11,13,0,TEC,3,True,False
430842,196680,2,2025-01-16,2025 China Kickoff,2275,China,China,FPX,TEC,Fracture,13,7,1,FPX,3,True,False
430842,196681,3,2025-01-16,2025 China Kickoff,2275,China,China,FPX,TEC,Pearl,13,6,1,decider,3,True,False
427993,195767,1,2025-01-17,2025 Americas Kickoff,2274,Americas,Americas,NRG,C9,Fracture,12,14,0,NRG,3,True,False
427993,195768,2,2025-01-17,2025 Americas Kickoff,2274,Americas,Americas,NRG,C9,Lotus,10,13,0,C9,3,True,False
427994,195770,1,2025-01-17,2025 Americas Kickoff,2274,Americas,Americas,2G,FUR,Haven,7,13,0,2G,3,True,False
427994,195771,2,2025-01-17,2025 Americas Kickoff,2274,Americas,Americas,2G,FUR,Lotus,5,13,0,FUR,3,True,False
429384,196082,1,2025-01-17,2025 EMEA Kickoff,2276,EMEA,EMEA,VIT,KC,Haven,13,5,1,VIT,3,True,False
429384,196083,2,2025-01-17,2025 EMEA Kickoff,2276,EMEA,EMEA,VIT,KC,Bind,9,13,0,KC,3,True,False
429384,196084,3,2025-01-17,2025 EMEA Kickoff,2276,EMEA,EMEA,VIT,KC,Abyss,17,15,1,decider,3,True,False
429385,196085,1,2025-01-17,2025 EMEA Kickoff,2276,EMEA,EMEA,FNC,BBL,Abyss,8,13,0,BBL,3,True,False
429385,196086,2,2025-01-17,2025 EMEA Kickoff,2276,EMEA,EMEA,FNC,BBL,Fracture,13,8,1,FNC,3,True,False
429385,196087,3,2025-01-17,2025 EMEA Kickoff,2276,EMEA,EMEA,FNC,BBL,Split,10,13,0,decider,3,True,False
430843,196682,1,2025-01-17,2025 China Kickoff,2275,China,China,TE,DRG,Pearl,13,8,1,TE,3,True,False
430843,196683,2,2025-01-17,2025 China Kickoff,2275,China,China,TE,DRG,Abyss,13,7,1,DRG,3,True,False
430844,196685,1,2025-01-17,2025 China Kickoff,2275,China,China,EDG,NOVA,Split,13,8,1,NOVA,3,True,False
430844,196686,2,2025-01-17,2025 China Kickoff,2275,China,China,EDG,NOVA,Fracture,13,10,1,EDG,3,True,False
427995,195773,1,2025-01-18,2025 Americas Kickoff,2274,Americas,Americas,KRÜ,LOUD,Haven,7,13,0,LOUD,3,True,False
427995,195774,2,2025-01-18,2025 Americas Kickoff,2274,Americas,Americas,KRÜ,LOUD,Split,10,13,0,KRÜ,3,True,False
427996,195776,1,2025-01-18,2025 Americas Kickoff,2274,Americas,Americas,SEN,100T,Split,4,13,0,SEN,3,True,False
427996,195777,2,2025-01-18,2025 Americas Kickoff,2274,Americas,Americas,SEN,100T,Bind,13,9,1,100T,3,True,False
427996,195778,3,2025-01-18,2025 Americas Kickoff,2274,Americas,Americas,SEN,100T,Pearl,13,9,1,decider,3,True,False
430514,196410,1,2025-01-18,2025 Pacific Kickoff,2277,Pacific,Pacific,BME,T1,Pearl,11,13,0,BME,3,True,False
430514,196411,2,2025-01-18,2025 Pacific Kickoff,2277,Pacific,Pacific,BME,T1,Bind,13,8,1,T1,3,True,False
430514,196412,3,2025-01-18,2025 Pacific Kickoff,2277,Pacific,Pacific,BME,T1,Fracture,7,13,0,decider,3,True,False
430515,196413,1,2025-01-18,2025 Pacific Kickoff,2277,Pacific,Pacific,ZETA,NS,Split,9,13,0,NS,3,True,False
430515,196414,2,2025-01-18,2025 Pacific Kickoff,2277,Pacific,Pacific,ZETA,NS,Haven,9,13,0,ZETA,3,True,False
430851,196708,1,2025-01-18,2025 China Kickoff,2275,China,China,TEC,JDG,Fracture,9,13,0,JDG,3,True,False
430851,196709,2,2025-01-18,2025 China Kickoff,2275,China,China,TEC,JDG,Abyss,3,13,0,TEC,3,True,False
430853,196711,1,2025-01-18,2025 China Kickoff,2275,China,China,XLG,AG,Abyss,8,13,0,AG,3,True,False
430853,196712,2,2025-01-18,2025 China Kickoff,2275,China,China,XLG,AG,Bind,13,1,1,XLG,3,True,False
430853,196713,3,2025-01-18,2025 China Kickoff,2275,China,China,XLG,AG,Lotus,13,4,1,decider,3,True,False
427997,195779,1,2025-01-19,2025 Americas Kickoff,2274,Americas,Americas,G2,C9,Lotus,13,6,1,C9,3,True,False
427997,195780,2,2025-01-19,2025 Americas Kickoff,2274,Americas,Americas,G2,C9,Abyss,13,8,1,G2,3,True,False
427998,195782,1,2025-01-19,2025 Americas Kickoff,2274,Americas,Americas,LEV,FUR,Haven,13,8,1,FUR,3,True,False
427998,195783,2,2025-01-19,2025 Americas Kickoff,2274,Americas,Americas,LEV,FUR,Split,13,6,1,LEV,3,True,False
430516,196416,1,2025-01-19,2025 Pacific Kickoff,2277,Pacific,Pacific,GE,TS,Abyss,3,13,0,TS,3,True,False
430516,196417,2,2025-01-19,2025 Pacific Kickoff,2277,Pacific,Pacific,GE,TS,Split,13,7,1,GE,3,True,False
430516,196418,3,2025-01-19,2025 Pacific Kickoff,2277,Pacific,Pacific,GE,TS,Pearl,13,6,1,decider,3,True,False
430517,196419,1,2025-01-19,2025 Pacific Kickoff,2277,Pacific,Pacific,DFM,RRQ,Abyss,14,12,1,RRQ,3,True,False
430517,196420,2,2025-01-19,2025 Pacific Kickoff,2277,Pacific,Pacific,DFM,RRQ,Pearl,3,13,0,DFM,3,True,False
430517,196421,3,2025-01-19,2025 Pacific Kickoff,2277,Pacific,Pacific,DFM,RRQ,Haven,3,13,0,decider,3,True,False
430849,196702,1,2025-01-19,2025 China Kickoff,2275,China,China,NOVA,WOL,Fracture,13,11,1,WOL,3,True,False
430849,196703,2,2025-01-19,2025 China Kickoff,2275,China,China,NOVA,WOL,Abyss,8,13,0,NOVA,3,True,False
430849,196704,3,2025-01-19,2025 China Kickoff,2275,China,China,NOVA,WOL,Split,13,6,1,decider,3,True,False
430850,196705,1,2025-01-19,2025 China Kickoff,2275,China,China,DRG,TYL,Pearl,13,6,1,TYL,3,True,False
430850,196706,2,2025-01-19,2025 China Kickoff,2275,China,China,DRG,TYL,Haven,13,10,1,DRG,3,True,False
430518,196422,1,2025-01-20,2025 Pacific Kickoff,2277,Pacific,Pacific,PRX,T1,Bind,6,13,0,T1,3,True,False
430518,196423,2,2025-01-20,2025 Pacific Kickoff,2277,Pacific,Pacific,PRX,T1,Fracture,13,8,1,PRX,3,True,False
430518,196424,3,2025-01-20,2025 Pacific Kickoff,2277,Pacific,Pacific,PRX,T1,Split,11,13,0,decider,3,True,False
430521,196431,1,2025-01-20,2025 Pacific Kickoff,2277,Pacific,Pacific,KRX,NS,Lotus,13,11,1,NS,3,True,False
430521,196432,2,2025-01-20,2025 Pacific Kickoff,2277,Pacific,Pacific,KRX,NS,Pearl,6,13,0,KRX,3,True,False
430521,196433,3,2025-01-20,2025 Pacific Kickoff,2277,Pacific,Pacific,KRX,NS,Fracture,13,9,1,decider,3,True,False
430845,196688,1,2025-01-20,2025 China Kickoff,2275,China,China,BLG,FPX,Bind,13,11,1,BLG,3,True,False
430845,196689,2,2025-01-20,2025 China Kickoff,2275,China,China,BLG,FPX,Lotus,13,9,1,FPX,3,True,False
430846,196691,1,2025-01-20,2025 China Kickoff,2275,China,China,TE,EDG,Lotus,13,4,1,TE,3,True,False
430846,196692,2,2025-01-20,2025 China Kickoff,2275,China,China,TE,EDG,Bind,13,4,1,EDG,3,True,False
430854,196714,1,2025-01-21,2025 China Kickoff,2275,China,China,NOVA,DRG,Pearl,8,13,0,DRG,3,True,False
430854,196715,2,2025-01-21,2025 China Kickoff,2275,China,China,NOVA,DRG,Bind,7,13,0,NOVA,3,True,False
430855,196717,1,2025-01-21,2025 China Kickoff,2275,China,China,JDG,XLG,Pearl,13,9,1,JDG,3,True,False
430855,196718,2,2025-01-21,2025 China Kickoff,2275,China,China,JDG,XLG,Bind,4,13,0,XLG,3,True,False
430855,196719,3,2025-01-21,2025 China Kickoff,2275,China,China,JDG,XLG,Haven,6,13,0,decider,3,True,False
429383,196079,1,2025-01-22,2025 EMEA Kickoff,2276,EMEA,EMEA,FUT,TL,Pearl,13,7,1,FUT,3,True,False
429383,196080,2,2025-01-22,2025 EMEA Kickoff,2276,EMEA,EMEA,FUT,TL,Fracture,13,6,1,TL,3,True,False
429386,196088,1,2025-01-22,2025 EMEA Kickoff,2276,EMEA,EMEA,TH,M8,Abyss,4,13,0,M8,3,True,False
429386,196089,2,2025-01-22,2025 EMEA Kickoff,2276,EMEA,EMEA,TH,M8,Fracture,13,3,1,TH,3,True,False
429386,196090,3,2025-01-22,2025 EMEA Kickoff,2276,EMEA,EMEA,TH,M8,Pearl,13,8,1,decider,3,True,False
430856,196720,1,2025-01-22,2025 China Kickoff,2275,China,China,FPX,DRG,Abyss,11,13,0,DRG,3,True,False
430856,196721,2,2025-01-22,2025 China Kickoff,2275,China,China,FPX,DRG,Pearl,13,1,1,FPX,3,True,False
430856,196722,3,2025-01-22,2025 China Kickoff,2275,China,China,FPX,DRG,Haven,7,13,0,decider,3,True,False
430857,196723,1,2025-01-22,2025 China Kickoff,2275,China,China,EDG,XLG,Lotus,12,14,0,EDG,3,True,False
430857,196724,2,2025-01-22,2025 China Kickoff,2275,China,China,EDG,XLG,Bind,13,10,1,XLG,3,True,False
430857,196725,3,2025-01-22,2025 China Kickoff,2275,China,China,EDG,XLG,Haven,13,0,1,decider,3,True,False
428003,195799,1,2025-01-23,2025 Americas Kickoff,2274,Americas,Americas,FUR,EG,Abyss,7,13,0,EG,3,True,False
428003,195800,2,2025-01-23,2025 Americas Kickoff,2274,Americas,Americas,FUR,EG,Fracture,7,13,0,FUR,3,True,False
428004,195802,1,2025-01-23,2025 Americas Kickoff,2274,Americas,Americas,C9,MIBR,Lotus,13,7,1,C9,3,True,False
428004,195803,2,2025-01-23,2025 Americas Kickoff,2274,Americas,Americas,C9,MIBR,Abyss,10,13,0,MIBR,3,True,False
428004,195804,3,2025-01-23,2025 Americas Kickoff,2274,Americas,Americas,C9,MIBR,Pearl,7,13,0,decider,3,True,False
429392,196108,1,2025-01-23,2025 EMEA Kickoff,2276,EMEA,EMEA,FNC,NAVI,Pearl,13,9,1,NAVI,3,True,False
429392,196109,2,2025-01-23,2025 EMEA Kickoff,2276,EMEA,EMEA,FNC,NAVI,Fracture,8,13,0,FNC,3,True,False
429392,196110,3,2025-01-23,2025 EMEA Kickoff,2276,EMEA,EMEA,FNC,NAVI,Haven,15,13,1,decider,3,True,False
429393,196111,1,2025-01-23,2025 EMEA Kickoff,2276,EMEA,EMEA,KC,GX,Bind,14,12,1,KC,3,True,False
429393,196112,2,2025-01-23,2025 EMEA Kickoff,2276,EMEA,EMEA,KC,GX,Lotus,8,13,0,GX,3,True,False
429393,196113,3,2025-01-23,2025 EMEA Kickoff,2276,EMEA,EMEA,KC,GX,Fracture,10,13,0,decider,3,True,False
430847,196694,1,2025-01-23,2025 China Kickoff,2275,China,China,BLG,TE,Bind,8,13,0,TE,3,True,False
430847,196695,2,2025-01-23,2025 China Kickoff,2275,China,China,BLG,TE,Haven,13,10,1,BLG,3,True,False
430847,196696,3,2025-01-23,2025 China Kickoff,2275,China,China,BLG,TE,Lotus,6,13,0,decider,3,True,False
430858,196726,1,2025-01-23,2025 China Kickoff,2275,China,China,DRG,EDG,Haven,0,13,0,DRG,3,True,False
430858,196727,2,2025-01-23,2025 China Kickoff,2275,China,China,DRG,EDG,Pearl,9,13,0,EDG,3,True,False
428005,195805,1,2025-01-24,2025 Americas Kickoff,2274,Americas,Americas,100T,NRG,Lotus,14,12,1,100T,3,True,False
428005,195806,2,2025-01-24,2025 Americas Kickoff,2274,Americas,Americas,100T,NRG,Pearl,9,13,0,NRG,3,True,False
428005,195807,3,2025-01-24,2025 Americas Kickoff,2274,Americas,Americas,100T,NRG,Bind,9,13,0,decider,3,True,False
428006,195808,1,2025-01-24,2025 Americas Kickoff,2274,Americas,Americas,KRÜ,2G,Abyss,13,3,1,2G,3,True,False
428006,195809,2,2025-01-24,2025 Americas Kickoff,2274,Americas,Americas,KRÜ,2G,Split,13,2,1,KRÜ,3,True,False
429391,196105,1,2025-01-24,2025 EMEA Kickoff,2276,EMEA,EMEA,M8,MKOI,Haven,13,3,1,M8,3,True,False
429391,196106,2,2025-01-24,2025 EMEA Kickoff,2276,EMEA,EMEA,M8,MKOI,Lotus,7,13,0,MKOI,3,True,False
429391,196107,3,2025-01-24,2025 EMEA Kickoff,2276,EMEA,EMEA,M8,MKOI,Pearl,13,6,1,decider,3,True,False
429394,196114,1,2025-01-24,2025 EMEA Kickoff,2276,EMEA,EMEA,TL,APK,Abyss,13,9,1,TL,3,True,False
429394,196115,2,2025-01-24,2025 EMEA Kickoff,2276,EMEA,EMEA,TL,APK,Pearl,11,13,0,APK,3,True,False
429394,196116,3,2025-01-24,2025 EMEA Kickoff,2276,EMEA,EMEA,TL,APK,Haven,13,6,1,decider,3,True,False
430860,196729,1,2025-01-24,2025 China Kickoff,2275,China,China,BLG,EDG,Pearl,12,14,0,BLG,5,True,False
430860,196730,2,2025-01-24,2025 China Kickoff,2275,China,China,BLG,EDG,Haven,6,13,0,EDG,5,True,False
430860,196731,3,2025-01-24,2025 China Kickoff,2275,China,China,BLG,EDG,Lotus,5,13,0,BLG,5,True,False
430519,196425,1,2025-01-25,2025 Pacific Kickoff,2277,Pacific,Pacific,TLN,GE,Split,6,13,0,GE,3,True,False
430519,196426,2,2025-01-25,2025 Pacific Kickoff,2277,Pacific,Pacific,TLN,GE,Abyss,13,9,1,TLN,3,True,False
430519,196427,3,2025-01-25,2025 Pacific Kickoff,2277,Pacific,Pacific,TLN,GE,Lotus,13,8,1,decider,3,True,False
430520,196428,1,2025-01-25,2025 Pacific Kickoff,2277,Pacific,Pacific,GEN,RRQ,Fracture,6,13,0,RRQ,3,True,False
430520,196429,2,2025-01-25,2025 Pacific Kickoff,2277,Pacific,Pacific,GEN,RRQ,Lotus,13,8,1,GEN,3,True,False
430520,196430,3,2025-01-25,2025 Pacific Kickoff,2277,Pacific,Pacific,GEN,RRQ,Haven,14,12,1,decider,3,True,False
430848,196697,1,2025-01-25,2025 China Kickoff,2275,China,China,TE,EDG,Lotus,14,12,1,TE,5,True,False
430848,196698,2,2025-01-25,2025 China Kickoff,2275,China,China,TE,EDG,Bind,11,13,0,EDG,5,True,False
430848,196699,3,2025-01-25,2025 China Kickoff,2275,China,China,TE,EDG,Abyss,14,16,0,TE,5,True,False
430848,196700,4,2025-01-25,2025 China Kickoff,2275,China,China,TE,EDG,Fracture,2,13,0,EDG,5,True,False
430526,196448,1,2025-01-26,2025 Pacific Kickoff,2277,Pacific,Pacific,NS,BME,Pearl,13,3,1,BME,3,True,False
430526,196449,2,2025-01-26,2025 Pacific Kickoff,2277,Pacific,Pacific,NS,BME,Bind,7,13,0,NS,3,True,False
430526,196450,3,2025-01-26,2025 Pacific Kickoff,2277,Pacific,Pacific,NS,BME,Lotus,13,9,1,decider,3,True,False
430529,196457,1,2025-01-26,2025 Pacific Kickoff,2277,Pacific,Pacific,PRX,ZETA,Lotus,13,5,1,ZETA,3,True,False
430529,196458,2,2025-01-26,2025 Pacific Kickoff,2277,Pacific,Pacific,PRX,ZETA,Fracture,13,8,1,PRX,3,True,False
430527,196451,1,2025-01-27,2025 Pacific Kickoff,2277,Pacific,Pacific,RRQ,TS,Lotus,9,13,0,TS,3,True,False
430527,196452,2,2025-01-27,2025 Pacific Kickoff,2277,Pacific,Pacific,RRQ,TS,Pearl,13,4,1,RRQ,3,True,False
430527,196453,3,2025-01-27,2025 Pacific Kickoff,2277,Pacific,Pacific,RRQ,TS,Haven,13,4,1,decider,3,True,False
430528,196454,1,2025-01-27,2025 Pacific Kickoff,2277,Pacific,Pacific,GE,DFM,Abyss,8,13,0,DFM,3,True,False
430528,196455,2,2025-01-27,2025 Pacific Kickoff,2277,Pacific,Pacific,GE,DFM,Split,12,14,0,GE,3,True,False
429387,196091,1,2025-01-29,2025 EMEA Kickoff,2276,EMEA,EMEA,FUT,VIT,Bind,7,13,0,FUT,3,True,False
429387,196092,2,2025-01-29,2025 EMEA Kickoff,2276,EMEA,EMEA,FUT,VIT,Split,4,13,0,VIT,3,True,False
429388,196094,1,2025-01-29,2025 EMEA Kickoff,2276,EMEA,EMEA,BBL,TH,Pearl,11,13,0,BBL,3,True,False
429388,196095,2,2025-01-29,2025 EMEA Kickoff,2276,EMEA,EMEA,BBL,TH,Lotus,7,13,0,TH,3,True,False
429395,196117,1,2025-01-30,2025 EMEA Kickoff,2276,EMEA,EMEA,M8,FNC,Abyss,5,13,0,M8,3,True,False
429395,196118,2,2025-01-30,2025 EMEA Kickoff,2276,EMEA,EMEA,M8,FNC,Fracture,6,13,0,FNC,3,True,False
429396,196120,1,2025-01-30,2025 EMEA Kickoff,2276,EMEA,EMEA,GX,TL,Fracture,8,13,0,GX,3,True,False
429396,196121,2,2025-01-30,2025 EMEA Kickoff,2276,EMEA,EMEA,GX,TL,Split,6,13,0,TL,3,True,False
427999,195785,1,2025-01-31,2025 Americas Kickoff,2274,Americas,Americas,LOUD,SEN,Lotus,13,11,1,LOUD,3,True,False
427999,195786,2,2025-01-31,2025 Americas Kickoff,2274,Americas,Americas,LOUD,SEN,Pearl,11,13,0,SEN,3,True,False
427999,195787,3,2025-01-31,2025 Americas Kickoff,2274,Americas,Americas,LOUD,SEN,Split,9,13,0,decider,3,True,False
428000,195788,1,2025-01-31,2025 Americas Kickoff,2274,Americas,Americas,G2,LEV,Pearl,13,5,1,G2,3,True,False
428000,195789,2,2025-01-31,2025 Americas Kickoff,2274,Americas,Americas,G2,LEV,Fracture,13,9,1,LEV,3,True,False
429397,196123,1,2025-01-31,2025 EMEA Kickoff,2276,EMEA,EMEA,FUT,FNC,Abyss,13,10,1,FUT,3,True,False
429397,196124,2,2025-01-31,2025 EMEA Kickoff,2276,EMEA,EMEA,FUT,FNC,Fracture,13,6,1,FNC,3,True,False
429398,196126,1,2025-01-31,2025 EMEA Kickoff,2276,EMEA,EMEA,BBL,TL,Bind,11,13,0,TL,3,True,False
429398,196127,2,2025-01-31,2025 EMEA Kickoff,2276,EMEA,EMEA,BBL,TL,Pearl,13,9,1,BBL,3,True,False
429398,196128,3,2025-01-31,2025 EMEA Kickoff,2276,EMEA,EMEA,BBL,TL,Split,10,13,0,decider,3,True,False
430522,196434,1,2025-01-31,2025 Pacific Kickoff,2277,Pacific,Pacific,T1,TLN,Fracture,13,5,1,TLN,3,True,False
430522,196435,2,2025-01-31,2025 Pacific Kickoff,2277,Pacific,Pacific,T1,TLN,Bind,4,13,0,T1,3,True,False
430522,196436,3,2025-01-31,2025 Pacific Kickoff,2277,Pacific,Pacific,T1,TLN,Haven,13,9,1,decider,3,True,False
430523,196437,1,2025-01-31,2025 Pacific Kickoff,2277,Pacific,Pacific,GEN,KRX,Abyss,9,13,0,KRX,3,True,False
430523,196438,2,2025-01-31,2025 Pacific Kickoff,2277,Pacific,Pacific,GEN,KRX,Bind,13,15,0,GEN,3,True,False
428007,195811,1,2025-02-01,2025 Americas Kickoff,2274,Americas,Americas,EG,MIBR,Abyss,10,13,0,MIBR,3,True,False
428007,195812,2,2025-02-01,2025 Americas Kickoff,2274,Americas,Americas,EG,MIBR,Split,3,13,0,EG,3,True,False
428008,195814,1,2025-02-01,2025 Americas Kickoff,2274,Americas,Americas,NRG,KRÜ,Abyss,8,13,0,KRÜ,3,True,False
428008,195815,2,2025-02-01,2025 Americas Kickoff,2274,Americas,Americas,NRG,KRÜ,Haven,13,10,1,NRG,3,True,False
428008,195816,3,2025-02-01,2025 Americas Kickoff,2274,Americas,Americas,NRG,KRÜ,Bind,7,13,0,decider,3,True,False
430530,196460,1,2025-02-01,2025 Pacific Kickoff,2277,Pacific,Pacific,NS,RRQ,Fracture,12,14,0,RRQ,3,True,False
430530,196461,2,2025-02-01,2025 Pacific Kickoff,2277,Pacific,Pacific,NS,RRQ,Lotus,22,20,1,NS,3,True,False
430530,196462,3,2025-02-01,2025 Pacific Kickoff,2277,Pacific,Pacific,NS,RRQ,Pearl,13,8,1,decider,3,True,False
430531,196463,1,2025-02-01,2025 Pacific Kickoff,2277,Pacific,Pacific,DFM,PRX,Abyss,13,10,1,DFM,3,True,False
430531,196464,2,2025-02-01,2025 Pacific Kickoff,2277,Pacific,Pacific,DFM,PRX,Pearl,13,1,1,PRX,3,True,False
428009,195817,1,2025-02-02,2025 Americas Kickoff,2274,Americas,Americas,LEV,MIBR,Lotus,13,7,1,LEV,3,True,False
428009,195818,2,2025-02-02,2025 Americas Kickoff,2274,Americas,Americas,LEV,MIBR,Pearl,9,13,0,MIBR,3,True,False
428009,195819,3,2025-02-02,2025 Americas Kickoff,2274,Americas,Americas,LEV,MIBR,Split,12,14,0,decider,3,True,False
428010,195820,1,2025-02-02,2025 Americas Kickoff,2274,Americas,Americas,LOUD,KRÜ,Bind,5,13,0,KRÜ,3,True,False
428010,195821,2,2025-02-02,2025 Americas Kickoff,2274,Americas,Americas,LOUD,KRÜ,Haven,11,13,0,LOUD,3,True,False
430532,196466,1,2025-02-02,2025 Pacific Kickoff,2277,Pacific,Pacific,TLN,NS,Lotus,9,13,0,NS,3,True,False
430532,196467,2,2025-02-02,2025 Pacific Kickoff,2277,Pacific,Pacific,TLN,NS,Bind,13,10,1,TLN,3,True,False
430532,196468,3,2025-02-02,2025 Pacific Kickoff,2277,Pacific,Pacific,TLN,NS,Split,13,5,1,decider,3,True,False
430533,196469,1,2025-02-02,2025 Pacific Kickoff,2277,Pacific,Pacific,GEN,DFM,Abyss,13,6,1,DFM,3,True,False
430533,196470,2,2025-02-02,2025 Pacific Kickoff,2277,Pacific,Pacific,GEN,DFM,Lotus,13,6,1,GEN,3,True,False
428001,195791,1,2025-02-06,2025 Americas Kickoff,2274,Americas,Americas,SEN,G2,Abyss,7,13,0,G2,3,True,False
428001,195792,2,2025-02-06,2025 Americas Kickoff,2274,Americas,Americas,SEN,G2,Pearl,7,13,0,SEN,3,True,False
428011,195823,1,2025-02-06,2025 Americas Kickoff,2274,Americas,Americas,MIBR,KRÜ,Bind,8,13,0,KRÜ,3,True,False
428011,195824,2,2025-02-06,2025 Americas Kickoff,2274,Americas,Americas,MIBR,KRÜ,Abyss,13,8,1,MIBR,3,True,False
428011,195825,3,2025-02-06,2025 Americas Kickoff,2274,Americas,Americas,MIBR,KRÜ,Split,13,11,1,decider,3,True,False
428012,195826,1,2025-02-07,2025 Americas Kickoff,2274,Americas,Americas,SEN,MIBR,Lotus,13,7,1,SEN,5,True,False
428012,195827,2,2025-02-07,2025 Americas Kickoff,2274,Americas,Americas,SEN,MIBR,Abyss,13,5,1,MIBR,5,True,False
428012,195828,3,2025-02-07,2025 Americas Kickoff,2274,Americas,Americas,SEN,MIBR,Pearl,19,21,0,SEN,5,True,False
428012,195829,4,2025-02-07,2025 Americas Kickoff,2274,Americas,Americas,SEN,MIBR,Split,13,7,1,MIBR,5,True,False
429389,196097,1,2025-02-07,2025 EMEA Kickoff,2276,EMEA,EMEA,VIT,TH,Haven,13,10,1,VIT,3,True,False
429389,196098,2,2025-02-07,2025 EMEA Kickoff,2276,EMEA,EMEA,VIT,TH,Abyss,13,1,1,TH,3,True,False
429400,196129,1,2025-02-07,2025 EMEA Kickoff,2276,EMEA,EMEA,FUT,TL,Abyss,7,13,0,FUT,3,True,False
429400,196130,2,2025-02-07,2025 EMEA Kickoff,2276,EMEA,EMEA,FUT,TL,Bind,13,11,1,TL,3,True,False
429400,196131,3,2025-02-07,2025 EMEA Kickoff,2276,EMEA,EMEA,FUT,TL,Haven,4,13,0,decider,3,True,False
430524,196440,1,2025-02-07,2025 Pacific Kickoff,2277,Pacific,Pacific,T1,KRX,Lotus,13,11,1,KRX,3,True,False
430524,196441,2,2025-02-07,2025 Pacific Kickoff,2277,Pacific,Pacific,T1,KRX,Haven,13,15,0,T1,3,True,False
430524,196442,3,2025-02-07,2025 Pacific Kickoff,2277,Pacific,Pacific,T1,KRX,Fracture,10,13,0,decider,3,True,False
430534,196472,1,2025-02-07,2025 Pacific Kickoff,2277,Pacific,Pacific,TLN,GEN,Bind,7,13,0,TLN,3,True,False
430534,196473,2,2025-02-07,2025 Pacific Kickoff,2277,Pacific,Pacific,TLN,GEN,Lotus,2,13,0,GEN,3,True,False
428002,195794,1,2025-02-08,2025 Americas Kickoff,2274,Americas,Americas,G2,SEN,Split,4,13,0,G2,5,True,False
428002,195795,2,2025-02-08,2025 Americas Kickoff,2274,Americas,Americas,G2,SEN,Pearl,13,8,1,SEN,5,True,False
428002,195796,3,2025-02-08,2025 Americas Kickoff,2274,Americas,Americas,G2,SEN,Abyss,9,13,0,G2,5,True,False
428002,195797,4,2025-02-08,2025 Americas Kickoff,2274,Americas,Americas,G2,SEN,Fracture,13,5,1,SEN,5,True,False
428002,195798,5,2025-02-08,2025 Americas Kickoff,2274,Americas,Americas,G2,SEN,Haven,13,10,1,decider,5,True,False
429401,196132,1,2025-02-08,2025 EMEA Kickoff,2276,EMEA,EMEA,TH,TL,Lotus,4,13,0,TH,5,True,False
429401,196133,2,2025-02-08,2025 EMEA Kickoff,2276,EMEA,EMEA,TH,TL,Abyss,4,13,0,TL,5,True,False
429401,196134,3,2025-02-08,2025 EMEA Kickoff,2276,EMEA,EMEA,TH,TL,Fracture,7,13,0,TH,5,True,False
430535,196475,1,2025-02-08,2025 Pacific Kickoff,2277,Pacific,Pacific,T1,GEN,Pearl,13,8,1,T1,5,True,False
430535,196476,2,2025-02-08,2025 Pacific Kickoff,2277,Pacific,Pacific,T1,GEN,Lotus,13,8,1,GEN,5,True,False
430535,196477,3,2025-02-08,2025 Pacific Kickoff,2277,Pacific,Pacific,T1,GEN,Haven,5,13,0,T1,5,True,False
430535,196478,4,2025-02-08,2025 Pacific Kickoff,2277,Pacific,Pacific,T1,GEN,Split,15,17,0,GEN,5,True,False
430535,196479,5,2025-02-08,2025 Pacific Kickoff,2277,Pacific,Pacific,T1,GEN,Bind,13,10,1,decider,5,True,False
429390,196100,1,2025-02-09,2025 EMEA Kickoff,2276,EMEA,EMEA,VIT,TL,Split,10,13,0,VIT,5,True,False
429390,196101,2,2025-02-09,2025 EMEA Kickoff,2276,EMEA,EMEA,VIT,TL,Haven,7,13,0,TL,5,True,False
429390,196102,3,2025-02-09,2025 EMEA Kickoff,2276,EMEA,EMEA,VIT,TL,Lotus,13,6,1,VIT,5,True,False
429390,196103,4,2025-02-09,2025 EMEA Kickoff,2276,EMEA,EMEA,VIT,TL,Bind,13,7,1,TL,5,True,False
429390,196104,5,2025-02-09,2025 EMEA Kickoff,2276,EMEA,EMEA,VIT,TL,Fracture,13,8,1,decider,5,True,False
430525,196443,1,2025-02-09,2025 Pacific Kickoff,2277,Pacific,Pacific,KRX,T1,Abyss,13,3,1,KRX,5,True,False
430525,196444,2,2025-02-09,2025 Pacific Kickoff,2277,Pacific,Pacific,KRX,T1,Lotus,6,13,0,T1,5,True,False
430525,196445,3,2025-02-09,2025 Pacific Kickoff,2277,Pacific,Pacific,KRX,T1,Fracture,13,9,1,KRX,5,True,False
430525,196446,4,2025-02-09,2025 Pacific Kickoff,2277,Pacific,Pacific,KRX,T1,Bind,12,14,0,T1,5,True,False
430525,196447,5,2025-02-09,2025 Pacific Kickoff,2277,Pacific,Pacific,KRX,T1,Split,13,11,1,decider,5,True,False
448598,202495,1,2025-02-20,2025 Masters Bangkok,2281,China,EMEA,EDG,TL,Split,18,16,1,TL,3,True,True
448598,202496,2,2025-02-20,2025 Masters Bangkok,2281,China,EMEA,EDG,TL,Pearl,13,6,1,EDG,3,True,True
448600,202501,1,2025-02-20,2025 Masters Bangkok,2281,Pacific,Americas,KRX,SEN,Lotus,13,3,1,SEN,3,True,True
448600,202502,2,2025-02-20,2025 Masters Bangkok,2281,Pacific,Americas,KRX,SEN,Haven,13,10,1,KRX,3,True,True
448597,202492,1,2025-02-21,2025 Masters Bangkok,2281,Americas,China,G2,TE,Lotus,13,8,1,TE,3,True,True
448597,202493,2,2025-02-21,2025 Masters Bangkok,2281,Americas,China,G2,TE,Abyss,13,3,1,G2,3,True,True
448599,202498,1,2025-02-21,2025 Masters Bangkok,2281,EMEA,Pacific,VIT,T1,Fracture,13,10,1,VIT,3,True,True
448599,202499,2,2025-02-21,2025 Masters Bangkok,2281,EMEA,Pacific,VIT,T1,Bind,13,9,1,T1,3,True,True
449000,202765,1,2025-02-22,2025 Masters Bangkok,2281,Pacific,EMEA,KRX,VIT,Bind,8,13,0,VIT,3,True,True
449000,202766,2,2025-02-22,2025 Masters Bangkok,2281,Pacific,EMEA,KRX,VIT,Abyss,13,11,1,KRX,3,True,True
449000,202767,3,2025-02-22,2025 Masters Bangkok,2281,Pacific,EMEA,KRX,VIT,Split,11,13,0,decider,3,True,True
449001,202768,1,2025-02-22,2025 Masters Bangkok,2281,China,Americas,EDG,G2,Pearl,16,18,0,G2,3,True,True
449001,202769,2,2025-02-22,2025 Masters Bangkok,2281,China,Americas,EDG,G2,Bind,13,8,1,EDG,3,True,True
449001,202770,3,2025-02-22,2025 Masters Bangkok,2281,China,Americas,EDG,G2,Fracture,13,4,1,decider,3,True,True
449002,202771,1,2025-02-23,2025 Masters Bangkok,2281,Pacific,China,T1,TE,Lotus,13,3,1,TE,3,True,True
449002,202772,2,2025-02-23,2025 Masters Bangkok,2281,Pacific,China,T1,TE,Haven,13,8,1,T1,3,True,True
449003,202774,1,2025-02-23,2025 Masters Bangkok,2281,EMEA,Americas,TL,SEN,Lotus,7,13,0,SEN,3,True,True
449003,202775,2,2025-02-23,2025 Masters Bangkok,2281,EMEA,Americas,TL,SEN,Abyss,16,14,1,TL,3,True,True
449003,202776,3,2025-02-23,2025 Masters Bangkok,2281,EMEA,Americas,TL,SEN,Bind,13,1,1,decider,3,True,True
449004,202777,1,2025-02-24,2025 Masters Bangkok,2281,Pacific,Pacific,T1,KRX,Fracture,13,11,1,KRX,3,True,True
449004,202778,2,2025-02-24,2025 Masters Bangkok,2281,Pacific,Pacific,T1,KRX,Pearl,13,4,1,T1,3,True,True
449005,202780,1,2025-02-24,2025 Masters Bangkok,2281,Americas,EMEA,G2,TL,Haven,13,5,1,TL,3,True,True
449005,202781,2,2025-02-24,2025 Masters Bangkok,2281,Americas,EMEA,G2,TL,Lotus,13,7,1,G2,3,True,True
449008,202783,1,2025-02-27,2025 Masters Bangkok,2281,China,Pacific,EDG,T1,Split,13,7,1,T1,3,True,True
449008,202784,2,2025-02-27,2025 Masters Bangkok,2281,China,Pacific,EDG,T1,Bind,6,13,0,EDG,3,True,True
449008,202785,3,2025-02-27,2025 Masters Bangkok,2281,China,Pacific,EDG,T1,Pearl,13,11,1,decider,3,True,True
449009,202786,1,2025-02-27,2025 Masters Bangkok,2281,EMEA,Americas,VIT,G2,Bind,13,15,0,VIT,3,True,True
449009,202787,2,2025-02-27,2025 Masters Bangkok,2281,EMEA,Americas,VIT,G2,Lotus,9,13,0,G2,3,True,True
449010,202789,1,2025-02-28,2025 Masters Bangkok,2281,China,Americas,EDG,G2,Lotus,8,13,0,G2,3,True,True
449010,202790,2,2025-02-28,2025 Masters Bangkok,2281,China,Americas,EDG,G2,Split,7,13,0,EDG,3,True,True
449012,202797,1,2025-02-28,2025 Masters Bangkok,2281,Pacific,EMEA,T1,VIT,Lotus,12,14,0,T1,3,True,True
449012,202798,2,2025-02-28,2025 Masters Bangkok,2281,Pacific,EMEA,T1,VIT,Haven,13,4,1,VIT,3,True,True
449012,202799,3,2025-02-28,2025 Masters Bangkok,2281,Pacific,EMEA,T1,VIT,Split,13,5,1,decider,3,True,True
449013,202800,1,2025-03-01,2025 Masters Bangkok,2281,China,Pacific,EDG,T1,Bind,4,13,0,EDG,5,True,True
449013,202801,2,2025-03-01,2025 Masters Bangkok,2281,China,Pacific,EDG,T1,Haven,10,13,0,T1,5,True,True
449013,202802,3,2025-03-01,2025 Masters Bangkok,2281,China,Pacific,EDG,T1,Fracture,14,12,1,EDG,5,True,True
449013,202803,4,2025-03-01,2025 Masters Bangkok,2281,China,Pacific,EDG,T1,Split,5,13,0,T1,5,True,True
449011,202792,1,2025-03-02,2025 Masters Bangkok,2281,Americas,Pacific,G2,T1,Lotus,13,5,1,G2,5,True,True
449011,202793,2,2025-03-02,2025 Masters Bangkok,2281,Americas,Pacific,G2,T1,Haven,9,13,0,T1,5,True,True
449011,202794,3,2025-03-02,2025 Masters Bangkok,2281,Americas,Pacific,G2,T1,Abyss,13,11,1,G2,5,True,True
449011,202795,4,2025-03-02,2025 Masters Bangkok,2281,Americas,Pacific,G2,T1,Split,13,15,0,T1,5,True,True
449011,202796,5,2025-03-02,2025 Masters Bangkok,2281,Americas,Pacific,G2,T1,Pearl,14,16,0,decider,5,True,True
450589,203837,1,2025-03-02,2025 Masters Bangkok,2281,Unknown,Unknown,INTL,THAi,Ascent,9,13,0,decider,1,True,True
450047,203454,1,2025-03-13,2025 China Stage 1,2359,China,China,XLG,BLG,Pearl,13,8,1,BLG,3,True,False
450047,203455,2,2025-03-13,2025 China Stage 1,2359,China,China,XLG,BLG,Icebox,9,13,0,XLG,3,True,False
450047,203456,3,2025-03-13,2025 China Stage 1,2359,China,China,XLG,BLG,Fracture,8,13,0,decider,3,True,False
450048,203457,1,2025-03-14,2025 China Stage 1,2359,China,China,TE,AG,Pearl,13,11,1,TE,3,True,False
450048,203458,2,2025-03-14,2025 China Stage 1,2359,China,China,TE,AG,Lotus,11,13,0,AG,3,True,False
450048,203459,3,2025-03-14,2025 China Stage 1,2359,China,China,TE,AG,Split,13,1,1,decider,3,True,False
450049,203460,1,2025-03-15,2025 China Stage 1,2359,China,China,DRG,NOVA,Fracture,13,6,1,NOVA,3,True,False
450049,203461,2,2025-03-15,2025 China Stage 1,2359,China,China,DRG,NOVA,Lotus,13,10,1,DRG,3,True,False
450050,203463,1,2025-03-15,2025 China Stage 1,2359,China,China,TYL,EDG,Fracture,7,13,0,TYL,3,True,False
450050,203464,2,2025-03-15,2025 China Stage 1,2359,China,China,TYL,EDG,Haven,6,13,0,EDG,3,True,False
450051,203466,1,2025-03-16,2025 China Stage 1,2359,China,China,JDG,WOL,Pearl,9,13,0,WOL,3,True,False
450051,203467,2,2025-03-16,2025 China Stage 1,2359,China,China,JDG,WOL,Haven,11,13,0,JDG,3,True,False
450052,203469,1,2025-03-16,2025 China Stage 1,2359,China,China,FPX,TEC,Icebox,13,5,1,TEC,3,True,False
450052,203470,2,2025-03-16,2025 China Stage 1,2359,China,China,FPX,TEC,Haven,13,6,1,FPX,3,True,False
450053,203472,1,2025-03-20,2025 China Stage 1,2359,China,China,NOVA,EDG,Ascent,13,11,1,NOVA,3,True,False
450053,203473,2,2025-03-20,2025 China Stage 1,2359,China,China,NOVA,EDG,Fracture,13,8,1,EDG,3,True,False
450054,203475,1,2025-03-21,2025 China Stage 1,2359,China,China,TYL,FPX,Pearl,8,13,0,TYL,3,True,False
450054,203476,2,2025-03-21,2025 China Stage 1,2359,China,China,TYL,FPX,Icebox,13,6,1,FPX,3,True,False
450054,203477,3,2025-03-21,2025 China Stage 1,2359,China,China,TYL,FPX,Haven,4,13,0,decider,3,True,False
459517,206933,1,2025-03-21,2025 Americas Stage 1,2347,Americas,Americas,C9,NRG,Lotus,6,13,0,NRG,3,True,False
459517,206934,2,2025-03-21,2025 Americas Stage 1,2347,Americas,Americas,C9,NRG,Fracture,13,5,1,C9,3,True,False
459517,206935,3,2025-03-21,2025 Americas Stage 1,2347,Americas,Americas,C9,NRG,Pearl,13,9,1,decider,3,True,False
459518,206936,1,2025-03-21,2025 Americas Stage 1,2347,Americas,Americas,KRÜ,LOUD,Fracture,3,13,0,KRÜ,3,True,False
459518,206937,2,2025-03-21,2025 Americas Stage 1,2347,Americas,Americas,KRÜ,LOUD,Haven,13,2,1,LOUD,3,True,False
459518,206938,3,2025-03-21,2025 Americas Stage 1,2347,Americas,Americas,KRÜ,LOUD,Split,13,10,1,decider,3,True,False
450055,203478,1,2025-03-22,2025 China Stage 1,2359,China,China,XLG,AG,Fracture,13,10,1,XLG,3,True,False
450055,203479,2,2025-03-22,2025 China Stage 1,2359,China,China,XLG,AG,Lotus,13,7,1,AG,3,True,False
450056,203481,1,2025-03-22,2025 China Stage 1,2359,China,China,WOL,TE,Fracture,15,13,1,TE,3,True,False
450056,203482,2,2025-03-22,2025 China Stage 1,2359,China,China,WOL,TE,Pearl,13,10,1,WOL,3,True,False
458805,206150,1,2025-03-22,2025 Pacific Stage 1,2379,Pacific,Pacific,DFM,GE,Lotus,7,13,0,GE,3,True,False
458805,206151,2,2025-03-22,2025 Pacific Stage 1,2379,Pacific,Pacific,DFM,GE,Pearl,11,13,0,DFM,3,True,False
458806,206153,1,2025-03-22,2025 Pacific Stage 1,2379,Pacific,Pacific,T1,ZETA,Fracture,13,7,1,ZETA,3,True,False
458806,206154,2,2025-03-22,2025 Pacific Stage 1,2379,Pacific,Pacific,T1,ZETA,Split,12,14,0,T1,3,True,False
458806,206155,3,2025-03-22,2025 Pacific Stage 1,2379,Pacific,Pacific,T1,ZETA,Haven,13,5,1,decider,3,True,False
459519,206939,1,2025-03-22,2025 Americas Stage 1,2347,Americas,Americas,G2,FUR,Lotus,13,10,1,G2,3,True,False
459519,206940,2,2025-03-22,2025 Americas Stage 1,2347,Americas,Americas,G2,FUR,Ascent,13,7,1,FUR,3,True,False
459520,206942,1,2025-03-22,2025 Americas Stage 1,2347,Americas,Americas,MIBR,LEV,Split,13,7,1,LEV,3,True,False
459520,206943,2,2025-03-22,2025 Americas Stage 1,2347,Americas,Americas,MIBR,LEV,Icebox,13,8,1,MIBR,3,True,False
450057,203484,1,2025-03-23,2025 China Stage 1,2359,China,China,TEC,DRG,Lotus,11,13,0,DRG,3,True,False
450057,203485,2,2025-03-23,2025 China Stage 1,2359,China,China,TEC,DRG,Fracture,13,9,1,TEC,3,True,False
450057,203486,3,2025-03-23,2025 China Stage 1,2359,China,China,TEC,DRG,Icebox,13,3,1,decider,3,True,False
450058,203487,1,2025-03-23,2025 China Stage 1,2359,China,China,BLG,JDG,Pearl,13,10,1,JDG,3,True,False
450058,203488,2,2025-03-23,2025 China Stage 1,2359,China,China,BLG,JDG,Icebox,5,13,0,BLG,3,True,False
450058,203489,3,2025-03-23,2025 China Stage 1,2359,China,China,BLG,JDG,Fracture,13,8,1,decider,3,True,False
458807,206156,1,2025-03-23,2025 Pacific Stage 1,2379,Pacific,Pacific,KRX,PRX,Haven,13,9,1,KRX,3,True,False
458807,206157,2,2025-03-23,2025 Pacific Stage 1,2379,Pacific,Pacific,KRX,PRX,Icebox,10,13,0,PRX,3,True,False
458807,206158,3,2025-03-23,2025 Pacific Stage 1,2379,Pacific,Pacific,KRX,PRX,Lotus,13,7,1,decider,3,True,False
458808,206159,1,2025-03-23,2025 Pacific Stage 1,2379,Pacific,Pacific,TLN,TS,Pearl,5,13,0,TS,3,True,False
458808,206160,2,2025-03-23,2025 Pacific Stage 1,2379,Pacific,Pacific,TLN,TS,Fracture,13,2,1,TLN,3,True,False
458808,206161,3,2025-03-23,2025 Pacific Stage 1,2379,Pacific,Pacific,TLN,TS,Haven,13,9,1,decider,3,True,False
459521,206945,1,2025-03-23,2025 Americas Stage 1,2347,Americas,Americas,2G,EG,Haven,11,13,0,2G,3,True,False
459521,206946,2,2025-03-23,2025 Americas Stage 1,2347,Americas,Americas,2G,EG,Lotus,8,13,0,EG,3,True,False
459522,206948,1,2025-03-23,2025 Americas Stage 1,2347,Americas,Americas,SEN,100T,Pearl,13,5,1,SEN,3,True,False
459522,206949,2,2025-03-23,2025 Americas Stage 1,2347,Americas,Americas,SEN,100T,Haven,9,13,0,100T,3,True,False
459522,206950,3,2025-03-23,2025 Americas Stage 1,2347,Americas,Americas,SEN,100T,Split,13,1,1,decider,3,True,False
458809,206162,1,2025-03-24,2025 Pacific Stage 1,2379,Pacific,Pacific,GEN,BME,Ascent,8,13,0,BME,3,True,False
458809,206163,2,2025-03-24,2025 Pacific Stage 1,2379,Pacific,Pacific,GEN,BME,Haven,15,17,0,GEN,3,True,False
458810,206165,1,2025-03-24,2025 Pacific Stage 1,2379,Pacific,Pacific,NS,RRQ,Ascent,5,13,0,RRQ,3,True,False
458810,206166,2,2025-03-24,2025 Pacific Stage 1,2379,Pacific,Pacific,NS,RRQ,Split,13,8,1,NS,3,True,False
458810,206167,3,2025-03-24,2025 Pacific Stage 1,2379,Pacific,Pacific,NS,RRQ,Pearl,13,10,1,decider,3,True,False
459826,207147,1,2025-03-26,2025 EMEA Stage 1,2380,EMEA,EMEA,VIT,GX,Split,13,9,1,VIT,3,True,False
459826,207148,2,2025-03-26,2025 EMEA Stage 1,2380,EMEA,EMEA,VIT,GX,Lotus,13,2,1,GX,3,True,False
459827,207150,1,2025-03-26,2025 EMEA Stage 1,2380,EMEA,EMEA,BBL,KC,Icebox,3,13,0,KC,3,True,False
459827,207151,2,2025-03-26,2025 EMEA Stage 1,2380,EMEA,EMEA,BBL,KC,Pearl,13,11,1,BBL,3,True,False
459827,207152,3,2025-03-26,2025 EMEA Stage 1,2380,EMEA,EMEA,BBL,KC,Fracture,13,8,1,decider,3,True,False
450059,203490,1,2025-03-27,2025 China Stage 1,2359,China,China,JDG,TE,Lotus,7,13,0,TE,3,True,False
450059,203491,2,2025-03-27,2025 China Stage 1,2359,China,China,JDG,TE,Haven,11,13,0,JDG,3,True,False
459828,207153,1,2025-03-27,2025 EMEA Stage 1,2380,EMEA,EMEA,TH,APK,Ascent,5,13,0,TH,3,True,False
459828,207154,2,2025-03-27,2025 EMEA Stage 1,2380,EMEA,EMEA,TH,APK,Split,13,8,1,APK,3,True,False
459828,207155,3,2025-03-27,2025 EMEA Stage 1,2380,EMEA,EMEA,TH,APK,Icebox,13,6,1,decider,3,True,False
459829,207156,1,2025-03-27,2025 EMEA Stage 1,2380,EMEA,EMEA,FUT,MKOI,Pearl,13,4,1,FUT,3,True,False
459829,207157,2,2025-03-27,2025 EMEA Stage 1,2380,EMEA,EMEA,FUT,MKOI,Lotus,14,12,1,MKOI,3,True,False
450060,203493,1,2025-03-28,2025 China Stage 1,2359,China,China,WOL,XLG,Fracture,12,14,0,XLG,3,True,False
450060,203494,2,2025-03-28,2025 China Stage 1,2359,China,China,WOL,XLG,Icebox,10,13,0,WOL,3,True,False
459523,206951,1,2025-03-28,2025 Americas Stage 1,2347,Americas,Americas,NRG,FUR,Lotus,10,13,0,NRG,3,True,False
459523,206952,2,2025-03-28,2025 Americas Stage 1,2347,Americas,Americas,NRG,FUR,Pearl,13,2,1,FUR,3,True,False
459523,206953,3,2025-03-28,2025 Americas Stage 1,2347,Americas,Americas,NRG,FUR,Fracture,13,4,1,decider,3,True,False
459524,206954,1,2025-03-28,2025 Americas Stage 1,2347,Americas,Americas,SEN,KRÜ,Lotus,7,13,0,SEN,3,True,False
459524,206955,2,2025-03-28,2025 Americas Stage 1,2347,Americas,Americas,SEN,KRÜ,Icebox,8,13,0,KRÜ,3,True,False
459830,207159,1,2025-03-28,2025 EMEA Stage 1,2380,EMEA,EMEA,FNC,NAVI,Split,13,5,1,FNC,3,True,False
459830,207160,2,2025-03-28,2025 EMEA Stage 1,2380,EMEA,EMEA,FNC,NAVI,Fracture,13,11,1,NAVI,3,True,False
459831,207162,1,2025-03-28,2025 EMEA Stage 1,2380,EMEA,EMEA,TL,M8,Split,13,6,1,TL,3,True,False
459831,207163,2,2025-03-28,2025 EMEA Stage 1,2380,EMEA,EMEA,TL,M8,Haven,12,14,0,M8,3,True,False
459831,207164,3,2025-03-28,2025 EMEA Stage 1,2380,EMEA,EMEA,TL,M8,Icebox,6,13,0,decider,3,True,False
450061,203496,1,2025-03-29,2025 China Stage 1,2359,China,China,TYL,TEC,Fracture,13,10,1,TEC,3,True,False
450061,203497,2,2025-03-29,2025 China Stage 1,2359,China,China,TYL,TEC,Icebox,8,13,0,TYL,3,True,False
450061,203498,3,2025-03-29,2025 China Stage 1,2359,China,China,TYL,TEC,Split,7,13,0,decider,3,True,False
450062,203499,1,2025-03-29,2025 China Stage 1,2359,China,China,DRG,EDG,Icebox,2,13,0,EDG,3,True,False
450062,203500,2,2025-03-29,2025 China Stage 1,2359,China,China,DRG,EDG,Ascent,13,9,1,DRG,3,True,False
450062,203501,3,2025-03-29,2025 China Stage 1,2359,China,China,DRG,EDG,Pearl,10,13,0,decider,3,True,False
458811,206168,1,2025-03-29,2025 Pacific Stage 1,2379,Pacific,Pacific,TS,ZETA,Lotus,11,13,0,ZETA,3,True,False
458811,206169,2,2025-03-29,2025 Pacific Stage 1,2379,Pacific,Pacific,TS,ZETA,Icebox,10,13,0,TS,3,True,False
458812,206171,1,2025-03-29,2025 Pacific Stage 1,2379,Pacific,Pacific,T1,NS,Icebox,13,10,1,T1,3,True,False
458812,206172,2,2025-03-29,2025 Pacific Stage 1,2379,Pacific,Pacific,T1,NS,Split,13,11,1,NS,3,True,False
459525,206957,1,2025-03-29,2025 Americas Stage 1,2347,Americas,Americas,100T,EG,Fracture,13,10,1,EG,3,True,False
459525,206958,2,2025-03-29,2025 Americas Stage 1,2347,Americas,Americas,100T,EG,Haven,13,7,1,100T,3,True,False
459526,206960,1,2025-03-29,2025 Americas Stage 1,2347,Americas,Americas,G2,MIBR,Pearl,12,14,0,MIBR,3,True,False
459526,206961,2,2025-03-29,2025 Americas Stage 1,2347,Americas,Americas,G2,MIBR,Haven,13,11,1,G2,3,True,False
459526,206962,3,2025-03-29,2025 Americas Stage 1,2347,Americas,Americas,G2,MIBR,Ascent,13,8,1,decider,3,True,False
450063,203502,1,2025-03-30,2025 China Stage 1,2359,China,China,NOVA,FPX,Icebox,13,11,1,FPX,3,True,False
450063,203503,2,2025-03-30,2025 China Stage 1,2359,China,China,NOVA,FPX,Split,13,10,1,NOVA,3,True,False
450064,203505,1,2025-03-30,2025 China Stage 1,2359,China,China,AG,BLG,Pearl,4,13,0,BLG,3,True,False
450064,203506,2,2025-03-30,2025 China Stage 1,2359,China,China,AG,BLG,Fracture,5,13,0,AG,3,True,False
458813,206174,1,2025-03-30,2025 Pacific Stage 1,2379,Pacific,Pacific,GEN,PRX,Lotus,13,10,1,GEN,3,True,False
458813,206175,2,2025-03-30,2025 Pacific Stage 1,2379,Pacific,Pacific,GEN,PRX,Fracture,6,13,0,PRX,3,True,False
458813,206176,3,2025-03-30,2025 Pacific Stage 1,2379,Pacific,Pacific,GEN,PRX,Haven,13,4,1,decider,3,True,False
458814,206177,1,2025-03-30,2025 Pacific Stage 1,2379,Pacific,Pacific,KRX,DFM,Lotus,13,3,1,KRX,3,True,False
458814,206178,2,2025-03-30,2025 Pacific Stage 1,2379,Pacific,Pacific,KRX,DFM,Ascent,13,8,1,DFM,3,True,False
459527,206963,1,2025-03-30,2025 Americas Stage 1,2347,Americas,Americas,LOUD,2G,Lotus,12,14,0,LOUD,3,True,False
459527,206964,2,2025-03-30,2025 Americas Stage 1,2347,Americas,Americas,LOUD,2G,Pearl,11,13,0,2G,3,True,False
459528,206966,1,2025-03-30,2025 Americas Stage 1,2347,Americas,Americas,LEV,C9,Split,8,13,0,C9,3,True,False
459528,206967,2,2025-03-30,2025 Americas Stage 1,2347,Americas,Americas,LEV,C9,Ascent,3,13,0,LEV,3,True,False
458815,206180,1,2025-03-31,2025 Pacific Stage 1,2379,Pacific,Pacific,TLN,RRQ,Lotus,8,13,0,TLN,3,True,False
458815,206181,2,2025-03-31,2025 Pacific Stage 1,2379,Pacific,Pacific,TLN,RRQ,Ascent,5,13,0,RRQ,3,True,False
458816,206183,1,2025-03-31,2025 Pacific Stage 1,2379,Pacific,Pacific,BME,GE,Lotus,13,1,1,GE,3,True,False
458816,206184,2,2025-03-31,2025 Pacific Stage 1,2379,Pacific,Pacific,BME,GE,Haven,13,11,1,BME,3,True,False
459832,207165,1,2025-04-02,2025 EMEA Stage 1,2380,EMEA,EMEA,TL,BBL,Fracture,13,7,1,TL,3,True,False
459832,207166,2,2025-04-02,2025 EMEA Stage 1,2380,EMEA,EMEA,TL,BBL,Haven,4,13,0,BBL,3,True,False
459832,207167,3,2025-04-02,2025 EMEA Stage 1,2380,EMEA,EMEA,TL,BBL,Ascent,13,4,1,decider,3,True,False
459833,207168,1,2025-04-02,2025 EMEA Stage 1,2380,EMEA,EMEA,APK,NAVI,Lotus,13,10,1,NAVI,3,True,False
459833,207169,2,2025-04-02,2025 EMEA Stage 1,2380,EMEA,EMEA,APK,NAVI,Haven,11,13,0,APK,3,True,False
459833,207170,3,2025-04-02,2025 EMEA Stage 1,2380,EMEA,EMEA,APK,NAVI,Split,6,13,0,decider,3,True,False
450065,203508,1,2025-04-03,2025 China Stage 1,2359,China,China,FPX,DRG,Ascent,11,13,0,DRG,3,True,False
450065,203509,2,2025-04-03,2025 China Stage 1,2359,China,China,FPX,DRG,Haven,5,13,0,FPX,3,True,False
459834,207171,1,2025-04-03,2025 EMEA Stage 1,2380,EMEA,EMEA,FUT,M8,Icebox,10,13,0,M8,3,True,False
459834,207172,2,2025-04-03,2025 EMEA Stage 1,2380,EMEA,EMEA,FUT,M8,Fracture,18,16,1,FUT,3,True,False
459834,207173,3,2025-04-03,2025 EMEA Stage 1,2380,EMEA,EMEA,FUT,M8,Lotus,13,4,1,decider,3,True,False
459835,207174,1,2025-04-03,2025 EMEA Stage 1,2380,EMEA,EMEA,TH,GX,Haven,13,3,1,GX,3,True,False
459835,207175,2,2025-04-03,2025 EMEA Stage 1,2380,EMEA,EMEA,TH,GX,Split,11,13,0,TH,3,True,False
459835,207176,3,2025-04-03,2025 EMEA Stage 1,2380,EMEA,EMEA,TH,GX,Lotus,13,8,1,decider,3,True,False
450066,203512,1,2025-04-04,2025 China Stage 1,2359,China,China,BLG,WOL,Haven,13,5,1,BLG,3,True,False
450066,203513,2,2025-04-04,2025 China Stage 1,2359,China,China,BLG,WOL,Ascent,13,4,1,decider,3,True,False
450066,210676,3,2025-04-04,2025 China Stage 1,2359,China,China,BLG,WOL,Lotus,10,13,0,WOL,3,True,False
459529,206969,1,2025-04-04,2025 Americas Stage 1,2347,Americas,Americas,EG,SEN,Haven,4,13,0,EG,3,True,False
459529,206970,2,2025-04-04,2025 Americas Stage 1,2347,Americas,Americas,EG,SEN,Pearl,6,13,0,SEN,3,True,False
459530,206972,1,2025-04-04,2025 Americas Stage 1,2347,Americas,Americas,100T,LOUD,Haven,6,13,0,decider,3,True,False
459530,206973,2,2025-04-04,2025 Americas Stage 1,2347,Americas,Americas,100T,LOUD,Icebox,13,11,1,decider,3,True,False
459530,206974,3,2025-04-04,2025 Americas Stage 1,2347,Americas,Americas,100T,LOUD,Split,13,8,1,decider,3,True,False
459836,207177,1,2025-04-04,2025 EMEA Stage 1,2380,EMEA,EMEA,VIT,FNC,Split,18,16,1,FNC,3,True,False
459836,207178,2,2025-04-04,2025 EMEA Stage 1,2380,EMEA,EMEA,VIT,FNC,Lotus,6,13,0,VIT,3,True,False
459836,207179,3,2025-04-04,2025 EMEA Stage 1,2380,EMEA,EMEA,VIT,FNC,Haven,10,13,0,decider,3,True,False
459837,207180,1,2025-04-04,2025 EMEA Stage 1,2380,EMEA,EMEA,MKOI,KC,Lotus,2,13,0,MKOI,3,True,False
459837,207181,2,2025-04-04,2025 EMEA Stage 1,2380,EMEA,EMEA,MKOI,KC,Icebox,12,14,0,KC,3,True,False
450067,203514,1,2025-04-05,2025 China Stage 1,2359,China,China,AG,JDG,Split,12,14,0,AG,3,True,False
450067,203515,2,2025-04-05,2025 China Stage 1,2359,China,China,AG,JDG,Pearl,4,13,0,JDG,3,True,False
450068,203517,1,2025-04-05,2025 China Stage 1,2359,China,China,EDG,TEC,Lotus,8,13,0,EDG,3,True,False
450068,203518,2,2025-04-05,2025 China Stage 1,2359,China,China,EDG,TEC,Icebox,13,9,1,TEC,3,True,False
450068,203519,3,2025-04-05,2025 China Stage 1,2359,China,China,EDG,TEC,Haven,13,5,1,decider,3,True,False
458817,206186,1,2025-04-05,2025 Pacific Stage 1,2379,Pacific,Pacific,GEN,DFM,Lotus,13,2,1,GEN,3,True,False
458817,206187,2,2025-04-05,2025 Pacific Stage 1,2379,Pacific,Pacific,GEN,DFM,Fracture,13,4,1,DFM,3,True,False
458818,206189,1,2025-04-05,2025 Pacific Stage 1,2379,Pacific,Pacific,RRQ,ZETA,Split,13,6,1,ZETA,3,True,False
458818,210878,2,2025-04-05,2025 Pacific Stage 1,2379,Pacific,Pacific,RRQ,ZETA,Haven,13,9,1,RRQ,3,True,False
459531,206975,1,2025-04-05,2025 Americas Stage 1,2347,Americas,Americas,2G,KRÜ,Icebox,6,13,0,KRÜ,3,True,False
459531,206976,2,2025-04-05,2025 Americas Stage 1,2347,Americas,Americas,2G,KRÜ,Ascent,13,6,1,2G,3,True,False
459531,206977,3,2025-04-05,2025 Americas Stage 1,2347,Americas,Americas,2G,KRÜ,Pearl,6,13,0,decider,3,True,False
459532,206978,1,2025-04-05,2025 Americas Stage 1,2347,Americas,Americas,G2,NRG,Lotus,13,1,1,NRG,3,True,False
459532,206979,2,2025-04-05,2025 Americas Stage 1,2347,Americas,Americas,G2,NRG,Ascent,13,6,1,G2,3,True,False
450069,203520,1,2025-04-06,2025 China Stage 1,2359,China,China,NOVA,TYL,Split,13,11,1,NOVA,3,True,False
450069,203521,2,2025-04-06,2025 China Stage 1,2359,China,China,NOVA,TYL,Icebox,3,13,0,TYL,3,True,False
450069,203522,3,2025-04-06,2025 China Stage 1,2359,China,China,NOVA,TYL,Pearl,13,5,1,decider,3,True,False
450070,203523,1,2025-04-06,2025 China Stage 1,2359,China,China,TE,XLG,Split,7,13,0,TE,3,True,False
450070,203524,2,2025-04-06,2025 China Stage 1,2359,China,China,TE,XLG,Lotus,13,10,1,XLG,3,True,False
450070,203525,3,2025-04-06,2025 China Stage 1,2359,China,China,TE,XLG,Pearl,11,13,0,decider,3,True,False
458819,206193,1,2025-04-06,2025 Pacific Stage 1,2379,Pacific,Pacific,PRX,BME,Ascent,13,8,1,BME,3,True,False
458819,206194,2,2025-04-06,2025 Pacific Stage 1,2379,Pacific,Pacific,PRX,BME,Fracture,9,13,0,decider,3,True,False
458819,211027,3,2025-04-06,2025 Pacific Stage 1,2379,Pacific,Pacific,PRX,BME,Pearl,10,13,0,PRX,3,True,False
458820,206195,1,2025-04-06,2025 Pacific Stage 1,2379,Pacific,Pacific,TLN,NS,Haven,5,13,0,TLN,3,True,False
458820,206196,2,2025-04-06,2025 Pacific Stage 1,2379,Pacific,Pacific,TLN,NS,Lotus,13,8,1,NS,3,True,False
458820,206197,3,2025-04-06,2025 Pacific Stage 1,2379,Pacific,Pacific,TLN,NS,Fracture,13,6,1,decider,3,True,False
459533,206981,1,2025-04-06,2025 Americas Stage 1,2347,Americas,Americas,FUR,LEV,Ascent,4,13,0,FUR,3,True,False
459533,206982,2,2025-04-06,2025 Americas Stage 1,2347,Americas,Americas,FUR,LEV,Pearl,5,13,0,LEV,3,True,False
459534,206984,1,2025-04-06,2025 Americas Stage 1,2347,Americas,Americas,C9,MIBR,Pearl,13,9,1,MIBR,3,True,False
459534,206985,2,2025-04-06,2025 Americas Stage 1,2347,Americas,Americas,C9,MIBR,Lotus,13,15,0,C9,3,True,False
459534,206986,3,2025-04-06,2025 Americas Stage 1,2347,Americas,Americas,C9,MIBR,Haven,11,13,0,decider,3,True,False
458821,211411,1,2025-04-07,2025 Pacific Stage 1,2379,Pacific,Pacific,KRX,GE,Ascent,13,3,1,KRX,3,True,False
458821,211440,2,2025-04-07,2025 Pacific Stage 1,2379,Pacific,Pacific,KRX,GE,Split,13,10,1,decider,3,True,False
458822,206201,1,2025-04-07,2025 Pacific Stage 1,2379,Pacific,Pacific,T1,TS,Haven,13,6,1,T1,3,True,False
458822,206202,2,2025-04-07,2025 Pacific Stage 1,2379,Pacific,Pacific,T1,TS,Icebox,9,13,0,TS,3,True,False
458822,206203,3,2025-04-07,2025 Pacific Stage 1,2379,Pacific,Pacific,T1,TS,Lotus,13,8,1,decider,3,True,False
459839,207183,1,2025-04-09,2025 EMEA Stage 1,2380,EMEA,EMEA,MKOI,BBL,Pearl,6,13,0,BBL,3,True,False
459839,207184,2,2025-04-09,2025 EMEA Stage 1,2380,EMEA,EMEA,MKOI,BBL,Icebox,9,13,0,MKOI,3,True,False
459840,207186,1,2025-04-09,2025 EMEA Stage 1,2380,EMEA,EMEA,NAVI,GX,Fracture,9,13,0,NAVI,3,True,False
459840,207187,2,2025-04-09,2025 EMEA Stage 1,2380,EMEA,EMEA,NAVI,GX,Pearl,13,7,1,GX,3,True,False
459840,207188,3,2025-04-09,2025 EMEA Stage 1,2380,EMEA,EMEA,NAVI,GX,Split,13,0,1,decider,3,True,False
450071,203526,1,2025-04-10,2025 China Stage 1,2359,China,China,JDG,XLG,Lotus,6,13,0,XLG,3,True,False
450071,203528,2,2025-04-10,2025 China Stage 1,2359,China,China,JDG,XLG,Fracture,6,13,0,decider,3,True,False
450071,211581,3,2025-04-10,2025 China Stage 1,2359,China,China,JDG,XLG,Icebox,13,11,1,JDG,3,True,False
459841,207189,1,2025-04-10,2025 EMEA Stage 1,2380,EMEA,EMEA,TL,FUT,Lotus,13,1,1,FUT,3,True,False
459841,207190,2,2025-04-10,2025 EMEA Stage 1,2380,EMEA,EMEA,TL,FUT,Split,13,9,1,TL,3,True,False
459842,207192,1,2025-04-10,2025 EMEA Stage 1,2380,EMEA,EMEA,VIT,TH,Haven,10,13,0,TH,3,True,False
459842,207193,2,2025-04-10,2025 EMEA Stage 1,2380,EMEA,EMEA,VIT,TH,Icebox,6,13,0,VIT,3,True,False
450072,203529,1,2025-04-11,2025 China Stage 1,2359,China,China,DRG,TYL,Haven,13,10,1,DRG,3,True,False
450072,203530,2,2025-04-11,2025 China Stage 1,2359,China,China,DRG,TYL,Split,9,13,0,TYL,3,True,False
450072,203531,3,2025-04-11,2025 China Stage 1,2359,China,China,DRG,TYL,Fracture,5,13,0,decider,3,True,False
459535,206987,1,2025-04-11,2025 Americas Stage 1,2347,Americas,Americas,100T,2G,Ascent,15,13,1,2G,3,True,False
459535,206988,2,2025-04-11,2025 Americas Stage 1,2347,Americas,Americas,100T,2G,Icebox,13,6,1,100T,3,True,False
459536,206990,1,2025-04-11,2025 Americas Stage 1,2347,Americas,Americas,G2,LEV,Lotus,13,10,1,G2,3,True,False
459536,206991,2,2025-04-11,2025 Americas Stage 1,2347,Americas,Americas,G2,LEV,Fracture,11,13,0,LEV,3,True,False
459536,206992,3,2025-04-11,2025 Americas Stage 1,2347,Americas,Americas,G2,LEV,Haven,13,7,1,decider,3,True,False
459843,207195,1,2025-04-11,2025 EMEA Stage 1,2380,EMEA,EMEA,APK,FNC,Lotus,5,13,0,APK,3,True,False
459843,207196,2,2025-04-11,2025 EMEA Stage 1,2380,EMEA,EMEA,APK,FNC,Split,14,16,0,FNC,3,True,False
459844,207198,1,2025-04-11,2025 EMEA Stage 1,2380,EMEA,EMEA,KC,M8,Haven,14,12,1,M8,3,True,False
459844,207199,2,2025-04-11,2025 EMEA Stage 1,2380,EMEA,EMEA,KC,M8,Pearl,13,2,1,KC,3,True,False
450073,203532,1,2025-04-12,2025 China Stage 1,2359,China,China,WOL,AG,Pearl,13,7,1,WOL,3,True,False
450073,203533,2,2025-04-12,2025 China Stage 1,2359,China,China,WOL,AG,Fracture,7,13,0,AG,3,True,False
450073,203534,3,2025-04-12,2025 China Stage 1,2359,China,China,WOL,AG,Lotus,13,6,1,decider,3,True,False
450074,203535,1,2025-04-12,2025 China Stage 1,2359,China,China,BLG,TE,Haven,4,13,0,BLG,3,True,False
450074,203536,2,2025-04-12,2025 China Stage 1,2359,China,China,BLG,TE,Ascent,13,5,1,TE,3,True,False
450074,203537,3,2025-04-12,2025 China Stage 1,2359,China,China,BLG,TE,Split,1,13,0,decider,3,True,False
458823,206204,1,2025-04-12,2025 Pacific Stage 1,2379,Pacific,Pacific,NS,TS,Pearl,13,10,1,NS,3,True,False
458823,206205,2,2025-04-12,2025 Pacific Stage 1,2379,Pacific,Pacific,NS,TS,Split,13,3,1,TS,3,True,False
458824,206207,1,2025-04-12,2025 Pacific Stage 1,2379,Pacific,Pacific,KRX,BME,Icebox,8,13,0,KRX,3,True,False
458824,206208,2,2025-04-12,2025 Pacific Stage 1,2379,Pacific,Pacific,KRX,BME,Haven,14,12,1,BME,3,True,False
458824,206209,3,2025-04-12,2025 Pacific Stage 1,2379,Pacific,Pacific,KRX,BME,Ascent,8,13,0,decider,3,True,False
459537,206993,1,2025-04-12,2025 Americas Stage 1,2347,Americas,Americas,FUR,C9,Lotus,14,16,0,FUR,3,True,False
459537,206994,2,2025-04-12,2025 Americas Stage 1,2347,Americas,Americas,FUR,C9,Pearl,1,13,0,C9,3,True,False
459538,206996,1,2025-04-12,2025 Americas Stage 1,2347,Americas,Americas,SEN,LOUD,Split,13,10,1,SEN,3,True,False
459538,206997,2,2025-04-12,2025 Americas Stage 1,2347,Americas,Americas,SEN,LOUD,Lotus,11,13,0,LOUD,3,True,False
459538,211889,3,2025-04-12,2025 Americas Stage 1,2347,Americas,Americas,SEN,LOUD,Haven,13,5,1,decider,3,True,False
450075,203538,1,2025-04-13,2025 China Stage 1,2359,China,China,TEC,NOVA,Fracture,13,9,1,TEC,3,True,False
450075,203539,2,2025-04-13,2025 China Stage 1,2359,China,China,TEC,NOVA,Split,13,3,1,NOVA,3,True,False
450076,203541,1,2025-04-13,2025 China Stage 1,2359,China,China,EDG,FPX,Split,13,9,1,EDG,3,True,False
450076,203542,2,2025-04-13,2025 China Stage 1,2359,China,China,EDG,FPX,Fracture,13,7,1,FPX,3,True,False
458825,206210,1,2025-04-13,2025 Pacific Stage 1,2379,Pacific,Pacific,T1,RRQ,Pearl,13,10,1,T1,3,True,False
458825,206211,2,2025-04-13,2025 Pacific Stage 1,2379,Pacific,Pacific,T1,RRQ,Icebox,10,13,0,RRQ,3,True,False
458825,206212,3,2025-04-13,2025 Pacific Stage 1,2379,Pacific,Pacific,T1,RRQ,Lotus,5,13,0,decider,3,True,False
458826,206213,1,2025-04-13,2025 Pacific Stage 1,2379,Pacific,Pacific,GEN,GE,Haven,13,5,1,GEN,3,True,False
458826,206214,2,2025-04-13,2025 Pacific Stage 1,2379,Pacific,Pacific,GEN,GE,Pearl,13,7,1,GE,3,True,False
459539,206999,1,2025-04-13,2025 Americas Stage 1,2347,Americas,Americas,KRÜ,EG,Lotus,4,13,0,KRÜ,3,True,False
459539,207000,2,2025-04-13,2025 Americas Stage 1,2347,Americas,Americas,KRÜ,EG,Pearl,7,13,0,EG,3,True,False
459540,207002,1,2025-04-13,2025 Americas Stage 1,2347,Americas,Americas,NRG,MIBR,Haven,6,13,0,NRG,3,True,False
459540,207003,2,2025-04-13,2025 Americas Stage 1,2347,Americas,Americas,NRG,MIBR,Icebox,5,13,0,MIBR,3,True,False
458827,206216,1,2025-04-14,2025 Pacific Stage 1,2379,Pacific,Pacific,TLN,ZETA,Lotus,4,13,0,TLN,3,True,False
458827,206217,2,2025-04-14,2025 Pacific Stage 1,2379,Pacific,Pacific,TLN,ZETA,Split,10,13,0,ZETA,3,True,False
458828,206219,1,2025-04-14,2025 Pacific Stage 1,2379,Pacific,Pacific,DFM,PRX,Ascent,13,11,1,DFM,3,True,False
458828,206220,2,2025-04-14,2025 Pacific Stage 1,2379,Pacific,Pacific,DFM,PRX,Lotus,7,13,0,PRX,3,True,False
458828,206221,3,2025-04-14,2025 Pacific Stage 1,2379,Pacific,Pacific,DFM,PRX,Pearl,13,15,0,decider,3,True,False
459845,207201,1,2025-04-16,2025 EMEA Stage 1,2380,EMEA,EMEA,VIT,APK,Ascent,13,5,1,APK,3,True,False
459845,207202,2,2025-04-16,2025 EMEA Stage 1,2380,EMEA,EMEA,VIT,APK,Lotus,13,10,1,VIT,3,True,False
459846,212700,1,2025-04-16,2025 EMEA Stage 1,2380,EMEA,EMEA,TL,MKOI,Split,13,5,1,TL,3,True,False
459846,212701,2,2025-04-16,2025 EMEA Stage 1,2380,EMEA,EMEA,TL,MKOI,Lotus,13,9,1,MKOI,3,True,False
459847,207207,1,2025-04-17,2025 EMEA Stage 1,2380,EMEA,EMEA,M8,BBL,Lotus,12,14,0,BBL,3,True,False
459847,207208,2,2025-04-17,2025 EMEA Stage 1,2380,EMEA,EMEA,M8,BBL,Haven,2,13,0,M8,3,True,False
459848,207210,1,2025-04-17,2025 EMEA Stage 1,2380,EMEA,EMEA,GX,FNC,Ascent,13,10,1,GX,3,True,False
459848,207211,2,2025-04-17,2025 EMEA Stage 1,2380,EMEA,EMEA,GX,FNC,Lotus,5,13,0,FNC,3,True,False
459848,207212,3,2025-04-17,2025 EMEA Stage 1,2380,EMEA,EMEA,GX,FNC,Haven,10,13,0,decider,3,True,False
473233,212222,1,2025-04-17,2025 China Stage 1,2359,China,China,TEC,WOL,Haven,11,13,0,TEC,3,True,False
473233,212223,2,2025-04-17,2025 China Stage 1,2359,China,China,TEC,WOL,Icebox,10,13,0,WOL,3,True,False
473234,212225,1,2025-04-17,2025 China Stage 1,2359,China,China,XLG,NOVA,Lotus,13,6,1,XLG,3,True,False
473234,212226,2,2025-04-17,2025 China Stage 1,2359,China,China,XLG,NOVA,Ascent,13,2,1,NOVA,3,True,False
459541,207005,1,2025-04-18,2025 Americas Stage 1,2347,Americas,Americas,G2,C9,Icebox,13,5,1,C9,3,True,False
459541,207006,2,2025-04-18,2025 Americas Stage 1,2347,Americas,Americas,G2,C9,Haven,4,13,0,G2,3,True,False
459541,207007,3,2025-04-18,2025 Americas Stage 1,2347,Americas,Americas,G2,C9,Pearl,13,11,1,decider,3,True,False
459542,207008,1,2025-04-18,2025 Americas Stage 1,2347,Americas,Americas,MIBR,FUR,Icebox,13,3,1,MIBR,3,True,False
459542,207009,2,2025-04-18,2025 Americas Stage 1,2347,Americas,Americas,MIBR,FUR,Ascent,9,13,0,FUR,3,True,False
459542,207010,3,2025-04-18,2025 Americas Stage 1,2347,Americas,Americas,MIBR,FUR,Split,13,8,1,decider,3,True,False
459849,207214,1,2025-04-18,2025 EMEA Stage 1,2380,EMEA,EMEA,KC,FUT,Lotus,5,13,0,KC,3,True,False
459849,207215,2,2025-04-18,2025 EMEA Stage 1,2380,EMEA,EMEA,KC,FUT,Ascent,11,13,0,decider,3,True,False
459849,212913,3,2025-04-18,2025 EMEA Stage 1,2380,EMEA,EMEA,KC,FUT,Pearl,14,12,1,FUT,3,True,False
459850,207216,1,2025-04-18,2025 EMEA Stage 1,2380,EMEA,EMEA,NAVI,TH,Haven,3,13,0,TH,3,True,False
459850,207217,2,2025-04-18,2025 EMEA Stage 1,2380,EMEA,EMEA,NAVI,TH,Pearl,8,13,0,NAVI,3,True,False
473235,212228,1,2025-04-18,2025 China Stage 1,2359,China,China,TEC,DRG,Ascent,13,1,1,DRG,3,True,False
473235,212229,2,2025-04-18,2025 China Stage 1,2359,China,China,TEC,DRG,Fracture,12,14,0,TEC,3,True,False
473235,212230,3,2025-04-18,2025 China Stage 1,2359,China,China,TEC,DRG,Lotus,16,18,0,decider,3,True,False
473236,212231,1,2025-04-18,2025 China Stage 1,2359,China,China,NOVA,TE,Split,9,13,0,NOVA,3,True,False
473236,212232,2,2025-04-18,2025 China Stage 1,2359,China,China,NOVA,TE,Lotus,4,13,0,TE,3,True,False
458830,206222,1,2025-04-19,2025 Pacific Stage 1,2379,Pacific,Pacific,PRX,GE,Split,13,5,1,GE,3,True,False
458830,206223,2,2025-04-19,2025 Pacific Stage 1,2379,Pacific,Pacific,PRX,GE,Lotus,13,9,1,PRX,3,True,False
458831,206225,1,2025-04-19,2025 Pacific Stage 1,2379,Pacific,Pacific,T1,TLN,Icebox,6,13,0,TLN,3,True,False
458831,206226,2,2025-04-19,2025 Pacific Stage 1,2379,Pacific,Pacific,T1,TLN,Haven,7,13,0,T1,3,True,False
459543,207011,1,2025-04-19,2025 Americas Stage 1,2347,Americas,Americas,SEN,2G,Haven,13,4,1,2G,3,True,False
459543,207012,2,2025-04-19,2025 Americas Stage 1,2347,Americas,Americas,SEN,2G,Pearl,13,5,1,SEN,3,True,False
459544,207014,1,2025-04-19,2025 Americas Stage 1,2347,Americas,Americas,KRÜ,100T,Fracture,13,10,1,100T,3,True,False
459544,207015,2,2025-04-19,2025 Americas Stage 1,2347,Americas,Americas,KRÜ,100T,Icebox,13,9,1,KRÜ,3,True,False
473237,212234,1,2025-04-19,2025 China Stage 1,2359,China,China,BLG,WOL,Split,8,13,0,WOL,3,True,False
473237,212235,2,2025-04-19,2025 China Stage 1,2359,China,China,BLG,WOL,Haven,8,13,0,BLG,3,True,False
473238,212237,1,2025-04-19,2025 China Stage 1,2359,China,China,EDG,XLG,Lotus,9,13,0,XLG,3,True,False
473238,212238,2,2025-04-19,2025 China Stage 1,2359,China,China,EDG,XLG,Haven,11,13,0,EDG,3,True,False
458832,206228,1,2025-04-20,2025 Pacific Stage 1,2379,Pacific,Pacific,KRX,GEN,Lotus,8,13,0,GEN,3,True,False
458832,206229,2,2025-04-20,2025 Pacific Stage 1,2379,Pacific,Pacific,KRX,GEN,Split,13,10,1,KRX,3,True,False
458832,206230,3,2025-04-20,2025 Pacific Stage 1,2379,Pacific,Pacific,KRX,GEN,Ascent,13,9,1,decider,3,True,False
458833,206231,1,2025-04-20,2025 Pacific Stage 1,2379,Pacific,Pacific,NS,ZETA,Lotus,13,6,1,ZETA,3,True,False
458833,206232,2,2025-04-20,2025 Pacific Stage 1,2379,Pacific,Pacific,NS,ZETA,Pearl,11,13,0,NS,3,True,False
458833,206233,3,2025-04-20,2025 Pacific Stage 1,2379,Pacific,Pacific,NS,ZETA,Split,13,7,1,decider,3,True,False
459545,207017,1,2025-04-20,2025 Americas Stage 1,2347,Americas,Americas,EG,LOUD,Lotus,11,13,0,LOUD,3,True,False
459545,207018,2,2025-04-20,2025 Americas Stage 1,2347,Americas,Americas,EG,LOUD,Pearl,14,12,1,EG,3,True,False
459545,207019,3,2025-04-20,2025 Americas Stage 1,2347,Americas,Americas,EG,LOUD,Split,13,11,1,decider,3,True,False
459546,207020,1,2025-04-20,2025 Americas Stage 1,2347,Americas,Americas,LEV,NRG,Fracture,13,15,0,NRG,3,True,False
459546,207021,2,2025-04-20,2025 Americas Stage 1,2347,Americas,Americas,LEV,NRG,Icebox,8,13,0,LEV,3,True,False
473239,212240,1,2025-04-20,2025 China Stage 1,2359,China,China,EDG,DRG,Lotus,13,8,1,DRG,3,True,False
473239,212241,2,2025-04-20,2025 China Stage 1,2359,China,China,EDG,DRG,Split,11,13,0,EDG,3,True,False
473239,212242,3,2025-04-20,2025 China Stage 1,2359,China,China,EDG,DRG,Ascent,13,8,1,decider,3,True,False
473240,212243,1,2025-04-20,2025 China Stage 1,2359,China,China,BLG,TE,Fracture,13,8,1,BLG,3,True,False
473240,212244,2,2025-04-20,2025 China Stage 1,2359,China,China,BLG,TE,Lotus,13,4,1,TE,3,True,False
458834,206234,1,2025-04-21,2025 Pacific Stage 1,2379,Pacific,Pacific,DFM,BME,Fracture,8,13,0,BME,3,True,False
458834,206235,2,2025-04-21,2025 Pacific Stage 1,2379,Pacific,Pacific,DFM,BME,Ascent,6,13,0,DFM,3,True,False
458835,206237,1,2025-04-21,2025 Pacific Stage 1,2379,Pacific,Pacific,RRQ,TS,Haven,15,13,1,RRQ,3,True,False
458835,206238,2,2025-04-21,2025 Pacific Stage 1,2379,Pacific,Pacific,RRQ,TS,Ascent,5,13,0,TS,3,True,False
458835,206239,3,2025-04-21,2025 Pacific Stage 1,2379,Pacific,Pacific,RRQ,TS,Lotus,9,13,0,decider,3,True,False
459852,207219,1,2025-04-23,2025 EMEA Stage 1,2380,EMEA,EMEA,BBL,FUT,Ascent,25,23,1,BBL,3,True,False
459852,207220,2,2025-04-23,2025 EMEA Stage 1,2380,EMEA,EMEA,BBL,FUT,Icebox,13,11,1,FUT,3,True,False
459853,207222,1,2025-04-23,2025 EMEA Stage 1,2380,EMEA,EMEA,GX,APK,Lotus,13,7,1,APK,3,True,False
459853,207223,2,2025-04-23,2025 EMEA Stage 1,2380,EMEA,EMEA,GX,APK,Ascent,13,9,1,GX,3,True,False
459854,207225,1,2025-04-24,2025 EMEA Stage 1,2380,EMEA,EMEA,M8,MKOI,Split,13,11,1,M8,3,True,False
459854,207226,2,2025-04-24,2025 EMEA Stage 1,2380,EMEA,EMEA,M8,MKOI,Icebox,6,13,0,MKOI,3,True,False
459854,207227,3,2025-04-24,2025 EMEA Stage 1,2380,EMEA,EMEA,M8,MKOI,Fracture,9,13,0,decider,3,True,False
459855,207228,1,2025-04-24,2025 EMEA Stage 1,2380,EMEA,EMEA,VIT,NAVI,Haven,5,13,0,VIT,3,True,False
459855,207229,2,2025-04-24,2025 EMEA Stage 1,2380,EMEA,EMEA,VIT,NAVI,Icebox,11,13,0,NAVI,3,True,False
475897,213487,1,2025-04-24,2025 Americas Stage 1,2347,Americas,Americas,MIBR,100T,Split,13,10,1,100T,3,True,False
475897,213488,2,2025-04-24,2025 Americas Stage 1,2347,Americas,Americas,MIBR,100T,Icebox,13,4,1,MIBR,3,True,False
475898,213490,1,2025-04-24,2025 Americas Stage 1,2347,Americas,Americas,SEN,C9,Ascent,13,9,1,C9,3,True,False
475898,213491,2,2025-04-24,2025 Americas Stage 1,2347,Americas,Americas,SEN,C9,Pearl,13,9,1,SEN,3,True,False
475903,213507,1,2025-04-25,2025 Americas Stage 1,2347,Americas,Americas,100T,NRG,Fracture,13,5,1,100T,3,True,False
475903,213508,2,2025-04-25,2025 Americas Stage 1,2347,Americas,Americas,100T,NRG,Haven,13,11,1,NRG,3,True,False
475904,213510,1,2025-04-25,2025 Americas Stage 1,2347,Americas,Americas,C9,EG,Fracture,9,13,0,EG,3,True,False
475904,213511,2,2025-04-25,2025 Americas Stage 1,2347,Americas,Americas,C9,EG,Icebox,13,15,0,C9,3,True,False
473833,212502,1,2025-04-26,2025 Pacific Stage 1,2379,Pacific,Pacific,TLN,GEN,Haven,13,6,1,GEN,3,True,False
473833,212503,2,2025-04-26,2025 Pacific Stage 1,2379,Pacific,Pacific,TLN,GEN,Icebox,6,13,0,TLN,3,True,False
473833,212504,3,2025-04-26,2025 Pacific Stage 1,2379,Pacific,Pacific,TLN,GEN,Pearl,3,13,0,decider,3,True,False
473834,212505,1,2025-04-26,2025 Pacific Stage 1,2379,Pacific,Pacific,KRX,T1,Lotus,15,13,1,T1,3,True,False
473834,212506,2,2025-04-26,2025 Pacific Stage 1,2379,Pacific,Pacific,KRX,T1,Fracture,14,12,1,KRX,3,True,False
475899,213493,1,2025-04-26,2025 Americas Stage 1,2347,Americas,Americas,KRÜ,MIBR,Lotus,8,13,0,KRÜ,3,True,False
475899,213494,2,2025-04-26,2025 Americas Stage 1,2347,Americas,Americas,KRÜ,MIBR,Icebox,5,13,0,MIBR,3,True,False
475900,213496,1,2025-04-26,2025 Americas Stage 1,2347,Americas,Americas,G2,SEN,Split,13,5,1,SEN,3,True,False
475900,213497,2,2025-04-26,2025 Americas Stage 1,2347,Americas,Americas,G2,SEN,Icebox,11,13,0,G2,3,True,False
475900,213498,3,2025-04-26,2025 Americas Stage 1,2347,Americas,Americas,G2,SEN,Ascent,11,13,0,decider,3,True,False
473837,212514,1,2025-04-27,2025 Pacific Stage 1,2379,Pacific,Pacific,BME,GEN,Split,8,13,0,GEN,3,True,False
473837,212515,2,2025-04-27,2025 Pacific Stage 1,2379,Pacific,Pacific,BME,GEN,Ascent,6,13,0,BME,3,True,False
473838,212517,1,2025-04-27,2025 Pacific Stage 1,2379,Pacific,Pacific,RRQ,KRX,Fracture,11,13,0,KRX,3,True,False
473838,212518,2,2025-04-27,2025 Pacific Stage 1,2379,Pacific,Pacific,RRQ,KRX,Icebox,13,4,1,RRQ,3,True,False
473838,212519,3,2025-04-27,2025 Pacific Stage 1,2379,Pacific,Pacific,RRQ,KRX,Lotus,14,12,1,decider,3,True,False
475905,213513,1,2025-04-27,2025 Americas Stage 1,2347,Americas,Americas,G2,100T,Haven,13,4,1,100T,3,True,False
475905,213514,2,2025-04-27,2025 Americas Stage 1,2347,Americas,Americas,G2,100T,Split,12,14,0,G2,3,True,False
475905,213515,3,2025-04-27,2025 Americas Stage 1,2347,Americas,Americas,G2,100T,Pearl,16,14,1,decider,3,True,False
475906,213516,1,2025-04-27,2025 Americas Stage 1,2347,Americas,Americas,KRÜ,EG,Lotus,12,14,0,EG,3,True,False
475906,213517,2,2025-04-27,2025 Americas Stage 1,2347,Americas,Americas,KRÜ,EG,Icebox,11,13,0,KRÜ,3,True,False
459856,207232,1,2025-05-02,2025 EMEA Stage 1,2380,EMEA,EMEA,TL,KC,Icebox,9,13,0,KC,3,True,False
459856,207233,2,2025-05-02,2025 EMEA Stage 1,2380,EMEA,EMEA,TL,KC,Lotus,13,6,1,decider,3,True,False
459856,214836,3,2025-05-02,2025 EMEA Stage 1,2380,EMEA,EMEA,TL,KC,Split,13,6,1,TL,3,True,False
459857,207235,1,2025-05-02,2025 EMEA Stage 1,2380,EMEA,EMEA,FNC,TH,Haven,5,13,0,TH,3,True,False
459857,215378,2,2025-05-02,2025 EMEA Stage 1,2380,EMEA,EMEA,FNC,TH,Lotus,10,13,0,FNC,3,True,False
473241,212246,1,2025-05-02,2025 China Stage 1,2359,China,China,WOL,XLG,Pearl,7,13,0,WOL,3,True,False
473241,212247,2,2025-05-02,2025 China Stage 1,2359,China,China,WOL,XLG,Lotus,12,14,0,XLG,3,True,False
473242,212249,1,2025-05-02,2025 China Stage 1,2359,China,China,EDG,BLG,Fracture,13,8,1,BLG,3,True,False
473242,212250,2,2025-05-02,2025 China Stage 1,2359,China,China,EDG,BLG,Icebox,8,13,0,EDG,3,True,False
473242,212251,3,2025-05-02,2025 China Stage 1,2359,China,China,EDG,BLG,Pearl,11,13,0,decider,3,True,False
475901,213499,1,2025-05-02,2025 Americas Stage 1,2347,Americas,Americas,MIBR,SEN,Lotus,7,13,0,MIBR,3,True,False
475901,213500,2,2025-05-02,2025 Americas Stage 1,2347,Americas,Americas,MIBR,SEN,Split,11,13,0,SEN,3,True,False
475907,213519,1,2025-05-02,2025 Americas Stage 1,2347,Americas,Americas,G2,EG,Lotus,9,13,0,EG,3,True,False
475907,213520,2,2025-05-02,2025 Americas Stage 1,2347,Americas,Americas,G2,EG,Split,13,7,1,G2,3,True,False
475907,213521,3,2025-05-02,2025 Americas Stage 1,2347,Americas,Americas,G2,EG,Pearl,13,11,1,decider,3,True,False
473243,212252,1,2025-05-03,2025 China Stage 1,2359,China,China,WOL,BLG,Pearl,9,13,0,BLG,5,True,False
473243,212253,2,2025-05-03,2025 China Stage 1,2359,China,China,WOL,BLG,Lotus,11,13,0,WOL,5,True,False
473243,212254,3,2025-05-03,2025 China Stage 1,2359,China,China,WOL,BLG,Icebox,7,13,0,BLG,5,True,False
473835,212508,1,2025-05-03,2025 Pacific Stage 1,2379,Pacific,Pacific,TLN,NS,Haven,13,9,1,TLN,3,True,False
473835,212509,2,2025-05-03,2025 Pacific Stage 1,2379,Pacific,Pacific,TLN,NS,Pearl,7,13,0,NS,3,True,False
473835,212510,3,2025-05-03,2025 Pacific Stage 1,2379,Pacific,Pacific,TLN,NS,Ascent,13,9,1,decider,3,True,False
473836,212511,1,2025-05-03,2025 Pacific Stage 1,2379,Pacific,Pacific,T1,PRX,Fracture,13,3,1,PRX,3,True,False
473836,212512,2,2025-05-03,2025 Pacific Stage 1,2379,Pacific,Pacific,T1,PRX,Ascent,4,13,0,T1,3,True,False
473836,212513,3,2025-05-03,2025 Pacific Stage 1,2379,Pacific,Pacific,T1,PRX,Lotus,2,13,0,decider,3,True,False
475908,213522,1,2025-05-03,2025 Americas Stage 1,2347,Americas,Americas,MIBR,G2,Haven,13,10,1,MIBR,5,True,False
475908,213523,2,2025-05-03,2025 Americas Stage 1,2347,Americas,Americas,MIBR,G2,Lotus,13,15,0,G2,5,True,False
475908,213524,3,2025-05-03,2025 Americas Stage 1,2347,Americas,Americas,MIBR,G2,Split,10,13,0,MIBR,5,True,False
475908,215607,4,2025-05-03,2025 Americas Stage 1,2347,Americas,Americas,MIBR,G2,Ascent,8,13,0,G2,5,True,False
473244,212257,1,2025-05-04,2025 China Stage 1,2359,China,China,XLG,BLG,Fracture,15,13,1,BLG,5,True,False
473244,212258,2,2025-05-04,2025 China Stage 1,2359,China,China,XLG,BLG,Lotus,13,10,1,XLG,5,True,False
473244,212259,3,2025-05-04,2025 China Stage 1,2359,China,China,XLG,BLG,Pearl,8,13,0,BLG,5,True,False
473244,212260,4,2025-05-04,2025 China Stage 1,2359,China,China,XLG,BLG,Haven,14,12,1,XLG,5,True,False
473839,212520,1,2025-05-04,2025 Pacific Stage 1,2379,Pacific,Pacific,KRX,TLN,Icebox,13,4,1,TLN,3,True,False
473839,212521,2,2025-05-04,2025 Pacific Stage 1,2379,Pacific,Pacific,KRX,TLN,Fracture,14,12,1,KRX,3,True,False
473840,212523,1,2025-05-04,2025 Pacific Stage 1,2379,Pacific,Pacific,BME,PRX,Lotus,5,13,0,PRX,3,True,False
473840,212524,2,2025-05-04,2025 Pacific Stage 1,2379,Pacific,Pacific,BME,PRX,Fracture,8,13,0,BME,3,True,False
475902,213502,1,2025-05-04,2025 Americas Stage 1,2347,Americas,Americas,SEN,G2,Haven,9,13,0,SEN,5,True,False
475902,213503,2,2025-05-04,2025 Americas Stage 1,2347,Americas,Americas,SEN,G2,Split,9,13,0,G2,5,True,False
475902,213504,3,2025-05-04,2025 Americas Stage 1,2347,Americas,Americas,SEN,G2,Pearl,13,10,1,SEN,5,True,False
475902,213505,4,2025-05-04,2025 Americas Stage 1,2347,Americas,Americas,SEN,G2,Ascent,10,13,0,G2,5,True,False
482503,215379,1,2025-05-08,2025 EMEA Stage 1,2380,EMEA,EMEA,BBL,NAVI,Lotus,13,9,1,BBL,3,True,False
482503,215380,2,2025-05-08,2025 EMEA Stage 1,2380,EMEA,EMEA,BBL,NAVI,Fracture,13,10,1,NAVI,3,True,False
482504,215383,1,2025-05-08,2025 EMEA Stage 1,2380,EMEA,EMEA,FNC,FUT,Split,13,8,1,FNC,3,True,False
482504,216517,2,2025-05-08,2025 EMEA Stage 1,2380,EMEA,EMEA,FNC,FUT,Lotus,13,6,1,FUT,3,True,False
473841,212526,1,2025-05-09,2025 Pacific Stage 1,2379,Pacific,Pacific,GEN,RRQ,Lotus,13,5,1,GEN,3,True,False
473841,212527,2,2025-05-09,2025 Pacific Stage 1,2379,Pacific,Pacific,GEN,RRQ,Icebox,13,8,1,RRQ,3,True,False
473842,212529,1,2025-05-09,2025 Pacific Stage 1,2379,Pacific,Pacific,KRX,PRX,Lotus,11,13,0,PRX,3,True,False
473842,212530,2,2025-05-09,2025 Pacific Stage 1,2379,Pacific,Pacific,KRX,PRX,Icebox,8,13,0,KRX,3,True,False
482505,215385,1,2025-05-09,2025 EMEA Stage 1,2380,EMEA,EMEA,NAVI,KC,Icebox,12,14,0,KC,3,True,False
482505,215386,2,2025-05-09,2025 EMEA Stage 1,2380,EMEA,EMEA,NAVI,KC,Split,13,11,1,NAVI,3,True,False
482505,216537,3,2025-05-09,2025 EMEA Stage 1,2380,EMEA,EMEA,NAVI,KC,Ascent,13,11,1,decider,3,True,False
482506,215389,1,2025-05-09,2025 EMEA Stage 1,2380,EMEA,EMEA,FUT,VIT,Split,13,6,1,VIT,3,True,False
482506,216584,2,2025-05-09,2025 EMEA Stage 1,2380,EMEA,EMEA,FUT,VIT,Fracture,13,7,1,FUT,3,True,False
473843,212532,1,2025-05-10,2025 Pacific Stage 1,2379,Pacific,Pacific,RRQ,PRX,Fracture,2,13,0,RRQ,5,True,False
473843,212533,2,2025-05-10,2025 Pacific Stage 1,2379,Pacific,Pacific,RRQ,PRX,Split,14,12,1,PRX,5,True,False
473843,212534,3,2025-05-10,2025 Pacific Stage 1,2379,Pacific,Pacific,RRQ,PRX,Pearl,14,12,1,RRQ,5,True,False
473843,212535,4,2025-05-10,2025 Pacific Stage 1,2379,Pacific,Pacific,RRQ,PRX,Icebox,3,13,0,PRX,5,True,False
473843,212536,5,2025-05-10,2025 Pacific Stage 1,2379,Pacific,Pacific,RRQ,PRX,Ascent,13,6,1,decider,5,True,False
482507,215392,1,2025-05-10,2025 EMEA Stage 1,2380,EMEA,EMEA,TH,BBL,Icebox,14,12,1,TH,3,True,False
482507,216644,2,2025-05-10,2025 EMEA Stage 1,2380,EMEA,EMEA,TH,BBL,Ascent,13,10,1,BBL,3,True,False
482508,215394,1,2025-05-10,2025 EMEA Stage 1,2380,EMEA,EMEA,TL,FNC,Split,10,13,0,TL,3,True,False
482508,215395,2,2025-05-10,2025 EMEA Stage 1,2380,EMEA,EMEA,TL,FNC,Icebox,13,11,1,FNC,3,True,False
482508,215396,3,2025-05-10,2025 EMEA Stage 1,2380,EMEA,EMEA,TL,FNC,Fracture,12,14,0,decider,3,True,False
473844,212537,1,2025-05-11,2025 Pacific Stage 1,2379,Pacific,Pacific,GEN,RRQ,Haven,13,8,1,GEN,5,True,False
473844,212538,2,2025-05-11,2025 Pacific Stage 1,2379,Pacific,Pacific,GEN,RRQ,Ascent,11,13,0,RRQ,5,True,False
473844,212539,3,2025-05-11,2025 Pacific Stage 1,2379,Pacific,Pacific,GEN,RRQ,Lotus,9,13,0,GEN,5,True,False
473844,212540,4,2025-05-11,2025 Pacific Stage 1,2379,Pacific,Pacific,GEN,RRQ,Icebox,11,13,0,RRQ,5,True,False
482509,215397,1,2025-05-11,2025 EMEA Stage 1,2380,EMEA,EMEA,TL,NAVI,Icebox,11,13,0,NAVI,3,True,False
482509,215398,2,2025-05-11,2025 EMEA Stage 1,2380,EMEA,EMEA,TL,NAVI,Split,13,4,1,TL,3,True,False
482509,215399,3,2025-05-11,2025 EMEA Stage 1,2380,EMEA,EMEA,TL,NAVI,Ascent,13,8,1,decider,3,True,False
482510,215402,1,2025-05-11,2025 EMEA Stage 1,2380,EMEA,EMEA,BBL,FUT,Ascent,13,10,1,decider,3,True,False
482510,216645,2,2025-05-11,2025 EMEA Stage 1,2380,EMEA,EMEA,BBL,FUT,Split,13,2,1,FUT,3,True,False
482510,216646,3,2025-05-11,2025 EMEA Stage 1,2380,EMEA,EMEA,BBL,FUT,Haven,12,14,0,BBL,3,True,False
482511,215403,1,2025-05-16,2025 EMEA Stage 1,2380,EMEA,EMEA,TL,BBL,Haven,13,11,1,BBL,3,True,False
482511,215404,2,2025-05-16,2025 EMEA Stage 1,2380,EMEA,EMEA,TL,BBL,Split,7,13,0,TL,3,True,False
482511,215405,3,2025-05-16,2025 EMEA Stage 1,2380,EMEA,EMEA,TL,BBL,Fracture,13,8,1,decider,3,True,False
482515,215416,1,2025-05-16,2025 EMEA Stage 1,2380,EMEA,EMEA,TH,FNC,Fracture,6,13,0,FNC,3,True,False
482515,217080,2,2025-05-16,2025 EMEA Stage 1,2380,EMEA,EMEA,TH,FNC,Icebox,8,13,0,TH,3,True,False
487985,216862,1,2025-05-16,2025 Esports World Cup,2449,EMEA,EMEA,FUT,APK,Split,13,11,1,decider,3,True,True
487985,216863,2,2025-05-16,2025 Esports World Cup,2449,EMEA,EMEA,FUT,APK,Lotus,13,10,1,decider,3,True,True
487986,216865,1,2025-05-16,2025 Esports World Cup,2449,EMEA,EMEA,VIT,GX,Ascent,13,7,1,decider,3,True,True
487986,216866,2,2025-05-16,2025 Esports World Cup,2449,EMEA,EMEA,VIT,GX,Lotus,8,13,0,decider,3,True,True
487986,216867,3,2025-05-16,2025 Esports World Cup,2449,EMEA,EMEA,VIT,GX,Haven,13,3,1,decider,3,True,True
487987,216868,1,2025-05-16,2025 Esports World Cup,2449,EMEA,EMEA,NAVI,M8,Fracture,13,8,1,decider,3,True,True
487987,216869,2,2025-05-16,2025 Esports World Cup,2449,EMEA,EMEA,NAVI,M8,Icebox,13,11,1,decider,3,True,True
487988,216871,1,2025-05-16,2025 Esports World Cup,2449,EMEA,EMEA,KC,MKOI,Ascent,17,15,1,decider,3,True,True
487988,216872,2,2025-05-16,2025 Esports World Cup,2449,EMEA,EMEA,KC,MKOI,Haven,13,9,1,decider,3,True,True
488003,216920,1,2025-05-16,2025 Esports World Cup,2449,Americas,Americas,100T,FUR,Haven,13,2,1,100T,3,True,True
488003,216921,2,2025-05-16,2025 Esports World Cup,2449,Americas,Americas,100T,FUR,Icebox,13,7,1,FUR,3,True,True
488004,216923,1,2025-05-16,2025 Esports World Cup,2449,Americas,Americas,LEV,NRG,Pearl,13,15,0,NRG,3,True,True
488004,216924,2,2025-05-16,2025 Esports World Cup,2449,Americas,Americas,LEV,NRG,Icebox,8,13,0,LEV,3,True,True
488005,216926,1,2025-05-16,2025 Esports World Cup,2449,Americas,Americas,C9,2G,Lotus,13,5,1,C9,3,True,True
488005,216927,2,2025-05-16,2025 Esports World Cup,2449,Americas,Americas,C9,2G,Haven,14,12,1,2G,3,True,True
482512,215406,1,2025-05-17,2025 EMEA Stage 1,2380,EMEA,EMEA,TH,TL,Haven,13,3,1,TH,5,True,False
482512,215407,2,2025-05-17,2025 EMEA Stage 1,2380,EMEA,EMEA,TH,TL,Ascent,13,10,1,TL,5,True,False
482512,215408,3,2025-05-17,2025 EMEA Stage 1,2380,EMEA,EMEA,TH,TL,Icebox,13,2,1,TH,5,True,False
487989,216874,1,2025-05-17,2025 Esports World Cup,2449,EMEA,EMEA,FUT,VIT,Fracture,13,6,1,FUT,3,True,True
487989,216875,2,2025-05-17,2025 Esports World Cup,2449,EMEA,EMEA,FUT,VIT,Haven,13,6,1,VIT,3,True,True
487990,216877,1,2025-05-17,2025 Esports World Cup,2449,EMEA,EMEA,NAVI,KC,Haven,7,13,0,KC,3,True,True
487990,216878,2,2025-05-17,2025 Esports World Cup,2449,EMEA,EMEA,NAVI,KC,Icebox,14,16,0,NAVI,3,True,True
487992,216883,1,2025-05-17,2025 Esports World Cup,2449,EMEA,EMEA,APK,GX,Haven,8,13,0,APK,3,True,True
487992,216884,2,2025-05-17,2025 Esports World Cup,2449,EMEA,EMEA,APK,GX,Lotus,11,13,0,GX,3,True,True
487993,216886,1,2025-05-17,2025 Esports World Cup,2449,EMEA,EMEA,M8,MKOI,Haven,13,8,1,decider,3,True,True
487993,216887,2,2025-05-17,2025 Esports World Cup,2449,EMEA,EMEA,M8,MKOI,Ascent,13,10,1,decider,3,True,True
488007,216932,1,2025-05-17,2025 Esports World Cup,2449,Americas,Americas,100T,NRG,Haven,7,13,0,100T,3,True,True
488007,216933,2,2025-05-17,2025 Esports World Cup,2449,Americas,Americas,100T,NRG,Ascent,13,9,1,NRG,3,True,True
488007,216934,3,2025-05-17,2025 Esports World Cup,2449,Americas,Americas,100T,NRG,Fracture,13,9,1,decider,3,True,True
488008,216935,1,2025-05-17,2025 Esports World Cup,2449,Americas,Americas,KRÜ,C9,Pearl,13,9,1,C9,3,True,True
488008,216936,2,2025-05-17,2025 Esports World Cup,2449,Americas,Americas,KRÜ,C9,Split,7,13,0,KRÜ,3,True,True
488008,216937,3,2025-05-17,2025 Esports World Cup,2449,Americas,Americas,KRÜ,C9,Lotus,5,13,0,decider,3,True,True
488010,216941,1,2025-05-17,2025 Esports World Cup,2449,Americas,Americas,FUR,LEV,Icebox,7,13,0,FUR,3,True,True
488010,216942,2,2025-05-17,2025 Esports World Cup,2449,Americas,Americas,FUR,LEV,Lotus,11,13,0,LEV,3,True,True
482513,215411,1,2025-05-18,2025 EMEA Stage 1,2380,EMEA,EMEA,FNC,TH,Split,13,4,1,FNC,5,True,False
482513,215412,2,2025-05-18,2025 EMEA Stage 1,2380,EMEA,EMEA,FNC,TH,Icebox,13,9,1,TH,5,True,False
482513,215413,3,2025-05-18,2025 EMEA Stage 1,2380,EMEA,EMEA,FNC,TH,Fracture,14,12,1,FNC,5,True,False
487991,216880,1,2025-05-18,2025 Esports World Cup,2449,EMEA,EMEA,FUT,KC,Lotus,11,13,0,FUT,3,True,True
487991,216881,2,2025-05-18,2025 Esports World Cup,2449,EMEA,EMEA,FUT,KC,Ascent,13,9,1,KC,3,True,True
487991,216882,3,2025-05-18,2025 Esports World Cup,2449,EMEA,EMEA,FUT,KC,Haven,7,13,0,decider,3,True,True
487994,216889,1,2025-05-18,2025 Esports World Cup,2449,EMEA,EMEA,NAVI,GX,Ascent,13,7,1,GX,3,True,True
487994,216890,2,2025-05-18,2025 Esports World Cup,2449,EMEA,EMEA,NAVI,GX,Pearl,13,8,1,NAVI,3,True,True
487995,216892,1,2025-05-18,2025 Esports World Cup,2449,EMEA,EMEA,VIT,M8,Split,18,20,0,VIT,3,True,True
487995,216893,2,2025-05-18,2025 Esports World Cup,2449,EMEA,EMEA,VIT,M8,Icebox,13,6,1,M8,3,True,True
487995,216894,3,2025-05-18,2025 Esports World Cup,2449,EMEA,EMEA,VIT,M8,Haven,5,13,0,decider,3,True,True
488009,216938,1,2025-05-18,2025 Esports World Cup,2449,Americas,Americas,100T,C9,Haven,13,9,1,100T,3,True,True
488009,216939,2,2025-05-18,2025 Esports World Cup,2449,Americas,Americas,100T,C9,Split,13,8,1,C9,3,True,True
488012,216947,1,2025-05-18,2025 Esports World Cup,2449,Americas,Americas,KRÜ,LEV,Haven,14,12,1,LEV,3,True,True
488012,216948,2,2025-05-18,2025 Esports World Cup,2449,Americas,Americas,KRÜ,LEV,Pearl,13,5,1,KRÜ,3,True,True
488013,216950,1,2025-05-18,2025 Esports World Cup,2449,Americas,Americas,NRG,2G,Pearl,13,4,1,NRG,3,True,True
488013,216951,2,2025-05-18,2025 Esports World Cup,2449,Americas,Americas,NRG,2G,Haven,13,7,1,2G,3,True,True
487996,216895,1,2025-05-19,2025 Esports World Cup,2449,EMEA,EMEA,NAVI,M8,Fracture,10,13,0,M8,3,True,True
487996,216896,2,2025-05-19,2025 Esports World Cup,2449,EMEA,EMEA,NAVI,M8,Ascent,13,10,1,NAVI,3,True,True
487996,216897,3,2025-05-19,2025 Esports World Cup,2449,EMEA,EMEA,NAVI,M8,Icebox,13,4,1,decider,3,True,True
488014,216953,1,2025-05-19,2025 Esports World Cup,2449,Americas,Americas,KRÜ,NRG,Lotus,10,13,0,NRG,3,True,True
488014,216954,2,2025-05-19,2025 Esports World Cup,2449,Americas,Americas,KRÜ,NRG,Icebox,4,13,0,KRÜ,3,True,True
487997,216898,1,2025-05-20,2025 Esports World Cup,2449,EMEA,EMEA,FUT,NAVI,Pearl,15,13,1,FUT,3,True,True
487997,216899,2,2025-05-20,2025 Esports World Cup,2449,EMEA,EMEA,FUT,NAVI,Ascent,13,7,1,NAVI,3,True,True
488015,216956,1,2025-05-20,2025 Esports World Cup,2449,Americas,Americas,C9,NRG,Split,9,13,0,C9,3,True,True
488015,216957,2,2025-05-20,2025 Esports World Cup,2449,Americas,Americas,C9,NRG,Icebox,9,13,0,NRG,3,True,True
489422,217160,1,2025-05-22,2025 Esports World Cup,2449,Pacific,Pacific,PRX,TLN,Sunset,13,9,1,decider,1,True,True
489423,217161,1,2025-05-22,2025 Esports World Cup,2449,Pacific,Pacific,T1,GE,Ascent,7,13,0,decider,1,True,True
489424,217162,1,2025-05-22,2025 Esports World Cup,2449,Pacific,Pacific,PRX,T1,Lotus,13,8,1,decider,1,True,True
489425,217163,1,2025-05-22,2025 Esports World Cup,2449,Pacific,Pacific,TLN,GE,Ascent,10,13,0,decider,1,True,True
489426,217164,1,2025-05-22,2025 Esports World Cup,2449,Pacific,Pacific,PRX,GE,Icebox,13,8,1,decider,1,True,True
489427,217165,1,2025-05-22,2025 Esports World Cup,2449,Pacific,Pacific,TLN,T1,Sunset,7,13,0,decider,1,True,True
487998,216901,1,2025-05-23,2025 Esports World Cup,2449,EMEA,EMEA,TL,FUT,Haven,13,6,1,FUT,3,True,True
487998,216902,2,2025-05-23,2025 Esports World Cup,2449,EMEA,EMEA,TL,FUT,Split,13,9,1,TL,3,True,True
487999,216904,1,2025-05-23,2025 Esports World Cup,2449,EMEA,EMEA,BBL,KC,Ascent,13,9,1,BBL,3,True,True
487999,216905,2,2025-05-23,2025 Esports World Cup,2449,EMEA,EMEA,BBL,KC,Haven,13,6,1,KC,3,True,True
488016,216959,1,2025-05-23,2025 Esports World Cup,2449,Americas,Americas,MIBR,NRG,Split,10,13,0,NRG,3,True,True
488016,216960,2,2025-05-23,2025 Esports World Cup,2449,Americas,Americas,MIBR,NRG,Icebox,13,15,0,MIBR,3,True,True
488017,216962,1,2025-05-23,2025 Esports World Cup,2449,Americas,Americas,EG,100T,Icebox,13,15,0,100T,3,True,True
488017,216963,2,2025-05-23,2025 Esports World Cup,2449,Americas,Americas,EG,100T,Pearl,5,13,0,EG,3,True,True
489428,217166,1,2025-05-23,2025 Esports World Cup,2449,Pacific,Pacific,KRX,BME,Icebox,14,12,1,decider,1,True,True
489429,217167,1,2025-05-23,2025 Esports World Cup,2449,Pacific,Pacific,NS,TS,Pearl,9,13,0,decider,1,True,True
489430,217168,1,2025-05-23,2025 Esports World Cup,2449,Pacific,Pacific,KRX,NS,Haven,11,13,0,decider,1,True,True
489431,217169,1,2025-05-23,2025 Esports World Cup,2449,Pacific,Pacific,BME,TS,Lotus,11,13,0,decider,1,True,True
489432,217170,1,2025-05-23,2025 Esports World Cup,2449,Pacific,Pacific,KRX,TS,Split,13,4,1,decider,1,True,True
489433,217171,1,2025-05-23,2025 Esports World Cup,2449,Pacific,Pacific,BME,NS,Sunset,13,6,1,decider,1,True,True
488000,216907,1,2025-05-24,2025 Esports World Cup,2449,EMEA,EMEA,TL,BBL,Lotus,11,13,0,TL,5,True,True
488000,216908,2,2025-05-24,2025 Esports World Cup,2449,EMEA,EMEA,TL,BBL,Icebox,13,6,1,BBL,5,True,True
488000,216909,3,2025-05-24,2025 Esports World Cup,2449,EMEA,EMEA,TL,BBL,Ascent,11,13,0,TL,5,True,True
488000,216910,4,2025-05-24,2025 Esports World Cup,2449,EMEA,EMEA,TL,BBL,Haven,11,13,0,BBL,5,True,True
488001,216912,1,2025-05-24,2025 Esports World Cup,2449,EMEA,EMEA,FUT,KC,Ascent,10,13,0,FUT,3,True,True
488001,216913,2,2025-05-24,2025 Esports World Cup,2449,EMEA,EMEA,FUT,KC,Haven,7,13,0,KC,3,True,True
488018,216965,1,2025-05-24,2025 Esports World Cup,2449,Americas,Americas,NRG,100T,Pearl,13,5,1,100T,5,True,True
488018,216966,2,2025-05-24,2025 Esports World Cup,2449,Americas,Americas,NRG,100T,Split,11,13,0,NRG,5,True,True
488018,216967,3,2025-05-24,2025 Esports World Cup,2449,Americas,Americas,NRG,100T,Haven,13,11,1,100T,5,True,True
488018,216968,4,2025-05-24,2025 Esports World Cup,2449,Americas,Americas,NRG,100T,Icebox,13,7,1,NRG,5,True,True
488019,216970,1,2025-05-24,2025 Esports World Cup,2449,Americas,Americas,MIBR,EG,Lotus,5,13,0,EG,3,True,True
488019,216971,2,2025-05-24,2025 Esports World Cup,2449,Americas,Americas,MIBR,EG,Icebox,14,12,1,MIBR,3,True,True
488019,216972,3,2025-05-24,2025 Esports World Cup,2449,Americas,Americas,MIBR,EG,Split,13,9,1,decider,3,True,True
489434,217172,1,2025-05-24,2025 Esports World Cup,2449,Pacific,Pacific,PRX,TS,Pearl,13,5,1,decider,3,True,True
489434,217173,2,2025-05-24,2025 Esports World Cup,2449,Pacific,Pacific,PRX,TS,Split,13,11,1,decider,3,True,True
489435,217175,1,2025-05-24,2025 Esports World Cup,2449,Pacific,Pacific,KRX,GE,Haven,13,10,1,decider,3,True,True
489435,217176,2,2025-05-24,2025 Esports World Cup,2449,Pacific,Pacific,KRX,GE,Sunset,13,8,1,decider,3,True,True
488002,216915,1,2025-05-25,2025 Esports World Cup,2449,EMEA,EMEA,TL,KC,Split,13,7,1,TL,5,True,True
488002,216916,2,2025-05-25,2025 Esports World Cup,2449,EMEA,EMEA,TL,KC,Icebox,5,13,0,KC,5,True,True
488002,216917,3,2025-05-25,2025 Esports World Cup,2449,EMEA,EMEA,TL,KC,Lotus,10,13,0,TL,5,True,True
488002,216918,4,2025-05-25,2025 Esports World Cup,2449,EMEA,EMEA,TL,KC,Haven,9,13,0,KC,5,True,True
488020,216973,1,2025-05-25,2025 Esports World Cup,2449,Americas,Americas,100T,MIBR,Icebox,9,13,0,MIBR,5,True,True
488020,216974,2,2025-05-25,2025 Esports World Cup,2449,Americas,Americas,100T,MIBR,Split,4,13,0,100T,5,True,True
488020,216975,3,2025-05-25,2025 Esports World Cup,2449,Americas,Americas,100T,MIBR,Haven,13,3,1,MIBR,5,True,True
488020,216976,4,2025-05-25,2025 Esports World Cup,2449,Americas,Americas,100T,MIBR,Ascent,13,10,1,100T,5,True,True
488020,216977,5,2025-05-25,2025 Esports World Cup,2449,Americas,Americas,100T,MIBR,Pearl,13,9,1,decider,5,True,True
489436,217178,1,2025-05-25,2025 Esports World Cup,2449,Pacific,Pacific,PRX,KRX,Ascent,8,13,0,decider,5,True,True
489436,217179,2,2025-05-25,2025 Esports World Cup,2449,Pacific,Pacific,PRX,KRX,Sunset,13,7,1,decider,5,True,True
489436,217180,3,2025-05-25,2025 Esports World Cup,2449,Pacific,Pacific,PRX,KRX,Lotus,13,11,1,decider,5,True,True
489436,217181,4,2025-05-25,2025 Esports World Cup,2449,Pacific,Pacific,PRX,KRX,Icebox,13,6,1,decider,5,True,True
490307,217250,1,2025-06-07,2025 Masters Toronto,2282,China,EMEA,BLG,TL,Icebox,13,10,1,BLG,3,True,True
490307,217251,2,2025-06-07,2025 Masters Toronto,2282,China,EMEA,BLG,TL,Haven,14,16,0,TL,3,True,True
490307,217252,3,2025-06-07,2025 Masters Toronto,2282,China,EMEA,BLG,TL,Sunset,13,10,1,decider,3,True,True
490309,217256,1,2025-06-07,2025 Masters Toronto,2282,EMEA,Pacific,TH,PRX,Pearl,1,13,0,PRX,3,True,True
490309,217257,2,2025-06-07,2025 Masters Toronto,2282,EMEA,Pacific,TH,PRX,Icebox,9,13,0,TH,3,True,True
490306,217247,1,2025-06-08,2025 Masters Toronto,2282,Pacific,Americas,GEN,MIBR,Sunset,13,5,1,MIBR,3,True,True
490306,217248,2,2025-06-08,2025 Masters Toronto,2282,Pacific,Americas,GEN,MIBR,Haven,13,1,1,GEN,3,True,True
490308,217253,1,2025-06-08,2025 Masters Toronto,2282,Americas,China,SEN,WOL,Split,13,11,1,WOL,3,True,True
490308,217254,2,2025-06-08,2025 Masters Toronto,2282,Americas,China,SEN,WOL,Lotus,13,8,1,SEN,3,True,True
490310,217259,1,2025-06-09,2025 Masters Toronto,2282,Pacific,Pacific,PRX,GEN,Ascent,11,13,0,GEN,3,True,True
490310,217260,2,2025-06-09,2025 Masters Toronto,2282,Pacific,Pacific,PRX,GEN,Icebox,3,13,0,PRX,3,True,True
490311,217262,1,2025-06-09,2025 Masters Toronto,2282,China,Americas,BLG,SEN,Icebox,13,9,1,BLG,3,True,True
490311,217263,2,2025-06-09,2025 Masters Toronto,2282,China,Americas,BLG,SEN,Sunset,5,13,0,SEN,3,True,True
490311,217264,3,2025-06-09,2025 Masters Toronto,2282,China,Americas,BLG,SEN,Lotus,9,13,0,decider,3,True,True
490312,217265,1,2025-06-10,2025 Masters Toronto,2282,EMEA,China,TH,WOL,Pearl,10,13,0,WOL,3,True,True
490312,217266,2,2025-06-10,2025 Masters Toronto,2282,EMEA,China,TH,WOL,Lotus,9,13,0,TH,3,True,True
490313,217268,1,2025-06-10,2025 Masters Toronto,2282,EMEA,Americas,TL,MIBR,Icebox,13,6,1,MIBR,3,True,True
490313,217269,2,2025-06-10,2025 Masters Toronto,2282,EMEA,Americas,TL,MIBR,Sunset,13,7,1,TL,3,True,True
490314,217271,1,2025-06-11,2025 Masters Toronto,2282,Pacific,EMEA,PRX,TL,Split,13,15,0,PRX,3,True,True
490314,217272,2,2025-06-11,2025 Masters Toronto,2282,Pacific,EMEA,PRX,TL,Sunset,13,5,1,TL,3,True,True
490314,217273,3,2025-06-11,2025 Masters Toronto,2282,Pacific,EMEA,PRX,TL,Lotus,14,12,1,decider,3,True,True
490315,217275,1,2025-06-11,2025 Masters Toronto,2282,China,China,BLG,WOL,Split,10,13,0,WOL,3,True,True
490315,221383,2,2025-06-11,2025 Masters Toronto,2282,China,China,BLG,WOL,Ascent,5,13,0,BLG,3,True,True
498621,221147,1,2025-06-13,2025 Masters Toronto,2282,China,Americas,XLG,SEN,Sunset,6,13,0,XLG,3,True,True
498621,221148,2,2025-06-13,2025 Masters Toronto,2282,China,Americas,XLG,SEN,Lotus,6,13,0,SEN,3,True,True
498622,221150,1,2025-06-13,2025 Masters Toronto,2282,Americas,Pacific,G2,PRX,Split,10,13,0,PRX,3,True,True
498622,221151,2,2025-06-13,2025 Masters Toronto,2282,Americas,Pacific,G2,PRX,Lotus,11,13,0,G2,3,True,True
498623,221153,1,2025-06-14,2025 Masters Toronto,2282,Pacific,China,RRQ,WOL,Ascent,11,13,0,WOL,3,True,True
498623,221154,2,2025-06-14,2025 Masters Toronto,2282,Pacific,China,RRQ,WOL,Icebox,8,13,0,RRQ,3,True,True
498624,221156,1,2025-06-14,2025 Masters Toronto,2282,EMEA,Pacific,FNC,GEN,Haven,11,13,0,GEN,3,True,True
498624,221157,2,2025-06-14,2025 Masters Toronto,2282,EMEA,Pacific,FNC,GEN,Split,14,12,1,FNC,3,True,True
498624,221158,3,2025-06-14,2025 Masters Toronto,2282,EMEA,Pacific,FNC,GEN,Sunset,6,13,0,decider,3,True,True
498629,221173,1,2025-06-15,2025 Masters Toronto,2282,China,Americas,XLG,G2,Icebox,3,13,0,XLG,3,True,True
498629,221174,2,2025-06-15,2025 Masters Toronto,2282,China,Americas,XLG,G2,Haven,8,13,0,G2,3,True,True
498630,221176,1,2025-06-15,2025 Masters Toronto,2282,Pacific,EMEA,RRQ,FNC,Lotus,5,13,0,FNC,3,True,True
498630,221177,2,2025-06-15,2025 Masters Toronto,2282,Pacific,EMEA,RRQ,FNC,Haven,13,6,1,RRQ,3,True,True
498630,221178,3,2025-06-15,2025 Masters Toronto,2282,Pacific,EMEA,RRQ,FNC,Ascent,5,13,0,decider,3,True,True
498625,221159,1,2025-06-16,2025 Masters Toronto,2282,Americas,Pacific,SEN,PRX,Split,3,13,0,PRX,3,True,True
498625,221160,2,2025-06-16,2025 Masters Toronto,2282,Americas,Pacific,SEN,PRX,Sunset,11,13,0,SEN,3,True,True
498626,221162,1,2025-06-16,2025 Masters Toronto,2282,China,Pacific,WOL,GEN,Split,13,11,1,WOL,3,True,True
498626,221163,2,2025-06-16,2025 Masters Toronto,2282,China,Pacific,WOL,GEN,Sunset,13,9,1,GEN,3,True,True
498631,221179,1,2025-06-17,2025 Masters Toronto,2282,Pacific,Americas,GEN,G2,Lotus,7,13,0,G2,3,True,True
498631,221180,2,2025-06-17,2025 Masters Toronto,2282,Pacific,Americas,GEN,G2,Haven,13,11,1,GEN,3,True,True
498631,221181,3,2025-06-17,2025 Masters Toronto,2282,Pacific,Americas,GEN,G2,Icebox,11,13,0,decider,3,True,True
498632,221182,1,2025-06-17,2025 Masters Toronto,2282,Americas,EMEA,SEN,FNC,Sunset,13,9,1,SEN,3,True,True
498632,221183,2,2025-06-17,2025 Masters Toronto,2282,Americas,EMEA,SEN,FNC,Ascent,7,13,0,FNC,3,True,True
498632,221184,3,2025-06-17,2025 Masters Toronto,2282,Americas,EMEA,SEN,FNC,Icebox,9,13,0,decider,3,True,True
498627,221165,1,2025-06-20,2025 Masters Toronto,2282,Pacific,China,PRX,WOL,Lotus,14,12,1,PRX,3,True,True
498627,221166,2,2025-06-20,2025 Masters Toronto,2282,Pacific,China,PRX,WOL,Ascent,13,8,1,WOL,3,True,True
498633,221185,1,2025-06-20,2025 Masters Toronto,2282,Americas,EMEA,G2,FNC,Lotus,10,13,0,G2,3,True,True
498633,221186,2,2025-06-20,2025 Masters Toronto,2282,Americas,EMEA,G2,FNC,Split,10,13,0,FNC,3,True,True
498634,221188,1,2025-06-21,2025 Masters Toronto,2282,China,EMEA,WOL,FNC,Split,9,13,0,FNC,5,True,True
498634,221189,2,2025-06-21,2025 Masters Toronto,2282,China,EMEA,WOL,FNC,Icebox,4,13,0,WOL,5,True,True
498634,221190,3,2025-06-21,2025 Masters Toronto,2282,China,EMEA,WOL,FNC,Lotus,13,10,1,FNC,5,True,True
498634,221191,4,2025-06-21,2025 Masters Toronto,2282,China,EMEA,WOL,FNC,Ascent,5,13,0,WOL,5,True,True
498628,221168,1,2025-06-22,2025 Masters Toronto,2282,Pacific,EMEA,PRX,FNC,Sunset,13,11,1,PRX,5,True,True
498628,221169,2,2025-06-22,2025 Masters Toronto,2282,Pacific,EMEA,PRX,FNC,Icebox,15,17,0,FNC,5,True,True
498628,221170,3,2025-06-22,2025 Masters Toronto,2282,Pacific,EMEA,PRX,FNC,Pearl,13,10,1,PRX,5,True,True
498628,221171,4,2025-06-22,2025 Masters Toronto,2282,Pacific,EMEA,PRX,FNC,Lotus,14,12,1,FNC,5,True,True
507067,223246,1,2025-06-22,2025 Masters Toronto,2282,Unknown,Unknown,tarik,Team,Corrode,7,13,0,decider,1,True,True
506930,223138,1,2025-07-03,2025 China Stage 2,2499,China,China,EDG,TEC,Sunset,13,9,1,EDG,3,True,False
506930,223139,2,2025-07-03,2025 China Stage 2,2499,China,China,EDG,TEC,Corrode,13,6,1,TEC,3,True,False
506931,223141,1,2025-07-04,2025 China Stage 2,2499,China,China,BLG,TYL,Bind,13,5,1,TYL,3,True,False
506931,223142,2,2025-07-04,2025 China Stage 2,2499,China,China,BLG,TYL,Lotus,13,9,1,BLG,3,True,False
506932,223144,1,2025-07-05,2025 China Stage 2,2499,China,China,AG,XLG,Sunset,13,3,1,XLG,3,True,False
506932,223145,2,2025-07-05,2025 China Stage 2,2499,China,China,AG,XLG,Lotus,7,13,0,AG,3,True,False
506932,223146,3,2025-07-05,2025 China Stage 2,2499,China,China,AG,XLG,Ascent,3,13,0,decider,3,True,False
506933,223147,1,2025-07-05,2025 China Stage 2,2499,China,China,WOL,FPX,Sunset,5,13,0,FPX,3,True,False
506933,223148,2,2025-07-05,2025 China Stage 2,2499,China,China,WOL,FPX,Corrode,7,13,0,WOL,3,True,False
506934,223150,1,2025-07-06,2025 China Stage 2,2499,China,China,DRG,NOVA,Lotus,13,8,1,DRG,3,True,False
506934,223151,2,2025-07-06,2025 China Stage 2,2499,China,China,DRG,NOVA,Icebox,12,14,0,NOVA,3,True,False
506934,223152,3,2025-07-06,2025 China Stage 2,2499,China,China,DRG,NOVA,Ascent,13,5,1,decider,3,True,False
506935,223153,1,2025-07-06,2025 China Stage 2,2499,China,China,JDG,TE,Icebox,7,13,0,JDG,3,True,False
506935,223154,2,2025-07-06,2025 China Stage 2,2499,China,China,JDG,TE,Lotus,13,4,1,TE,3,True,False
506935,223155,3,2025-07-06,2025 China Stage 2,2499,China,China,JDG,TE,Haven,4,13,0,decider,3,True,False
510127,224966,1,2025-07-08,2025 Esports World Cup,2449,Pacific,China,PRX,BLG,Lotus,16,14,1,decider,1,True,True
510128,224969,1,2025-07-08,2025 Esports World Cup,2449,Americas,EMEA,G2,KC,Sunset,6,13,0,decider,1,True,True
510129,224972,1,2025-07-08,2025 Esports World Cup,2449,Pacific,EMEA,PRX,KC,Lotus,13,10,1,PRX,3,True,True
510129,224973,2,2025-07-08,2025 Esports World Cup,2449,Pacific,EMEA,PRX,KC,Icebox,13,5,1,KC,3,True,True
510133,224981,1,2025-07-08,2025 Esports World Cup,2449,Americas,EMEA,SEN,BBL,Icebox,12,14,0,decider,1,True,True
510134,224984,1,2025-07-08,2025 Esports World Cup,2449,Pacific,China,KRX,XLG,Haven,13,6,1,decider,1,True,True
510135,224987,1,2025-07-08,2025 Esports World Cup,2449,EMEA,Pacific,BBL,KRX,Sunset,14,12,1,BBL,3,True,True
510135,224988,2,2025-07-08,2025 Esports World Cup,2449,EMEA,Pacific,BBL,KRX,Ascent,13,6,1,KRX,3,True,True
510138,224996,1,2025-07-08,2025 Esports World Cup,2449,Americas,EMEA,NRG,TH,Lotus,13,4,1,decider,1,True,True
510139,224999,1,2025-07-08,2025 Esports World Cup,2449,Pacific,China,RRQ,TEC,Sunset,13,6,1,decider,1,True,True
510140,225002,1,2025-07-08,2025 Esports World Cup,2449,Americas,Pacific,NRG,RRQ,Split,13,7,1,NRG,3,True,True
510140,225003,2,2025-07-08,2025 Esports World Cup,2449,Americas,Pacific,NRG,RRQ,Pearl,13,8,1,RRQ,3,True,True
510143,225011,1,2025-07-08,2025 Esports World Cup,2449,Americas,EMEA,100T,FNC,Icebox,11,13,0,decider,1,True,True
510144,225014,1,2025-07-08,2025 Esports World Cup,2449,Pacific,China,GEN,EDG,Icebox,13,4,1,decider,1,True,True
510145,225017,1,2025-07-08,2025 Esports World Cup,2449,EMEA,Pacific,FNC,GEN,Ascent,15,13,1,GEN,3,True,True
510145,225018,2,2025-07-08,2025 Esports World Cup,2449,EMEA,Pacific,FNC,GEN,Icebox,13,7,1,FNC,3,True,True
510131,224975,1,2025-07-09,2025 Esports World Cup,2449,China,Americas,BLG,G2,Sunset,13,3,1,BLG,3,True,True
510131,224976,2,2025-07-09,2025 Esports World Cup,2449,China,Americas,BLG,G2,Pearl,4,13,0,G2,3,True,True
510131,224977,3,2025-07-09,2025 Esports World Cup,2449,China,Americas,BLG,G2,Icebox,13,11,1,decider,3,True,True
510136,224990,1,2025-07-09,2025 Esports World Cup,2449,Americas,China,SEN,XLG,Lotus,13,9,1,XLG,3,True,True
510136,224991,2,2025-07-09,2025 Esports World Cup,2449,Americas,China,SEN,XLG,Sunset,8,13,0,SEN,3,True,True
510136,224992,3,2025-07-09,2025 Esports World Cup,2449,Americas,China,SEN,XLG,Haven,13,9,1,decider,3,True,True
510141,225005,1,2025-07-09,2025 Esports World Cup,2449,EMEA,China,TH,TEC,Icebox,10,13,0,TEC,3,True,True
510141,225006,2,2025-07-09,2025 Esports World Cup,2449,EMEA,China,TH,TEC,Haven,14,12,1,TH,3,True,True
510141,225007,3,2025-07-09,2025 Esports World Cup,2449,EMEA,China,TH,TEC,Sunset,13,6,1,decider,3,True,True
510146,225020,1,2025-07-09,2025 Esports World Cup,2449,Americas,China,100T,EDG,Haven,13,11,1,100T,3,True,True
510146,225021,2,2025-07-09,2025 Esports World Cup,2449,Americas,China,100T,EDG,Sunset,7,13,0,EDG,3,True,True
510146,225022,3,2025-07-09,2025 Esports World Cup,2449,Americas,China,100T,EDG,Ascent,10,13,0,decider,3,True,True
510132,224978,1,2025-07-10,2025 Esports World Cup,2449,EMEA,China,KC,BLG,Icebox,13,5,1,KC,3,True,True
510132,224979,2,2025-07-10,2025 Esports World Cup,2449,EMEA,China,KC,BLG,Lotus,11,13,0,BLG,3,True,True
510132,224980,3,2025-07-10,2025 Esports World Cup,2449,EMEA,China,KC,BLG,Sunset,13,9,1,decider,3,True,True
510137,224993,1,2025-07-10,2025 Esports World Cup,2449,Pacific,Americas,KRX,SEN,Lotus,7,13,0,KRX,3,True,True
510137,224994,2,2025-07-10,2025 Esports World Cup,2449,Pacific,Americas,KRX,SEN,Sunset,4,13,0,SEN,3,True,True
510142,225008,1,2025-07-10,2025 Esports World Cup,2449,Pacific,EMEA,RRQ,TH,Sunset,3,13,0,TH,3,True,True
510142,225009,2,2025-07-10,2025 Esports World Cup,2449,Pacific,EMEA,RRQ,TH,Icebox,13,15,0,RRQ,3,True,True
510147,225023,1,2025-07-10,2025 Esports World Cup,2449,Pacific,China,GEN,EDG,Lotus,13,8,1,EDG,3,True,True
510147,225024,2,2025-07-10,2025 Esports World Cup,2449,Pacific,China,GEN,EDG,Haven,13,4,1,GEN,3,True,True
510149,225026,1,2025-07-11,2025 Esports World Cup,2449,EMEA,EMEA,FNC,KC,Sunset,14,12,1,KC,3,True,True
510149,225027,2,2025-07-11,2025 Esports World Cup,2449,EMEA,EMEA,FNC,KC,Ascent,13,7,1,FNC,3,True,True
510150,225029,1,2025-07-11,2025 Esports World Cup,2449,Pacific,Americas,PRX,SEN,Icebox,13,3,1,PRX,3,True,True
510150,225030,2,2025-07-11,2025 Esports World Cup,2449,Pacific,Americas,PRX,SEN,Sunset,13,9,1,SEN,3,True,True
510151,225032,1,2025-07-11,2025 Esports World Cup,2449,Americas,Pacific,NRG,GEN,Sunset,6,13,0,GEN,3,True,True
510151,225033,2,2025-07-11,2025 Esports World Cup,2449,Americas,Pacific,NRG,GEN,Icebox,10,13,0,NRG,3,True,True
510152,225035,1,2025-07-11,2025 Esports World Cup,2449,EMEA,EMEA,BBL,TH,Ascent,3,13,0,BBL,3,True,True
510152,225036,2,2025-07-11,2025 Esports World Cup,2449,EMEA,EMEA,BBL,TH,Haven,5,13,0,TH,3,True,True
510153,225038,1,2025-07-12,2025 Esports World Cup,2449,EMEA,Pacific,FNC,PRX,Sunset,10,13,0,PRX,3,True,True
510153,225039,2,2025-07-12,2025 Esports World Cup,2449,EMEA,Pacific,FNC,PRX,Ascent,13,3,1,FNC,3,True,True
510153,225040,3,2025-07-12,2025 Esports World Cup,2449,EMEA,Pacific,FNC,PRX,Split,13,8,1,decider,3,True,True
510154,225041,1,2025-07-12,2025 Esports World Cup,2449,Pacific,EMEA,GEN,TH,Ascent,7,13,0,TH,3,True,True
510154,225042,2,2025-07-12,2025 Esports World Cup,2449,Pacific,EMEA,GEN,TH,Haven,13,8,1,GEN,3,True,True
510154,225043,3,2025-07-12,2025 Esports World Cup,2449,Pacific,EMEA,GEN,TH,Lotus,14,16,0,decider,3,True,True
510155,225044,1,2025-07-13,2025 Esports World Cup,2449,EMEA,EMEA,FNC,TH,Lotus,13,4,1,FNC,5,True,True
510155,225045,2,2025-07-13,2025 Esports World Cup,2449,EMEA,EMEA,FNC,TH,Sunset,13,1,1,TH,5,True,True
510155,225046,3,2025-07-13,2025 Esports World Cup,2449,EMEA,EMEA,FNC,TH,Icebox,11,13,0,FNC,5,True,True
510155,225047,4,2025-07-13,2025 Esports World Cup,2449,EMEA,EMEA,FNC,TH,Haven,10,13,0,TH,5,True,True
510155,225048,5,2025-07-13,2025 Esports World Cup,2449,EMEA,EMEA,FNC,TH,Ascent,10,13,0,decider,5,True,True
510156,225049,1,2025-07-13,2025 Esports World Cup,2449,Pacific,Pacific,PRX,GEN,Sunset,10,13,0,PRX,3,True,True
510156,225050,2,2025-07-13,2025 Esports World Cup,2449,Pacific,Pacific,PRX,GEN,Ascent,8,13,0,GEN,3,True,True
508815,223654,1,2025-07-15,2025 Pacific Stage 2,2500,Pacific,Pacific,BME,TLN,Bind,8,13,0,BME,3,True,False
508815,223655,2,2025-07-15,2025 Pacific Stage 2,2500,Pacific,Pacific,BME,TLN,Icebox,3,13,0,TLN,3,True,False
508816,223657,1,2025-07-15,2025 Pacific Stage 2,2500,Pacific,Pacific,NS,TS,Sunset,8,13,0,NS,3,True,False
508816,223658,2,2025-07-15,2025 Pacific Stage 2,2500,Pacific,Pacific,NS,TS,Ascent,13,10,1,TS,3,True,False
508816,223659,3,2025-07-15,2025 Pacific Stage 2,2500,Pacific,Pacific,NS,TS,Lotus,13,3,1,decider,3,True,False
506936,223156,1,2025-07-16,2025 China Stage 2,2499,China,China,TE,TYL,Corrode,7,13,0,TYL,3,True,False
506936,223157,2,2025-07-16,2025 China Stage 2,2499,China,China,TE,TYL,Bind,10,13,0,TE,3,True,False
508817,223660,1,2025-07-16,2025 Pacific Stage 2,2500,Pacific,Pacific,T1,PRX,Haven,15,17,0,T1,3,True,False
508817,223661,2,2025-07-16,2025 Pacific Stage 2,2500,Pacific,Pacific,T1,PRX,Lotus,12,14,0,PRX,3,True,False
508818,223664,1,2025-07-16,2025 Pacific Stage 2,2500,Pacific,Pacific,KRX,GEN,Haven,8,13,0,GEN,3,True,False
508818,227727,2,2025-07-16,2025 Pacific Stage 2,2500,Pacific,Pacific,KRX,GEN,Corrode,6,13,0,KRX,3,True,False
511543,226424,1,2025-07-16,2025 EMEA Stage 2,2498,EMEA,EMEA,NAVI,APK,Icebox,13,4,1,NAVI,3,True,False
511543,226425,2,2025-07-16,2025 EMEA Stage 2,2498,EMEA,EMEA,NAVI,APK,Sunset,6,13,0,APK,3,True,False
511543,226426,3,2025-07-16,2025 EMEA Stage 2,2498,EMEA,EMEA,NAVI,APK,Corrode,13,3,1,decider,3,True,False
511544,226427,1,2025-07-16,2025 EMEA Stage 2,2498,EMEA,EMEA,VIT,GX,Sunset,10,13,0,VIT,3,True,False
511544,226428,2,2025-07-16,2025 EMEA Stage 2,2498,EMEA,EMEA,VIT,GX,Bind,11,13,0,GX,3,True,False
506937,223159,1,2025-07-17,2025 China Stage 2,2499,China,China,FPX,NOVA,Haven,6,13,0,NOVA,3,True,False
506937,223160,2,2025-07-17,2025 China Stage 2,2499,China,China,FPX,NOVA,Ascent,13,8,1,FPX,3,True,False
506937,223161,3,2025-07-17,2025 China Stage 2,2499,China,China,FPX,NOVA,Bind,13,6,1,decider,3,True,False
508819,223667,1,2025-07-17,2025 Pacific Stage 2,2500,Pacific,Pacific,RRQ,GE,Corrode,7,13,0,GE,3,True,False
508819,227752,2,2025-07-17,2025 Pacific Stage 2,2500,Pacific,Pacific,RRQ,GE,Haven,5,13,0,RRQ,3,True,False
508820,223669,1,2025-07-17,2025 Pacific Stage 2,2500,Pacific,Pacific,ZETA,DFM,Haven,1,13,0,ZETA,3,True,False
508820,223670,2,2025-07-17,2025 Pacific Stage 2,2500,Pacific,Pacific,ZETA,DFM,Lotus,13,1,1,DFM,3,True,False
508820,223671,3,2025-07-17,2025 Pacific Stage 2,2500,Pacific,Pacific,ZETA,DFM,Icebox,7,13,0,decider,3,True,False
511545,226430,1,2025-07-17,2025 EMEA Stage 2,2498,EMEA,EMEA,FUT,M8,Bind,7,13,0,FUT,3,True,False
511545,226431,2,2025-07-17,2025 EMEA Stage 2,2498,EMEA,EMEA,FUT,M8,Sunset,13,5,1,M8,3,True,False
511545,226432,3,2025-07-17,2025 EMEA Stage 2,2498,EMEA,EMEA,FUT,M8,Lotus,16,14,1,decider,3,True,False
511546,226433,1,2025-07-17,2025 EMEA Stage 2,2498,EMEA,EMEA,TL,MKOI,Bind,13,4,1,TL,3,True,False
511546,226434,2,2025-07-17,2025 EMEA Stage 2,2498,EMEA,EMEA,TL,MKOI,Icebox,10,13,0,MKOI,3,True,False
511546,226435,3,2025-07-17,2025 EMEA Stage 2,2498,EMEA,EMEA,TL,MKOI,Lotus,13,8,1,decider,3,True,False
506938,223162,1,2025-07-18,2025 China Stage 2,2499,China,China,AG,WOL,Bind,13,2,1,WOL,3,True,False
506938,223163,2,2025-07-18,2025 China Stage 2,2499,China,China,AG,WOL,Corrode,13,4,1,AG,3,True,False
506939,223165,1,2025-07-18,2025 China Stage 2,2499,China,China,JDG,BLG,Sunset,7,13,0,BLG,3,True,False
506939,223166,2,2025-07-18,2025 China Stage 2,2499,China,China,JDG,BLG,Ascent,15,13,1,JDG,3,True,False
506939,223167,3,2025-07-18,2025 China Stage 2,2499,China,China,JDG,BLG,Icebox,4,13,0,decider,3,True,False
508821,223672,1,2025-07-18,2025 Pacific Stage 2,2500,Pacific,Pacific,KRX,NS,Icebox,13,5,1,KRX,3,True,False
508821,227984,2,2025-07-18,2025 Pacific Stage 2,2500,Pacific,Pacific,KRX,NS,Bind,4,13,0,NS,3,True,False
508821,227985,3,2025-07-18,2025 Pacific Stage 2,2500,Pacific,Pacific,KRX,NS,Lotus,13,11,1,decider,3,True,False
508822,223673,1,2025-07-18,2025 Pacific Stage 2,2500,Pacific,Pacific,BME,T1,Ascent,9,13,0,T1,3,True,False
508822,223674,2,2025-07-18,2025 Pacific Stage 2,2500,Pacific,Pacific,BME,T1,Corrode,10,13,0,BME,3,True,False
509801,224713,1,2025-07-18,2025 Americas Stage 2,2501,Americas,Americas,C9,FUR,Haven,13,5,1,FUR,3,True,False
509801,224714,2,2025-07-18,2025 Americas Stage 2,2501,Americas,Americas,C9,FUR,Bind,13,4,1,C9,3,True,False
509802,224716,1,2025-07-18,2025 Americas Stage 2,2501,Americas,Americas,LEV,LOUD,Bind,13,10,1,LEV,3,True,False
509802,224717,2,2025-07-18,2025 Americas Stage 2,2501,Americas,Americas,LEV,LOUD,Ascent,10,13,0,LOUD,3,True,False
509802,224718,3,2025-07-18,2025 Americas Stage 2,2501,Americas,Americas,LEV,LOUD,Icebox,11,13,0,decider,3,True,False
511547,226436,1,2025-07-18,2025 EMEA Stage 2,2498,EMEA,EMEA,TH,BBL,Icebox,5,13,0,BBL,3,True,False
511547,226437,2,2025-07-18,2025 EMEA Stage 2,2498,EMEA,EMEA,TH,BBL,Haven,13,9,1,TH,3,True,False
511547,226438,3,2025-07-18,2025 EMEA Stage 2,2498,EMEA,EMEA,TH,BBL,Sunset,13,11,1,decider,3,True,False
511548,226439,1,2025-07-18,2025 EMEA Stage 2,2498,EMEA,EMEA,FNC,KC,Bind,13,7,1,KC,3,True,False
511548,226440,2,2025-07-18,2025 EMEA Stage 2,2498,EMEA,EMEA,FNC,KC,Lotus,10,13,0,FNC,3,True,False
511548,226441,3,2025-07-18,2025 EMEA Stage 2,2498,EMEA,EMEA,FNC,KC,Icebox,13,11,1,decider,3,True,False
506940,223168,1,2025-07-19,2025 China Stage 2,2499,China,China,TYL,TEC,Haven,13,2,1,TYL,3,True,False
506940,223169,2,2025-07-19,2025 China Stage 2,2499,China,China,TYL,TEC,Lotus,13,10,1,TEC,3,True,False
506941,223171,1,2025-07-19,2025 China Stage 2,2499,China,China,TE,EDG,Sunset,13,8,1,EDG,3,True,False
506941,223172,2,2025-07-19,2025 China Stage 2,2499,China,China,TE,EDG,Bind,11,13,0,TE,3,True,False
506941,223173,3,2025-07-19,2025 China Stage 2,2499,China,China,TE,EDG,Icebox,13,3,1,decider,3,True,False
508823,223676,1,2025-07-19,2025 Pacific Stage 2,2500,Pacific,Pacific,GE,TS,Bind,5,13,0,GE,3,True,False
508823,223677,2,2025-07-19,2025 Pacific Stage 2,2500,Pacific,Pacific,GE,TS,Corrode,13,9,1,TS,3,True,False
508823,223678,3,2025-07-19,2025 Pacific Stage 2,2500,Pacific,Pacific,GE,TS,Lotus,11,13,0,decider,3,True,False
508824,223680,1,2025-07-19,2025 Pacific Stage 2,2500,Pacific,Pacific,PRX,DFM,Haven,13,7,1,DFM,3,True,False
508824,228042,2,2025-07-19,2025 Pacific Stage 2,2500,Pacific,Pacific,PRX,DFM,Lotus,13,7,1,PRX,3,True,False
509803,224719,1,2025-07-19,2025 Americas Stage 2,2501,Americas,Americas,EG,2G,Sunset,7,13,0,2G,3,True,False
509803,224720,2,2025-07-19,2025 Americas Stage 2,2501,Americas,Americas,EG,2G,Lotus,13,11,1,EG,3,True,False
509803,224721,3,2025-07-19,2025 Americas Stage 2,2501,Americas,Americas,EG,2G,Ascent,13,9,1,decider,3,True,False
509804,224722,1,2025-07-19,2025 Americas Stage 2,2501,Americas,Americas,MIBR,KRÜ,Corrode,13,9,1,KRÜ,3,True,False
509804,224723,2,2025-07-19,2025 Americas Stage 2,2501,Americas,Americas,MIBR,KRÜ,Ascent,1,13,0,MIBR,3,True,False
509804,224724,3,2025-07-19,2025 Americas Stage 2,2501,Americas,Americas,MIBR,KRÜ,Haven,9,13,0,decider,3,True,False
506942,223174,1,2025-07-20,2025 China Stage 2,2499,China,China,DRG,AG,Lotus,5,13,0,DRG,3,True,False
506942,223175,2,2025-07-20,2025 China Stage 2,2499,China,China,DRG,AG,Corrode,13,7,1,AG,3,True,False
506942,223176,3,2025-07-20,2025 China Stage 2,2499,China,China,DRG,AG,Sunset,13,10,1,decider,3,True,False
506943,223177,1,2025-07-20,2025 China Stage 2,2499,China,China,XLG,WOL,Haven,13,9,1,XLG,3,True,False
506943,223178,2,2025-07-20,2025 China Stage 2,2499,China,China,XLG,WOL,Lotus,13,8,1,WOL,3,True,False
508825,223682,1,2025-07-20,2025 Pacific Stage 2,2500,Pacific,Pacific,TLN,ZETA,Icebox,13,5,1,TLN,3,True,False
508825,223683,2,2025-07-20,2025 Pacific Stage 2,2500,Pacific,Pacific,TLN,ZETA,Bind,13,6,1,ZETA,3,True,False
508826,223686,1,2025-07-20,2025 Pacific Stage 2,2500,Pacific,Pacific,RRQ,GEN,Ascent,6,13,0,RRQ,3,True,False
508826,223687,2,2025-07-20,2025 Pacific Stage 2,2500,Pacific,Pacific,RRQ,GEN,Haven,13,11,1,decider,3,True,False
508826,228313,3,2025-07-20,2025 Pacific Stage 2,2500,Pacific,Pacific,RRQ,GEN,Sunset,13,6,1,GEN,3,True,False
509805,224725,1,2025-07-20,2025 Americas Stage 2,2501,Americas,Americas,100T,NRG,Bind,13,10,1,100T,3,True,False
509805,224726,2,2025-07-20,2025 Americas Stage 2,2501,Americas,Americas,100T,NRG,Sunset,13,4,1,NRG,3,True,False
509806,224728,1,2025-07-20,2025 Americas Stage 2,2501,Americas,Americas,SEN,G2,Corrode,13,8,1,SEN,3,True,False
509806,224729,2,2025-07-20,2025 Americas Stage 2,2501,Americas,Americas,SEN,G2,Ascent,6,13,0,G2,3,True,False
509806,224730,3,2025-07-20,2025 Americas Stage 2,2501,Americas,Americas,SEN,G2,Lotus,14,12,1,decider,3,True,False
506945,223180,1,2025-07-23,2025 China Stage 2,2499,China,China,TEC,BLG,Bind,9,13,0,BLG,3,True,False
506945,223181,2,2025-07-23,2025 China Stage 2,2499,China,China,TEC,BLG,Ascent,8,13,0,TEC,3,True,False
511549,226442,1,2025-07-23,2025 EMEA Stage 2,2498,EMEA,EMEA,APK,KC,Icebox,7,13,0,KC,3,True,False
511549,226443,2,2025-07-23,2025 EMEA Stage 2,2498,EMEA,EMEA,APK,KC,Sunset,13,11,1,APK,3,True,False
511549,226444,3,2025-07-23,2025 EMEA Stage 2,2498,EMEA,EMEA,APK,KC,Lotus,11,13,0,decider,3,True,False
511550,226445,1,2025-07-23,2025 EMEA Stage 2,2498,EMEA,EMEA,GX,BBL,Icebox,13,7,1,BBL,3,True,False
511550,226446,2,2025-07-23,2025 EMEA Stage 2,2498,EMEA,EMEA,GX,BBL,Lotus,11,13,0,GX,3,True,False
511550,226447,3,2025-07-23,2025 EMEA Stage 2,2498,EMEA,EMEA,GX,BBL,Corrode,13,11,1,decider,3,True,False
506946,223183,1,2025-07-24,2025 China Stage 2,2499,China,China,FPX,DRG,Haven,13,7,1,DRG,3,True,False
506946,223184,2,2025-07-24,2025 China Stage 2,2499,China,China,FPX,DRG,Ascent,6,13,0,FPX,3,True,False
506946,223185,3,2025-07-24,2025 China Stage 2,2499,China,China,FPX,DRG,Sunset,13,11,1,decider,3,True,False
511551,226448,1,2025-07-24,2025 EMEA Stage 2,2498,EMEA,EMEA,TL,NAVI,Corrode,13,7,1,NAVI,3,True,False
511551,226449,2,2025-07-24,2025 EMEA Stage 2,2498,EMEA,EMEA,TL,NAVI,Sunset,13,4,1,TL,3,True,False
511552,226451,1,2025-07-24,2025 EMEA Stage 2,2498,EMEA,EMEA,M8,TH,Corrode,12,14,0,M8,3,True,False
511552,226452,2,2025-07-24,2025 EMEA Stage 2,2498,EMEA,EMEA,M8,TH,Ascent,14,12,1,TH,3,True,False
511552,226453,3,2025-07-24,2025 EMEA Stage 2,2498,EMEA,EMEA,M8,TH,Bind,5,13,0,decider,3,True,False
506947,223186,1,2025-07-25,2025 China Stage 2,2499,China,China,NOVA,AG,Haven,13,10,1,NOVA,3,True,False
506947,223187,2,2025-07-25,2025 China Stage 2,2499,China,China,NOVA,AG,Corrode,9,13,0,AG,3,True,False
506947,223188,3,2025-07-25,2025 China Stage 2,2499,China,China,NOVA,AG,Lotus,6,13,0,decider,3,True,False
506948,223189,1,2025-07-25,2025 China Stage 2,2499,China,China,TYL,EDG,Corrode,10,13,0,TYL,3,True,False
506948,223190,2,2025-07-25,2025 China Stage 2,2499,China,China,TYL,EDG,Ascent,9,13,0,EDG,3,True,False
508828,223688,1,2025-07-25,2025 Pacific Stage 2,2500,Pacific,Pacific,GEN,GE,Icebox,3,13,0,GE,3,True,False
508828,223689,2,2025-07-25,2025 Pacific Stage 2,2500,Pacific,Pacific,GEN,GE,Haven,13,3,1,GEN,3,True,False
508828,223690,3,2025-07-25,2025 Pacific Stage 2,2500,Pacific,Pacific,GEN,GE,Corrode,13,7,1,decider,3,True,False
508829,223692,1,2025-07-25,2025 Pacific Stage 2,2500,Pacific,Pacific,TLN,DFM,Corrode,13,9,1,DFM,3,True,False
508829,223693,2,2025-07-25,2025 Pacific Stage 2,2500,Pacific,Pacific,TLN,DFM,Icebox,8,13,0,decider,3,True,False
508829,229069,3,2025-07-25,2025 Pacific Stage 2,2500,Pacific,Pacific,TLN,DFM,Sunset,9,13,0,TLN,3,True,False
509807,224731,1,2025-07-25,2025 Americas Stage 2,2501,Americas,Americas,2G,G2,Ascent,8,13,0,2G,3,True,False
509807,224732,2,2025-07-25,2025 Americas Stage 2,2501,Americas,Americas,2G,G2,Haven,5,13,0,G2,3,True,False
509808,224734,1,2025-07-25,2025 Americas Stage 2,2501,Americas,Americas,FUR,SEN,Sunset,4,13,0,SEN,3,True,False
509808,224735,2,2025-07-25,2025 Americas Stage 2,2501,Americas,Americas,FUR,SEN,Icebox,0,13,0,FUR,3,True,False
511553,226454,1,2025-07-25,2025 EMEA Stage 2,2498,EMEA,EMEA,FUT,VIT,Haven,2,13,0,FUT,3,True,False
511553,226455,2,2025-07-25,2025 EMEA Stage 2,2498,EMEA,EMEA,FUT,VIT,Lotus,5,13,0,VIT,3,True,False
511554,226457,1,2025-07-25,2025 EMEA Stage 2,2498,EMEA,EMEA,MKOI,FNC,Ascent,7,13,0,FNC,3,True,False
511554,226458,2,2025-07-25,2025 EMEA Stage 2,2498,EMEA,EMEA,MKOI,FNC,Haven,11,13,0,MKOI,3,True,False
506949,223192,1,2025-07-26,2025 China Stage 2,2499,China,China,TEC,JDG,Lotus,9,13,0,JDG,3,True,False
506949,223193,2,2025-07-26,2025 China Stage 2,2499,China,China,TEC,JDG,Haven,13,9,1,TEC,3,True,False
506949,223194,3,2025-07-26,2025 China Stage 2,2499,China,China,TEC,JDG,Sunset,11,13,0,decider,3,True,False
506950,223195,1,2025-07-26,2025 China Stage 2,2499,China,China,BLG,TE,Haven,13,6,1,TE,3,True,False
506950,223196,2,2025-07-26,2025 China Stage 2,2499,China,China,BLG,TE,Icebox,13,15,0,BLG,3,True,False
506950,223197,3,2025-07-26,2025 China Stage 2,2499,China,China,BLG,TE,Ascent,6,13,0,decider,3,True,False
508830,223694,1,2025-07-26,2025 Pacific Stage 2,2500,Pacific,Pacific,T1,ZETA,Corrode,13,8,1,ZETA,3,True,False
508830,223695,2,2025-07-26,2025 Pacific Stage 2,2500,Pacific,Pacific,T1,ZETA,Sunset,13,6,1,T1,3,True,False
508831,223697,1,2025-07-26,2025 Pacific Stage 2,2500,Pacific,Pacific,RRQ,NS,Corrode,11,13,0,NS,3,True,False
508831,223698,2,2025-07-26,2025 Pacific Stage 2,2500,Pacific,Pacific,RRQ,NS,Haven,13,8,1,RRQ,3,True,False
508831,223699,3,2025-07-26,2025 Pacific Stage 2,2500,Pacific,Pacific,RRQ,NS,Icebox,13,3,1,decider,3,True,False
509809,224737,1,2025-07-26,2025 Americas Stage 2,2501,Americas,Americas,100T,KRÜ,Corrode,13,4,1,KRÜ,3,True,False
509809,224738,2,2025-07-26,2025 Americas Stage 2,2501,Americas,Americas,100T,KRÜ,Bind,13,5,1,100T,3,True,False
509810,224740,1,2025-07-26,2025 Americas Stage 2,2501,Americas,Americas,NRG,LOUD,Haven,13,4,1,LOUD,3,True,False
509810,224741,2,2025-07-26,2025 Americas Stage 2,2501,Americas,Americas,NRG,LOUD,Corrode,13,9,1,NRG,3,True,False
506951,223198,1,2025-07-27,2025 China Stage 2,2499,China,China,WOL,DRG,Lotus,14,12,1,DRG,3,True,False
506951,223199,2,2025-07-27,2025 China Stage 2,2499,China,China,WOL,DRG,Icebox,11,13,0,WOL,3,True,False
506951,223200,3,2025-07-27,2025 China Stage 2,2499,China,China,WOL,DRG,Ascent,13,10,1,decider,3,True,False
506952,223201,1,2025-07-27,2025 China Stage 2,2499,China,China,XLG,FPX,Haven,13,8,1,XLG,3,True,False
506952,223202,2,2025-07-27,2025 China Stage 2,2499,China,China,XLG,FPX,Sunset,14,12,1,FPX,3,True,False
508832,223701,1,2025-07-27,2025 Pacific Stage 2,2500,Pacific,Pacific,KRX,TS,Corrode,13,4,1,TS,3,True,False
508832,229399,2,2025-07-27,2025 Pacific Stage 2,2500,Pacific,Pacific,KRX,TS,Icebox,13,4,1,KRX,3,True,False
508833,223703,1,2025-07-27,2025 Pacific Stage 2,2500,Pacific,Pacific,BME,PRX,Bind,8,13,0,BME,3,True,False
508833,223704,2,2025-07-27,2025 Pacific Stage 2,2500,Pacific,Pacific,BME,PRX,Lotus,10,13,0,PRX,3,True,False
509811,224743,1,2025-07-27,2025 Americas Stage 2,2501,Americas,Americas,C9,EG,Lotus,13,7,1,EG,3,True,False
509811,224744,2,2025-07-27,2025 Americas Stage 2,2501,Americas,Americas,C9,EG,Haven,13,10,1,C9,3,True,False
509812,224746,1,2025-07-27,2025 Americas Stage 2,2501,Americas,Americas,MIBR,LEV,Lotus,8,13,0,MIBR,3,True,False
509812,224747,2,2025-07-27,2025 Americas Stage 2,2501,Americas,Americas,MIBR,LEV,Sunset,3,13,0,LEV,3,True,False
511562,226460,1,2025-07-30,2025 EMEA Stage 2,2498,EMEA,EMEA,FUT,GX,Sunset,11,13,0,FUT,3,True,False
511562,226461,2,2025-07-30,2025 EMEA Stage 2,2498,EMEA,EMEA,FUT,GX,Haven,13,6,1,GX,3,True,False
511562,226462,3,2025-07-30,2025 EMEA Stage 2,2498,EMEA,EMEA,FUT,GX,Bind,13,5,1,decider,3,True,False
511563,226463,1,2025-07-30,2025 EMEA Stage 2,2498,EMEA,EMEA,M8,BBL,Sunset,3,13,0,BBL,3,True,False
511563,226464,2,2025-07-30,2025 EMEA Stage 2,2498,EMEA,EMEA,M8,BBL,Lotus,12,14,0,M8,3,True,False
506953,223204,1,2025-07-31,2025 China Stage 2,2499,China,China,NOVA,XLG,Sunset,10,13,0,XLG,3,True,False
506953,223205,2,2025-07-31,2025 China Stage 2,2499,China,China,NOVA,XLG,Haven,3,13,0,NOVA,3,True,False
506954,223207,1,2025-07-31,2025 China Stage 2,2499,China,China,EDG,JDG,Corrode,13,5,1,EDG,3,True,False
506954,223208,2,2025-07-31,2025 China Stage 2,2499,China,China,EDG,JDG,Lotus,10,13,0,JDG,3,True,False
506954,223209,3,2025-07-31,2025 China Stage 2,2499,China,China,EDG,JDG,Haven,13,10,1,decider,3,True,False
511564,226466,1,2025-07-31,2025 EMEA Stage 2,2498,EMEA,EMEA,TL,APK,Ascent,14,12,1,APK,3,True,False
511564,226467,2,2025-07-31,2025 EMEA Stage 2,2498,EMEA,EMEA,TL,APK,Corrode,11,13,0,TL,3,True,False
511564,226468,3,2025-07-31,2025 EMEA Stage 2,2498,EMEA,EMEA,TL,APK,Lotus,13,6,1,decider,3,True,False
511565,226469,1,2025-07-31,2025 EMEA Stage 2,2498,EMEA,EMEA,MKOI,KC,Lotus,13,9,1,MKOI,3,True,False
511565,226470,2,2025-07-31,2025 EMEA Stage 2,2498,EMEA,EMEA,MKOI,KC,Sunset,2,13,0,KC,3,True,False
511565,226471,3,2025-07-31,2025 EMEA Stage 2,2498,EMEA,EMEA,MKOI,KC,Haven,4,13,0,decider,3,True,False
506955,223210,1,2025-08-01,2025 China Stage 2,2499,China,China,AG,FPX,Icebox,14,12,1,AG,3,True,False
506955,223211,2,2025-08-01,2025 China Stage 2,2499,China,China,AG,FPX,Bind,13,8,1,FPX,3,True,False
506956,223213,1,2025-08-01,2025 China Stage 2,2499,China,China,TE,TEC,Sunset,9,13,0,TE,3,True,False
506956,223214,2,2025-08-01,2025 China Stage 2,2499,China,China,TE,TEC,Haven,7,13,0,TEC,3,True,False
508834,223706,1,2025-08-01,2025 Pacific Stage 2,2500,Pacific,Pacific,GEN,TS,Lotus,13,3,1,GEN,3,True,False
508834,223707,2,2025-08-01,2025 Pacific Stage 2,2500,Pacific,Pacific,GEN,TS,Ascent,13,8,1,TS,3,True,False
508835,223709,1,2025-08-01,2025 Pacific Stage 2,2500,Pacific,Pacific,TLN,T1,Corrode,13,10,1,TLN,3,True,False
508835,223710,2,2025-08-01,2025 Pacific Stage 2,2500,Pacific,Pacific,TLN,T1,Lotus,13,6,1,T1,3,True,False
509813,224749,1,2025-08-01,2025 Americas Stage 2,2501,Americas,Americas,2G,FUR,Corrode,12,14,0,FUR,3,True,False
509813,224750,2,2025-08-01,2025 Americas Stage 2,2501,Americas,Americas,2G,FUR,Sunset,13,3,1,2G,3,True,False
509813,224751,3,2025-08-01,2025 Americas Stage 2,2501,Americas,Americas,2G,FUR,Ascent,13,2,1,decider,3,True,False
509814,224752,1,2025-08-01,2025 Americas Stage 2,2501,Americas,Americas,LEV,NRG,Lotus,7,13,0,NRG,3,True,False
509814,224753,2,2025-08-01,2025 Americas Stage 2,2501,Americas,Americas,LEV,NRG,Haven,14,12,1,LEV,3,True,False
509814,224754,3,2025-08-01,2025 Americas Stage 2,2501,Americas,Americas,LEV,NRG,Icebox,11,13,0,decider,3,True,False
511566,226473,1,2025-08-01,2025 EMEA Stage 2,2498,EMEA,EMEA,NAVI,FNC,Ascent,13,10,1,FNC,3,True,False
511566,226474,2,2025-08-01,2025 EMEA Stage 2,2498,EMEA,EMEA,NAVI,FNC,Icebox,11,13,0,decider,3,True,False
511566,230237,3,2025-08-01,2025 EMEA Stage 2,2498,EMEA,EMEA,NAVI,FNC,Bind,13,15,0,NAVI,3,True,False
511567,226475,1,2025-08-01,2025 EMEA Stage 2,2498,EMEA,EMEA,VIT,TH,Haven,11,13,0,TH,3,True,False
511567,226476,2,2025-08-01,2025 EMEA Stage 2,2498,EMEA,EMEA,VIT,TH,Ascent,9,13,0,VIT,3,True,False
506957,223216,1,2025-08-02,2025 China Stage 2,2499,China,China,NOVA,WOL,Haven,14,16,0,NOVA,3,True,False
506957,223217,2,2025-08-02,2025 China Stage 2,2499,China,China,NOVA,WOL,Corrode,13,6,1,WOL,3,True,False
506957,223218,3,2025-08-02,2025 China Stage 2,2499,China,China,NOVA,WOL,Bind,13,10,1,decider,3,True,False
506958,223219,1,2025-08-02,2025 China Stage 2,2499,China,China,DRG,XLG,Ascent,13,6,1,DRG,3,True,False
506958,223220,2,2025-08-02,2025 China Stage 2,2499,China,China,DRG,XLG,Haven,4,13,0,XLG,3,True,False
506958,223221,3,2025-08-02,2025 China Stage 2,2499,China,China,DRG,XLG,Lotus,13,6,1,decider,3,True,False
508836,223712,1,2025-08-02,2025 Pacific Stage 2,2500,Pacific,Pacific,BME,DFM,Lotus,10,13,0,BME,3,True,False
508836,223713,2,2025-08-02,2025 Pacific Stage 2,2500,Pacific,Pacific,BME,DFM,Corrode,2,13,0,DFM,3,True,False
508837,223715,1,2025-08-02,2025 Pacific Stage 2,2500,Pacific,Pacific,RRQ,KRX,Bind,12,14,0,RRQ,3,True,False
508837,223716,2,2025-08-02,2025 Pacific Stage 2,2500,Pacific,Pacific,RRQ,KRX,Ascent,7,13,0,KRX,3,True,False
509815,224755,1,2025-08-02,2025 Americas Stage 2,2501,Americas,Americas,SEN,C9,Lotus,13,5,1,SEN,3,True,False
509815,224756,2,2025-08-02,2025 Americas Stage 2,2501,Americas,Americas,SEN,C9,Haven,13,9,1,C9,3,True,False
509816,224758,1,2025-08-02,2025 Americas Stage 2,2501,Americas,Americas,MIBR,100T,Icebox,13,10,1,MIBR,3,True,False
509816,224759,2,2025-08-02,2025 Americas Stage 2,2501,Americas,Americas,MIBR,100T,Bind,14,12,1,100T,3,True,False
506959,223222,1,2025-08-03,2025 China Stage 2,2499,China,China,TYL,JDG,Haven,7,13,0,TYL,3,True,False
506959,223223,2,2025-08-03,2025 China Stage 2,2499,China,China,TYL,JDG,Ascent,13,5,1,JDG,3,True,False
506959,223224,3,2025-08-03,2025 China Stage 2,2499,China,China,TYL,JDG,Corrode,13,6,1,decider,3,True,False
506960,223225,1,2025-08-03,2025 China Stage 2,2499,China,China,BLG,EDG,Lotus,13,6,1,BLG,3,True,False
506960,223226,2,2025-08-03,2025 China Stage 2,2499,China,China,BLG,EDG,Sunset,15,13,1,EDG,3,True,False
508838,223718,1,2025-08-03,2025 Pacific Stage 2,2500,Pacific,Pacific,NS,GE,Corrode,13,7,1,GE,3,True,False
508838,223719,2,2025-08-03,2025 Pacific Stage 2,2500,Pacific,Pacific,NS,GE,Bind,13,8,1,NS,3,True,False
508839,223721,1,2025-08-03,2025 Pacific Stage 2,2500,Pacific,Pacific,PRX,ZETA,Lotus,9,13,0,ZETA,3,True,False
508839,223722,2,2025-08-03,2025 Pacific Stage 2,2500,Pacific,Pacific,PRX,ZETA,Sunset,7,13,0,PRX,3,True,False
509817,224761,1,2025-08-03,2025 Americas Stage 2,2501,Americas,Americas,G2,EG,Corrode,11,13,0,G2,3,True,False
509817,224762,2,2025-08-03,2025 Americas Stage 2,2501,Americas,Americas,G2,EG,Haven,13,4,1,EG,3,True,False
509817,224763,3,2025-08-03,2025 Americas Stage 2,2501,Americas,Americas,G2,EG,Ascent,13,4,1,decider,3,True,False
509818,224764,1,2025-08-03,2025 Americas Stage 2,2501,Americas,Americas,LOUD,KRÜ,Haven,7,13,0,LOUD,3,True,False
509818,224765,2,2025-08-03,2025 Americas Stage 2,2501,Americas,Americas,LOUD,KRÜ,Bind,13,9,1,KRÜ,3,True,False
509818,224766,3,2025-08-03,2025 Americas Stage 2,2501,Americas,Americas,LOUD,KRÜ,Ascent,4,13,0,decider,3,True,False
511568,226478,1,2025-08-06,2025 EMEA Stage 2,2498,EMEA,EMEA,FUT,TH,Haven,6,13,0,TH,3,True,False
511568,226479,2,2025-08-06,2025 EMEA Stage 2,2498,EMEA,EMEA,FUT,TH,Bind,7,13,0,FUT,3,True,False
511569,226481,1,2025-08-06,2025 EMEA Stage 2,2498,EMEA,EMEA,MKOI,APK,Lotus,9,13,0,MKOI,3,True,False
511569,226482,2,2025-08-06,2025 EMEA Stage 2,2498,EMEA,EMEA,MKOI,APK,Ascent,13,4,1,APK,3,True,False
511569,226483,3,2025-08-06,2025 EMEA Stage 2,2498,EMEA,EMEA,MKOI,APK,Haven,13,8,1,decider,3,True,False
511570,226484,1,2025-08-07,2025 EMEA Stage 2,2498,EMEA,EMEA,M8,GX,Corrode,13,8,1,M8,3,True,False
511570,226485,2,2025-08-07,2025 EMEA Stage 2,2498,EMEA,EMEA,M8,GX,Ascent,12,14,0,GX,3,True,False
511570,226486,3,2025-08-07,2025 EMEA Stage 2,2498,EMEA,EMEA,M8,GX,Haven,4,13,0,decider,3,True,False
511571,226487,1,2025-08-07,2025 EMEA Stage 2,2498,EMEA,EMEA,NAVI,KC,Sunset,14,12,1,KC,3,True,False
511571,226488,2,2025-08-07,2025 EMEA Stage 2,2498,EMEA,EMEA,NAVI,KC,Corrode,13,8,1,NAVI,3,True,False
508840,223724,1,2025-08-08,2025 Pacific Stage 2,2500,Pacific,Pacific,GEN,NS,Lotus,9,13,0,GEN,3,True,False
508840,223725,2,2025-08-08,2025 Pacific Stage 2,2500,Pacific,Pacific,GEN,NS,Ascent,12,14,0,NS,3,True,False
508841,223727,1,2025-08-08,2025 Pacific Stage 2,2500,Pacific,Pacific,TLN,PRX,Bind,11,13,0,TLN,3,True,False
508841,223728,2,2025-08-08,2025 Pacific Stage 2,2500,Pacific,Pacific,TLN,PRX,Icebox,14,16,0,PRX,3,True,False
509819,224767,1,2025-08-08,2025 Americas Stage 2,2501,Americas,Americas,C9,2G,Bind,13,1,1,C9,3,True,False
509819,224768,2,2025-08-08,2025 Americas Stage 2,2501,Americas,Americas,C9,2G,Lotus,13,7,1,2G,3,True,False
509820,224770,1,2025-08-08,2025 Americas Stage 2,2501,Americas,Americas,MIBR,NRG,Lotus,13,15,0,NRG,3,True,False
509820,224771,2,2025-08-08,2025 Americas Stage 2,2501,Americas,Americas,MIBR,NRG,Bind,10,13,0,MIBR,3,True,False
511572,226490,1,2025-08-08,2025 EMEA Stage 2,2498,EMEA,EMEA,VIT,BBL,Lotus,13,11,1,VIT,3,True,False
511572,226491,2,2025-08-08,2025 EMEA Stage 2,2498,EMEA,EMEA,VIT,BBL,Icebox,7,13,0,BBL,3,True,False
511572,226492,3,2025-08-08,2025 EMEA Stage 2,2498,EMEA,EMEA,VIT,BBL,Bind,10,13,0,decider,3,True,False
511573,226493,1,2025-08-08,2025 EMEA Stage 2,2498,EMEA,EMEA,TL,FNC,Bind,14,12,1,TL,3,True,False
511573,226494,2,2025-08-08,2025 EMEA Stage 2,2498,EMEA,EMEA,TL,FNC,Ascent,13,1,1,FNC,3,True,False
508842,223730,1,2025-08-09,2025 Pacific Stage 2,2500,Pacific,Pacific,KRX,GE,Lotus,13,10,1,KRX,3,True,False
508842,223731,2,2025-08-09,2025 Pacific Stage 2,2500,Pacific,Pacific,KRX,GE,Icebox,13,10,1,GE,3,True,False
508843,223733,1,2025-08-09,2025 Pacific Stage 2,2500,Pacific,Pacific,BME,ZETA,Lotus,15,13,1,BME,3,True,False
508843,223734,2,2025-08-09,2025 Pacific Stage 2,2500,Pacific,Pacific,BME,ZETA,Corrode,9,13,0,ZETA,3,True,False
508843,223735,3,2025-08-09,2025 Pacific Stage 2,2500,Pacific,Pacific,BME,ZETA,Ascent,8,13,0,decider,3,True,False
509821,224773,1,2025-08-09,2025 Americas Stage 2,2501,Americas,Americas,SEN,EG,Lotus,13,8,1,SEN,3,True,False
509821,224774,2,2025-08-09,2025 Americas Stage 2,2501,Americas,Americas,SEN,EG,Corrode,13,4,1,EG,3,True,False
509822,224776,1,2025-08-09,2025 Americas Stage 2,2501,Americas,Americas,LEV,KRÜ,Bind,6,13,0,LEV,3,True,False
509822,224777,2,2025-08-09,2025 Americas Stage 2,2501,Americas,Americas,LEV,KRÜ,Haven,13,10,1,KRÜ,3,True,False
509822,224778,3,2025-08-09,2025 Americas Stage 2,2501,Americas,Americas,LEV,KRÜ,Ascent,13,4,1,decider,3,True,False
527576,230552,1,2025-08-09,2025 China Stage 2,2499,China,China,EDG,DRG,Lotus,12,14,0,DRG,3,True,False
527576,230553,2,2025-08-09,2025 China Stage 2,2499,China,China,EDG,DRG,Corrode,10,13,0,EDG,3,True,False
527577,230555,1,2025-08-09,2025 China Stage 2,2499,China,China,AG,TYL,Lotus,3,13,0,AG,3,True,False
527577,230556,2,2025-08-09,2025 China Stage 2,2499,China,China,AG,TYL,Icebox,11,13,0,TYL,3,True,False
508844,223736,1,2025-08-10,2025 Pacific Stage 2,2500,Pacific,Pacific,RRQ,TS,Ascent,13,15,0,TS,3,True,False
508844,223737,2,2025-08-10,2025 Pacific Stage 2,2500,Pacific,Pacific,RRQ,TS,Icebox,13,4,1,RRQ,3,True,False
508844,223738,3,2025-08-10,2025 Pacific Stage 2,2500,Pacific,Pacific,RRQ,TS,Sunset,13,3,1,decider,3,True,False
508845,223739,1,2025-08-10,2025 Pacific Stage 2,2500,Pacific,Pacific,T1,DFM,Sunset,13,6,1,DFM,3,True,False
508845,223740,2,2025-08-10,2025 Pacific Stage 2,2500,Pacific,Pacific,T1,DFM,Haven,13,9,1,T1,3,True,False
509823,224779,1,2025-08-10,2025 Americas Stage 2,2501,Americas,Americas,FUR,G2,Corrode,2,13,0,FUR,3,True,False
509823,224780,2,2025-08-10,2025 Americas Stage 2,2501,Americas,Americas,FUR,G2,Ascent,5,13,0,G2,3,True,False
509824,224782,1,2025-08-10,2025 Americas Stage 2,2501,Americas,Americas,LOUD,100T,Sunset,13,2,1,LOUD,3,True,False
509824,224783,2,2025-08-10,2025 Americas Stage 2,2501,Americas,Americas,LOUD,100T,Bind,7,13,0,100T,3,True,False
509824,224784,3,2025-08-10,2025 Americas Stage 2,2501,Americas,Americas,LOUD,100T,Lotus,12,14,0,decider,3,True,False
527583,230575,1,2025-08-10,2025 China Stage 2,2499,China,China,EDG,TE,Lotus,7,13,0,TE,3,True,False
527583,230576,2,2025-08-10,2025 China Stage 2,2499,China,China,EDG,TE,Sunset,13,10,1,EDG,3,True,False
527583,230577,3,2025-08-10,2025 China Stage 2,2499,China,China,EDG,TE,Ascent,13,11,1,decider,3,True,False
527584,230578,1,2025-08-10,2025 China Stage 2,2499,China,China,AG,FPX,Sunset,13,10,1,AG,3,True,False
527584,230579,2,2025-08-10,2025 China Stage 2,2499,China,China,AG,FPX,Haven,3,13,0,FPX,3,True,False
527584,230580,3,2025-08-10,2025 China Stage 2,2499,China,China,AG,FPX,Icebox,13,6,1,decider,3,True,False
511575,226496,1,2025-08-13,2025 EMEA Stage 2,2498,EMEA,EMEA,MKOI,NAVI,Icebox,9,13,0,MKOI,3,True,False
511575,226497,2,2025-08-13,2025 EMEA Stage 2,2498,EMEA,EMEA,MKOI,NAVI,Corrode,16,14,1,NAVI,3,True,False
511575,226498,3,2025-08-13,2025 EMEA Stage 2,2498,EMEA,EMEA,MKOI,NAVI,Ascent,3,13,0,decider,3,True,False
511576,226499,1,2025-08-13,2025 EMEA Stage 2,2498,EMEA,EMEA,APK,FNC,Bind,5,13,0,FNC,3,True,False
511576,226500,2,2025-08-13,2025 EMEA Stage 2,2498,EMEA,EMEA,APK,FNC,Lotus,10,13,0,APK,3,True,False
530354,231305,1,2025-08-13,2025 Pacific Stage 2,2500,Pacific,Pacific,TLN,NS,Lotus,13,5,1,NS,3,True,False
530354,231306,2,2025-08-13,2025 Pacific Stage 2,2500,Pacific,Pacific,TLN,NS,Corrode,16,14,1,TLN,3,True,False
530355,231308,1,2025-08-13,2025 Pacific Stage 2,2500,Pacific,Pacific,RRQ,T1,Bind,9,13,0,T1,3,True,False
530355,231309,2,2025-08-13,2025 Pacific Stage 2,2500,Pacific,Pacific,RRQ,T1,Haven,13,7,1,RRQ,3,True,False
530355,231310,3,2025-08-13,2025 Pacific Stage 2,2500,Pacific,Pacific,RRQ,T1,Sunset,8,13,0,decider,3,True,False
511577,226502,1,2025-08-14,2025 EMEA Stage 2,2498,EMEA,EMEA,GX,TH,Ascent,7,13,0,GX,3,True,False
511577,226503,2,2025-08-14,2025 EMEA Stage 2,2498,EMEA,EMEA,GX,TH,Haven,3,13,0,TH,3,True,False
511579,226505,1,2025-08-14,2025 EMEA Stage 2,2498,EMEA,EMEA,M8,VIT,Corrode,4,13,0,M8,3,True,False
511579,226506,2,2025-08-14,2025 EMEA Stage 2,2498,EMEA,EMEA,M8,VIT,Lotus,13,9,1,VIT,3,True,False
511579,226507,3,2025-08-14,2025 EMEA Stage 2,2498,EMEA,EMEA,M8,VIT,Ascent,10,13,0,decider,3,True,False
530356,231311,1,2025-08-14,2025 Pacific Stage 2,2500,Pacific,Pacific,KRX,TLN,Bind,13,11,1,TLN,3,True,False
530356,231312,2,2025-08-14,2025 Pacific Stage 2,2500,Pacific,Pacific,KRX,TLN,Haven,9,13,0,KRX,3,True,False
530356,231313,3,2025-08-14,2025 Pacific Stage 2,2500,Pacific,Pacific,KRX,TLN,Lotus,7,13,0,decider,3,True,False
530357,231314,1,2025-08-14,2025 Pacific Stage 2,2500,Pacific,Pacific,PRX,T1,Sunset,13,8,1,T1,3,True,False
530357,231315,2,2025-08-14,2025 Pacific Stage 2,2500,Pacific,Pacific,PRX,T1,Bind,13,6,1,PRX,3,True,False
509825,224785,1,2025-08-15,2025 Americas Stage 2,2501,Americas,Americas,KRÜ,NRG,Sunset,13,6,1,KRÜ,3,True,False
509825,224786,2,2025-08-15,2025 Americas Stage 2,2501,Americas,Americas,KRÜ,NRG,Lotus,7,13,0,NRG,3,True,False
509825,224787,3,2025-08-15,2025 Americas Stage 2,2501,Americas,Americas,KRÜ,NRG,Haven,5,13,0,decider,3,True,False
509826,224788,1,2025-08-15,2025 Americas Stage 2,2501,Americas,Americas,100T,LEV,Haven,13,10,1,100T,3,True,False
509826,224789,2,2025-08-15,2025 Americas Stage 2,2501,Americas,Americas,100T,LEV,Sunset,10,13,0,LEV,3,True,False
509826,224790,3,2025-08-15,2025 Americas Stage 2,2501,Americas,Americas,100T,LEV,Lotus,2,13,0,decider,3,True,False
511580,226508,1,2025-08-15,2025 EMEA Stage 2,2498,EMEA,EMEA,FUT,BBL,Sunset,11,13,0,BBL,3,True,False
511580,226509,2,2025-08-15,2025 EMEA Stage 2,2498,EMEA,EMEA,FUT,BBL,Ascent,9,13,0,FUT,3,True,False
511581,226511,1,2025-08-15,2025 EMEA Stage 2,2498,EMEA,EMEA,TL,KC,Lotus,14,12,1,TL,3,True,False
511581,226512,2,2025-08-15,2025 EMEA Stage 2,2498,EMEA,EMEA,TL,KC,Bind,13,15,0,KC,3,True,False
511581,226513,3,2025-08-15,2025 EMEA Stage 2,2498,EMEA,EMEA,TL,KC,Sunset,12,14,0,decider,3,True,False
530358,231317,1,2025-08-15,2025 Pacific Stage 2,2500,Pacific,Pacific,NS,DFM,Lotus,13,6,1,DFM,3,True,False
530358,231318,2,2025-08-15,2025 Pacific Stage 2,2500,Pacific,Pacific,NS,DFM,Ascent,13,10,1,NS,3,True,False
530359,231320,1,2025-08-15,2025 Pacific Stage 2,2500,Pacific,Pacific,RRQ,GEN,Haven,10,13,0,GEN,3,True,False
530359,231321,2,2025-08-15,2025 Pacific Stage 2,2500,Pacific,Pacific,RRQ,GEN,Sunset,13,11,1,RRQ,3,True,False
530359,231322,3,2025-08-15,2025 Pacific Stage 2,2500,Pacific,Pacific,RRQ,GEN,Corrode,13,6,1,decider,3,True,False
509827,224791,1,2025-08-16,2025 Americas Stage 2,2501,Americas,Americas,FUR,EG,Corrode,6,13,0,EG,3,True,False
509827,224792,2,2025-08-16,2025 Americas Stage 2,2501,Americas,Americas,FUR,EG,Ascent,9,13,0,FUR,3,True,False
509829,224794,1,2025-08-16,2025 Americas Stage 2,2501,Americas,Americas,2G,SEN,Sunset,13,9,1,2G,3,True,False
509829,224795,2,2025-08-16,2025 Americas Stage 2,2501,Americas,Americas,2G,SEN,Lotus,4,13,0,SEN,3,True,False
509829,224796,3,2025-08-16,2025 Americas Stage 2,2501,Americas,Americas,2G,SEN,Haven,4,13,0,decider,3,True,False
530360,231324,1,2025-08-16,2025 Pacific Stage 2,2500,Pacific,Pacific,T1,NS,Ascent,13,9,1,T1,3,True,False
530360,231894,2,2025-08-16,2025 Pacific Stage 2,2500,Pacific,Pacific,T1,NS,Lotus,13,6,1,NS,3,True,False
530361,231326,1,2025-08-16,2025 Pacific Stage 2,2500,Pacific,Pacific,KRX,RRQ,Icebox,7,13,0,RRQ,3,True,False
530361,231327,2,2025-08-16,2025 Pacific Stage 2,2500,Pacific,Pacific,KRX,RRQ,Corrode,9,13,0,KRX,3,True,False
509830,224797,1,2025-08-17,2025 Americas Stage 2,2501,Americas,Americas,G2,C9,Ascent,13,8,1,G2,3,True,False
509830,224798,2,2025-08-17,2025 Americas Stage 2,2501,Americas,Americas,G2,C9,Lotus,13,9,1,C9,3,True,False
509831,224800,1,2025-08-17,2025 Americas Stage 2,2501,Americas,Americas,MIBR,LOUD,Icebox,13,11,1,MIBR,3,True,False
509831,224801,2,2025-08-17,2025 Americas Stage 2,2501,Americas,Americas,MIBR,LOUD,Sunset,13,10,1,LOUD,3,True,False
530362,231329,1,2025-08-17,2025 Pacific Stage 2,2500,Pacific,Pacific,TLN,PRX,Haven,11,13,0,TLN,3,True,False
530362,231330,2,2025-08-17,2025 Pacific Stage 2,2500,Pacific,Pacific,TLN,PRX,Bind,7,13,0,PRX,3,True,False
530363,231333,1,2025-08-17,2025 Pacific Stage 2,2500,Pacific,Pacific,T1,RRQ,Sunset,13,11,1,RRQ,3,True,False
530363,231334,2,2025-08-17,2025 Pacific Stage 2,2500,Pacific,Pacific,T1,RRQ,Haven,13,15,0,decider,3,True,False
530363,232077,3,2025-08-17,2025 Pacific Stage 2,2500,Pacific,Pacific,T1,RRQ,Ascent,7,13,0,T1,3,True,False
527579,230561,1,2025-08-20,2025 China Stage 2,2499,China,China,XLG,DRG,Lotus,12,14,0,DRG,3,True,False
527579,230562,2,2025-08-20,2025 China Stage 2,2499,China,China,XLG,DRG,Bind,13,5,1,XLG,3,True,False
527579,230563,3,2025-08-20,2025 China Stage 2,2499,China,China,XLG,DRG,Sunset,5,13,0,decider,3,True,False
527580,230564,1,2025-08-20,2025 China Stage 2,2499,China,China,BLG,TYL,Bind,13,7,1,BLG,3,True,False
527580,230565,2,2025-08-20,2025 China Stage 2,2499,China,China,BLG,TYL,Icebox,9,13,0,TYL,3,True,False
527580,232292,3,2025-08-20,2025 China Stage 2,2499,China,China,BLG,TYL,Lotus,13,5,1,decider,3,True,False
527585,230581,1,2025-08-21,2025 China Stage 2,2499,China,China,TYL,EDG,Haven,3,13,0,TYL,3,True,False
527585,230582,2,2025-08-21,2025 China Stage 2,2499,China,China,TYL,EDG,Ascent,11,13,0,EDG,3,True,False
527586,230584,1,2025-08-21,2025 China Stage 2,2499,China,China,XLG,AG,Ascent,13,8,1,XLG,3,True,False
527586,230585,2,2025-08-21,2025 China Stage 2,2499,China,China,XLG,AG,Icebox,9,13,0,AG,3,True,False
527586,230586,3,2025-08-21,2025 China Stage 2,2499,China,China,XLG,AG,Lotus,13,1,1,decider,3,True,False
530902,231348,1,2025-08-21,2025 Americas Stage 2,2501,Americas,Americas,LEV,C9,Corrode,10,13,0,C9,3,True,False
530902,231349,2,2025-08-21,2025 Americas Stage 2,2501,Americas,Americas,LEV,C9,Haven,13,10,1,LEV,3,True,False
530902,231350,3,2025-08-21,2025 Americas Stage 2,2501,Americas,Americas,LEV,C9,Lotus,11,13,0,decider,3,True,False
530903,231351,1,2025-08-21,2025 Americas Stage 2,2501,Americas,Americas,G2,100T,Sunset,13,4,1,100T,3,True,False
530903,231352,2,2025-08-21,2025 Americas Stage 2,2501,Americas,Americas,G2,100T,Haven,13,5,1,G2,3,True,False
530924,231388,1,2025-08-21,2025 EMEA Stage 2,2498,EMEA,EMEA,FNC,BBL,Corrode,13,7,1,FNC,3,True,False
530924,231389,2,2025-08-21,2025 EMEA Stage 2,2498,EMEA,EMEA,FNC,BBL,Ascent,7,13,0,BBL,3,True,False
530924,231390,3,2025-08-21,2025 EMEA Stage 2,2498,EMEA,EMEA,FNC,BBL,Haven,9,13,0,decider,3,True,False
530925,231391,1,2025-08-21,2025 EMEA Stage 2,2498,EMEA,EMEA,GX,NAVI,Bind,5,13,0,NAVI,3,True,False
530925,231392,2,2025-08-21,2025 EMEA Stage 2,2498,EMEA,EMEA,GX,NAVI,Haven,13,8,1,GX,3,True,False
530925,231393,3,2025-08-21,2025 EMEA Stage 2,2498,EMEA,EMEA,GX,NAVI,Ascent,13,6,1,decider,3,True,False
527581,230567,1,2025-08-22,2025 China Stage 2,2499,China,China,DRG,BLG,Haven,13,10,1,BLG,3,True,False
527581,230568,2,2025-08-22,2025 China Stage 2,2499,China,China,DRG,BLG,Lotus,9,13,0,DRG,3,True,False
527581,230569,3,2025-08-22,2025 China Stage 2,2499,China,China,DRG,BLG,Sunset,13,11,1,decider,3,True,False
527587,230587,1,2025-08-22,2025 China Stage 2,2499,China,China,EDG,XLG,Lotus,13,11,1,XLG,3,True,False
527587,230588,2,2025-08-22,2025 China Stage 2,2499,China,China,EDG,XLG,Corrode,13,5,1,EDG,3,True,False
530906,231360,1,2025-08-22,2025 Americas Stage 2,2501,Americas,Americas,SEN,C9,Corrode,13,10,1,SEN,3,True,False
530906,231361,2,2025-08-22,2025 Americas Stage 2,2501,Americas,Americas,SEN,C9,Icebox,9,13,0,C9,3,True,False
530906,231362,3,2025-08-22,2025 Americas Stage 2,2501,Americas,Americas,SEN,C9,Lotus,13,10,1,decider,3,True,False
530907,231363,1,2025-08-22,2025 Americas Stage 2,2501,Americas,Americas,NRG,G2,Corrode,13,10,1,NRG,3,True,False
530907,231364,2,2025-08-22,2025 Americas Stage 2,2501,Americas,Americas,NRG,G2,Sunset,11,13,0,G2,3,True,False
530907,231365,3,2025-08-22,2025 Americas Stage 2,2501,Americas,Americas,NRG,G2,Bind,7,13,0,decider,3,True,False
530928,231400,1,2025-08-22,2025 EMEA Stage 2,2498,EMEA,EMEA,TH,BBL,Icebox,6,13,0,BBL,3,True,False
530928,231401,2,2025-08-22,2025 EMEA Stage 2,2498,EMEA,EMEA,TH,BBL,Ascent,11,13,0,TH,3,True,False
530929,231403,1,2025-08-22,2025 EMEA Stage 2,2498,EMEA,EMEA,TL,GX,Sunset,13,4,1,GX,3,True,False
530929,231404,2,2025-08-22,2025 EMEA Stage 2,2498,EMEA,EMEA,TL,GX,Corrode,11,13,0,TL,3,True,False
530929,231405,3,2025-08-22,2025 EMEA Stage 2,2498,EMEA,EMEA,TL,GX,Ascent,14,12,1,decider,3,True,False
536176,232421,1,2025-08-22,2025 China Stage 2,2499,China,China,HS,CJMZ,Abyss,10,13,0,decider,1,True,False
527588,230590,1,2025-08-23,2025 China Stage 2,2499,China,China,BLG,EDG,Bind,12,14,0,BLG,5,True,False
527588,230591,2,2025-08-23,2025 China Stage 2,2499,China,China,BLG,EDG,Haven,13,8,1,EDG,5,True,False
527588,230592,3,2025-08-23,2025 China Stage 2,2499,China,China,BLG,EDG,Lotus,13,10,1,BLG,5,True,False
527588,230593,4,2025-08-23,2025 China Stage 2,2499,China,China,BLG,EDG,Ascent,13,7,1,EDG,5,True,False
530904,231354,1,2025-08-23,2025 Americas Stage 2,2501,Americas,Americas,LEV,KRÜ,Lotus,14,12,1,LEV,3,True,False
530904,231355,2,2025-08-23,2025 Americas Stage 2,2501,Americas,Americas,LEV,KRÜ,Sunset,6,13,0,KRÜ,3,True,False
530904,231356,3,2025-08-23,2025 Americas Stage 2,2501,Americas,Americas,LEV,KRÜ,Haven,13,8,1,decider,3,True,False
530905,231357,1,2025-08-23,2025 Americas Stage 2,2501,Americas,Americas,100T,EG,Bind,13,4,1,100T,3,True,False
530905,231358,2,2025-08-23,2025 Americas Stage 2,2501,Americas,Americas,100T,EG,Corrode,14,12,1,EG,3,True,False
530926,231394,1,2025-08-23,2025 EMEA Stage 2,2498,EMEA,EMEA,FNC,KC,Haven,12,14,0,KC,3,True,False
530926,231395,2,2025-08-23,2025 EMEA Stage 2,2498,EMEA,EMEA,FNC,KC,Corrode,14,12,1,FNC,3,True,False
530926,232628,3,2025-08-23,2025 EMEA Stage 2,2498,EMEA,EMEA,FNC,KC,Bind,13,8,1,decider,3,True,False
530927,231397,1,2025-08-23,2025 EMEA Stage 2,2498,EMEA,EMEA,NAVI,VIT,Haven,13,7,1,VIT,3,True,False
530927,231398,2,2025-08-23,2025 EMEA Stage 2,2498,EMEA,EMEA,NAVI,VIT,Bind,13,11,1,NAVI,3,True,False
527582,230570,1,2025-08-24,2025 China Stage 2,2499,China,China,DRG,BLG,Sunset,13,2,1,DRG,5,True,False
527582,230571,2,2025-08-24,2025 China Stage 2,2499,China,China,DRG,BLG,Haven,8,13,0,BLG,5,True,False
527582,230572,3,2025-08-24,2025 China Stage 2,2499,China,China,DRG,BLG,Corrode,10,13,0,DRG,5,True,False
527582,230573,4,2025-08-24,2025 China Stage 2,2499,China,China,DRG,BLG,Lotus,9,13,0,BLG,5,True,False
530908,231366,1,2025-08-24,2025 Americas Stage 2,2501,Americas,Americas,NRG,LEV,Ascent,13,2,1,LEV,3,True,False
530908,231367,2,2025-08-24,2025 Americas Stage 2,2501,Americas,Americas,NRG,LEV,Icebox,13,2,1,NRG,3,True,False
530909,231369,1,2025-08-24,2025 Americas Stage 2,2501,Americas,Americas,C9,100T,Haven,13,9,1,100T,3,True,False
530909,231370,2,2025-08-24,2025 Americas Stage 2,2501,Americas,Americas,C9,100T,Icebox,14,12,1,C9,3,True,False
530930,231406,1,2025-08-24,2025 EMEA Stage 2,2498,EMEA,EMEA,GX,FNC,Lotus,13,10,1,FNC,3,True,False
530930,231407,2,2025-08-24,2025 EMEA Stage 2,2498,EMEA,EMEA,GX,FNC,Sunset,13,10,1,GX,3,True,False
530931,231409,1,2025-08-24,2025 EMEA Stage 2,2498,EMEA,EMEA,TH,NAVI,Icebox,3,13,0,NAVI,3,True,False
530931,231410,2,2025-08-24,2025 EMEA Stage 2,2498,EMEA,EMEA,TH,NAVI,Haven,7,13,0,TH,3,True,False
530910,231372,1,2025-08-29,2025 Americas Stage 2,2501,Americas,Americas,SEN,G2,Bind,8,13,0,G2,3,True,False
530910,231373,2,2025-08-29,2025 Americas Stage 2,2501,Americas,Americas,SEN,G2,Sunset,9,13,0,SEN,3,True,False
530911,231376,1,2025-08-29,2025 Americas Stage 2,2501,Americas,Americas,NRG,C9,Corrode,13,2,1,C9,3,True,False
530911,231377,2,2025-08-29,2025 Americas Stage 2,2501,Americas,Americas,NRG,C9,Lotus,13,10,1,decider,3,True,False
530911,233203,3,2025-08-29,2025 Americas Stage 2,2501,Americas,Americas,NRG,C9,Haven,10,13,0,NRG,3,True,False
530932,231412,1,2025-08-29,2025 EMEA Stage 2,2498,EMEA,EMEA,BBL,TL,Ascent,10,13,0,BBL,3,True,False
530932,231413,2,2025-08-29,2025 EMEA Stage 2,2498,EMEA,EMEA,BBL,TL,Sunset,13,10,1,TL,3,True,False
530932,231414,3,2025-08-29,2025 EMEA Stage 2,2498,EMEA,EMEA,BBL,TL,Bind,12,14,0,decider,3,True,False
530933,231415,1,2025-08-29,2025 EMEA Stage 2,2498,EMEA,EMEA,GX,NAVI,Icebox,6,13,0,NAVI,3,True,False
530933,231416,2,2025-08-29,2025 EMEA Stage 2,2498,EMEA,EMEA,GX,NAVI,Sunset,13,6,1,GX,3,True,False
530933,231417,3,2025-08-29,2025 EMEA Stage 2,2498,EMEA,EMEA,GX,NAVI,Haven,13,4,1,decider,3,True,False
530364,231335,1,2025-08-30,2025 Pacific Stage 2,2500,Pacific,Pacific,TLN,RRQ,Bind,13,4,1,TLN,5,True,False
530364,231336,2,2025-08-30,2025 Pacific Stage 2,2500,Pacific,Pacific,TLN,RRQ,Haven,13,7,1,RRQ,5,True,False
530364,231337,3,2025-08-30,2025 Pacific Stage 2,2500,Pacific,Pacific,TLN,RRQ,Corrode,10,13,0,TLN,5,True,False
530364,231338,4,2025-08-30,2025 Pacific Stage 2,2500,Pacific,Pacific,TLN,RRQ,Icebox,6,13,0,RRQ,5,True,False
530364,231339,5,2025-08-30,2025 Pacific Stage 2,2500,Pacific,Pacific,TLN,RRQ,Sunset,12,14,0,decider,5,True,False
530514,231345,1,2025-08-30,2025 Pacific Stage 2,2500,Pacific,Pacific,WOR,GOA,Corrode,13,8,1,decider,1,True,False
530912,231378,1,2025-08-30,2025 Americas Stage 2,2501,Americas,Americas,SEN,NRG,Lotus,4,13,0,SEN,5,True,False
530912,231379,2,2025-08-30,2025 Americas Stage 2,2501,Americas,Americas,SEN,NRG,Icebox,11,13,0,NRG,5,True,False
530912,231380,3,2025-08-30,2025 Americas Stage 2,2501,Americas,Americas,SEN,NRG,Sunset,13,10,1,SEN,5,True,False
530912,231381,4,2025-08-30,2025 Americas Stage 2,2501,Americas,Americas,SEN,NRG,Corrode,8,13,0,NRG,5,True,False
530934,231418,1,2025-08-30,2025 EMEA Stage 2,2498,EMEA,EMEA,BBL,GX,Ascent,2,13,0,BBL,5,True,False
530934,231419,2,2025-08-30,2025 EMEA Stage 2,2498,EMEA,EMEA,BBL,GX,Sunset,8,13,0,GX,5,True,False
530934,233349,3,2025-08-30,2025 EMEA Stage 2,2498,EMEA,EMEA,BBL,GX,Bind,6,13,0,BBL,5,True,False
536985,232626,1,2025-08-30,2025 Americas Stage 2,2501,Americas,Americas,ALP,OME,Corrode,13,4,1,decider,1,True,False
530365,231341,1,2025-08-31,2025 Pacific Stage 2,2500,Pacific,Pacific,PRX,RRQ,Ascent,13,7,1,RRQ,5,True,False
530365,231342,2,2025-08-31,2025 Pacific Stage 2,2500,Pacific,Pacific,PRX,RRQ,Lotus,6,13,0,PRX,5,True,False
530365,231343,3,2025-08-31,2025 Pacific Stage 2,2500,Pacific,Pacific,PRX,RRQ,Haven,13,7,1,RRQ,5,True,False
530365,233353,4,2025-08-31,2025 Pacific Stage 2,2500,Pacific,Pacific,PRX,RRQ,Bind,13,8,1,PRX,5,True,False
530913,231383,1,2025-08-31,2025 Americas Stage 2,2501,Americas,Americas,G2,NRG,Bind,13,11,1,G2,5,True,False
530913,231384,2,2025-08-31,2025 Americas Stage 2,2501,Americas,Americas,G2,NRG,Lotus,13,8,1,NRG,5,True,False
530913,231385,3,2025-08-31,2025 Americas Stage 2,2501,Americas,Americas,G2,NRG,Ascent,13,10,1,G2,5,True,False
530935,231423,1,2025-08-31,2025 EMEA Stage 2,2498,EMEA,EMEA,TL,GX,Bind,13,10,1,TL,5,True,False
530935,231424,2,2025-08-31,2025 EMEA Stage 2,2498,EMEA,EMEA,TL,GX,Lotus,13,9,1,GX,5,True,False
530935,231425,3,2025-08-31,2025 EMEA Stage 2,2498,EMEA,EMEA,TL,GX,Sunset,13,10,1,TL,5,True,False
538583,232785,1,2025-08-31,2025 EMEA Stage 2,2498,EMEA,EMEA,FRA,EMEA,Corrode,7,13,0,decider,1,True,False
542195,233397,1,2025-09-12,2025 Champions Paris,2283,Pacific,China,PRX,XLG,Bind,13,9,1,XLG,3,True,True
542195,233398,2,2025-09-12,2025 Champions Paris,2283,Pacific,China,PRX,XLG,Sunset,13,5,1,PRX,3,True,True
542196,233400,1,2025-09-12,2025 Champions Paris,2283,EMEA,Americas,GX,SEN,Corrode,6,13,0,SEN,3,True,True
542196,233401,2,2025-09-12,2025 Champions Paris,2283,EMEA,Americas,GX,SEN,Sunset,13,4,1,GX,3,True,True
542196,233402,3,2025-09-12,2025 Champions Paris,2283,EMEA,Americas,GX,SEN,Haven,13,9,1,decider,3,True,True
542205,233427,1,2025-09-13,2025 Champions Paris,2283,EMEA,Pacific,TL,KRX,Abyss,8,13,0,KRX,3,True,True
542205,233428,2,2025-09-13,2025 Champions Paris,2283,EMEA,Pacific,TL,KRX,Bind,10,13,0,TL,3,True,True
542207,233430,1,2025-09-13,2025 Champions Paris,2283,Americas,China,NRG,EDG,Abyss,17,15,1,EDG,3,True,True
542207,233431,2,2025-09-13,2025 Champions Paris,2283,Americas,China,NRG,EDG,Corrode,13,11,1,NRG,3,True,True
542211,233442,1,2025-09-14,2025 Champions Paris,2283,Americas,EMEA,G2,TH,Corrode,10,13,0,TH,3,True,True
542211,233443,2,2025-09-14,2025 Champions Paris,2283,Americas,EMEA,G2,TH,Lotus,10,13,0,G2,3,True,True
542212,233445,1,2025-09-14,2025 Champions Paris,2283,China,Pacific,DRG,T1,Lotus,13,15,0,DRG,3,True,True
542212,233446,2,2025-09-14,2025 Champions Paris,2283,China,Pacific,DRG,T1,Sunset,14,16,0,T1,3,True,True
542200,233412,1,2025-09-15,2025 Champions Paris,2283,China,Americas,BLG,MIBR,Haven,2,13,0,BLG,3,True,True
542200,233413,2,2025-09-15,2025 Champions Paris,2283,China,Americas,BLG,MIBR,Corrode,9,13,0,MIBR,3,True,True
542201,233415,1,2025-09-15,2025 Champions Paris,2283,Pacific,EMEA,RRQ,FNC,Ascent,10,13,0,FNC,3,True,True
542201,233416,2,2025-09-15,2025 Champions Paris,2283,Pacific,EMEA,RRQ,FNC,Abyss,7,13,0,RRQ,3,True,True
542197,233403,1,2025-09-17,2025 Champions Paris,2283,Pacific,EMEA,PRX,GX,Ascent,11,13,0,GX,3,True,True
542197,233404,2,2025-09-17,2025 Champions Paris,2283,Pacific,EMEA,PRX,GX,Lotus,13,10,1,PRX,3,True,True
542197,233405,3,2025-09-17,2025 Champions Paris,2283,Pacific,EMEA,PRX,GX,Sunset,13,6,1,decider,3,True,True
542208,233433,1,2025-09-17,2025 Champions Paris,2283,Pacific,Americas,KRX,NRG,Haven,13,4,1,KRX,3,True,True
542208,233434,2,2025-09-17,2025 Champions Paris,2283,Pacific,Americas,KRX,NRG,Corrode,11,13,0,NRG,3,True,True
542208,233435,3,2025-09-17,2025 Champions Paris,2283,Pacific,Americas,KRX,NRG,Lotus,11,13,0,decider,3,True,True
542202,233418,1,2025-09-18,2025 Champions Paris,2283,Americas,EMEA,MIBR,FNC,Bind,13,5,1,FNC,3,True,True
542202,233419,2,2025-09-18,2025 Champions Paris,2283,Americas,EMEA,MIBR,FNC,Abyss,7,13,0,MIBR,3,True,True
542202,233420,3,2025-09-18,2025 Champions Paris,2283,Americas,EMEA,MIBR,FNC,Haven,10,13,0,decider,3,True,True
542213,233448,1,2025-09-18,2025 Champions Paris,2283,EMEA,Pacific,TH,T1,Lotus,13,10,1,TH,3,True,True
542213,233449,2,2025-09-18,2025 Champions Paris,2283,EMEA,Pacific,TH,T1,Sunset,13,11,1,T1,3,True,True
542198,233406,1,2025-09-19,2025 Champions Paris,2283,China,Americas,XLG,SEN,Abyss,10,13,0,XLG,3,True,True
542198,233407,2,2025-09-19,2025 Champions Paris,2283,China,Americas,XLG,SEN,Lotus,13,11,1,SEN,3,True,True
542198,233408,3,2025-09-19,2025 Champions Paris,2283,China,Americas,XLG,SEN,Haven,13,8,1,decider,3,True,True
542209,233436,1,2025-09-19,2025 Champions Paris,2283,EMEA,China,TL,EDG,Sunset,3,13,0,TL,3,True,True
542209,233437,2,2025-09-19,2025 Champions Paris,2283,EMEA,China,TL,EDG,Abyss,13,6,1,EDG,3,True,True
542209,233438,3,2025-09-19,2025 Champions Paris,2283,EMEA,China,TL,EDG,Bind,15,13,1,decider,3,True,True
542203,233421,1,2025-09-20,2025 Champions Paris,2283,China,Pacific,BLG,RRQ,Sunset,13,7,1,RRQ,3,True,True
542203,233422,2,2025-09-20,2025 Champions Paris,2283,China,Pacific,BLG,RRQ,Lotus,8,13,0,BLG,3,True,True
542203,233423,3,2025-09-20,2025 Champions Paris,2283,China,Pacific,BLG,RRQ,Abyss,4,13,0,decider,3,True,True
542214,233451,1,2025-09-20,2025 Champions Paris,2283,Americas,China,G2,DRG,Lotus,13,7,1,DRG,3,True,True
542214,233452,2,2025-09-20,2025 Champions Paris,2283,Americas,China,G2,DRG,Abyss,13,7,1,G2,3,True,True
542199,233409,1,2025-09-21,2025 Champions Paris,2283,EMEA,China,GX,XLG,Bind,14,12,1,XLG,3,True,True
542199,233410,2,2025-09-21,2025 Champions Paris,2283,EMEA,China,GX,XLG,Ascent,13,10,1,GX,3,True,True
542210,233439,1,2025-09-21,2025 Champions Paris,2283,Pacific,EMEA,KRX,TL,Corrode,13,8,1,TL,3,True,True
542210,233440,2,2025-09-21,2025 Champions Paris,2283,Pacific,EMEA,KRX,TL,Abyss,13,7,1,KRX,3,True,True
542204,233424,1,2025-09-22,2025 Champions Paris,2283,Americas,Pacific,MIBR,RRQ,Corrode,13,5,1,RRQ,3,True,True
542204,233425,2,2025-09-22,2025 Champions Paris,2283,Americas,Pacific,MIBR,RRQ,Abyss,13,5,1,MIBR,3,True,True
542215,233454,1,2025-09-22,2025 Champions Paris,2283,Pacific,Americas,T1,G2,Lotus,9,13,0,G2,3,True,True
542215,233455,2,2025-09-22,2025 Champions Paris,2283,Pacific,Americas,T1,G2,Corrode,8,13,0,T1,3,True,True
542264,233457,1,2025-09-25,2025 Champions Paris,2283,EMEA,Pacific,FNC,KRX,Haven,13,11,1,KRX,3,True,True
542264,233458,2,2025-09-25,2025 Champions Paris,2283,EMEA,Pacific,FNC,KRX,Ascent,8,13,0,FNC,3,True,True
542264,233459,3,2025-09-25,2025 Champions Paris,2283,EMEA,Pacific,FNC,KRX,Lotus,13,5,1,decider,3,True,True
542265,233460,1,2025-09-25,2025 Champions Paris,2283,Pacific,Americas,PRX,G2,Lotus,13,11,1,PRX,3,True,True
542265,233461,2,2025-09-25,2025 Champions Paris,2283,Pacific,Americas,PRX,G2,Corrode,13,15,0,G2,3,True,True
542265,233462,3,2025-09-25,2025 Champions Paris,2283,Pacific,Americas,PRX,G2,Ascent,13,11,1,decider,3,True,True
542266,233463,1,2025-09-26,2025 Champions Paris,2283,EMEA,Americas,TH,MIBR,Corrode,12,14,0,MIBR,3,True,True
542266,233464,2,2025-09-26,2025 Champions Paris,2283,EMEA,Americas,TH,MIBR,Sunset,6,13,0,TH,3,True,True
542267,233466,1,2025-09-26,2025 Champions Paris,2283,Americas,EMEA,NRG,GX,Haven,13,1,1,GX,3,True,True
542267,233467,2,2025-09-26,2025 Champions Paris,2283,Americas,EMEA,NRG,GX,Lotus,13,6,1,NRG,3,True,True
542273,233483,1,2025-09-27,2025 Champions Paris,2283,Pacific,Americas,KRX,G2,Lotus,7,13,0,G2,3,True,True
542273,233484,2,2025-09-27,2025 Champions Paris,2283,Pacific,Americas,KRX,G2,Abyss,13,10,1,KRX,3,True,True
542273,233485,3,2025-09-27,2025 Champions Paris,2283,Pacific,Americas,KRX,G2,Bind,13,7,1,decider,3,True,True
542274,233486,1,2025-09-27,2025 Champions Paris,2283,EMEA,EMEA,TH,GX,Ascent,13,4,1,GX,3,True,True
542274,233487,2,2025-09-27,2025 Champions Paris,2283,EMEA,EMEA,TH,GX,Lotus,3,13,0,TH,3,True,True
542274,233488,3,2025-09-27,2025 Champions Paris,2283,EMEA,EMEA,TH,GX,Bind,13,9,1,decider,3,True,True
542268,233469,1,2025-09-28,2025 Champions Paris,2283,EMEA,Pacific,FNC,PRX,Bind,10,13,0,PRX,3,True,True
542268,233470,2,2025-09-28,2025 Champions Paris,2283,EMEA,Pacific,FNC,PRX,Haven,13,4,1,FNC,3,True,True
542268,233471,3,2025-09-28,2025 Champions Paris,2283,EMEA,Pacific,FNC,PRX,Lotus,13,9,1,decider,3,True,True
542269,233472,1,2025-09-28,2025 Champions Paris,2283,Americas,Americas,MIBR,NRG,Abyss,14,16,0,MIBR,3,True,True
542269,233473,2,2025-09-28,2025 Champions Paris,2283,Americas,Americas,MIBR,NRG,Haven,13,4,1,NRG,3,True,True
542269,233474,3,2025-09-28,2025 Champions Paris,2283,Americas,Americas,MIBR,NRG,Corrode,14,16,0,decider,3,True,True
542276,233489,1,2025-09-29,2025 Champions Paris,2283,Americas,Pacific,MIBR,KRX,Sunset,13,10,1,MIBR,3,True,True
542276,233490,2,2025-09-29,2025 Champions Paris,2283,Americas,Pacific,MIBR,KRX,Ascent,13,15,0,KRX,3,True,True
542276,233491,3,2025-09-29,2025 Champions Paris,2283,Americas,Pacific,MIBR,KRX,Bind,10,13,0,decider,3,True,True
542277,233492,1,2025-09-29,2025 Champions Paris,2283,Pacific,EMEA,PRX,TH,Ascent,13,11,1,TH,3,True,True
542277,233493,2,2025-09-29,2025 Champions Paris,2283,Pacific,EMEA,PRX,TH,Bind,9,13,0,PRX,3,True,True
542277,233494,3,2025-09-29,2025 Champions Paris,2283,Pacific,EMEA,PRX,TH,Lotus,13,4,1,decider,3,True,True
542270,233475,1,2025-10-03,2025 Champions Paris,2283,EMEA,Americas,FNC,NRG,Ascent,12,14,0,FNC,3,True,True
542270,233476,2,2025-10-03,2025 Champions Paris,2283,EMEA,Americas,FNC,NRG,Abyss,5,13,0,NRG,3,True,True
542278,233495,1,2025-10-03,2025 Champions Paris,2283,Pacific,Pacific,KRX,PRX,Ascent,15,13,1,KRX,3,True,True
542278,233496,2,2025-10-03,2025 Champions Paris,2283,Pacific,Pacific,KRX,PRX,Lotus,13,8,1,PRX,3,True,True
542279,233498,1,2025-10-04,2025 Champions Paris,2283,EMEA,Pacific,FNC,KRX,Sunset,8,13,0,FNC,5,True,True
542279,233499,2,2025-10-04,2025 Champions Paris,2283,EMEA,Pacific,FNC,KRX,Corrode,13,3,1,KRX,5,True,True
542279,233500,3,2025-10-04,2025 Champions Paris,2283,EMEA,Pacific,FNC,KRX,Haven,13,11,1,FNC,5,True,True
542279,233501,4,2025-10-04,2025 Champions Paris,2283,EMEA,Pacific,FNC,KRX,Bind,13,4,1,KRX,5,True,True
542272,233478,1,2025-10-05,2025 Champions Paris,2283,Americas,EMEA,NRG,FNC,Corrode,13,3,1,NRG,5,True,True
542272,233479,2,2025-10-05,2025 Champions Paris,2283,Americas,EMEA,NRG,FNC,Lotus,13,6,1,FNC,5,True,True
542272,233480,3,2025-10-05,2025 Champions Paris,2283,Americas,EMEA,NRG,FNC,Abyss,13,15,0,NRG,5,True,True
542272,233481,4,2025-10-05,2025 Champions Paris,2283,Americas,EMEA,NRG,FNC,Ascent,8,13,0,FNC,5,True,True
542272,233482,5,2025-10-05,2025 Champions Paris,2283,Americas,EMEA,NRG,FNC,Sunset,13,5,1,decider,5,True,True
596398,244775,1,2026-01-15,2026 Americas Kickoff,2682,Americas,Americas,LOUD,C9,Haven,7,13,0,C9,3,True,False
596398,244776,2,2026-01-15,2026 Americas Kickoff,2682,Americas,Americas,LOUD,C9,Abyss,11,13,0,LOUD,3,True,False
596399,244778,1,2026-01-15,2026 Americas Kickoff,2682,Americas,Americas,ENVY,EG,Abyss,9,13,0,ENVY,3,True,False
596399,244779,2,2026-01-15,2026 Americas Kickoff,2682,Americas,Americas,ENVY,EG,Corrode,13,10,1,EG,3,True,False
596399,244780,3,2026-01-15,2026 Americas Kickoff,2682,Americas,Americas,ENVY,EG,Bind,13,9,1,decider,3,True,False
596400,244781,1,2026-01-16,2026 Americas Kickoff,2682,Americas,Americas,KRÜ,FUR,Pearl,13,10,1,KRÜ,3,True,False
596400,244782,2,2026-01-16,2026 Americas Kickoff,2682,Americas,Americas,KRÜ,FUR,Breeze,8,13,0,FUR,3,True,False
596400,244783,3,2026-01-16,2026 Americas Kickoff,2682,Americas,Americas,KRÜ,FUR,Abyss,5,13,0,decider,3,True,False
596401,244784,1,2026-01-16,2026 Americas Kickoff,2682,Americas,Americas,100T,LEV,Bind,13,9,1,LEV,3,True,False
596401,244785,2,2026-01-16,2026 Americas Kickoff,2682,Americas,Americas,100T,LEV,Pearl,10,13,0,100T,3,True,False
596401,244786,3,2026-01-16,2026 Americas Kickoff,2682,Americas,Americas,100T,LEV,Split,13,9,1,decider,3,True,False
596402,244787,1,2026-01-17,2026 Americas Kickoff,2682,Americas,Americas,NRG,C9,Pearl,13,2,1,C9,3,True,False
596402,244788,2,2026-01-17,2026 Americas Kickoff,2682,Americas,Americas,NRG,C9,Breeze,13,9,1,NRG,3,True,False
596403,244790,1,2026-01-17,2026 Americas Kickoff,2682,Americas,Americas,MIBR,ENVY,Abyss,13,7,1,ENVY,3,True,False
596403,244791,2,2026-01-17,2026 Americas Kickoff,2682,Americas,Americas,MIBR,ENVY,Corrode,13,11,1,MIBR,3,True,False
596404,244793,1,2026-01-18,2026 Americas Kickoff,2682,Americas,Americas,SEN,FUR,Split,5,13,0,SEN,3,True,False
596404,244794,2,2026-01-18,2026 Americas Kickoff,2682,Americas,Americas,SEN,FUR,Breeze,11,13,0,FUR,3,True,False
596405,244796,1,2026-01-18,2026 Americas Kickoff,2682,Americas,Americas,G2,100T,Bind,13,11,1,100T,3,True,False
596405,244797,2,2026-01-18,2026 Americas Kickoff,2682,Americas,Americas,G2,100T,Corrode,3,13,0,G2,3,True,False
596405,244798,3,2026-01-18,2026 Americas Kickoff,2682,Americas,Americas,G2,100T,Split,13,8,1,decider,3,True,False
594740,244304,1,2026-01-20,2026 EMEA Kickoff,2684,EMEA,EMEA,NAVI,KC,Split,13,11,1,NAVI,3,True,False
594740,244305,2,2026-01-20,2026 EMEA Kickoff,2684,EMEA,EMEA,NAVI,KC,Haven,13,7,1,KC,3,True,False
594741,244307,1,2026-01-20,2026 EMEA Kickoff,2684,EMEA,EMEA,FUT,M8,Abyss,8,13,0,FUT,3,True,False
594741,244308,2,2026-01-20,2026 EMEA Kickoff,2684,EMEA,EMEA,FUT,M8,Split,6,13,0,M8,3,True,False
594742,244310,1,2026-01-21,2026 EMEA Kickoff,2684,EMEA,EMEA,PCF,BBL,Breeze,10,13,0,BBL,3,True,False
594742,244311,2,2026-01-21,2026 EMEA Kickoff,2684,EMEA,EMEA,PCF,BBL,Abyss,13,7,1,PCF,3,True,False
594742,244312,3,2026-01-21,2026 EMEA Kickoff,2684,EMEA,EMEA,PCF,BBL,Pearl,4,13,0,decider,3,True,False
594743,244313,1,2026-01-21,2026 EMEA Kickoff,2684,EMEA,EMEA,ULF,VIT,Breeze,3,13,0,VIT,3,True,False
594743,244314,2,2026-01-21,2026 EMEA Kickoff,2684,EMEA,EMEA,ULF,VIT,Corrode,1,13,0,ULF,3,True,False
594744,244316,1,2026-01-22,2026 EMEA Kickoff,2684,EMEA,EMEA,TH,NAVI,Bind,10,13,0,NAVI,3,True,False
594744,244317,2,2026-01-22,2026 EMEA Kickoff,2684,EMEA,EMEA,TH,NAVI,Haven,13,11,1,TH,3,True,False
594744,244318,3,2026-01-22,2026 EMEA Kickoff,2684,EMEA,EMEA,TH,NAVI,Split,6,13,0,decider,3,True,False
594745,244319,1,2026-01-22,2026 EMEA Kickoff,2684,EMEA,EMEA,GX,M8,Pearl,10,13,0,M8,3,True,False
594745,244320,2,2026-01-22,2026 EMEA Kickoff,2684,EMEA,EMEA,GX,M8,Bind,10,13,0,GX,3,True,False
595630,244560,1,2026-01-22,2026 Pacific Kickoff,2683,Pacific,Pacific,NS,TS,Haven,13,5,1,TS,3,True,False
595630,244561,2,2026-01-22,2026 Pacific Kickoff,2683,Pacific,Pacific,NS,TS,Split,13,8,1,NS,3,True,False
595631,244563,1,2026-01-22,2026 Pacific Kickoff,2683,Pacific,Pacific,ZETA,FS,Corrode,4,13,0,FS,3,True,False
595631,244564,2,2026-01-22,2026 Pacific Kickoff,2683,Pacific,Pacific,ZETA,FS,Split,2,13,0,ZETA,3,True,False
598923,245204,1,2026-01-22,2026 China Kickoff,2685,China,China,TE,WOL,Abyss,13,7,1,TE,3,True,False
598923,245205,2,2026-01-22,2026 China Kickoff,2685,China,China,TE,WOL,Haven,11,13,0,WOL,3,True,False
598923,245206,3,2026-01-22,2026 China Kickoff,2685,China,China,TE,WOL,Bind,5,13,0,decider,3,True,False
598924,245207,1,2026-01-22,2026 China Kickoff,2685,China,China,FPX,TYL,Pearl,3,13,0,TYL,3,True,False
598924,245208,2,2026-01-22,2026 China Kickoff,2685,China,China,FPX,TYL,Haven,4,13,0,FPX,3,True,False
594746,244322,1,2026-01-23,2026 EMEA Kickoff,2684,EMEA,EMEA,FNC,BBL,Breeze,11,13,0,BBL,3,True,False
594746,244323,2,2026-01-23,2026 EMEA Kickoff,2684,EMEA,EMEA,FNC,BBL,Haven,4,13,0,FNC,3,True,False
594747,244325,1,2026-01-23,2026 EMEA Kickoff,2684,EMEA,EMEA,TL,VIT,Breeze,11,13,0,VIT,3,True,False
594747,244326,2,2026-01-23,2026 EMEA Kickoff,2684,EMEA,EMEA,TL,VIT,Pearl,14,12,1,TL,3,True,False
594747,244327,3,2026-01-23,2026 EMEA Kickoff,2684,EMEA,EMEA,TL,VIT,Corrode,9,13,0,decider,3,True,False
595632,244567,1,2026-01-23,2026 Pacific Kickoff,2683,Pacific,Pacific,VL,GE,Abyss,7,13,0,GE,3,True,False
595632,248947,2,2026-01-23,2026 Pacific Kickoff,2683,Pacific,Pacific,VL,GE,Split,7,13,0,VL,3,True,False
595633,244569,1,2026-01-23,2026 Pacific Kickoff,2683,Pacific,Pacific,DFM,GEN,Abyss,13,8,1,GEN,3,True,False
595633,244570,2,2026-01-23,2026 Pacific Kickoff,2683,Pacific,Pacific,DFM,GEN,Pearl,13,10,1,DFM,3,True,False
596409,244810,1,2026-01-23,2026 Americas Kickoff,2682,Americas,Americas,LOUD,100T,Breeze,13,11,1,LOUD,3,True,False
596409,244812,2,2026-01-23,2026 Americas Kickoff,2682,Americas,Americas,LOUD,100T,Bind,6,13,0,decider,3,True,False
596409,249108,3,2026-01-23,2026 Americas Kickoff,2682,Americas,Americas,LOUD,100T,Pearl,2,13,0,100T,3,True,False
596410,244813,1,2026-01-23,2026 Americas Kickoff,2682,Americas,Americas,EG,SEN,Abyss,8,13,0,EG,3,True,False
596410,244814,2,2026-01-23,2026 Americas Kickoff,2682,Americas,Americas,EG,SEN,Pearl,11,13,0,SEN,3,True,False
598921,245198,1,2026-01-23,2026 China Kickoff,2685,China,China,AG,NOVA,Split,13,7,1,AG,3,True,False
598921,245199,2,2026-01-23,2026 China Kickoff,2685,China,China,AG,NOVA,Pearl,16,14,1,NOVA,3,True,False
598922,245201,1,2026-01-23,2026 China Kickoff,2685,China,China,JDG,TEC,Corrode,13,6,1,TEC,3,True,False
598922,245202,2,2026-01-23,2026 China Kickoff,2685,China,China,JDG,TEC,Haven,6,13,0,JDG,3,True,False
598922,245203,3,2026-01-23,2026 China Kickoff,2685,China,China,JDG,TEC,Abyss,13,10,1,decider,3,True,False
595634,244573,1,2026-01-24,2026 Pacific Kickoff,2683,Pacific,Pacific,T1,NS,Haven,4,13,0,T1,3,True,False
595634,244574,2,2026-01-24,2026 Pacific Kickoff,2683,Pacific,Pacific,T1,NS,Corrode,9,13,0,decider,3,True,False
595634,249401,3,2026-01-24,2026 Pacific Kickoff,2683,Pacific,Pacific,T1,NS,Split,13,9,1,NS,3,True,False
595635,244575,1,2026-01-24,2026 Pacific Kickoff,2683,Pacific,Pacific,KRX,FS,Breeze,13,10,1,FS,3,True,False
595635,244576,2,2026-01-24,2026 Pacific Kickoff,2683,Pacific,Pacific,KRX,FS,Pearl,8,13,0,KRX,3,True,False
595635,244577,3,2026-01-24,2026 Pacific Kickoff,2683,Pacific,Pacific,KRX,FS,Split,8,13,0,decider,3,True,False
596411,244816,1,2026-01-24,2026 Americas Kickoff,2682,Americas,Americas,KRÜ,ENVY,Abyss,13,9,1,ENVY,3,True,False
596411,244817,2,2026-01-24,2026 Americas Kickoff,2682,Americas,Americas,KRÜ,ENVY,Pearl,5,13,0,KRÜ,3,True,False
596411,244818,3,2026-01-24,2026 Americas Kickoff,2682,Americas,Americas,KRÜ,ENVY,Breeze,9,13,0,decider,3,True,False
596412,244819,1,2026-01-24,2026 Americas Kickoff,2682,Americas,Americas,LEV,C9,Pearl,3,13,0,LEV,3,True,False
596412,244820,2,2026-01-24,2026 Americas Kickoff,2682,Americas,Americas,LEV,C9,Split,8,13,0,C9,3,True,False
598927,245216,1,2026-01-24,2026 China Kickoff,2685,China,China,XLG,WOL,Breeze,13,4,1,WOL,3,True,False
598927,245217,2,2026-01-24,2026 China Kickoff,2685,China,China,XLG,WOL,Abyss,13,6,1,XLG,3,True,False
598928,245219,1,2026-01-24,2026 China Kickoff,2685,China,China,EDG,TYL,Abyss,13,5,1,TYL,3,True,False
598928,245220,2,2026-01-24,2026 China Kickoff,2685,China,China,EDG,TYL,Bind,14,12,1,EDG,3,True,False
595636,244578,1,2026-01-25,2026 Pacific Kickoff,2683,Pacific,Pacific,PRX,GE,Breeze,13,10,1,GE,3,True,False
595636,244579,2,2026-01-25,2026 Pacific Kickoff,2683,Pacific,Pacific,PRX,GE,Split,5,13,0,PRX,3,True,False
595636,244580,3,2026-01-25,2026 Pacific Kickoff,2683,Pacific,Pacific,PRX,GE,Bind,13,10,1,decider,3,True,False
595637,244581,1,2026-01-25,2026 Pacific Kickoff,2683,Pacific,Pacific,RRQ,DFM,Haven,13,10,1,DFM,3,True,False
595637,244582,2,2026-01-25,2026 Pacific Kickoff,2683,Pacific,Pacific,RRQ,DFM,Corrode,13,5,1,RRQ,3,True,False
596413,244822,1,2026-01-25,2026 Americas Kickoff,2682,Americas,Americas,100T,SEN,Corrode,13,11,1,100T,3,True,False
596413,244823,2,2026-01-25,2026 Americas Kickoff,2682,Americas,Americas,100T,SEN,Split,16,14,1,SEN,3,True,False
596414,244825,1,2026-01-25,2026 Americas Kickoff,2682,Americas,Americas,ENVY,C9,Pearl,18,20,0,C9,3,True,False
596414,244826,2,2026-01-25,2026 Americas Kickoff,2682,Americas,Americas,ENVY,C9,Breeze,13,8,1,ENVY,3,True,False
596414,244827,3,2026-01-25,2026 Americas Kickoff,2682,Americas,Americas,ENVY,C9,Split,11,13,0,decider,3,True,False
598925,245210,1,2026-01-25,2026 China Kickoff,2685,China,China,BLG,AG,Split,10,13,0,AG,3,True,False
598925,245211,2,2026-01-25,2026 China Kickoff,2685,China,China,BLG,AG,Abyss,3,13,0,BLG,3,True,False
598926,245213,1,2026-01-25,2026 China Kickoff,2685,China,China,DRG,JDG,Abyss,11,13,0,DRG,3,True,False
598926,245214,2,2026-01-25,2026 China Kickoff,2685,China,China,DRG,JDG,Breeze,13,8,1,JDG,3,True,False
598926,245215,3,2026-01-25,2026 China Kickoff,2685,China,China,DRG,JDG,Corrode,13,9,1,decider,3,True,False
594751,244339,1,2026-01-27,2026 EMEA Kickoff,2684,EMEA,EMEA,KC,TL,Abyss,13,2,1,KC,3,True,False
594751,244340,2,2026-01-27,2026 EMEA Kickoff,2684,EMEA,EMEA,KC,TL,Split,8,13,0,TL,3,True,False
594751,244341,3,2026-01-27,2026 EMEA Kickoff,2684,EMEA,EMEA,KC,TL,Breeze,10,13,0,decider,3,True,False
594752,244342,1,2026-01-27,2026 EMEA Kickoff,2684,EMEA,EMEA,FUT,FNC,Abyss,3,13,0,FUT,3,True,False
594752,244343,2,2026-01-27,2026 EMEA Kickoff,2684,EMEA,EMEA,FUT,FNC,Corrode,18,16,1,FNC,3,True,False
594752,244344,3,2026-01-27,2026 EMEA Kickoff,2684,EMEA,EMEA,FUT,FNC,Split,14,16,0,decider,3,True,False
594753,244345,1,2026-01-28,2026 EMEA Kickoff,2684,EMEA,EMEA,PCF,GX,Abyss,8,13,0,PCF,3,True,False
594753,244346,2,2026-01-28,2026 EMEA Kickoff,2684,EMEA,EMEA,PCF,GX,Bind,14,12,1,GX,3,True,False
594753,244347,3,2026-01-28,2026 EMEA Kickoff,2684,EMEA,EMEA,PCF,GX,Split,10,13,0,decider,3,True,False
594754,244348,1,2026-01-28,2026 EMEA Kickoff,2684,EMEA,EMEA,ULF,TH,Haven,7,13,0,ULF,3,True,False
594754,244349,2,2026-01-28,2026 EMEA Kickoff,2684,EMEA,EMEA,ULF,TH,Bind,8,13,0,TH,3,True,False
598932,245233,1,2026-01-28,2026 China Kickoff,2685,China,China,NOVA,TYL,Split,10,13,0,TYL,3,True,False
598932,245234,2,2026-01-28,2026 China Kickoff,2685,China,China,NOVA,TYL,Corrode,4,13,0,NOVA,3,True,False
598933,245236,1,2026-01-28,2026 China Kickoff,2685,China,China,TEC,WOL,Breeze,13,11,1,TEC,3,True,False
598933,245237,2,2026-01-28,2026 China Kickoff,2685,China,China,TEC,WOL,Bind,7,13,0,WOL,3,True,False
598933,245238,3,2026-01-28,2026 China Kickoff,2685,China,China,TEC,WOL,Haven,13,8,1,decider,3,True,False
594748,244328,1,2026-01-29,2026 EMEA Kickoff,2684,EMEA,EMEA,NAVI,M8,Abyss,7,13,0,M8,3,True,False
594748,244329,2,2026-01-29,2026 EMEA Kickoff,2684,EMEA,EMEA,NAVI,M8,Bind,9,13,0,NAVI,3,True,False
594749,244331,1,2026-01-29,2026 EMEA Kickoff,2684,EMEA,EMEA,BBL,VIT,Haven,13,9,1,BBL,3,True,False
594749,244332,2,2026-01-29,2026 EMEA Kickoff,2684,EMEA,EMEA,BBL,VIT,Abyss,13,8,1,VIT,3,True,False
595641,244595,1,2026-01-29,2026 Pacific Kickoff,2683,Pacific,Pacific,TS,DFM,Split,2,13,0,TS,3,True,False
595641,251314,2,2026-01-29,2026 Pacific Kickoff,2683,Pacific,Pacific,TS,DFM,Bind,8,13,0,DFM,3,True,False
595642,244598,1,2026-01-29,2026 Pacific Kickoff,2683,Pacific,Pacific,ZETA,GE,Haven,11,13,0,ZETA,3,True,False
595642,244599,2,2026-01-29,2026 Pacific Kickoff,2683,Pacific,Pacific,ZETA,GE,Abyss,9,13,0,GE,3,True,False
598934,245239,1,2026-01-29,2026 China Kickoff,2685,China,China,TE,JDG,Split,13,11,1,TE,3,True,False
598934,245240,2,2026-01-29,2026 China Kickoff,2685,China,China,TE,JDG,Pearl,3,13,0,JDG,3,True,False
598934,245241,3,2026-01-29,2026 China Kickoff,2685,China,China,TE,JDG,Corrode,13,4,1,decider,3,True,False
598935,245242,1,2026-01-29,2026 China Kickoff,2685,China,China,FPX,BLG,Pearl,9,13,0,BLG,3,True,False
598935,245243,2,2026-01-29,2026 China Kickoff,2685,China,China,FPX,BLG,Bind,15,17,0,FPX,3,True,False
594755,244351,1,2026-01-30,2026 EMEA Kickoff,2684,EMEA,EMEA,TL,FNC,Corrode,5,13,0,FNC,3,True,False
594755,244352,2,2026-01-30,2026 EMEA Kickoff,2684,EMEA,EMEA,TL,FNC,Split,9,13,0,TL,3,True,False
594756,244354,1,2026-01-30,2026 EMEA Kickoff,2684,EMEA,EMEA,GX,TH,Abyss,13,10,1,GX,3,True,False
594756,244355,2,2026-01-30,2026 EMEA Kickoff,2684,EMEA,EMEA,GX,TH,Haven,13,7,1,TH,3,True,False
595643,244601,1,2026-01-30,2026 Pacific Kickoff,2683,Pacific,Pacific,VL,KRX,Corrode,13,10,1,VL,3,True,False
595643,244602,2,2026-01-30,2026 Pacific Kickoff,2683,Pacific,Pacific,VL,KRX,Split,10,13,0,KRX,3,True,False
595643,244603,3,2026-01-30,2026 Pacific Kickoff,2683,Pacific,Pacific,VL,KRX,Bind,5,13,0,decider,3,True,False
595644,244604,1,2026-01-30,2026 Pacific Kickoff,2683,Pacific,Pacific,GEN,T1,Breeze,13,7,1,GEN,3,True,False
595644,244605,2,2026-01-30,2026 Pacific Kickoff,2683,Pacific,Pacific,GEN,T1,Bind,8,13,0,T1,3,True,False
595644,244606,3,2026-01-30,2026 Pacific Kickoff,2683,Pacific,Pacific,GEN,T1,Haven,9,13,0,decider,3,True,False
596406,244799,1,2026-01-30,2026 Americas Kickoff,2682,Americas,Americas,NRG,MIBR,Abyss,13,6,1,MIBR,3,True,False
596406,244800,2,2026-01-30,2026 Americas Kickoff,2682,Americas,Americas,NRG,MIBR,Split,11,13,0,NRG,3,True,False
596406,244801,3,2026-01-30,2026 Americas Kickoff,2682,Americas,Americas,NRG,MIBR,Breeze,8,13,0,decider,3,True,False
596407,244802,1,2026-01-30,2026 Americas Kickoff,2682,Americas,Americas,FUR,G2,Abyss,13,7,1,FUR,3,True,False
596407,244803,2,2026-01-30,2026 Americas Kickoff,2682,Americas,Americas,FUR,G2,Bind,6,13,0,G2,3,True,False
596407,244804,3,2026-01-30,2026 Americas Kickoff,2682,Americas,Americas,FUR,G2,Split,13,3,1,decider,3,True,False
598936,245245,1,2026-01-30,2026 China Kickoff,2685,China,China,TYL,TEC,Corrode,10,13,0,TYL,3,True,False
598936,245246,2,2026-01-30,2026 China Kickoff,2685,China,China,TYL,TEC,Breeze,13,9,1,TEC,3,True,False
598936,245247,3,2026-01-30,2026 China Kickoff,2685,China,China,TYL,TEC,Split,13,9,1,decider,3,True,False
598937,245248,1,2026-01-30,2026 China Kickoff,2685,China,China,TE,BLG,Abyss,10,13,0,TE,3,True,False
598937,245249,2,2026-01-30,2026 China Kickoff,2685,China,China,TE,BLG,Breeze,11,13,0,BLG,3,True,False
595638,244584,1,2026-01-31,2026 Pacific Kickoff,2683,Pacific,Pacific,NS,FS,Split,14,12,1,FS,3,True,False
595638,244585,2,2026-01-31,2026 Pacific Kickoff,2683,Pacific,Pacific,NS,FS,Bind,13,2,1,NS,3,True,False
595639,244587,1,2026-01-31,2026 Pacific Kickoff,2683,Pacific,Pacific,PRX,RRQ,Bind,6,13,0,PRX,3,True,False
595639,244588,2,2026-01-31,2026 Pacific Kickoff,2683,Pacific,Pacific,PRX,RRQ,Pearl,5,13,0,RRQ,3,True,False
596419,244842,1,2026-01-31,2026 Americas Kickoff,2682,Americas,Americas,LOUD,EG,Haven,5,13,0,EG,3,True,False
596419,244843,2,2026-01-31,2026 Americas Kickoff,2682,Americas,Americas,LOUD,EG,Abyss,12,14,0,LOUD,3,True,False
596420,244845,1,2026-01-31,2026 Americas Kickoff,2682,Americas,Americas,KRÜ,LEV,Bind,4,13,0,LEV,3,True,False
596420,244846,2,2026-01-31,2026 Americas Kickoff,2682,Americas,Americas,KRÜ,LEV,Split,10,13,0,KRÜ,3,True,False
598929,245222,1,2026-01-31,2026 China Kickoff,2685,China,China,AG,DRG,Corrode,7,13,0,DRG,3,True,False
598929,245223,2,2026-01-31,2026 China Kickoff,2685,China,China,AG,DRG,Bind,15,13,1,AG,3,True,False
598929,245224,3,2026-01-31,2026 China Kickoff,2685,China,China,AG,DRG,Abyss,13,10,1,decider,3,True,False
598942,245265,1,2026-01-31,2026 China Kickoff,2685,China,China,NOVA,WOL,Abyss,13,5,1,NOVA,3,True,False
598942,245266,2,2026-01-31,2026 China Kickoff,2685,China,China,NOVA,WOL,Haven,3,13,0,WOL,3,True,False
598942,245267,3,2026-01-31,2026 China Kickoff,2685,China,China,NOVA,WOL,Pearl,11,13,0,decider,3,True,False
595645,244607,1,2026-02-01,2026 Pacific Kickoff,2683,Pacific,Pacific,DFM,GE,Breeze,3,13,0,GE,3,True,False
595645,244608,2,2026-02-01,2026 Pacific Kickoff,2683,Pacific,Pacific,DFM,GE,Pearl,13,9,1,DFM,3,True,False
595645,244609,3,2026-02-01,2026 Pacific Kickoff,2683,Pacific,Pacific,DFM,GE,Split,13,8,1,decider,3,True,False
595646,244610,1,2026-02-01,2026 Pacific Kickoff,2683,Pacific,Pacific,KRX,T1,Split,8,13,0,KRX,3,True,False
595646,244611,2,2026-02-01,2026 Pacific Kickoff,2683,Pacific,Pacific,KRX,T1,Bind,8,13,0,T1,3,True,False
596415,244828,1,2026-02-01,2026 Americas Kickoff,2682,Americas,Americas,NRG,100T,Haven,13,9,1,100T,3,True,False
596415,244829,2,2026-02-01,2026 Americas Kickoff,2682,Americas,Americas,NRG,100T,Corrode,13,11,1,NRG,3,True,False
596416,244831,1,2026-02-01,2026 Americas Kickoff,2682,Americas,Americas,G2,C9,Corrode,13,11,1,C9,3,True,False
596416,244832,2,2026-02-01,2026 Americas Kickoff,2682,Americas,Americas,G2,C9,Bind,13,9,1,G2,3,True,False
598930,245225,1,2026-02-01,2026 China Kickoff,2685,China,China,XLG,EDG,Split,13,5,1,EDG,3,True,False
598930,245226,2,2026-02-01,2026 China Kickoff,2685,China,China,XLG,EDG,Pearl,13,6,1,XLG,3,True,False
598943,245268,1,2026-02-01,2026 China Kickoff,2685,China,China,JDG,FPX,Pearl,5,13,0,JDG,3,True,False
598943,245269,2,2026-02-01,2026 China Kickoff,2685,China,China,JDG,FPX,Bind,13,3,1,FPX,3,True,False
598943,245270,3,2026-02-01,2026 China Kickoff,2685,China,China,JDG,FPX,Haven,13,7,1,decider,3,True,False
594761,244371,1,2026-02-03,2026 EMEA Kickoff,2684,EMEA,EMEA,KC,FUT,Haven,14,12,1,KC,3,True,False
594761,244372,2,2026-02-03,2026 EMEA Kickoff,2684,EMEA,EMEA,KC,FUT,Split,8,13,0,FUT,3,True,False
594761,244373,3,2026-02-03,2026 EMEA Kickoff,2684,EMEA,EMEA,KC,FUT,Pearl,13,7,1,decider,3,True,False
594762,244374,1,2026-02-03,2026 EMEA Kickoff,2684,EMEA,EMEA,PCF,ULF,Split,5,13,0,ULF,3,True,False
594762,244375,2,2026-02-03,2026 EMEA Kickoff,2684,EMEA,EMEA,PCF,ULF,Abyss,8,13,0,PCF,3,True,False
598938,245251,1,2026-02-03,2026 China Kickoff,2685,China,China,DRG,TYL,Corrode,10,13,0,DRG,3,True,False
598938,245252,2,2026-02-03,2026 China Kickoff,2685,China,China,DRG,TYL,Split,13,6,1,TYL,3,True,False
598938,245253,3,2026-02-03,2026 China Kickoff,2685,China,China,DRG,TYL,Pearl,13,6,1,decider,3,True,False
598944,245271,1,2026-02-03,2026 China Kickoff,2685,China,China,TE,WOL,Abyss,12,14,0,TE,3,True,False
598944,245272,2,2026-02-03,2026 China Kickoff,2685,China,China,TE,WOL,Bind,13,8,1,WOL,3,True,False
598944,245273,3,2026-02-03,2026 China Kickoff,2685,China,China,TE,WOL,Split,13,6,1,decider,3,True,False
594757,244357,1,2026-02-04,2026 EMEA Kickoff,2684,EMEA,EMEA,NAVI,FNC,Split,10,13,0,NAVI,3,True,False
594757,244358,2,2026-02-04,2026 EMEA Kickoff,2684,EMEA,EMEA,NAVI,FNC,Breeze,13,6,1,FNC,3,True,False
594757,244359,3,2026-02-04,2026 EMEA Kickoff,2684,EMEA,EMEA,NAVI,FNC,Bind,15,17,0,decider,3,True,False
594758,244360,1,2026-02-04,2026 EMEA Kickoff,2684,EMEA,EMEA,VIT,GX,Abyss,13,0,1,GX,3,True,False
594758,244361,2,2026-02-04,2026 EMEA Kickoff,2684,EMEA,EMEA,VIT,GX,Breeze,13,11,1,VIT,3,True,False
598939,245254,1,2026-02-04,2026 China Kickoff,2685,China,China,EDG,BLG,Abyss,7,13,0,BLG,3,True,False
598939,245255,2,2026-02-04,2026 China Kickoff,2685,China,China,EDG,BLG,Haven,13,9,1,EDG,3,True,False
598939,245256,3,2026-02-04,2026 China Kickoff,2685,China,China,EDG,BLG,Breeze,5,13,0,decider,3,True,False
598945,245274,1,2026-02-04,2026 China Kickoff,2685,China,China,TEC,JDG,Bind,13,5,1,JDG,3,True,False
598945,245275,2,2026-02-04,2026 China Kickoff,2685,China,China,TEC,JDG,Haven,10,13,0,TEC,3,True,False
598945,245276,3,2026-02-04,2026 China Kickoff,2685,China,China,TEC,JDG,Split,8,13,0,decider,3,True,False
594763,244378,1,2026-02-05,2026 EMEA Kickoff,2684,EMEA,EMEA,TH,KC,Haven,13,8,1,TH,3,True,False
594763,244379,2,2026-02-05,2026 EMEA Kickoff,2684,EMEA,EMEA,TH,KC,Corrode,13,11,1,decider,3,True,False
594763,252723,3,2026-02-05,2026 EMEA Kickoff,2684,EMEA,EMEA,TH,KC,Abyss,2,13,0,KC,3,True,False
594764,244380,1,2026-02-05,2026 EMEA Kickoff,2684,EMEA,EMEA,TL,ULF,Split,8,13,0,ULF,3,True,False
594764,244382,2,2026-02-05,2026 EMEA Kickoff,2684,EMEA,EMEA,TL,ULF,Pearl,14,12,1,decider,3,True,False
594764,252724,3,2026-02-05,2026 EMEA Kickoff,2684,EMEA,EMEA,TL,ULF,Breeze,13,5,1,TL,3,True,False
595651,244627,1,2026-02-05,2026 Pacific Kickoff,2683,Pacific,Pacific,TS,ZETA,Bind,13,4,1,ZETA,3,True,False
595651,244628,2,2026-02-05,2026 Pacific Kickoff,2683,Pacific,Pacific,TS,ZETA,Split,4,13,0,TS,3,True,False
595651,244629,3,2026-02-05,2026 Pacific Kickoff,2683,Pacific,Pacific,TS,ZETA,Abyss,11,13,0,decider,3,True,False
595652,244630,1,2026-02-05,2026 Pacific Kickoff,2683,Pacific,Pacific,VL,GEN,Breeze,10,13,0,GEN,3,True,False
595652,244631,2,2026-02-05,2026 Pacific Kickoff,2683,Pacific,Pacific,VL,GEN,Pearl,20,18,1,VL,3,True,False
595652,244632,3,2026-02-05,2026 Pacific Kickoff,2683,Pacific,Pacific,VL,GEN,Haven,9,13,0,decider,3,True,False
598946,245277,1,2026-02-05,2026 China Kickoff,2685,China,China,TYL,TE,Haven,13,7,1,TYL,3,True,False
598946,245278,2,2026-02-05,2026 China Kickoff,2685,China,China,TYL,TE,Abyss,14,12,1,TE,3,True,False
598947,245280,1,2026-02-05,2026 China Kickoff,2685,China,China,EDG,JDG,Abyss,13,6,1,JDG,3,True,False
598947,245281,2,2026-02-05,2026 China Kickoff,2685,China,China,EDG,JDG,Haven,6,13,0,EDG,3,True,False
598947,245282,3,2026-02-05,2026 China Kickoff,2685,China,China,EDG,JDG,Corrode,13,5,1,decider,3,True,False
594765,244383,1,2026-02-06,2026 EMEA Kickoff,2684,EMEA,EMEA,NAVI,TH,Haven,5,13,0,TH,3,True,False
594765,244384,2,2026-02-06,2026 EMEA Kickoff,2684,EMEA,EMEA,NAVI,TH,Breeze,4,13,0,NAVI,3,True,False
594766,244386,1,2026-02-06,2026 EMEA Kickoff,2684,EMEA,EMEA,GX,TL,Breeze,4,13,0,TL,3,True,False
594766,244387,2,2026-02-06,2026 EMEA Kickoff,2684,EMEA,EMEA,GX,TL,Pearl,13,6,1,GX,3,True,False
594766,244388,3,2026-02-06,2026 EMEA Kickoff,2684,EMEA,EMEA,GX,TL,Bind,14,16,0,decider,3,True,False
595647,244613,1,2026-02-06,2026 Pacific Kickoff,2683,Pacific,Pacific,FS,DFM,Pearl,13,7,1,DFM,3,True,False
595647,244614,2,2026-02-06,2026 Pacific Kickoff,2683,Pacific,Pacific,FS,DFM,Split,9,13,0,FS,3,True,False
595647,244615,3,2026-02-06,2026 Pacific Kickoff,2683,Pacific,Pacific,FS,DFM,Haven,6,13,0,decider,3,True,False
595648,244616,1,2026-02-06,2026 Pacific Kickoff,2683,Pacific,Pacific,PRX,T1,Pearl,13,10,1,T1,3,True,False
595648,244617,2,2026-02-06,2026 Pacific Kickoff,2683,Pacific,Pacific,PRX,T1,Breeze,9,13,0,PRX,3,True,False
595648,244618,3,2026-02-06,2026 Pacific Kickoff,2683,Pacific,Pacific,PRX,T1,Bind,8,13,0,decider,3,True,False
596421,244848,1,2026-02-06,2026 Americas Kickoff,2682,Americas,Americas,ENVY,EG,Pearl,14,16,0,EG,3,True,False
596421,244849,2,2026-02-06,2026 Americas Kickoff,2682,Americas,Americas,ENVY,EG,Corrode,5,13,0,ENVY,3,True,False
596422,244851,1,2026-02-06,2026 Americas Kickoff,2682,Americas,Americas,SEN,LEV,Corrode,10,13,0,SEN,3,True,False
596422,244852,2,2026-02-06,2026 Americas Kickoff,2682,Americas,Americas,SEN,LEV,Bind,12,14,0,LEV,3,True,False
598940,245257,1,2026-02-06,2026 China Kickoff,2685,China,China,DRG,BLG,Split,6,13,0,DRG,3,True,False
598940,245258,2,2026-02-06,2026 China Kickoff,2685,China,China,DRG,BLG,Abyss,2,13,0,BLG,3,True,False
598948,245283,1,2026-02-06,2026 China Kickoff,2685,China,China,TYL,EDG,Bind,13,3,1,EDG,3,True,False
598948,245284,2,2026-02-06,2026 China Kickoff,2685,China,China,TYL,EDG,Haven,9,13,0,TYL,3,True,False
598948,245285,3,2026-02-06,2026 China Kickoff,2685,China,China,TYL,EDG,Corrode,7,13,0,decider,3,True,False
595653,244633,1,2026-02-07,2026 Pacific Kickoff,2683,Pacific,Pacific,KRX,ZETA,Haven,13,7,1,ZETA,3,True,False
595653,244634,2,2026-02-07,2026 Pacific Kickoff,2683,Pacific,Pacific,KRX,ZETA,Bind,7,13,0,KRX,3,True,False
595653,244635,3,2026-02-07,2026 Pacific Kickoff,2683,Pacific,Pacific,KRX,ZETA,Split,13,9,1,decider,3,True,False
595654,244636,1,2026-02-07,2026 Pacific Kickoff,2683,Pacific,Pacific,GE,GEN,Breeze,13,15,0,GEN,3,True,False
595654,244637,2,2026-02-07,2026 Pacific Kickoff,2683,Pacific,Pacific,GE,GEN,Abyss,13,11,1,GE,3,True,False
595654,244638,3,2026-02-07,2026 Pacific Kickoff,2683,Pacific,Pacific,GE,GEN,Haven,13,11,1,decider,3,True,False
596417,244834,1,2026-02-07,2026 Americas Kickoff,2682,Americas,Americas,NRG,G2,Pearl,3,13,0,NRG,3,True,False
596417,244835,2,2026-02-07,2026 Americas Kickoff,2682,Americas,Americas,NRG,G2,Split,8,13,0,G2,3,True,False
596423,244854,1,2026-02-07,2026 Americas Kickoff,2682,Americas,Americas,100T,EG,Haven,13,11,1,EG,3,True,False
596423,244855,2,2026-02-07,2026 Americas Kickoff,2682,Americas,Americas,100T,EG,Bind,15,13,1,100T,3,True,False
596424,244857,1,2026-02-07,2026 Americas Kickoff,2682,Americas,Americas,C9,LEV,Bind,13,5,1,LEV,3,True,False
596424,244858,2,2026-02-07,2026 Americas Kickoff,2682,Americas,Americas,C9,LEV,Breeze,13,7,1,C9,3,True,False
598931,245228,1,2026-02-07,2026 China Kickoff,2685,China,China,AG,XLG,Pearl,13,5,1,XLG,5,True,False
598931,245229,2,2026-02-07,2026 China Kickoff,2685,China,China,AG,XLG,Split,13,11,1,AG,5,True,False
598931,245230,3,2026-02-07,2026 China Kickoff,2685,China,China,AG,XLG,Bind,7,13,0,XLG,5,True,False
598931,245231,4,2026-02-07,2026 China Kickoff,2685,China,China,AG,XLG,Abyss,6,13,0,AG,5,True,False
598931,245232,5,2026-02-07,2026 China Kickoff,2685,China,China,AG,XLG,Haven,13,10,1,decider,5,True,False
598949,245286,1,2026-02-07,2026 China Kickoff,2685,China,China,DRG,EDG,Split,13,11,1,EDG,3,True,False
598949,245287,2,2026-02-07,2026 China Kickoff,2685,China,China,DRG,EDG,Pearl,2,13,0,DRG,3,True,False
598949,245288,3,2026-02-07,2026 China Kickoff,2685,China,China,DRG,EDG,Corrode,6,13,0,decider,3,True,False
595655,244639,1,2026-02-08,2026 Pacific Kickoff,2683,Pacific,Pacific,FS,KRX,Corrode,3,13,0,FS,3,True,False
595655,244640,2,2026-02-08,2026 Pacific Kickoff,2683,Pacific,Pacific,FS,KRX,Abyss,9,13,0,KRX,3,True,False
595656,244642,1,2026-02-08,2026 Pacific Kickoff,2683,Pacific,Pacific,PRX,GE,Corrode,13,10,1,GE,3,True,False
595656,244643,2,2026-02-08,2026 Pacific Kickoff,2683,Pacific,Pacific,PRX,GE,Breeze,6,13,0,PRX,3,True,False
595656,244644,3,2026-02-08,2026 Pacific Kickoff,2683,Pacific,Pacific,PRX,GE,Split,14,12,1,decider,3,True,False
598941,245260,1,2026-02-08,2026 China Kickoff,2685,China,China,XLG,BLG,Abyss,14,16,0,BLG,5,True,False
598941,245261,2,2026-02-08,2026 China Kickoff,2685,China,China,XLG,BLG,Bind,13,4,1,XLG,5,True,False
598941,245262,3,2026-02-08,2026 China Kickoff,2685,China,China,XLG,BLG,Breeze,12,14,0,BLG,5,True,False
598941,245263,4,2026-02-08,2026 China Kickoff,2685,China,China,XLG,BLG,Pearl,13,11,1,XLG,5,True,False
598941,245264,5,2026-02-08,2026 China Kickoff,2685,China,China,XLG,BLG,Split,13,4,1,decider,5,True,False
598950,245289,1,2026-02-09,2026 China Kickoff,2685,China,China,BLG,EDG,Pearl,13,9,1,BLG,5,True,False
598950,245290,2,2026-02-09,2026 China Kickoff,2685,China,China,BLG,EDG,Haven,10,13,0,EDG,5,True,False
598950,245291,3,2026-02-09,2026 China Kickoff,2685,China,China,BLG,EDG,Abyss,10,13,0,BLG,5,True,False
598950,253654,4,2026-02-09,2026 China Kickoff,2685,China,China,BLG,EDG,Split,6,13,0,EDG,5,True,False
594767,244389,1,2026-02-12,2026 EMEA Kickoff,2684,EMEA,EMEA,TH,TL,Abyss,11,13,0,TL,3,True,False
594767,244390,2,2026-02-12,2026 EMEA Kickoff,2684,EMEA,EMEA,TH,TL,Bind,3,13,0,TH,3,True,False
595657,244645,1,2026-02-12,2026 Pacific Kickoff,2683,Pacific,Pacific,KRX,PRX,Haven,11,13,0,PRX,3,True,False
595657,244646,2,2026-02-12,2026 Pacific Kickoff,2683,Pacific,Pacific,KRX,PRX,Corrode,13,8,1,KRX,3,True,False
595657,244647,3,2026-02-12,2026 Pacific Kickoff,2683,Pacific,Pacific,KRX,PRX,Breeze,10,13,0,decider,3,True,False
594750,244334,1,2026-02-13,2026 EMEA Kickoff,2684,EMEA,EMEA,M8,BBL,Haven,13,11,1,BBL,5,True,False
594750,244335,2,2026-02-13,2026 EMEA Kickoff,2684,EMEA,EMEA,M8,BBL,Abyss,13,15,0,M8,5,True,False
594750,244336,3,2026-02-13,2026 EMEA Kickoff,2684,EMEA,EMEA,M8,BBL,Pearl,14,16,0,BBL,5,True,False
594750,244337,4,2026-02-13,2026 EMEA Kickoff,2684,EMEA,EMEA,M8,BBL,Split,13,4,1,M8,5,True,False
594750,244338,5,2026-02-13,2026 EMEA Kickoff,2684,EMEA,EMEA,M8,BBL,Corrode,6,13,0,decider,5,True,False
594759,244363,1,2026-02-13,2026 EMEA Kickoff,2684,EMEA,EMEA,FNC,VIT,Abyss,13,5,1,VIT,3,True,False
594759,244364,2,2026-02-13,2026 EMEA Kickoff,2684,EMEA,EMEA,FNC,VIT,Bind,13,8,1,FNC,3,True,False
595640,244590,1,2026-02-13,2026 Pacific Kickoff,2683,Pacific,Pacific,NS,RRQ,Corrode,12,14,0,RRQ,5,True,False
595640,244591,2,2026-02-13,2026 Pacific Kickoff,2683,Pacific,Pacific,NS,RRQ,Bind,13,8,1,NS,5,True,False
595640,244592,3,2026-02-13,2026 Pacific Kickoff,2683,Pacific,Pacific,NS,RRQ,Haven,13,5,1,RRQ,5,True,False
595640,244593,4,2026-02-13,2026 Pacific Kickoff,2683,Pacific,Pacific,NS,RRQ,Abyss,11,13,0,NS,5,True,False
595640,244594,5,2026-02-13,2026 Pacific Kickoff,2683,Pacific,Pacific,NS,RRQ,Breeze,13,7,1,decider,5,True,False
595649,244619,1,2026-02-13,2026 Pacific Kickoff,2683,Pacific,Pacific,DFM,T1,Pearl,7,13,0,DFM,3,True,False
595649,244620,2,2026-02-13,2026 Pacific Kickoff,2683,Pacific,Pacific,DFM,T1,Split,10,13,0,T1,3,True,False
596408,244805,1,2026-02-13,2026 Americas Kickoff,2682,Americas,Americas,MIBR,FUR,Bind,13,8,1,MIBR,5,True,False
596408,244806,2,2026-02-13,2026 Americas Kickoff,2682,Americas,Americas,MIBR,FUR,Abyss,8,13,0,FUR,5,True,False
596408,244807,3,2026-02-13,2026 Americas Kickoff,2682,Americas,Americas,MIBR,FUR,Haven,11,13,0,MIBR,5,True,False
596408,244808,4,2026-02-13,2026 Americas Kickoff,2682,Americas,Americas,MIBR,FUR,Breeze,13,2,1,FUR,5,True,False
596408,244809,5,2026-02-13,2026 Americas Kickoff,2682,Americas,Americas,MIBR,FUR,Split,8,13,0,decider,5,True,False
596425,244860,1,2026-02-13,2026 Americas Kickoff,2682,Americas,Americas,100T,C9,Pearl,14,12,1,C9,3,True,False
596425,244861,2,2026-02-13,2026 Americas Kickoff,2682,Americas,Americas,100T,C9,Split,11,13,0,100T,3,True,False
596425,244862,3,2026-02-13,2026 Americas Kickoff,2682,Americas,Americas,100T,C9,Abyss,13,2,1,decider,3,True,False
594760,244366,1,2026-02-14,2026 EMEA Kickoff,2684,EMEA,EMEA,M8,FNC,Abyss,10,13,0,M8,5,True,False
594760,244367,2,2026-02-14,2026 EMEA Kickoff,2684,EMEA,EMEA,M8,FNC,Corrode,14,16,0,FNC,5,True,False
594760,244368,3,2026-02-14,2026 EMEA Kickoff,2684,EMEA,EMEA,M8,FNC,Split,13,6,1,M8,5,True,False
594760,244369,4,2026-02-14,2026 EMEA Kickoff,2684,EMEA,EMEA,M8,FNC,Bind,14,12,1,FNC,5,True,False
594760,244370,5,2026-02-14,2026 EMEA Kickoff,2684,EMEA,EMEA,M8,FNC,Haven,14,12,1,decider,5,True,False
594768,244392,1,2026-02-14,2026 EMEA Kickoff,2684,EMEA,EMEA,VIT,TL,Corrode,13,8,1,VIT,3,True,False
594768,244393,2,2026-02-14,2026 EMEA Kickoff,2684,EMEA,EMEA,VIT,TL,Bind,3,13,0,TL,3,True,False
594768,244394,3,2026-02-14,2026 EMEA Kickoff,2684,EMEA,EMEA,VIT,TL,Breeze,9,13,0,decider,3,True,False
595650,244622,1,2026-02-14,2026 Pacific Kickoff,2683,Pacific,Pacific,RRQ,T1,Pearl,7,13,0,RRQ,5,True,False
595650,244623,2,2026-02-14,2026 Pacific Kickoff,2683,Pacific,Pacific,RRQ,T1,Breeze,2,13,0,T1,5,True,False
595650,244624,3,2026-02-14,2026 Pacific Kickoff,2683,Pacific,Pacific,RRQ,T1,Abyss,17,19,0,RRQ,5,True,False
595658,244648,1,2026-02-14,2026 Pacific Kickoff,2683,Pacific,Pacific,DFM,PRX,Haven,11,13,0,PRX,3,True,False
595658,244649,2,2026-02-14,2026 Pacific Kickoff,2683,Pacific,Pacific,DFM,PRX,Split,2,13,0,DFM,3,True,False
596418,244837,1,2026-02-14,2026 Americas Kickoff,2682,Americas,Americas,MIBR,G2,Breeze,6,13,0,MIBR,5,True,False
596418,244838,2,2026-02-14,2026 Americas Kickoff,2682,Americas,Americas,MIBR,G2,Haven,4,13,0,G2,5,True,False
596418,244839,3,2026-02-14,2026 Americas Kickoff,2682,Americas,Americas,MIBR,G2,Corrode,7,13,0,MIBR,5,True,False
596426,244863,1,2026-02-14,2026 Americas Kickoff,2682,Americas,Americas,NRG,100T,Pearl,13,3,1,100T,3,True,False
596426,244864,2,2026-02-14,2026 Americas Kickoff,2682,Americas,Americas,NRG,100T,Abyss,13,8,1,NRG,3,True,False
594769,244395,1,2026-02-15,2026 EMEA Kickoff,2684,EMEA,EMEA,FNC,TL,Corrode,6,13,0,FNC,5,True,False
594769,244396,2,2026-02-15,2026 EMEA Kickoff,2684,EMEA,EMEA,FNC,TL,Bind,10,13,0,TL,5,True,False
594769,244397,3,2026-02-15,2026 EMEA Kickoff,2684,EMEA,EMEA,FNC,TL,Abyss,16,18,0,FNC,5,True,False
595659,244651,1,2026-02-15,2026 Pacific Kickoff,2683,Pacific,Pacific,RRQ,PRX,Haven,8,13,0,PRX,5,True,False
595659,244652,2,2026-02-15,2026 Pacific Kickoff,2683,Pacific,Pacific,RRQ,PRX,Corrode,13,10,1,RRQ,5,True,False
595659,244653,3,2026-02-15,2026 Pacific Kickoff,2683,Pacific,Pacific,RRQ,PRX,Breeze,10,13,0,PRX,5,True,False
595659,244654,4,2026-02-15,2026 Pacific Kickoff,2683,Pacific,Pacific,RRQ,PRX,Pearl,10,13,0,RRQ,5,True,False
596427,244866,1,2026-02-15,2026 Americas Kickoff,2682,Americas,Americas,MIBR,NRG,Bind,13,9,1,MIBR,5,True,False
596427,244867,2,2026-02-15,2026 Americas Kickoff,2682,Americas,Americas,MIBR,NRG,Corrode,13,5,1,NRG,5,True,False
596427,244868,3,2026-02-15,2026 Americas Kickoff,2682,Americas,Americas,MIBR,NRG,Split,10,13,0,MIBR,5,True,False
596427,244869,4,2026-02-15,2026 Americas Kickoff,2682,Americas,Americas,MIBR,NRG,Abyss,4,13,0,NRG,5,True,False
596427,244870,5,2026-02-15,2026 Americas Kickoff,2682,Americas,Americas,MIBR,NRG,Haven,5,13,0,decider,5,True,False
625788,254143,1,2026-02-28,2026 Masters Santiago,2760,EMEA,China,M8,EDG,Haven,13,11,1,EDG,3,True,True
625788,254144,2,2026-02-28,2026 Masters Santiago,2760,EMEA,China,M8,EDG,Pearl,13,7,1,M8,3,True,True
625791,254152,1,2026-02-28,2026 Masters Santiago,2760,China,Americas,XLG,NRG,Haven,2,13,0,NRG,3,True,True
625791,254153,2,2026-02-28,2026 Masters Santiago,2760,China,Americas,XLG,NRG,Abyss,10,13,0,XLG,3,True,True
625789,254146,1,2026-03-01,2026 Masters Santiago,2760,Pacific,EMEA,T1,TL,Breeze,8,13,0,TL,3,True,True
625789,254147,2,2026-03-01,2026 Masters Santiago,2760,Pacific,EMEA,T1,TL,Split,13,15,0,T1,3,True,True
625790,254149,1,2026-03-01,2026 Masters Santiago,2760,Americas,Pacific,G2,PRX,Split,9,13,0,PRX,3,True,True
625790,254150,2,2026-03-01,2026 Masters Santiago,2760,Americas,Pacific,G2,PRX,Corrode,5,13,0,G2,3,True,True
626529,254342,1,2026-03-02,2026 Masters Santiago,2760,Pacific,Americas,PRX,NRG,Split,13,10,1,PRX,3,True,True
626529,254343,2,2026-03-02,2026 Masters Santiago,2760,Pacific,Americas,PRX,NRG,Pearl,10,13,0,NRG,3,True,True
626529,254344,3,2026-03-02,2026 Masters Santiago,2760,Pacific,Americas,PRX,NRG,Haven,13,11,1,decider,3,True,True
626530,254345,1,2026-03-02,2026 Masters Santiago,2760,EMEA,EMEA,M8,TL,Pearl,13,11,1,M8,3,True,True
626530,254346,2,2026-03-02,2026 Masters Santiago,2760,EMEA,EMEA,M8,TL,Bind,13,3,1,TL,3,True,True
626532,254348,1,2026-03-03,2026 Masters Santiago,2760,China,Pacific,EDG,T1,Bind,1,13,0,T1,3,True,True
626532,254349,2,2026-03-03,2026 Masters Santiago,2760,China,Pacific,EDG,T1,Haven,10,13,0,EDG,3,True,True
626533,254351,1,2026-03-03,2026 Masters Santiago,2760,China,Americas,XLG,G2,Abyss,8,13,0,XLG,3,True,True
626533,254352,2,2026-03-03,2026 Masters Santiago,2760,China,Americas,XLG,G2,Haven,3,13,0,G2,3,True,True
626534,254354,1,2026-03-04,2026 Masters Santiago,2760,Americas,Pacific,G2,T1,Breeze,13,6,1,T1,3,True,True
626534,254355,2,2026-03-04,2026 Masters Santiago,2760,Americas,Pacific,G2,T1,Haven,16,14,1,G2,3,True,True
626535,254357,1,2026-03-04,2026 Masters Santiago,2760,Americas,EMEA,NRG,TL,Breeze,13,11,1,TL,3,True,True
626535,254358,2,2026-03-04,2026 Masters Santiago,2760,Americas,EMEA,NRG,TL,Abyss,13,4,1,NRG,3,True,True
626537,254360,1,2026-03-06,2026 Masters Santiago,2760,Pacific,EMEA,NS,M8,Haven,13,10,1,M8,3,True,True
626537,254361,2,2026-03-06,2026 Masters Santiago,2760,Pacific,EMEA,NS,M8,Corrode,13,10,1,NS,3,True,True
626539,254366,1,2026-03-06,2026 Masters Santiago,2760,Americas,Pacific,FUR,PRX,Haven,13,9,1,PRX,3,True,True
626539,254367,2,2026-03-06,2026 Masters Santiago,2760,Americas,Pacific,FUR,PRX,Breeze,4,13,0,FUR,3,True,True
626539,254368,3,2026-03-06,2026 Masters Santiago,2760,Americas,Pacific,FUR,PRX,Split,7,13,0,decider,3,True,True
626538,254363,1,2026-03-07,2026 Masters Santiago,2760,China,Americas,AG,G2,Split,6,13,0,AG,3,True,True
626538,254364,2,2026-03-07,2026 Masters Santiago,2760,China,Americas,AG,G2,Abyss,4,13,0,G2,3,True,True
626540,254369,1,2026-03-07,2026 Masters Santiago,2760,EMEA,Americas,BBL,NRG,Pearl,6,13,0,BBL,3,True,True
626540,254370,2,2026-03-07,2026 Masters Santiago,2760,EMEA,Americas,BBL,NRG,Abyss,13,6,1,NRG,3,True,True
626540,254371,3,2026-03-07,2026 Masters Santiago,2760,EMEA,Americas,BBL,NRG,Split,15,17,0,decider,3,True,True
626545,254386,1,2026-03-08,2026 Masters Santiago,2760,EMEA,China,M8,AG,Pearl,13,5,1,M8,3,True,True
626545,254387,2,2026-03-08,2026 Masters Santiago,2760,EMEA,China,M8,AG,Split,4,13,0,AG,3,True,True
626545,254388,3,2026-03-08,2026 Masters Santiago,2760,EMEA,China,M8,AG,Bind,8,13,0,decider,3,True,True
626546,254389,1,2026-03-08,2026 Masters Santiago,2760,Americas,EMEA,FUR,BBL,Haven,7,13,0,FUR,3,True,True
626546,254390,2,2026-03-08,2026 Masters Santiago,2760,Americas,EMEA,FUR,BBL,Breeze,13,10,1,BBL,3,True,True
626546,254391,3,2026-03-08,2026 Masters Santiago,2760,Americas,EMEA,FUR,BBL,Abyss,11,13,0,decider,3,True,True
626541,254373,1,2026-03-09,2026 Masters Santiago,2760,Pacific,Americas,NS,G2,Corrode,13,7,1,NS,3,True,True
626541,254374,2,2026-03-09,2026 Masters Santiago,2760,Pacific,Americas,NS,G2,Split,14,12,1,decider,3,True,True
626541,256753,3,2026-03-09,2026 Masters Santiago,2760,Pacific,Americas,NS,G2,Abyss,7,13,0,G2,3,True,True
626542,254375,1,2026-03-09,2026 Masters Santiago,2760,Pacific,Americas,PRX,NRG,Pearl,12,14,0,NRG,3,True,True
626542,254376,2,2026-03-09,2026 Masters Santiago,2760,Pacific,Americas,PRX,NRG,Bind,11,13,0,PRX,3,True,True
626547,254392,1,2026-03-10,2026 Masters Santiago,2760,Pacific,China,PRX,AG,Corrode,10,13,0,AG,3,True,True
626547,254393,2,2026-03-10,2026 Masters Santiago,2760,Pacific,China,PRX,AG,Pearl,13,7,1,PRX,3,True,True
626547,254394,3,2026-03-10,2026 Masters Santiago,2760,Pacific,China,PRX,AG,Split,13,4,1,decider,3,True,True
626548,254395,1,2026-03-10,2026 Masters Santiago,2760,Americas,EMEA,G2,BBL,Haven,13,5,1,BBL,3,True,True
626548,256892,2,2026-03-10,2026 Masters Santiago,2760,Americas,EMEA,G2,BBL,Breeze,13,8,1,G2,3,True,True
626543,254378,1,2026-03-13,2026 Masters Santiago,2760,Pacific,Americas,NS,NRG,Bind,13,9,1,NS,3,True,True
626543,254379,2,2026-03-13,2026 Masters Santiago,2760,Pacific,Americas,NS,NRG,Abyss,13,11,1,NRG,3,True,True
626549,254398,1,2026-03-13,2026 Masters Santiago,2760,Pacific,Americas,PRX,G2,Haven,11,13,0,PRX,3,True,True
626549,254399,2,2026-03-13,2026 Masters Santiago,2760,Pacific,Americas,PRX,G2,Breeze,13,9,1,G2,3,True,True
626549,254400,3,2026-03-13,2026 Masters Santiago,2760,Pacific,Americas,PRX,G2,Corrode,13,4,1,decider,3,True,True
626550,254401,1,2026-03-14,2026 Masters Santiago,2760,Americas,Pacific,NRG,PRX,Pearl,13,8,1,NRG,5,True,True
626550,254402,2,2026-03-14,2026 Masters Santiago,2760,Americas,Pacific,NRG,PRX,Split,7,13,0,PRX,5,True,True
626550,254403,3,2026-03-14,2026 Masters Santiago,2760,Americas,Pacific,NRG,PRX,Corrode,6,13,0,NRG,5,True,True
626550,254404,4,2026-03-14,2026 Masters Santiago,2760,Americas,Pacific,NRG,PRX,Breeze,9,13,0,PRX,5,True,True
626544,254381,1,2026-03-15,2026 Masters Santiago,2760,Pacific,Pacific,NS,PRX,Corrode,13,11,1,NS,5,True,True
626544,254382,2,2026-03-15,2026 Masters Santiago,2760,Pacific,Pacific,NS,PRX,Split,13,4,1,PRX,5,True,True
626544,254383,3,2026-03-15,2026 Masters Santiago,2760,Pacific,Pacific,NS,PRX,Abyss,13,3,1,NS,5,True,True
642914,257925,1,2026-03-31,2026 China Stage 1,2864,China,China,TEC,AG,Lotus,7,13,0,TEC,3,True,False
642914,257926,2,2026-03-31,2026 China Stage 1,2864,China,China,TEC,AG,Bind,13,8,1,AG,3,True,False
642914,257927,3,2026-03-31,2026 China Stage 1,2864,China,China,TEC,AG,Breeze,13,15,0,decider,3,True,False
642915,257928,1,2026-03-31,2026 China Stage 1,2864,China,China,NOVA,EDG,Fracture,2,13,0,EDG,3,True,False
642915,257929,2,2026-03-31,2026 China Stage 1,2864,China,China,NOVA,EDG,Breeze,3,13,0,NOVA,3,True,False
642916,257931,1,2026-04-01,2026 China Stage 1,2864,China,China,JDG,FPX,Lotus,13,8,1,JDG,3,True,False
642916,257933,2,2026-04-01,2026 China Stage 1,2864,China,China,JDG,FPX,Split,13,7,1,decider,3,True,False
642916,260852,3,2026-04-01,2026 China Stage 1,2864,China,China,JDG,FPX,Pearl,7,13,0,FPX,3,True,False
642917,257934,1,2026-04-01,2026 China Stage 1,2864,China,China,DRG,XLG,Lotus,4,13,0,DRG,3,True,False
642917,257935,2,2026-04-01,2026 China Stage 1,2864,China,China,DRG,XLG,Bind,11,13,0,XLG,3,True,False
644709,258339,1,2026-04-01,2026 EMEA Stage 1,2863,EMEA,EMEA,FNC,EF,Breeze,14,12,1,EF,3,True,False
644709,258340,2,2026-04-01,2026 EMEA Stage 1,2863,EMEA,EMEA,FNC,EF,Bind,15,17,0,FNC,3,True,False
644709,258341,3,2026-04-01,2026 EMEA Stage 1,2863,EMEA,EMEA,FNC,EF,Lotus,13,2,1,decider,3,True,False
644710,258342,1,2026-04-01,2026 EMEA Stage 1,2863,EMEA,EMEA,TL,KC,Haven,13,10,1,KC,3,True,False
644710,258343,2,2026-04-01,2026 EMEA Stage 1,2863,EMEA,EMEA,TL,KC,Pearl,13,7,1,TL,3,True,False
642918,257937,1,2026-04-02,2026 China Stage 1,2864,China,China,WOL,TE,Lotus,9,13,0,WOL,3,True,False
642918,257938,2,2026-04-02,2026 China Stage 1,2864,China,China,WOL,TE,Bind,8,13,0,TE,3,True,False
642919,257940,1,2026-04-02,2026 China Stage 1,2864,China,China,BLG,TYL,Bind,7,13,0,TYL,3,True,False
642919,257941,2,2026-04-02,2026 China Stage 1,2864,China,China,BLG,TYL,Pearl,13,3,1,BLG,3,True,False
642919,257942,3,2026-04-02,2026 China Stage 1,2864,China,China,BLG,TYL,Breeze,8,13,0,decider,3,True,False
644711,258345,1,2026-04-02,2026 EMEA Stage 1,2863,EMEA,EMEA,VIT,GX,Haven,13,8,1,VIT,3,True,False
644711,258346,2,2026-04-02,2026 EMEA Stage 1,2863,EMEA,EMEA,VIT,GX,Pearl,13,3,1,GX,3,True,False
644712,258348,1,2026-04-02,2026 EMEA Stage 1,2863,EMEA,EMEA,M8,FUT,Pearl,13,10,1,M8,3,True,False
644712,258349,2,2026-04-02,2026 EMEA Stage 1,2863,EMEA,EMEA,M8,FUT,Bind,8,13,0,FUT,3,True,False
644712,258350,3,2026-04-02,2026 EMEA Stage 1,2863,EMEA,EMEA,M8,FUT,Haven,6,13,0,decider,3,True,False
642920,257943,1,2026-04-03,2026 China Stage 1,2864,China,China,DRG,NOVA,Breeze,13,5,1,DRG,3,True,False
642920,257944,2,2026-04-03,2026 China Stage 1,2864,China,China,DRG,NOVA,Haven,13,7,1,NOVA,3,True,False
642921,257946,1,2026-04-03,2026 China Stage 1,2864,China,China,FPX,AG,Split,13,5,1,AG,3,True,False
642921,257947,2,2026-04-03,2026 China Stage 1,2864,China,China,FPX,AG,Pearl,13,6,1,FPX,3,True,False
644652,258249,1,2026-04-03,2026 Pacific Stage 1,2775,Pacific,Pacific,GEN,GE,Bind,8,13,0,GE,3,True,False
644652,258250,2,2026-04-03,2026 Pacific Stage 1,2775,Pacific,Pacific,GEN,GE,Split,4,13,0,GEN,3,True,False
644653,258252,1,2026-04-03,2026 Pacific Stage 1,2775,Pacific,Pacific,T1,VL,Haven,13,11,1,T1,3,True,False
644653,258253,2,2026-04-03,2026 Pacific Stage 1,2775,Pacific,Pacific,T1,VL,Pearl,13,4,1,VL,3,True,False
644713,258351,1,2026-04-03,2026 EMEA Stage 1,2863,EMEA,EMEA,TH,NAVI,Pearl,13,9,1,NAVI,3,True,False
644713,258352,2,2026-04-03,2026 EMEA Stage 1,2863,EMEA,EMEA,TH,NAVI,Lotus,9,13,0,TH,3,True,False
644713,258353,3,2026-04-03,2026 EMEA Stage 1,2863,EMEA,EMEA,TH,NAVI,Bind,9,13,0,decider,3,True,False
644714,258354,1,2026-04-03,2026 EMEA Stage 1,2863,EMEA,EMEA,BBL,PCF,Split,13,11,1,PCF,3,True,False
644714,258355,2,2026-04-03,2026 EMEA Stage 1,2863,EMEA,EMEA,BBL,PCF,Breeze,13,8,1,BBL,3,True,False
642922,257949,1,2026-04-04,2026 China Stage 1,2864,China,China,TYL,TEC,Split,15,13,1,TYL,3,True,False
642922,257950,2,2026-04-04,2026 China Stage 1,2864,China,China,TYL,TEC,Fracture,13,5,1,TEC,3,True,False
642923,257952,1,2026-04-04,2026 China Stage 1,2864,China,China,WOL,EDG,Fracture,9,13,0,EDG,3,True,False
642923,257953,2,2026-04-04,2026 China Stage 1,2864,China,China,WOL,EDG,Lotus,10,13,0,WOL,3,True,False
644654,258255,1,2026-04-04,2026 Pacific Stage 1,2775,Pacific,Pacific,NS,PRX,Fracture,15,13,1,PRX,3,True,False
644654,258256,2,2026-04-04,2026 Pacific Stage 1,2775,Pacific,Pacific,NS,PRX,Split,10,13,0,NS,3,True,False
644654,258257,3,2026-04-04,2026 Pacific Stage 1,2775,Pacific,Pacific,NS,PRX,Lotus,6,13,0,decider,3,True,False
644655,258258,1,2026-04-04,2026 Pacific Stage 1,2775,Pacific,Pacific,FS,DFM,Pearl,13,6,1,DFM,3,True,False
644655,258259,2,2026-04-04,2026 Pacific Stage 1,2775,Pacific,Pacific,FS,DFM,Bind,13,8,1,FS,3,True,False
642924,257955,1,2026-04-05,2026 China Stage 1,2864,China,China,TE,XLG,Breeze,13,9,1,TE,3,True,False
642924,257956,2,2026-04-05,2026 China Stage 1,2864,China,China,TE,XLG,Lotus,7,13,0,XLG,3,True,False
642924,257957,3,2026-04-05,2026 China Stage 1,2864,China,China,TE,XLG,Bind,10,13,0,decider,3,True,False
642925,257958,1,2026-04-05,2026 China Stage 1,2864,China,China,BLG,JDG,Haven,13,4,1,JDG,3,True,False
642925,257959,2,2026-04-05,2026 China Stage 1,2864,China,China,BLG,JDG,Fracture,13,6,1,BLG,3,True,False
644656,258261,1,2026-04-05,2026 Pacific Stage 1,2775,Pacific,Pacific,TS,KRX,Pearl,5,13,0,TS,3,True,False
644656,258262,2,2026-04-05,2026 Pacific Stage 1,2775,Pacific,Pacific,TS,KRX,Fracture,13,15,0,KRX,3,True,False
644657,258264,1,2026-04-05,2026 Pacific Stage 1,2775,Pacific,Pacific,RRQ,ZETA,Split,7,13,0,ZETA,3,True,False
644657,258265,2,2026-04-05,2026 Pacific Stage 1,2775,Pacific,Pacific,RRQ,ZETA,Fracture,13,6,1,RRQ,3,True,False
644657,258266,3,2026-04-05,2026 Pacific Stage 1,2775,Pacific,Pacific,RRQ,ZETA,Haven,13,11,1,decider,3,True,False
642927,257961,1,2026-04-07,2026 China Stage 1,2864,China,China,FPX,TYL,Bind,5,13,0,TYL,3,True,False
642927,257963,2,2026-04-07,2026 China Stage 1,2864,China,China,FPX,TYL,Split,14,12,1,decider,3,True,False
642927,262074,3,2026-04-07,2026 China Stage 1,2864,China,China,FPX,TYL,Pearl,13,11,1,FPX,3,True,False
642928,257964,1,2026-04-07,2026 China Stage 1,2864,China,China,TEC,BLG,Fracture,13,10,1,BLG,3,True,False
642928,257965,2,2026-04-07,2026 China Stage 1,2864,China,China,TEC,BLG,Breeze,15,13,1,TEC,3,True,False
642929,257967,1,2026-04-08,2026 China Stage 1,2864,China,China,XLG,NOVA,Haven,13,8,1,NOVA,3,True,False
642929,257968,2,2026-04-08,2026 China Stage 1,2864,China,China,XLG,NOVA,Bind,13,11,1,XLG,3,True,False
642930,257970,1,2026-04-08,2026 China Stage 1,2864,China,China,EDG,TE,Lotus,13,4,1,TE,3,True,False
642930,257971,2,2026-04-08,2026 China Stage 1,2864,China,China,EDG,TE,Haven,14,12,1,EDG,3,True,False
644716,258357,1,2026-04-08,2026 EMEA Stage 1,2863,EMEA,EMEA,PCF,GX,Haven,8,13,0,GX,3,True,False
644716,258358,2,2026-04-08,2026 EMEA Stage 1,2863,EMEA,EMEA,PCF,GX,Pearl,14,12,1,PCF,3,True,False
644716,258359,3,2026-04-08,2026 EMEA Stage 1,2863,EMEA,EMEA,PCF,GX,Split,10,13,0,decider,3,True,False
644717,258360,1,2026-04-08,2026 EMEA Stage 1,2863,EMEA,EMEA,BBL,EF,Pearl,6,13,0,BBL,3,True,False
644717,258361,2,2026-04-08,2026 EMEA Stage 1,2863,EMEA,EMEA,BBL,EF,Split,10,13,0,EF,3,True,False
642931,257973,1,2026-04-09,2026 China Stage 1,2864,China,China,JDG,AG,Lotus,5,13,0,JDG,3,True,False
642931,257974,2,2026-04-09,2026 China Stage 1,2864,China,China,JDG,AG,Haven,10,13,0,AG,3,True,False
642932,257976,1,2026-04-09,2026 China Stage 1,2864,China,China,DRG,WOL,Breeze,13,1,1,DRG,3,True,False
642932,257977,2,2026-04-09,2026 China Stage 1,2864,China,China,DRG,WOL,Pearl,6,13,0,WOL,3,True,False
642932,257978,3,2026-04-09,2026 China Stage 1,2864,China,China,DRG,WOL,Lotus,13,9,1,decider,3,True,False
644718,258363,1,2026-04-09,2026 EMEA Stage 1,2863,EMEA,EMEA,FNC,VIT,Split,13,11,1,FNC,3,True,False
644718,258364,2,2026-04-09,2026 EMEA Stage 1,2863,EMEA,EMEA,FNC,VIT,Breeze,13,10,1,VIT,3,True,False
644719,258366,1,2026-04-09,2026 EMEA Stage 1,2863,EMEA,EMEA,TL,TH,Pearl,13,10,1,TH,3,True,False
644719,258367,2,2026-04-09,2026 EMEA Stage 1,2863,EMEA,EMEA,TL,TH,Bind,13,8,1,TL,3,True,False
642933,257979,1,2026-04-10,2026 China Stage 1,2864,China,China,NOVA,TE,Lotus,12,14,0,NOVA,3,True,False
642933,257980,2,2026-04-10,2026 China Stage 1,2864,China,China,NOVA,TE,Split,10,13,0,TE,3,True,False
642934,257982,1,2026-04-10,2026 China Stage 1,2864,China,China,FPX,BLG,Lotus,8,13,0,BLG,3,True,False
642934,257983,2,2026-04-10,2026 China Stage 1,2864,China,China,FPX,BLG,Fracture,13,9,1,FPX,3,True,False
642934,257984,3,2026-04-10,2026 China Stage 1,2864,China,China,FPX,BLG,Pearl,2,13,0,decider,3,True,False
644658,258267,1,2026-04-10,2026 Pacific Stage 1,2775,Pacific,Pacific,DFM,T1,Pearl,13,15,0,DFM,3,True,False
644658,258268,2,2026-04-10,2026 Pacific Stage 1,2775,Pacific,Pacific,DFM,T1,Lotus,6,13,0,T1,3,True,False
644659,258270,1,2026-04-10,2026 Pacific Stage 1,2775,Pacific,Pacific,NS,KRX,Haven,11,13,0,NS,3,True,False
644659,258271,2,2026-04-10,2026 Pacific Stage 1,2775,Pacific,Pacific,NS,KRX,Fracture,15,13,1,KRX,3,True,False
644659,258272,3,2026-04-10,2026 Pacific Stage 1,2775,Pacific,Pacific,NS,KRX,Lotus,10,13,0,decider,3,True,False
644720,258369,1,2026-04-10,2026 EMEA Stage 1,2863,EMEA,EMEA,FUT,NAVI,Fracture,9,13,0,NAVI,3,True,False
644720,258370,2,2026-04-10,2026 EMEA Stage 1,2863,EMEA,EMEA,FUT,NAVI,Bind,13,9,1,FUT,3,True,False
644720,258371,3,2026-04-10,2026 EMEA Stage 1,2863,EMEA,EMEA,FUT,NAVI,Split,13,6,1,decider,3,True,False
644721,258372,1,2026-04-10,2026 EMEA Stage 1,2863,EMEA,EMEA,M8,KC,Fracture,13,9,1,KC,3,True,False
644721,258373,2,2026-04-10,2026 EMEA Stage 1,2863,EMEA,EMEA,M8,KC,Haven,9,13,0,M8,3,True,False
644721,258374,3,2026-04-10,2026 EMEA Stage 1,2863,EMEA,EMEA,M8,KC,Pearl,13,9,1,decider,3,True,False
645474,258575,1,2026-04-10,2026 Americas Stage 1,2860,Americas,Americas,SEN,KRÜ,Lotus,8,13,0,KRÜ,3,True,False
645474,258576,2,2026-04-10,2026 Americas Stage 1,2860,Americas,Americas,SEN,KRÜ,Breeze,9,13,0,SEN,3,True,False
645475,258578,1,2026-04-10,2026 Americas Stage 1,2860,Americas,Americas,G2,MIBR,Lotus,8,13,0,G2,3,True,False
645475,258579,2,2026-04-10,2026 Americas Stage 1,2860,Americas,Americas,G2,MIBR,Split,14,16,0,MIBR,3,True,False
642935,257985,1,2026-04-11,2026 China Stage 1,2864,China,China,AG,TYL,Bind,5,13,0,TYL,3,True,False
642935,257986,2,2026-04-11,2026 China Stage 1,2864,China,China,AG,TYL,Haven,13,9,1,AG,3,True,False
642935,257987,3,2026-04-11,2026 China Stage 1,2864,China,China,AG,TYL,Breeze,6,13,0,decider,3,True,False
642936,257988,1,2026-04-11,2026 China Stage 1,2864,China,China,EDG,DRG,Breeze,13,5,1,DRG,3,True,False
642936,257989,2,2026-04-11,2026 China Stage 1,2864,China,China,EDG,DRG,Lotus,6,13,0,EDG,3,True,False
642936,257990,3,2026-04-11,2026 China Stage 1,2864,China,China,EDG,DRG,Split,13,9,1,decider,3,True,False
644660,258273,1,2026-04-11,2026 Pacific Stage 1,2775,Pacific,Pacific,TS,GE,Split,9,13,0,GE,3,True,False
644660,258274,2,2026-04-11,2026 Pacific Stage 1,2775,Pacific,Pacific,TS,GE,Lotus,9,13,0,TS,3,True,False
644661,258276,1,2026-04-11,2026 Pacific Stage 1,2775,Pacific,Pacific,RRQ,VL,Bind,13,11,1,VL,3,True,False
644661,258277,2,2026-04-11,2026 Pacific Stage 1,2775,Pacific,Pacific,RRQ,VL,Split,16,14,1,RRQ,3,True,False
645476,258581,1,2026-04-11,2026 Americas Stage 1,2860,Americas,Americas,100T,EG,Haven,13,8,1,EG,3,True,False
645476,258582,2,2026-04-11,2026 Americas Stage 1,2860,Americas,Americas,100T,EG,Breeze,13,4,1,100T,3,True,False
645477,258584,1,2026-04-11,2026 Americas Stage 1,2860,Americas,Americas,ENVY,LOUD,Lotus,13,9,1,ENVY,3,True,False
645477,258585,2,2026-04-11,2026 Americas Stage 1,2860,Americas,Americas,ENVY,LOUD,Pearl,11,13,0,LOUD,3,True,False
645477,258586,3,2026-04-11,2026 Americas Stage 1,2860,Americas,Americas,ENVY,LOUD,Breeze,8,13,0,decider,3,True,False
642937,257991,1,2026-04-12,2026 China Stage 1,2864,China,China,JDG,TEC,Fracture,14,12,1,TEC,3,True,False
642937,257992,2,2026-04-12,2026 China Stage 1,2864,China,China,JDG,TEC,Haven,13,9,1,JDG,3,True,False
642938,257994,1,2026-04-12,2026 China Stage 1,2864,China,China,XLG,WOL,Fracture,10,13,0,WOL,3,True,False
642938,257995,2,2026-04-12,2026 China Stage 1,2864,China,China,XLG,WOL,Bind,13,10,1,XLG,3,True,False
642938,257996,3,2026-04-12,2026 China Stage 1,2864,China,China,XLG,WOL,Lotus,13,7,1,decider,3,True,False
644662,258279,1,2026-04-12,2026 Pacific Stage 1,2775,Pacific,Pacific,FS,ZETA,Fracture,13,6,1,FS,3,True,False
644662,258280,2,2026-04-12,2026 Pacific Stage 1,2775,Pacific,Pacific,FS,ZETA,Split,13,7,1,ZETA,3,True,False
644663,258282,1,2026-04-12,2026 Pacific Stage 1,2775,Pacific,Pacific,GEN,PRX,Haven,17,15,1,GEN,3,True,False
644663,258283,2,2026-04-12,2026 Pacific Stage 1,2775,Pacific,Pacific,GEN,PRX,Fracture,3,13,0,PRX,3,True,False
644663,258284,3,2026-04-12,2026 Pacific Stage 1,2775,Pacific,Pacific,GEN,PRX,Lotus,13,3,1,decider,3,True,False
645478,258587,1,2026-04-12,2026 Americas Stage 1,2860,Americas,Americas,C9,LEV,Pearl,6,13,0,C9,3,True,False
645478,258588,2,2026-04-12,2026 Americas Stage 1,2860,Americas,Americas,C9,LEV,Haven,5,13,0,LEV,3,True,False
645479,258590,1,2026-04-12,2026 Americas Stage 1,2860,Americas,Americas,FUR,NRG,Pearl,13,7,1,NRG,3,True,False
645479,258591,2,2026-04-12,2026 Americas Stage 1,2860,Americas,Americas,FUR,NRG,Split,13,10,1,FUR,3,True,False
642939,257997,1,2026-04-14,2026 China Stage 1,2864,China,China,TYL,JDG,Bind,15,17,0,TYL,3,True,False
642939,257998,2,2026-04-14,2026 China Stage 1,2864,China,China,TYL,JDG,Haven,8,13,0,JDG,3,True,False
642940,258000,1,2026-04-14,2026 China Stage 1,2864,China,China,TE,DRG,Lotus,13,5,1,DRG,3,True,False
642940,258001,2,2026-04-14,2026 China Stage 1,2864,China,China,TE,DRG,Bind,11,13,0,TE,3,True,False
642940,258002,3,2026-04-14,2026 China Stage 1,2864,China,China,TE,DRG,Breeze,10,13,0,decider,3,True,False
642941,258003,1,2026-04-15,2026 China Stage 1,2864,China,China,TEC,FPX,Fracture,13,2,1,FPX,3,True,False
642941,258004,2,2026-04-15,2026 China Stage 1,2864,China,China,TEC,FPX,Split,13,10,1,TEC,3,True,False
642942,258006,1,2026-04-15,2026 China Stage 1,2864,China,China,AG,BLG,Lotus,13,7,1,AG,3,True,False
642942,258007,2,2026-04-15,2026 China Stage 1,2864,China,China,AG,BLG,Pearl,3,13,0,BLG,3,True,False
642942,258008,3,2026-04-15,2026 China Stage 1,2864,China,China,AG,BLG,Bind,13,7,1,decider,3,True,False
644722,258375,1,2026-04-15,2026 EMEA Stage 1,2863,EMEA,EMEA,BBL,GX,Haven,11,13,0,BBL,3,True,False
644722,258376,2,2026-04-15,2026 EMEA Stage 1,2863,EMEA,EMEA,BBL,GX,Lotus,13,7,1,GX,3,True,False
644722,264326,3,2026-04-15,2026 EMEA Stage 1,2863,EMEA,EMEA,BBL,GX,Split,9,13,0,decider,3,True,False
644723,258378,1,2026-04-15,2026 EMEA Stage 1,2863,EMEA,EMEA,M8,NAVI,Pearl,13,10,1,M8,3,True,False
644723,258379,2,2026-04-15,2026 EMEA Stage 1,2863,EMEA,EMEA,M8,NAVI,Lotus,13,8,1,NAVI,3,True,False
642943,258009,1,2026-04-16,2026 China Stage 1,2864,China,China,NOVA,WOL,Lotus,13,10,1,NOVA,3,True,False
642943,258010,2,2026-04-16,2026 China Stage 1,2864,China,China,NOVA,WOL,Fracture,13,8,1,WOL,3,True,False
642944,258012,1,2026-04-16,2026 China Stage 1,2864,China,China,EDG,XLG,Lotus,13,8,1,XLG,3,True,False
642944,258013,2,2026-04-16,2026 China Stage 1,2864,China,China,EDG,XLG,Haven,9,13,0,EDG,3,True,False
642944,258014,3,2026-04-16,2026 China Stage 1,2864,China,China,EDG,XLG,Split,5,13,0,decider,3,True,False
644724,258381,1,2026-04-16,2026 EMEA Stage 1,2863,EMEA,EMEA,EF,VIT,Bind,13,11,1,EF,3,True,False
644724,258382,2,2026-04-16,2026 EMEA Stage 1,2863,EMEA,EMEA,EF,VIT,Lotus,13,6,1,VIT,3,True,False
644725,258384,1,2026-04-16,2026 EMEA Stage 1,2863,EMEA,EMEA,KC,TH,Haven,13,6,1,TH,3,True,False
644725,258385,2,2026-04-16,2026 EMEA Stage 1,2863,EMEA,EMEA,KC,TH,Lotus,2,13,0,KC,3,True,False
644725,258386,3,2026-04-16,2026 EMEA Stage 1,2863,EMEA,EMEA,KC,TH,Fracture,7,13,0,decider,3,True,False
644665,258285,1,2026-04-17,2026 Pacific Stage 1,2775,Pacific,Pacific,FS,VL,Haven,13,5,1,FS,3,True,False
644665,265130,2,2026-04-17,2026 Pacific Stage 1,2775,Pacific,Pacific,FS,VL,Lotus,14,12,1,VL,3,True,False
644666,258288,1,2026-04-17,2026 Pacific Stage 1,2775,Pacific,Pacific,TS,PRX,Breeze,4,13,0,TS,3,True,False
644666,258289,2,2026-04-17,2026 Pacific Stage 1,2775,Pacific,Pacific,TS,PRX,Split,16,18,0,PRX,3,True,False
644726,258387,1,2026-04-17,2026 EMEA Stage 1,2863,EMEA,EMEA,FUT,TL,Breeze,13,9,1,TL,3,True,False
644726,258388,2,2026-04-17,2026 EMEA Stage 1,2863,EMEA,EMEA,FUT,TL,Haven,15,13,1,FUT,3,True,False
644727,258390,1,2026-04-17,2026 EMEA Stage 1,2863,EMEA,EMEA,PCF,FNC,Split,11,13,0,PCF,3,True,False
644727,258391,2,2026-04-17,2026 EMEA Stage 1,2863,EMEA,EMEA,PCF,FNC,Lotus,4,13,0,FNC,3,True,False
645480,258593,1,2026-04-17,2026 Americas Stage 1,2860,Americas,Americas,C9,ENVY,Split,13,11,1,C9,3,True,False
645480,258594,2,2026-04-17,2026 Americas Stage 1,2860,Americas,Americas,C9,ENVY,Pearl,5,13,0,ENVY,3,True,False
645480,258595,3,2026-04-17,2026 Americas Stage 1,2860,Americas,Americas,C9,ENVY,Haven,9,13,0,decider,3,True,False
645481,258596,1,2026-04-17,2026 Americas Stage 1,2860,Americas,Americas,FUR,EG,Haven,12,14,0,FUR,3,True,False
645481,258597,2,2026-04-17,2026 Americas Stage 1,2860,Americas,Americas,FUR,EG,Pearl,13,5,1,EG,3,True,False
645481,258598,3,2026-04-17,2026 Americas Stage 1,2860,Americas,Americas,FUR,EG,Lotus,13,10,1,decider,3,True,False
642946,258018,1,2026-04-18,2026 China Stage 1,2864,China,China,JDG,EDG,Fracture,13,9,1,EDG,3,True,False
642946,258019,2,2026-04-18,2026 China Stage 1,2864,China,China,JDG,EDG,Haven,8,13,0,JDG,3,True,False
642946,258020,3,2026-04-18,2026 China Stage 1,2864,China,China,JDG,EDG,Bind,12,14,0,decider,3,True,False
642947,258021,1,2026-04-18,2026 China Stage 1,2864,China,China,TYL,DRG,Haven,13,10,1,DRG,3,True,False
642947,258022,2,2026-04-18,2026 China Stage 1,2864,China,China,TYL,DRG,Breeze,13,7,1,TYL,3,True,False
644667,258291,1,2026-04-18,2026 Pacific Stage 1,2775,Pacific,Pacific,KRX,GE,Fracture,13,8,1,KRX,3,True,False
644667,258292,2,2026-04-18,2026 Pacific Stage 1,2775,Pacific,Pacific,KRX,GE,Haven,13,9,1,GE,3,True,False
644668,258294,1,2026-04-18,2026 Pacific Stage 1,2775,Pacific,Pacific,ZETA,DFM,Bind,13,10,1,ZETA,3,True,False
644668,258295,2,2026-04-18,2026 Pacific Stage 1,2775,Pacific,Pacific,ZETA,DFM,Lotus,7,13,0,DFM,3,True,False
644668,258296,3,2026-04-18,2026 Pacific Stage 1,2775,Pacific,Pacific,ZETA,DFM,Pearl,5,13,0,decider,3,True,False
645482,258599,1,2026-04-18,2026 Americas Stage 1,2860,Americas,Americas,G2,LEV,Breeze,13,6,1,G2,3,True,False
645482,258600,2,2026-04-18,2026 Americas Stage 1,2860,Americas,Americas,G2,LEV,Split,11,13,0,LEV,3,True,False
645482,258601,3,2026-04-18,2026 Americas Stage 1,2860,Americas,Americas,G2,LEV,Bind,12,14,0,decider,3,True,False
645483,258602,1,2026-04-18,2026 Americas Stage 1,2860,Americas,Americas,MIBR,LOUD,Haven,13,10,1,LOUD,3,True,False
645483,258603,2,2026-04-18,2026 Americas Stage 1,2860,Americas,Americas,MIBR,LOUD,Split,13,4,1,MIBR,3,True,False
642945,258015,1,2026-04-19,2026 China Stage 1,2864,China,China,AG,XLG,Lotus,13,8,1,AG,3,True,False
642945,258016,2,2026-04-19,2026 China Stage 1,2864,China,China,AG,XLG,Bind,5,13,0,XLG,3,True,False
642945,258017,3,2026-04-19,2026 China Stage 1,2864,China,China,AG,XLG,Split,8,13,0,decider,3,True,False
642948,258024,1,2026-04-19,2026 China Stage 1,2864,China,China,TEC,TE,Fracture,13,8,1,TEC,3,True,False
642948,258025,2,2026-04-19,2026 China Stage 1,2864,China,China,TEC,TE,Split,9,13,0,TE,3,True,False
642948,258026,3,2026-04-19,2026 China Stage 1,2864,China,China,TEC,TE,Breeze,8,13,0,decider,3,True,False
644669,258297,1,2026-04-19,2026 Pacific Stage 1,2775,Pacific,Pacific,RRQ,T1,Pearl,8,13,0,RRQ,3,True,False
644669,258298,2,2026-04-19,2026 Pacific Stage 1,2775,Pacific,Pacific,RRQ,T1,Bind,10,13,0,T1,3,True,False
644670,258300,1,2026-04-19,2026 Pacific Stage 1,2775,Pacific,Pacific,NS,GEN,Pearl,13,8,1,NS,3,True,False
644670,258301,2,2026-04-19,2026 Pacific Stage 1,2775,Pacific,Pacific,NS,GEN,Breeze,13,3,1,GEN,3,True,False
645484,258605,1,2026-04-19,2026 Americas Stage 1,2860,Americas,Americas,NRG,KRÜ,Lotus,10,13,0,KRÜ,3,True,False
645484,258606,2,2026-04-19,2026 Americas Stage 1,2860,Americas,Americas,NRG,KRÜ,Split,8,13,0,NRG,3,True,False
645485,258608,1,2026-04-19,2026 Americas Stage 1,2860,Americas,Americas,100T,SEN,Haven,10,13,0,100T,3,True,False
645485,258609,2,2026-04-19,2026 Americas Stage 1,2860,Americas,Americas,100T,SEN,Split,17,19,0,SEN,3,True,False
644728,258393,1,2026-04-22,2026 EMEA Stage 1,2863,EMEA,EMEA,EF,PCF,Split,9,13,0,PCF,3,True,False
644728,258394,2,2026-04-22,2026 EMEA Stage 1,2863,EMEA,EMEA,EF,PCF,Fracture,13,11,1,EF,3,True,False
644728,258395,3,2026-04-22,2026 EMEA Stage 1,2863,EMEA,EMEA,EF,PCF,Lotus,13,11,1,decider,3,True,False
644729,258396,1,2026-04-22,2026 EMEA Stage 1,2863,EMEA,EMEA,NAVI,TL,Bind,9,13,0,TL,3,True,False
644729,258397,2,2026-04-22,2026 EMEA Stage 1,2863,EMEA,EMEA,NAVI,TL,Split,13,9,1,NAVI,3,True,False
644729,258398,3,2026-04-22,2026 EMEA Stage 1,2863,EMEA,EMEA,NAVI,TL,Lotus,7,13,0,decider,3,True,False
644730,258399,1,2026-04-23,2026 EMEA Stage 1,2863,EMEA,EMEA,GX,FNC,Haven,13,3,1,GX,3,True,False
644730,258400,2,2026-04-23,2026 EMEA Stage 1,2863,EMEA,EMEA,GX,FNC,Bind,7,13,0,FNC,3,True,False
644730,258401,3,2026-04-23,2026 EMEA Stage 1,2863,EMEA,EMEA,GX,FNC,Breeze,9,13,0,decider,3,True,False
644731,258402,1,2026-04-23,2026 EMEA Stage 1,2863,EMEA,EMEA,KC,FUT,Haven,13,9,1,KC,3,True,False
644731,258403,2,2026-04-23,2026 EMEA Stage 1,2863,EMEA,EMEA,KC,FUT,Lotus,10,13,0,FUT,3,True,False
644731,258404,3,2026-04-23,2026 EMEA Stage 1,2863,EMEA,EMEA,KC,FUT,Bind,8,13,0,decider,3,True,False
644671,258303,1,2026-04-24,2026 Pacific Stage 1,2775,Pacific,Pacific,RRQ,FS,Pearl,9,13,0,RRQ,3,True,False
644671,258304,2,2026-04-24,2026 Pacific Stage 1,2775,Pacific,Pacific,RRQ,FS,Haven,13,10,1,FS,3,True,False
644671,258305,3,2026-04-24,2026 Pacific Stage 1,2775,Pacific,Pacific,RRQ,FS,Fracture,13,3,1,decider,3,True,False
644672,258306,1,2026-04-24,2026 Pacific Stage 1,2775,Pacific,Pacific,PRX,GE,Split,13,3,1,GE,3,True,False
644672,258307,2,2026-04-24,2026 Pacific Stage 1,2775,Pacific,Pacific,PRX,GE,Pearl,13,8,1,PRX,3,True,False
644732,258405,1,2026-04-24,2026 EMEA Stage 1,2863,EMEA,EMEA,M8,TH,Fracture,4,13,0,M8,3,True,False
644732,258406,2,2026-04-24,2026 EMEA Stage 1,2863,EMEA,EMEA,M8,TH,Lotus,10,13,0,TH,3,True,False
644733,258408,1,2026-04-24,2026 EMEA Stage 1,2863,EMEA,EMEA,BBL,VIT,Lotus,8,13,0,VIT,3,True,False
644733,258409,2,2026-04-24,2026 EMEA Stage 1,2863,EMEA,EMEA,BBL,VIT,Haven,13,10,1,BBL,3,True,False
644733,258410,3,2026-04-24,2026 EMEA Stage 1,2863,EMEA,EMEA,BBL,VIT,Breeze,13,5,1,decider,3,True,False
645486,258611,1,2026-04-24,2026 Americas Stage 1,2860,Americas,Americas,LEV,ENVY,Bind,13,4,1,ENVY,3,True,False
645486,258612,2,2026-04-24,2026 Americas Stage 1,2860,Americas,Americas,LEV,ENVY,Fracture,13,4,1,LEV,3,True,False
645487,258614,1,2026-04-24,2026 Americas Stage 1,2860,Americas,Americas,G2,LOUD,Haven,13,9,1,G2,3,True,False
645487,258615,2,2026-04-24,2026 Americas Stage 1,2860,Americas,Americas,G2,LOUD,Pearl,13,10,1,LOUD,3,True,False
644673,258309,1,2026-04-25,2026 Pacific Stage 1,2775,Pacific,Pacific,GEN,KRX,Haven,13,3,1,GEN,3,True,False
644673,258310,2,2026-04-25,2026 Pacific Stage 1,2775,Pacific,Pacific,GEN,KRX,Pearl,10,13,0,KRX,3,True,False
644673,258311,3,2026-04-25,2026 Pacific Stage 1,2775,Pacific,Pacific,GEN,KRX,Lotus,17,19,0,decider,3,True,False
644674,258312,1,2026-04-25,2026 Pacific Stage 1,2775,Pacific,Pacific,DFM,VL,Lotus,13,11,1,DFM,3,True,False
644674,258313,2,2026-04-25,2026 Pacific Stage 1,2775,Pacific,Pacific,DFM,VL,Haven,10,13,0,VL,3,True,False
644674,258314,3,2026-04-25,2026 Pacific Stage 1,2775,Pacific,Pacific,DFM,VL,Fracture,13,9,1,decider,3,True,False
645488,258617,1,2026-04-25,2026 Americas Stage 1,2860,Americas,Americas,FUR,KRÜ,Lotus,4,13,0,KRÜ,3,True,False
645488,258618,2,2026-04-25,2026 Americas Stage 1,2860,Americas,Americas,FUR,KRÜ,Haven,10,13,0,FUR,3,True,False
645489,258620,1,2026-04-25,2026 Americas Stage 1,2860,Americas,Americas,NRG,100T,Pearl,9,13,0,NRG,3,True,False
645489,258621,2,2026-04-25,2026 Americas Stage 1,2860,Americas,Americas,NRG,100T,Lotus,13,10,1,100T,3,True,False
645489,258622,3,2026-04-25,2026 Americas Stage 1,2860,Americas,Americas,NRG,100T,Breeze,13,2,1,decider,3,True,False
644675,258315,1,2026-04-26,2026 Pacific Stage 1,2775,Pacific,Pacific,T1,ZETA,Haven,13,6,1,ZETA,3,True,False
644675,258316,2,2026-04-26,2026 Pacific Stage 1,2775,Pacific,Pacific,T1,ZETA,Lotus,13,7,1,T1,3,True,False
644676,258318,1,2026-04-26,2026 Pacific Stage 1,2775,Pacific,Pacific,NS,TS,Breeze,13,8,1,NS,3,True,False
644676,258319,2,2026-04-26,2026 Pacific Stage 1,2775,Pacific,Pacific,NS,TS,Fracture,8,13,0,TS,3,True,False
644676,258320,3,2026-04-26,2026 Pacific Stage 1,2775,Pacific,Pacific,NS,TS,Pearl,13,5,1,decider,3,True,False
645490,258623,1,2026-04-26,2026 Americas Stage 1,2860,Americas,Americas,EG,SEN,Haven,7,13,0,EG,3,True,False
645490,258624,2,2026-04-26,2026 Americas Stage 1,2860,Americas,Americas,EG,SEN,Bind,11,13,0,SEN,3,True,False
645491,258626,1,2026-04-26,2026 Americas Stage 1,2860,Americas,Americas,MIBR,C9,Breeze,12,14,0,C9,3,True,False
645491,258627,2,2026-04-26,2026 Americas Stage 1,2860,Americas,Americas,MIBR,C9,Split,12,14,0,MIBR,3,True,False
644734,258411,1,2026-04-29,2026 EMEA Stage 1,2863,EMEA,EMEA,TH,FUT,Lotus,13,11,1,TH,3,True,False
644734,258412,2,2026-04-29,2026 EMEA Stage 1,2863,EMEA,EMEA,TH,FUT,Split,13,2,1,FUT,3,True,False
644735,258414,1,2026-04-29,2026 EMEA Stage 1,2863,EMEA,EMEA,VIT,PCF,Haven,13,9,1,VIT,3,True,False
644735,258415,2,2026-04-29,2026 EMEA Stage 1,2863,EMEA,EMEA,VIT,PCF,Split,13,0,1,PCF,3,True,False
644736,258417,1,2026-04-30,2026 EMEA Stage 1,2863,EMEA,EMEA,NAVI,KC,Lotus,13,9,1,KC,3,True,False
644736,258418,2,2026-04-30,2026 EMEA Stage 1,2863,EMEA,EMEA,NAVI,KC,Breeze,13,9,1,NAVI,3,True,False
644737,258420,1,2026-04-30,2026 EMEA Stage 1,2863,EMEA,EMEA,BBL,FNC,Haven,3,13,0,BBL,3,True,False
644737,258421,2,2026-04-30,2026 EMEA Stage 1,2863,EMEA,EMEA,BBL,FNC,Fracture,5,13,0,FNC,3,True,False
644677,258321,1,2026-05-01,2026 Pacific Stage 1,2775,Pacific,Pacific,GEN,TS,Split,11,13,0,TS,3,True,False
644677,258322,2,2026-05-01,2026 Pacific Stage 1,2775,Pacific,Pacific,GEN,TS,Lotus,13,11,1,GEN,3,True,False
644677,258323,3,2026-05-01,2026 Pacific Stage 1,2775,Pacific,Pacific,GEN,TS,Breeze,7,13,0,decider,3,True,False
644678,258324,1,2026-05-01,2026 Pacific Stage 1,2775,Pacific,Pacific,VL,ZETA,Bind,13,10,1,VL,3,True,False
644678,258325,2,2026-05-01,2026 Pacific Stage 1,2775,Pacific,Pacific,VL,ZETA,Breeze,9,13,0,ZETA,3,True,False
644678,258326,3,2026-05-01,2026 Pacific Stage 1,2775,Pacific,Pacific,VL,ZETA,Fracture,9,13,0,decider,3,True,False
644738,258423,1,2026-05-01,2026 EMEA Stage 1,2863,EMEA,EMEA,GX,EF,Split,11,13,0,GX,3,True,False
644738,258424,2,2026-05-01,2026 EMEA Stage 1,2863,EMEA,EMEA,GX,EF,Breeze,10,13,0,EF,3,True,False
644739,258426,1,2026-05-01,2026 EMEA Stage 1,2863,EMEA,EMEA,M8,TL,Split,8,13,0,M8,3,True,False
644739,258427,2,2026-05-01,2026 EMEA Stage 1,2863,EMEA,EMEA,M8,TL,Lotus,9,13,0,TL,3,True,False
645492,258629,1,2026-05-01,2026 Americas Stage 1,2860,Americas,Americas,EG,NRG,Fracture,8,13,0,EG,3,True,False
645492,258630,2,2026-05-01,2026 Americas Stage 1,2860,Americas,Americas,EG,NRG,Pearl,9,13,0,NRG,3,True,False
645493,258632,1,2026-05-01,2026 Americas Stage 1,2860,Americas,Americas,LEV,MIBR,Breeze,10,13,0,MIBR,3,True,False
645493,258633,2,2026-05-01,2026 Americas Stage 1,2860,Americas,Americas,LEV,MIBR,Haven,10,13,0,LEV,3,True,False
659474,265283,1,2026-05-01,2026 China Stage 1,2864,China,China,XLG,TEC,Breeze,13,9,1,TEC,3,True,False
659474,265284,2,2026-05-01,2026 China Stage 1,2864,China,China,XLG,TEC,Lotus,13,7,1,XLG,3,True,False
659475,265286,1,2026-05-01,2026 China Stage 1,2864,China,China,JDG,TYL,Haven,13,2,1,JDG,3,True,False
659475,265287,2,2026-05-01,2026 China Stage 1,2864,China,China,JDG,TYL,Fracture,9,13,0,TYL,3,True,False
659475,265288,3,2026-05-01,2026 China Stage 1,2864,China,China,JDG,TYL,Pearl,13,10,1,decider,3,True,False
644679,258327,1,2026-05-02,2026 Pacific Stage 1,2775,Pacific,Pacific,T1,FS,Pearl,13,5,1,FS,3,True,False
644679,258328,2,2026-05-02,2026 Pacific Stage 1,2775,Pacific,Pacific,T1,FS,Bind,7,13,0,T1,3,True,False
644679,258329,3,2026-05-02,2026 Pacific Stage 1,2775,Pacific,Pacific,T1,FS,Breeze,13,9,1,decider,3,True,False
644680,258330,1,2026-05-02,2026 Pacific Stage 1,2775,Pacific,Pacific,NS,GE,Breeze,5,13,0,NS,3,True,False
644680,258331,2,2026-05-02,2026 Pacific Stage 1,2775,Pacific,Pacific,NS,GE,Bind,13,11,1,GE,3,True,False
644680,258332,3,2026-05-02,2026 Pacific Stage 1,2775,Pacific,Pacific,NS,GE,Haven,12,14,0,decider,3,True,False
645494,258635,1,2026-05-02,2026 Americas Stage 1,2860,Americas,Americas,KRÜ,100T,Bind,4,13,0,100T,3,True,False
645494,258636,2,2026-05-02,2026 Americas Stage 1,2860,Americas,Americas,KRÜ,100T,Haven,13,10,1,KRÜ,3,True,False
645494,258637,3,2026-05-02,2026 Americas Stage 1,2860,Americas,Americas,KRÜ,100T,Split,6,13,0,decider,3,True,False
645495,258638,1,2026-05-02,2026 Americas Stage 1,2860,Americas,Americas,FUR,SEN,Split,13,4,1,FUR,3,True,False
645495,258639,2,2026-05-02,2026 Americas Stage 1,2860,Americas,Americas,FUR,SEN,Breeze,7,13,0,SEN,3,True,False
645495,258640,3,2026-05-02,2026 Americas Stage 1,2860,Americas,Americas,FUR,SEN,Haven,13,7,1,decider,3,True,False
659476,265289,1,2026-05-02,2026 China Stage 1,2864,China,China,AG,TE,Split,13,6,1,TE,3,True,False
659476,265290,2,2026-05-02,2026 China Stage 1,2864,China,China,AG,TE,Lotus,13,6,1,AG,3,True,False
659477,265292,1,2026-05-02,2026 China Stage 1,2864,China,China,EDG,DRG,Lotus,7,13,0,DRG,3,True,False
659477,265293,2,2026-05-02,2026 China Stage 1,2864,China,China,EDG,DRG,Split,13,7,1,EDG,3,True,False
659477,265294,3,2026-05-02,2026 China Stage 1,2864,China,China,EDG,DRG,Breeze,13,7,1,decider,3,True,False
644681,258333,1,2026-05-03,2026 Pacific Stage 1,2775,Pacific,Pacific,PRX,KRX,Breeze,13,5,1,PRX,3,True,False
644681,258334,2,2026-05-03,2026 Pacific Stage 1,2775,Pacific,Pacific,PRX,KRX,Lotus,13,5,1,KRX,3,True,False
644682,258336,1,2026-05-03,2026 Pacific Stage 1,2775,Pacific,Pacific,RRQ,DFM,Haven,12,14,0,DFM,3,True,False
644682,258337,2,2026-05-03,2026 Pacific Stage 1,2775,Pacific,Pacific,RRQ,DFM,Lotus,14,12,1,RRQ,3,True,False
644682,258338,3,2026-05-03,2026 Pacific Stage 1,2775,Pacific,Pacific,RRQ,DFM,Fracture,13,8,1,decider,3,True,False
645496,258641,1,2026-05-03,2026 Americas Stage 1,2860,Americas,Americas,LOUD,C9,Lotus,13,1,1,LOUD,3,True,False
645496,258642,2,2026-05-03,2026 Americas Stage 1,2860,Americas,Americas,LOUD,C9,Split,8,13,0,C9,3,True,False
645496,258643,3,2026-05-03,2026 Americas Stage 1,2860,Americas,Americas,LOUD,C9,Breeze,13,11,1,decider,3,True,False
645497,258644,1,2026-05-03,2026 Americas Stage 1,2860,Americas,Americas,G2,ENVY,Haven,13,4,1,G2,3,True,False
645497,258645,2,2026-05-03,2026 Americas Stage 1,2860,Americas,Americas,G2,ENVY,Lotus,13,6,1,ENVY,3,True,False
659482,265309,1,2026-05-03,2026 China Stage 1,2864,China,China,TEC,TYL,Pearl,13,8,1,TEC,3,True,False
659482,265310,2,2026-05-03,2026 China Stage 1,2864,China,China,TEC,TYL,Fracture,9,13,0,TYL,3,True,False
659482,265311,3,2026-05-03,2026 China Stage 1,2864,China,China,TEC,TYL,Split,11,13,0,decider,3,True,False
659483,265312,1,2026-05-03,2026 China Stage 1,2864,China,China,TE,DRG,Ascent,7,13,0,TE,3,True,False
659483,265313,2,2026-05-03,2026 China Stage 1,2864,China,China,TE,DRG,Lotus,6,13,0,DRG,3,True,False
659478,265295,1,2026-05-04,2026 China Stage 1,2864,China,China,XLG,JDG,Lotus,13,0,1,XLG,3,True,False
659478,265296,2,2026-05-04,2026 China Stage 1,2864,China,China,XLG,JDG,Pearl,13,5,1,JDG,3,True,False
659479,265298,1,2026-05-04,2026 China Stage 1,2864,China,China,AG,EDG,Fracture,7,13,0,EDG,3,True,False
659479,265299,2,2026-05-04,2026 China Stage 1,2864,China,China,AG,EDG,Lotus,6,13,0,AG,3,True,False
659484,265315,1,2026-05-05,2026 China Stage 1,2864,China,China,AG,TYL,Fracture,13,4,1,TYL,3,True,False
659484,265316,2,2026-05-05,2026 China Stage 1,2864,China,China,AG,TYL,Haven,10,13,0,AG,3,True,False
659484,265317,3,2026-05-05,2026 China Stage 1,2864,China,China,AG,TYL,Split,13,10,1,decider,3,True,False
659485,265318,1,2026-05-05,2026 China Stage 1,2864,China,China,JDG,DRG,Haven,9,13,0,JDG,3,True,False
659485,265319,2,2026-05-05,2026 China Stage 1,2864,China,China,JDG,DRG,Lotus,4,13,0,DRG,3,True,False
660381,265462,1,2026-05-07,2026 EMEA Stage 1,2863,EMEA,EMEA,EF,TH,Fracture,7,13,0,TH,3,True,False
660381,265463,2,2026-05-07,2026 EMEA Stage 1,2863,EMEA,EMEA,EF,TH,Pearl,13,8,1,EF,3,True,False
660381,265464,3,2026-05-07,2026 EMEA Stage 1,2863,EMEA,EMEA,EF,TH,Lotus,13,5,1,decider,3,True,False
660382,265465,1,2026-05-07,2026 EMEA Stage 1,2863,EMEA,EMEA,TL,VIT,Pearl,3,13,0,VIT,3,True,False
660382,265466,2,2026-05-07,2026 EMEA Stage 1,2863,EMEA,EMEA,TL,VIT,Ascent,13,11,1,TL,3,True,False
660382,265467,3,2026-05-07,2026 EMEA Stage 1,2863,EMEA,EMEA,TL,VIT,Lotus,10,13,0,decider,3,True,False
666488,266840,1,2026-05-07,2026 Pacific Stage 1,2775,Pacific,Pacific,RRQ,GE,Breeze,11,13,0,GE,3,True,False
666488,266841,2,2026-05-07,2026 Pacific Stage 1,2775,Pacific,Pacific,RRQ,GE,Pearl,10,13,0,RRQ,3,True,False
666489,266843,1,2026-05-07,2026 Pacific Stage 1,2775,Pacific,Pacific,KRX,FS,Lotus,9,13,0,FS,3,True,False
666489,266844,2,2026-05-07,2026 Pacific Stage 1,2775,Pacific,Pacific,KRX,FS,Fracture,7,13,0,KRX,3,True,False
645498,258647,1,2026-05-08,2026 Americas Stage 1,2860,Americas,Americas,KRÜ,EG,Haven,11,13,0,EG,3,True,False
645498,258648,2,2026-05-08,2026 Americas Stage 1,2860,Americas,Americas,KRÜ,EG,Lotus,13,11,1,KRÜ,3,True,False
645498,258649,3,2026-05-08,2026 Americas Stage 1,2860,Americas,Americas,KRÜ,EG,Bind,13,6,1,decider,3,True,False
645499,258650,1,2026-05-08,2026 Americas Stage 1,2860,Americas,Americas,FUR,100T,Pearl,13,9,1,100T,3,True,False
645499,258651,2,2026-05-08,2026 Americas Stage 1,2860,Americas,Americas,FUR,100T,Haven,8,13,0,FUR,3,True,False
645499,258652,3,2026-05-08,2026 Americas Stage 1,2860,Americas,Americas,FUR,100T,Breeze,6,13,0,decider,3,True,False
659480,265301,1,2026-05-08,2026 China Stage 1,2864,China,China,XLG,EDG,Split,9,13,0,XLG,3,True,False
659480,265302,2,2026-05-08,2026 China Stage 1,2864,China,China,XLG,EDG,Breeze,8,13,0,EDG,3,True,False
659486,265321,1,2026-05-08,2026 China Stage 1,2864,China,China,AG,DRG,Lotus,8,13,0,DRG,3,True,False
659486,265322,2,2026-05-08,2026 China Stage 1,2864,China,China,AG,DRG,Split,13,8,1,AG,3,True,False
659486,265323,3,2026-05-08,2026 China Stage 1,2864,China,China,AG,DRG,Haven,6,13,0,decider,3,True,False
660383,265468,1,2026-05-08,2026 EMEA Stage 1,2863,EMEA,EMEA,FUT,EF,Pearl,5,13,0,EF,3,True,False
660383,265469,2,2026-05-08,2026 EMEA Stage 1,2863,EMEA,EMEA,FUT,EF,Ascent,13,4,1,FUT,3,True,False
660383,265470,3,2026-05-08,2026 EMEA Stage 1,2863,EMEA,EMEA,FUT,EF,Split,13,11,1,decider,3,True,False
660384,265471,1,2026-05-08,2026 EMEA Stage 1,2863,EMEA,EMEA,FNC,VIT,Breeze,4,13,0,FNC,3,True,False
660384,265472,2,2026-05-08,2026 EMEA Stage 1,2863,EMEA,EMEA,FNC,VIT,Haven,13,15,0,VIT,3,True,False
666490,266846,1,2026-05-08,2026 Pacific Stage 1,2775,Pacific,Pacific,PRX,GE,Breeze,9,13,0,GE,3,True,False
666490,266847,2,2026-05-08,2026 Pacific Stage 1,2775,Pacific,Pacific,PRX,GE,Lotus,13,6,1,PRX,3,True,False
666490,266848,3,2026-05-08,2026 Pacific Stage 1,2775,Pacific,Pacific,PRX,GE,Pearl,5,13,0,decider,3,True,False
666491,266849,1,2026-05-08,2026 Pacific Stage 1,2775,Pacific,Pacific,T1,FS,Pearl,9,13,0,FS,3,True,False
666491,266850,2,2026-05-08,2026 Pacific Stage 1,2775,Pacific,Pacific,T1,FS,Lotus,8,13,0,T1,3,True,False
645500,258653,1,2026-05-09,2026 Americas Stage 1,2860,Americas,Americas,G2,C9,Lotus,13,6,1,G2,3,True,False
645500,258654,2,2026-05-09,2026 Americas Stage 1,2860,Americas,Americas,G2,C9,Split,13,9,1,C9,3,True,False
645501,258656,1,2026-05-09,2026 Americas Stage 1,2860,Americas,Americas,ENVY,MIBR,Haven,13,1,1,ENVY,3,True,False
645501,258657,2,2026-05-09,2026 Americas Stage 1,2860,Americas,Americas,ENVY,MIBR,Bind,13,3,1,MIBR,3,True,False
659487,265324,1,2026-05-09,2026 China Stage 1,2864,China,China,XLG,DRG,Lotus,13,2,1,DRG,5,True,False
659487,265325,2,2026-05-09,2026 China Stage 1,2864,China,China,XLG,DRG,Breeze,13,6,1,XLG,5,True,False
659487,265326,3,2026-05-09,2026 China Stage 1,2864,China,China,XLG,DRG,Haven,10,13,0,DRG,5,True,False
659487,265327,4,2026-05-09,2026 China Stage 1,2864,China,China,XLG,DRG,Split,13,11,1,XLG,5,True,False
660387,265482,1,2026-05-09,2026 EMEA Stage 1,2863,EMEA,EMEA,TH,BBL,Breeze,13,4,1,BBL,3,True,False
660387,265483,2,2026-05-09,2026 EMEA Stage 1,2863,EMEA,EMEA,TH,BBL,Ascent,14,12,1,TH,3,True,False
660388,265485,1,2026-05-09,2026 EMEA Stage 1,2863,EMEA,EMEA,TL,M8,Split,13,4,1,M8,3,True,False
660388,265486,2,2026-05-09,2026 EMEA Stage 1,2863,EMEA,EMEA,TL,M8,Ascent,10,13,0,TL,3,True,False
660388,265487,3,2026-05-09,2026 EMEA Stage 1,2863,EMEA,EMEA,TL,M8,Fracture,2,13,0,decider,3,True,False
666494,266860,1,2026-05-09,2026 Pacific Stage 1,2775,Pacific,Pacific,RRQ,DFM,Ascent,9,13,0,DFM,3,True,False
666494,266861,2,2026-05-09,2026 Pacific Stage 1,2775,Pacific,Pacific,RRQ,DFM,Breeze,13,11,1,RRQ,3,True,False
666494,266862,3,2026-05-09,2026 Pacific Stage 1,2775,Pacific,Pacific,RRQ,DFM,Lotus,13,8,1,decider,3,True,False
666495,266863,1,2026-05-09,2026 Pacific Stage 1,2775,Pacific,Pacific,KRX,NS,Pearl,11,13,0,NS,3,True,False
666495,266864,2,2026-05-09,2026 Pacific Stage 1,2775,Pacific,Pacific,KRX,NS,Split,13,6,1,KRX,3,True,False
666495,266865,3,2026-05-09,2026 Pacific Stage 1,2775,Pacific,Pacific,KRX,NS,Haven,13,9,1,decider,3,True,False
645502,258659,1,2026-05-10,2026 Americas Stage 1,2860,Americas,Americas,LOUD,LEV,Bind,3,13,0,LEV,3,True,False
645502,258660,2,2026-05-10,2026 Americas Stage 1,2860,Americas,Americas,LOUD,LEV,Breeze,14,12,1,LOUD,3,True,False
645502,258661,3,2026-05-10,2026 Americas Stage 1,2860,Americas,Americas,LOUD,LEV,Haven,13,10,1,decider,3,True,False
645503,258662,1,2026-05-10,2026 Americas Stage 1,2860,Americas,Americas,SEN,NRG,Fracture,11,13,0,NRG,3,True,False
645503,258663,2,2026-05-10,2026 Americas Stage 1,2860,Americas,Americas,SEN,NRG,Breeze,13,11,1,SEN,3,True,False
645503,258664,3,2026-05-10,2026 Americas Stage 1,2860,Americas,Americas,SEN,NRG,Lotus,10,13,0,decider,3,True,False
659481,265304,1,2026-05-10,2026 China Stage 1,2864,China,China,EDG,XLG,Fracture,6,13,0,EDG,5,True,False
659481,265305,2,2026-05-10,2026 China Stage 1,2864,China,China,EDG,XLG,Split,15,13,1,XLG,5,True,False
659481,265306,3,2026-05-10,2026 China Stage 1,2864,China,China,EDG,XLG,Breeze,13,5,1,EDG,5,True,False
659481,265307,4,2026-05-10,2026 China Stage 1,2864,China,China,EDG,XLG,Haven,9,13,0,XLG,5,True,False
659481,265308,5,2026-05-10,2026 China Stage 1,2864,China,China,EDG,XLG,Pearl,13,4,1,decider,5,True,False
660389,265488,1,2026-05-10,2026 EMEA Stage 1,2863,EMEA,EMEA,FNC,TH,Fracture,13,10,1,TH,3,True,False
660389,265489,2,2026-05-10,2026 EMEA Stage 1,2863,EMEA,EMEA,FNC,TH,Lotus,2,13,0,FNC,3,True,False
660389,265490,3,2026-05-10,2026 EMEA Stage 1,2863,EMEA,EMEA,FNC,TH,Ascent,13,15,0,decider,3,True,False
660390,265491,1,2026-05-10,2026 EMEA Stage 1,2863,EMEA,EMEA,EF,M8,Ascent,13,5,1,M8,3,True,False
660390,265492,2,2026-05-10,2026 EMEA Stage 1,2863,EMEA,EMEA,EF,M8,Lotus,13,9,1,EF,3,True,False
666496,266866,1,2026-05-10,2026 Pacific Stage 1,2775,Pacific,Pacific,T1,RRQ,Haven,13,6,1,RRQ,3,True,False
666496,266867,2,2026-05-10,2026 Pacific Stage 1,2775,Pacific,Pacific,T1,RRQ,Lotus,10,13,0,T1,3,True,False
666496,266868,3,2026-05-10,2026 Pacific Stage 1,2775,Pacific,Pacific,T1,RRQ,Breeze,13,5,1,decider,3,True,False
666497,266869,1,2026-05-10,2026 Pacific Stage 1,2775,Pacific,Pacific,PRX,KRX,Ascent,13,8,1,KRX,3,True,False
666497,266870,2,2026-05-10,2026 Pacific Stage 1,2775,Pacific,Pacific,PRX,KRX,Breeze,5,13,0,PRX,3,True,False
666497,266871,3,2026-05-10,2026 Pacific Stage 1,2775,Pacific,Pacific,PRX,KRX,Split,13,1,1,decider,3,True,False
660369,265422,1,2026-05-14,2026 Americas Stage 1,2860,Americas,Americas,FUR,LEV,Breeze,13,8,1,LEV,3,True,False
660369,265423,2,2026-05-14,2026 Americas Stage 1,2860,Americas,Americas,FUR,LEV,Split,5,13,0,FUR,3,True,False
660369,265424,3,2026-05-14,2026 Americas Stage 1,2860,Americas,Americas,FUR,LEV,Pearl,1,13,0,decider,3,True,False
660370,265425,1,2026-05-14,2026 Americas Stage 1,2860,Americas,Americas,G2,100T,Pearl,13,4,1,100T,3,True,False
660370,265426,2,2026-05-14,2026 Americas Stage 1,2860,Americas,Americas,G2,100T,Lotus,13,7,1,G2,3,True,False
660371,265428,1,2026-05-15,2026 Americas Stage 1,2860,Americas,Americas,MIBR,LEV,Split,10,13,0,MIBR,3,True,False
660371,265429,2,2026-05-15,2026 Americas Stage 1,2860,Americas,Americas,MIBR,LEV,Fracture,13,4,1,LEV,3,True,False
660371,265430,3,2026-05-15,2026 Americas Stage 1,2860,Americas,Americas,MIBR,LEV,Ascent,7,13,0,decider,3,True,False
660372,265431,1,2026-05-15,2026 Americas Stage 1,2860,Americas,Americas,KRÜ,G2,Lotus,11,13,0,KRÜ,3,True,False
660372,265432,2,2026-05-15,2026 Americas Stage 1,2860,Americas,Americas,KRÜ,G2,Breeze,7,13,0,G2,3,True,False
660385,265474,1,2026-05-15,2026 EMEA Stage 1,2863,EMEA,EMEA,FUT,VIT,Pearl,15,17,0,VIT,3,True,False
660385,265475,2,2026-05-15,2026 EMEA Stage 1,2863,EMEA,EMEA,FUT,VIT,Ascent,13,8,1,FUT,3,True,False
660385,265476,3,2026-05-15,2026 EMEA Stage 1,2863,EMEA,EMEA,FUT,VIT,Split,12,14,0,decider,3,True,False
660391,265494,1,2026-05-15,2026 EMEA Stage 1,2863,EMEA,EMEA,TH,EF,Lotus,11,13,0,EF,3,True,False
660391,265495,2,2026-05-15,2026 EMEA Stage 1,2863,EMEA,EMEA,TH,EF,Fracture,13,10,1,TH,3,True,False
660391,265496,3,2026-05-15,2026 EMEA Stage 1,2863,EMEA,EMEA,TH,EF,Ascent,13,10,1,decider,3,True,False
666492,266852,1,2026-05-15,2026 Pacific Stage 1,2775,Pacific,Pacific,GE,FS,Split,11,13,0,FS,3,True,False
666492,266853,2,2026-05-15,2026 Pacific Stage 1,2775,Pacific,Pacific,GE,FS,Breeze,8,13,0,GE,3,True,False
666498,266872,1,2026-05-15,2026 Pacific Stage 1,2775,Pacific,Pacific,T1,PRX,Split,9,13,0,PRX,3,True,False
666498,266873,2,2026-05-15,2026 Pacific Stage 1,2775,Pacific,Pacific,T1,PRX,Ascent,13,10,1,T1,3,True,False
666498,266874,3,2026-05-15,2026 Pacific Stage 1,2775,Pacific,Pacific,T1,PRX,Breeze,8,13,0,decider,3,True,False
660375,265442,1,2026-05-16,2026 Americas Stage 1,2860,Americas,Americas,FUR,NRG,Lotus,4,13,0,NRG,3,True,False
660375,265443,2,2026-05-16,2026 Americas Stage 1,2860,Americas,Americas,FUR,NRG,Haven,8,13,0,FUR,3,True,False
660376,265445,1,2026-05-16,2026 Americas Stage 1,2860,Americas,Americas,100T,LOUD,Breeze,13,5,1,LOUD,3,True,False
660376,265446,2,2026-05-16,2026 Americas Stage 1,2860,Americas,Americas,100T,LOUD,Split,13,4,1,100T,3,True,False
660392,265497,1,2026-05-16,2026 EMEA Stage 1,2863,EMEA,EMEA,FUT,TH,Haven,15,13,1,FUT,5,True,False
660392,265498,2,2026-05-16,2026 EMEA Stage 1,2863,EMEA,EMEA,FUT,TH,Lotus,4,13,0,TH,5,True,False
660392,265499,3,2026-05-16,2026 EMEA Stage 1,2863,EMEA,EMEA,FUT,TH,Ascent,6,13,0,FUT,5,True,False
660392,265500,4,2026-05-16,2026 EMEA Stage 1,2863,EMEA,EMEA,FUT,TH,Breeze,1,13,0,TH,5,True,False
666499,266875,1,2026-05-16,2026 Pacific Stage 1,2775,Pacific,Pacific,GE,PRX,Haven,6,13,0,GE,5,True,False
666499,266876,2,2026-05-16,2026 Pacific Stage 1,2775,Pacific,Pacific,GE,PRX,Lotus,4,13,0,PRX,5,True,False
666499,266877,3,2026-05-16,2026 Pacific Stage 1,2775,Pacific,Pacific,GE,PRX,Ascent,11,13,0,GE,5,True,False
660377,265448,1,2026-05-17,2026 Americas Stage 1,2860,Americas,Americas,KRÜ,NRG,Breeze,8,13,0,NRG,3,True,False
660377,265449,2,2026-05-17,2026 Americas Stage 1,2860,Americas,Americas,KRÜ,NRG,Haven,4,13,0,KRÜ,3,True,False
660378,265451,1,2026-05-17,2026 Americas Stage 1,2860,Americas,Americas,MIBR,100T,Fracture,11,13,0,MIBR,3,True,False
660378,265452,2,2026-05-17,2026 Americas Stage 1,2860,Americas,Americas,MIBR,100T,Breeze,7,13,0,100T,3,True,False
660386,265477,1,2026-05-17,2026 EMEA Stage 1,2863,EMEA,EMEA,VIT,TH,Breeze,13,10,1,VIT,5,True,False
660386,265478,2,2026-05-17,2026 EMEA Stage 1,2863,EMEA,EMEA,VIT,TH,Lotus,13,15,0,TH,5,True,False
660386,265480,3,2026-05-17,2026 EMEA Stage 1,2863,EMEA,EMEA,VIT,TH,Split,11,13,0,TH,5,True,False
660386,265481,4,2026-05-17,2026 EMEA Stage 1,2863,EMEA,EMEA,VIT,TH,Haven,13,15,0,decider,5,True,False
660386,269000,5,2026-05-17,2026 EMEA Stage 1,2863,EMEA,EMEA,VIT,TH,Pearl,13,7,1,VIT,5,True,False
666493,266855,1,2026-05-17,2026 Pacific Stage 1,2775,Pacific,Pacific,FS,PRX,Pearl,10,13,0,FS,5,True,False
666493,266856,2,2026-05-17,2026 Pacific Stage 1,2775,Pacific,Pacific,FS,PRX,Lotus,9,13,0,PRX,5,True,False
666493,266857,3,2026-05-17,2026 Pacific Stage 1,2775,Pacific,Pacific,FS,PRX,Fracture,10,13,0,FS,5,True,False
660373,265434,1,2026-05-22,2026 Americas Stage 1,2860,Americas,Americas,LEV,G2,Ascent,13,7,1,LEV,3,True,False
660373,265435,2,2026-05-22,2026 Americas Stage 1,2860,Americas,Americas,LEV,G2,Pearl,9,13,0,G2,3,True,False
660373,265436,3,2026-05-22,2026 Americas Stage 1,2860,Americas,Americas,LEV,G2,Split,13,5,1,decider,3,True,False
660379,265454,1,2026-05-22,2026 Americas Stage 1,2860,Americas,Americas,NRG,100T,Fracture,13,9,1,NRG,3,True,False
660379,265455,2,2026-05-22,2026 Americas Stage 1,2860,Americas,Americas,NRG,100T,Breeze,13,11,1,100T,3,True,False
660380,265457,1,2026-05-23,2026 Americas Stage 1,2860,Americas,Americas,G2,NRG,Lotus,13,8,1,G2,5,True,False
660380,265458,2,2026-05-23,2026 Americas Stage 1,2860,Americas,Americas,G2,NRG,Breeze,6,13,0,NRG,5,True,False
660380,265459,3,2026-05-23,2026 Americas Stage 1,2860,Americas,Americas,G2,NRG,Pearl,13,7,1,G2,5,True,False
660380,265460,4,2026-05-23,2026 Americas Stage 1,2860,Americas,Americas,G2,NRG,Haven,10,13,0,NRG,5,True,False
660380,265461,5,2026-05-23,2026 Americas Stage 1,2860,Americas,Americas,G2,NRG,Ascent,13,10,1,decider,5,True,False
660374,265437,1,2026-05-24,2026 Americas Stage 1,2860,Americas,Americas,LEV,G2,Fracture,12,14,0,LEV,5,True,False
660374,265438,2,2026-05-24,2026 Americas Stage 1,2860,Americas,Americas,LEV,G2,Haven,13,11,1,G2,5,True,False
660374,265439,3,2026-05-24,2026 Americas Stage 1,2860,Americas,Americas,LEV,G2,Ascent,13,9,1,LEV,5,True,False
660374,265440,4,2026-05-24,2026 Americas Stage 1,2860,Americas,Americas,LEV,G2,Pearl,10,13,0,G2,5,True,False
660374,265441,5,2026-05-24,2026 Americas Stage 1,2860,Americas,Americas,LEV,G2,Split,11,13,0,decider,5,True,False
684610,270737,1,2026-06-06,2026 Masters London,2765,EMEA,China,VIT,DRG,Lotus,13,5,1,DRG,3,True,True
684610,270738,2,2026-06-06,2026 Masters London,2765,EMEA,China,VIT,DRG,Breeze,13,3,1,VIT,3,True,True
684613,270746,1,2026-06-06,2026 Masters London,2765,China,Americas,XLG,NRG,Pearl,6,13,0,NRG,3,True,True
684613,270747,2,2026-06-06,2026 Masters London,2765,China,Americas,XLG,NRG,Lotus,11,13,0,XLG,3,True,True
684611,270740,1,2026-06-07,2026 Masters London,2765,Pacific,EMEA,FS,FUT,Fracture,3,13,0,FS,3,True,True
684611,270741,2,2026-06-07,2026 Masters London,2765,Pacific,EMEA,FS,FUT,Haven,7,13,0,FUT,3,True,True
684612,270743,1,2026-06-07,2026 Masters London,2765,Americas,Pacific,LEV,GE,Pearl,4,13,0,GE,3,True,True
684612,270744,2,2026-06-07,2026 Masters London,2765,Americas,Pacific,LEV,GE,Fracture,13,11,1,LEV,3,True,True
684612,270745,3,2026-06-07,2026 Masters London,2765,Americas,Pacific,LEV,GE,Split,13,9,1,decider,3,True,True
684614,270749,1,2026-06-08,2026 Masters London,2765,EMEA,EMEA,VIT,FUT,Pearl,13,11,1,VIT,3,True,True
684614,270750,2,2026-06-08,2026 Masters London,2765,EMEA,EMEA,VIT,FUT,Haven,4,13,0,FUT,3,True,True
684614,270751,3,2026-06-08,2026 Masters London,2765,EMEA,EMEA,VIT,FUT,Fracture,13,10,1,decider,3,True,True
684615,270752,1,2026-06-08,2026 Masters London,2765,Americas,Americas,NRG,LEV,Ascent,7,13,0,LEV,3,True,True
684615,270753,2,2026-06-08,2026 Masters London,2765,Americas,Americas,NRG,LEV,Lotus,13,5,1,NRG,3,True,True
684615,270754,3,2026-06-08,2026 Masters London,2765,Americas,Americas,NRG,LEV,Pearl,8,13,0,decider,3,True,True
684616,270755,1,2026-06-09,2026 Masters London,2765,China,China,DRG,XLG,Haven,13,4,1,DRG,3,True,True
684616,270756,2,2026-06-09,2026 Masters London,2765,China,China,DRG,XLG,Fracture,9,13,0,XLG,3,True,True
684616,270757,3,2026-06-09,2026 Masters London,2765,China,China,DRG,XLG,Split,11,13,0,decider,3,True,True
684617,270758,1,2026-06-09,2026 Masters London,2765,Pacific,Pacific,GE,FS,Split,9,13,0,GE,3,True,True
684617,270759,2,2026-06-09,2026 Masters London,2765,Pacific,Pacific,GE,FS,Breeze,13,8,1,FS,3,True,True
684617,270760,3,2026-06-09,2026 Masters London,2765,Pacific,Pacific,GE,FS,Pearl,13,8,1,decider,3,True,True
684618,270761,1,2026-06-10,2026 Masters London,2765,Pacific,China,GE,XLG,Haven,13,10,1,GE,3,True,True
684618,270762,2,2026-06-10,2026 Masters London,2765,Pacific,China,GE,XLG,Lotus,9,13,0,XLG,3,True,True
684618,270763,3,2026-06-10,2026 Masters London,2765,Pacific,China,GE,XLG,Breeze,10,13,0,decider,3,True,True
684619,270764,1,2026-06-10,2026 Masters London,2765,EMEA,Americas,FUT,NRG,Lotus,11,13,0,NRG,3,True,True
684619,270765,2,2026-06-10,2026 Masters London,2765,EMEA,Americas,FUT,NRG,Haven,14,12,1,FUT,3,True,True
684619,270766,3,2026-06-10,2026 Masters London,2765,EMEA,Americas,FUT,NRG,Fracture,13,11,1,decider,3,True,True
670466,267804,1,2026-06-12,2026 Masters London,2765,Pacific,Americas,PRX,LEV,Ascent,13,1,1,LEV,3,True,True
670466,267805,2,2026-06-12,2026 Masters London,2765,Pacific,Americas,PRX,LEV,Lotus,13,10,1,PRX,3,True,True
670467,267807,1,2026-06-12,2026 Masters London,2765,EMEA,EMEA,TH,VIT,Breeze,6,13,0,VIT,3,True,True
670467,267808,2,2026-06-12,2026 Masters London,2765,EMEA,EMEA,TH,VIT,Lotus,7,13,0,TH,3,True,True
670464,267798,1,2026-06-13,2026 Masters London,2765,Americas,China,G2,XLG,Lotus,13,7,1,XLG,3,True,True
670464,267799,2,2026-06-13,2026 Masters London,2765,Americas,China,G2,XLG,Ascent,4,13,0,G2,3,True,True
670464,267800,3,2026-06-13,2026 Masters London,2765,Americas,China,G2,XLG,Split,9,13,0,decider,3,True,True
670465,267801,1,2026-06-13,2026 Masters London,2765,China,EMEA,EDG,FUT,Haven,4,13,0,FUT,3,True,True
670465,267802,2,2026-06-13,2026 Masters London,2765,China,EMEA,EDG,FUT,Pearl,14,12,1,EDG,3,True,True
670465,267803,3,2026-06-13,2026 Masters London,2765,China,EMEA,EDG,FUT,Fracture,13,5,1,decider,3,True,True
670472,267824,1,2026-06-14,2026 Masters London,2765,Americas,EMEA,G2,FUT,Ascent,6,13,0,FUT,3,True,True
670472,267825,2,2026-06-14,2026 Masters London,2765,Americas,EMEA,G2,FUT,Lotus,13,15,0,G2,3,True,True
670473,267827,1,2026-06-14,2026 Masters London,2765,Americas,EMEA,LEV,TH,Split,13,3,1,LEV,3,True,True
670473,267828,2,2026-06-14,2026 Masters London,2765,Americas,EMEA,LEV,TH,Lotus,11,13,0,TH,3,True,True
670473,273204,3,2026-06-14,2026 Masters London,2765,Americas,EMEA,LEV,TH,Ascent,13,6,1,decider,3,True,True
670468,267810,1,2026-06-15,2026 Masters London,2765,China,China,XLG,EDG,Lotus,10,13,0,XLG,3,True,True
670468,267811,2,2026-06-15,2026 Masters London,2765,China,China,XLG,EDG,Breeze,13,10,1,EDG,3,True,True
670468,267812,3,2026-06-15,2026 Masters London,2765,China,China,XLG,EDG,Split,3,13,0,decider,3,True,True
670469,267813,1,2026-06-15,2026 Masters London,2765,Pacific,EMEA,PRX,VIT,Breeze,13,3,1,VIT,3,True,True
670469,267814,2,2026-06-15,2026 Masters London,2765,Pacific,EMEA,PRX,VIT,Split,6,13,0,PRX,3,True,True
670469,267815,3,2026-06-15,2026 Masters London,2765,Pacific,EMEA,PRX,VIT,Fracture,13,6,1,decider,3,True,True
670474,267830,1,2026-06-16,2026 Masters London,2765,EMEA,EMEA,VIT,FUT,Lotus,13,7,1,VIT,3,True,True
670474,267831,2,2026-06-16,2026 Masters London,2765,EMEA,EMEA,VIT,FUT,Ascent,13,2,1,FUT,3,True,True
670475,267833,1,2026-06-16,2026 Masters London,2765,China,Americas,XLG,LEV,Haven,7,13,0,LEV,3,True,True
670475,267834,2,2026-06-16,2026 Masters London,2765,China,Americas,XLG,LEV,Lotus,3,13,0,XLG,3,True,True
670470,267816,1,2026-06-19,2026 Masters London,2765,China,Pacific,EDG,PRX,Breeze,15,13,1,PRX,3,True,True
670470,267817,2,2026-06-19,2026 Masters London,2765,China,Pacific,EDG,PRX,Fracture,12,14,0,EDG,3,True,True
670470,267818,3,2026-06-19,2026 Masters London,2765,China,Pacific,EDG,PRX,Split,6,13,0,decider,3,True,True
670476,267836,1,2026-06-19,2026 Masters London,2765,EMEA,Americas,VIT,LEV,Lotus,4,13,0,VIT,3,True,True
670476,267837,2,2026-06-19,2026 Masters London,2765,EMEA,Americas,VIT,LEV,Split,4,13,0,LEV,3,True,True
670477,267839,1,2026-06-20,2026 Masters London,2765,China,Americas,EDG,LEV,Haven,5,13,0,LEV,5,True,True
670477,267840,2,2026-06-20,2026 Masters London,2765,China,Americas,EDG,LEV,Pearl,9,13,0,EDG,5,True,True
670477,267841,3,2026-06-20,2026 Masters London,2765,China,Americas,EDG,LEV,Split,11,13,0,LEV,5,True,True
670471,267819,1,2026-06-21,2026 Masters London,2765,Pacific,Americas,PRX,LEV,Fracture,13,2,1,PRX,5,True,True
670471,267820,2,2026-06-21,2026 Masters London,2765,Pacific,Americas,PRX,LEV,Split,6,13,0,LEV,5,True,True
670471,267821,3,2026-06-21,2026 Masters London,2765,Pacific,Americas,PRX,LEV,Breeze,13,11,1,PRX,5,True,True
670471,267822,4,2026-06-21,2026 Masters London,2765,Pacific,Americas,PRX,LEV,Ascent,10,13,0,LEV,5,True,True
670471,267823,5,2026-06-21,2026 Masters London,2765,Pacific,Americas,PRX,LEV,Lotus,5,13,0,decider,5,True,True
706754,275425,1,2026-07-02,2026 Esports World Cup,2952,Pacific,Americas,RRQ,100T,Breeze,5,13,0,100T,3,True,True
706754,275993,2,2026-07-02,2026 Esports World Cup,2952,Pacific,Americas,RRQ,100T,Ascent,10,13,0,RRQ,3,True,True
706755,275296,1,2026-07-02,2026 Esports World Cup,2952,EMEA,China,BBL,EDG,Lotus,16,18,0,BBL,3,True,True
706755,275424,2,2026-07-02,2026 Esports World Cup,2952,EMEA,China,BBL,EDG,Ascent,13,7,1,EDG,3,True,True
706755,275427,3,2026-07-02,2026 Esports World Cup,2952,EMEA,China,BBL,EDG,Sunset,13,3,1,decider,3,True,True
706759,275304,1,2026-07-02,2026 Esports World Cup,2952,EMEA,EMEA,VIT,KC,Haven,13,8,1,KC,3,True,True
706759,275432,2,2026-07-02,2026 Esports World Cup,2952,EMEA,EMEA,VIT,KC,Lotus,13,9,1,VIT,3,True,True
706760,275305,1,2026-07-02,2026 Esports World Cup,2952,Americas,Pacific,NRG,PRX,Fracture,9,13,0,PRX,3,True,True
706760,275430,2,2026-07-02,2026 Esports World Cup,2952,Americas,Pacific,NRG,PRX,Lotus,13,5,1,NRG,3,True,True
706760,275431,3,2026-07-02,2026 Esports World Cup,2952,Americas,Pacific,NRG,PRX,Breeze,13,10,1,decider,3,True,True
706764,275313,1,2026-07-03,2026 Esports World Cup,2952,EMEA,China,M8,XLG,Breeze,7,13,0,XLG,3,True,True
706764,275438,2,2026-07-03,2026 Esports World Cup,2952,EMEA,China,M8,XLG,Haven,13,8,1,decider,3,True,True
706764,275439,3,2026-07-03,2026 Esports World Cup,2952,EMEA,China,M8,XLG,Lotus,13,1,1,M8,3,True,True
706765,275314,1,2026-07-03,2026 Esports World Cup,2952,Pacific,Americas,NS,G2,Breeze,13,5,1,G2,3,True,True
706765,275436,2,2026-07-03,2026 Esports World Cup,2952,Pacific,Americas,NS,G2,Sunset,7,13,0,NS,3,True,True
706765,275437,3,2026-07-03,2026 Esports World Cup,2952,Pacific,Americas,NS,G2,Split,13,6,1,decider,3,True,True
706769,275322,1,2026-07-03,2026 Esports World Cup,2952,Americas,Pacific,MIBR,GE,Lotus,13,2,1,MIBR,3,True,True
706769,275444,2,2026-07-03,2026 Esports World Cup,2952,Americas,Pacific,MIBR,GE,Haven,13,3,1,GE,3,True,True
706770,275323,1,2026-07-03,2026 Esports World Cup,2952,China,EMEA,AG,TH,Haven,11,13,0,decider,3,True,True
706770,275442,2,2026-07-03,2026 Esports World Cup,2952,China,EMEA,AG,TH,Ascent,13,8,1,TH,3,True,True
706770,275443,3,2026-07-03,2026 Esports World Cup,2952,China,EMEA,AG,TH,Lotus,7,13,0,decider,3,True,True
706756,275297,1,2026-07-04,2026 Esports World Cup,2952,Americas,EMEA,100T,BBL,Lotus,14,12,1,BBL,3,True,True
706756,275298,2,2026-07-04,2026 Esports World Cup,2952,Americas,EMEA,100T,BBL,Split,3,13,0,100T,3,True,True
706756,275299,3,2026-07-04,2026 Esports World Cup,2952,Americas,EMEA,100T,BBL,Haven,13,9,1,decider,3,True,True
706757,275300,1,2026-07-04,2026 Esports World Cup,2952,Pacific,China,RRQ,EDG,Ascent,5,13,0,RRQ,3,True,True
706757,275428,2,2026-07-04,2026 Esports World Cup,2952,Pacific,China,RRQ,EDG,Breeze,11,13,0,EDG,3,True,True
706761,275306,1,2026-07-04,2026 Esports World Cup,2952,EMEA,Americas,VIT,NRG,Ascent,16,14,1,VIT,3,True,True
706761,275307,2,2026-07-04,2026 Esports World Cup,2952,EMEA,Americas,VIT,NRG,Lotus,8,13,0,NRG,3,True,True
706761,275308,3,2026-07-04,2026 Esports World Cup,2952,EMEA,Americas,VIT,NRG,Breeze,13,10,1,decider,3,True,True
706762,275309,1,2026-07-04,2026 Esports World Cup,2952,EMEA,Pacific,KC,PRX,Sunset,11,13,0,KC,3,True,True
706762,275434,2,2026-07-04,2026 Esports World Cup,2952,EMEA,Pacific,KC,PRX,Fracture,13,9,1,PRX,3,True,True
706762,275435,3,2026-07-04,2026 Esports World Cup,2952,EMEA,Pacific,KC,PRX,Lotus,13,7,1,decider,3,True,True
706766,275315,1,2026-07-05,2026 Esports World Cup,2952,EMEA,Pacific,M8,NS,Lotus,15,17,0,M8,3,True,True
706766,275316,2,2026-07-05,2026 Esports World Cup,2952,EMEA,Pacific,M8,NS,Haven,13,10,1,NS,3,True,True
706766,275317,3,2026-07-05,2026 Esports World Cup,2952,EMEA,Pacific,M8,NS,Ascent,13,3,1,decider,3,True,True
706767,275318,1,2026-07-05,2026 Esports World Cup,2952,China,Americas,XLG,G2,Lotus,7,13,0,G2,3,True,True
706767,275440,2,2026-07-05,2026 Esports World Cup,2952,China,Americas,XLG,G2,Breeze,9,13,0,XLG,3,True,True
706771,275324,1,2026-07-05,2026 Esports World Cup,2952,Americas,EMEA,MIBR,TH,Lotus,14,16,0,TH,3,True,True
706771,275325,2,2026-07-05,2026 Esports World Cup,2952,Americas,EMEA,MIBR,TH,Ascent,2,13,0,MIBR,3,True,True
706772,275327,1,2026-07-05,2026 Esports World Cup,2952,Pacific,China,GE,AG,Sunset,12,14,0,GE,3,True,True
706772,275446,2,2026-07-05,2026 Esports World Cup,2952,Pacific,China,GE,AG,Split,10,13,0,AG,3,True,True
706758,275301,1,2026-07-06,2026 Esports World Cup,2952,EMEA,China,BBL,EDG,Lotus,13,4,1,BBL,3,True,True
706758,275302,2,2026-07-06,2026 Esports World Cup,2952,EMEA,China,BBL,EDG,Breeze,13,5,1,EDG,3,True,True
706763,275310,1,2026-07-06,2026 Esports World Cup,2952,Americas,EMEA,NRG,KC,Breeze,13,6,1,NRG,3,True,True
706763,275311,2,2026-07-06,2026 Esports World Cup,2952,Americas,EMEA,NRG,KC,Fracture,7,13,0,KC,3,True,True
706763,275312,3,2026-07-06,2026 Esports World Cup,2952,Americas,EMEA,NRG,KC,Haven,13,7,1,decider,3,True,True
706768,275319,1,2026-07-07,2026 Esports World Cup,2952,Pacific,Americas,NS,G2,Breeze,10,13,0,NS,3,True,True
706768,275320,2,2026-07-07,2026 Esports World Cup,2952,Pacific,Americas,NS,G2,Sunset,14,12,1,G2,3,True,True
706768,275321,3,2026-07-07,2026 Esports World Cup,2952,Pacific,Americas,NS,G2,Haven,13,10,1,decider,3,True,True
706773,275328,1,2026-07-07,2026 Esports World Cup,2952,Americas,China,MIBR,AG,Lotus,13,15,0,MIBR,3,True,True
706773,275329,2,2026-07-07,2026 Esports World Cup,2952,Americas,China,MIBR,AG,Split,13,6,1,AG,3,True,True
706773,275330,3,2026-07-07,2026 Esports World Cup,2952,Americas,China,MIBR,AG,Ascent,13,4,1,decider,3,True,True
701025,273938,1,2026-07-09,2026 China Stage 2,2978,China,China,WOL,TEC,Sunset,13,5,1,TEC,3,True,False
701025,273939,2,2026-07-09,2026 China Stage 2,2978,China,China,WOL,TEC,Haven,13,10,1,WOL,3,True,False
701026,273941,1,2026-07-09,2026 China Stage 2,2978,China,China,DRG,BLG,Haven,15,13,1,DRG,3,True,False
701026,273942,2,2026-07-09,2026 China Stage 2,2978,China,China,DRG,BLG,Lotus,13,7,1,BLG,3,True,False
708422,275973,1,2026-07-09,2026 Esports World Cup,2952,EMEA,EMEA,TH,BBL,Breeze,16,14,1,BBL,3,True,True
708422,275974,2,2026-07-09,2026 Esports World Cup,2952,EMEA,EMEA,TH,BBL,Lotus,2,13,0,TH,3,True,True
708422,275975,3,2026-07-09,2026 Esports World Cup,2952,EMEA,EMEA,TH,BBL,Sunset,10,13,0,decider,3,True,True
708423,275976,1,2026-07-09,2026 Esports World Cup,2952,EMEA,Americas,M8,NRG,Haven,13,10,1,NRG,3,True,True
708423,275977,2,2026-07-09,2026 Esports World Cup,2952,EMEA,Americas,M8,NRG,Ascent,9,13,0,M8,3,True,True
708423,275978,3,2026-07-09,2026 Esports World Cup,2952,EMEA,Americas,M8,NRG,Lotus,10,13,0,decider,3,True,True
701027,273944,1,2026-07-10,2026 China Stage 2,2978,China,China,FPX,TE,Sunset,13,3,1,TE,3,True,False
701027,276588,2,2026-07-10,2026 China Stage 2,2978,China,China,FPX,TE,Summit,13,9,1,FPX,3,True,False
701028,273947,1,2026-07-10,2026 China Stage 2,2978,China,China,JDG,TYL,Split,8,13,0,TYL,3,True,False
701028,273948,2,2026-07-10,2026 China Stage 2,2978,China,China,JDG,TYL,Sunset,7,13,0,JDG,3,True,False
708420,275967,1,2026-07-10,2026 Esports World Cup,2952,Americas,Americas,100T,MIBR,Fracture,13,2,1,MIBR,3,True,True
708420,275968,2,2026-07-10,2026 Esports World Cup,2952,Americas,Americas,100T,MIBR,Breeze,10,13,0,100T,3,True,True
708420,275969,3,2026-07-10,2026 Esports World Cup,2952,Americas,Americas,100T,MIBR,Haven,13,5,1,decider,3,True,True
708421,275970,1,2026-07-10,2026 Esports World Cup,2952,EMEA,Pacific,VIT,NS,Ascent,13,10,1,VIT,3,True,True
708421,275971,2,2026-07-10,2026 Esports World Cup,2952,EMEA,Pacific,VIT,NS,Split,7,13,0,NS,3,True,True
708421,275972,3,2026-07-10,2026 Esports World Cup,2952,EMEA,Pacific,VIT,NS,Breeze,2,13,0,decider,3,True,True
701029,273950,1,2026-07-11,2026 China Stage 2,2978,China,China,DRG,TEC,Breeze,16,14,1,TEC,3,True,False
701029,273951,2,2026-07-11,2026 China Stage 2,2978,China,China,DRG,TEC,Haven,11,13,0,DRG,3,True,False
701029,273952,3,2026-07-11,2026 China Stage 2,2978,China,China,DRG,TEC,Sunset,13,4,1,decider,3,True,False
701030,273953,1,2026-07-11,2026 China Stage 2,2978,China,China,BLG,WOL,Summit,13,9,1,WOL,3,True,False
701030,273954,2,2026-07-11,2026 China Stage 2,2978,China,China,BLG,WOL,Split,4,13,0,BLG,3,True,False
701030,273955,3,2026-07-11,2026 China Stage 2,2978,China,China,BLG,WOL,Lotus,13,5,1,decider,3,True,False
708424,275979,1,2026-07-11,2026 Esports World Cup,2952,Americas,Pacific,100T,NS,Sunset,13,6,1,NS,3,True,True
708424,275980,2,2026-07-11,2026 Esports World Cup,2952,Americas,Pacific,100T,NS,Lotus,7,13,0,100T,3,True,True
708424,275981,3,2026-07-11,2026 Esports World Cup,2952,Americas,Pacific,100T,NS,Haven,13,11,1,decider,3,True,True
708425,275982,1,2026-07-11,2026 Esports World Cup,2952,EMEA,Americas,BBL,NRG,Haven,13,4,1,NRG,3,True,True
708425,275983,2,2026-07-11,2026 Esports World Cup,2952,EMEA,Americas,BBL,NRG,Breeze,12,14,0,BBL,3,True,True
708425,275984,3,2026-07-11,2026 Esports World Cup,2952,EMEA,Americas,BBL,NRG,Lotus,6,13,0,decider,3,True,True
701031,273957,1,2026-07-12,2026 China Stage 2,2978,China,China,NOVA,FPX,Sunset,13,7,1,FPX,3,True,False
701031,277084,2,2026-07-12,2026 China Stage 2,2978,China,China,NOVA,FPX,Lotus,13,8,1,NOVA,3,True,False
701032,273959,1,2026-07-12,2026 China Stage 2,2978,China,China,TYL,TE,Breeze,13,3,1,TE,3,True,False
701032,273960,2,2026-07-12,2026 China Stage 2,2978,China,China,TYL,TE,Sunset,13,5,1,TYL,3,True,False
708426,275985,1,2026-07-12,2026 Esports World Cup,2952,Americas,Americas,100T,NRG,Breeze,13,7,1,NRG,5,True,True
708426,275986,2,2026-07-12,2026 Esports World Cup,2952,Americas,Americas,100T,NRG,Sunset,13,6,1,100T,5,True,True
708426,275987,3,2026-07-12,2026 Esports World Cup,2952,Americas,Americas,100T,NRG,Haven,2,13,0,NRG,5,True,True
708426,275988,4,2026-07-12,2026 Esports World Cup,2952,Americas,Americas,100T,NRG,Ascent,14,12,1,100T,5,True,True
708427,275990,1,2026-07-12,2026 Esports World Cup,2952,Pacific,EMEA,NS,BBL,Breeze,13,10,1,NS,3,True,True
708427,275991,2,2026-07-12,2026 Esports World Cup,2952,Pacific,EMEA,NS,BBL,Lotus,13,11,1,BBL,3,True,True
701036,273962,1,2026-07-14,2026 China Stage 2,2978,China,China,WOL,AG,Lotus,11,13,0,AG,3,True,False
701036,273963,2,2026-07-14,2026 China Stage 2,2978,China,China,WOL,AG,Ascent,4,13,0,WOL,3,True,False
701037,273965,1,2026-07-14,2026 China Stage 2,2978,China,China,XLG,TEC,Summit,12,14,0,XLG,3,True,False
701037,273966,2,2026-07-14,2026 China Stage 2,2978,China,China,XLG,TEC,Ascent,13,7,1,TEC,3,True,False
701037,273967,3,2026-07-14,2026 China Stage 2,2978,China,China,XLG,TEC,Breeze,10,13,0,decider,3,True,False
701038,277180,1,2026-07-15,2026 China Stage 2,2978,China,China,JDG,FPX,Breeze,8,13,0,JDG,3,True,False
701038,277181,2,2026-07-15,2026 China Stage 2,2978,China,China,JDG,FPX,Ascent,9,13,0,FPX,3,True,False
701039,273971,1,2026-07-15,2026 China Stage 2,2978,China,China,EDG,TYL,Sunset,8,13,0,EDG,3,True,False
701039,273972,2,2026-07-15,2026 China Stage 2,2978,China,China,EDG,TYL,Breeze,13,7,1,TYL,3,True,False
701039,273973,3,2026-07-15,2026 China Stage 2,2978,China,China,EDG,TYL,Lotus,3,13,0,decider,3,True,False
712803,276498,1,2026-07-15,2026 EMEA Stage 2,2976,EMEA,EMEA,FUT,NAVI,Split,6,13,0,NAVI,3,True,False
712803,276499,2,2026-07-15,2026 EMEA Stage 2,2976,EMEA,EMEA,FUT,NAVI,Ascent,9,13,0,FUT,3,True,False
712804,276501,1,2026-07-15,2026 EMEA Stage 2,2976,EMEA,EMEA,TL,EF,Split,6,13,0,TL,3,True,False
712804,276502,2,2026-07-15,2026 EMEA Stage 2,2976,EMEA,EMEA,TL,EF,Lotus,2,13,0,EF,3,True,False
698884,273205,1,2026-07-16,2026 Pacific Stage 2,2776,Pacific,Pacific,GEN,ZETA,Ascent,13,7,1,ZETA,3,True,False
698884,273206,2,2026-07-16,2026 Pacific Stage 2,2776,Pacific,Pacific,GEN,ZETA,Sunset,16,14,1,GEN,3,True,False
698885,273208,1,2026-07-16,2026 Pacific Stage 2,2776,Pacific,Pacific,TS,VL,Split,6,13,0,VL,3,True,False
698885,273209,2,2026-07-16,2026 Pacific Stage 2,2776,Pacific,Pacific,TS,VL,Haven,13,9,1,TS,3,True,False
698885,273210,3,2026-07-16,2026 Pacific Stage 2,2776,Pacific,Pacific,TS,VL,Summit,11,13,0,decider,3,True,False
701040,273974,1,2026-07-16,2026 China Stage 2,2978,China,China,AG,BLG,Summit,9,13,0,BLG,3,True,False
701040,273975,2,2026-07-16,2026 China Stage 2,2978,China,China,AG,BLG,Haven,13,10,1,AG,3,True,False
701040,273976,3,2026-07-16,2026 China Stage 2,2978,China,China,AG,BLG,Sunset,9,13,0,decider,3,True,False
701041,273977,1,2026-07-16,2026 China Stage 2,2978,China,China,XLG,DRG,Lotus,13,7,1,XLG,3,True,False
701041,273978,2,2026-07-16,2026 China Stage 2,2978,China,China,XLG,DRG,Haven,13,9,1,DRG,3,True,False
706349,275064,1,2026-07-16,2026 Americas Stage 2,2977,Americas,Americas,LEV,FUR,Haven,13,8,1,LEV,3,True,False
706349,275065,2,2026-07-16,2026 Americas Stage 2,2977,Americas,Americas,LEV,FUR,Sunset,1,13,0,FUR,3,True,False
706349,275066,3,2026-07-16,2026 Americas Stage 2,2977,Americas,Americas,LEV,FUR,Split,13,8,1,decider,3,True,False
706350,275067,1,2026-07-16,2026 Americas Stage 2,2977,Americas,Americas,SEN,C9,Summit,13,4,1,C9,3,True,False
706350,275068,2,2026-07-16,2026 Americas Stage 2,2977,Americas,Americas,SEN,C9,Haven,11,13,0,SEN,3,True,False
706350,275069,3,2026-07-16,2026 Americas Stage 2,2977,Americas,Americas,SEN,C9,Lotus,16,14,1,decider,3,True,False
712805,276504,1,2026-07-16,2026 EMEA Stage 2,2976,EMEA,EMEA,FNC,GX,Ascent,15,13,1,GX,3,True,False
712805,276505,2,2026-07-16,2026 EMEA Stage 2,2976,EMEA,EMEA,FNC,GX,Sunset,13,9,1,FNC,3,True,False
712806,276507,1,2026-07-16,2026 EMEA Stage 2,2976,EMEA,EMEA,PCF,M8,Split,13,5,1,PCF,3,True,False
712806,276508,2,2026-07-16,2026 EMEA Stage 2,2976,EMEA,EMEA,PCF,M8,Sunset,5,13,0,M8,3,True,False
712806,276509,3,2026-07-16,2026 EMEA Stage 2,2976,EMEA,EMEA,PCF,M8,Ascent,4,13,0,decider,3,True,False
698886,273211,1,2026-07-17,2026 Pacific Stage 2,2776,Pacific,Pacific,FS,NS,Haven,3,13,0,FS,3,True,False
698886,273212,2,2026-07-17,2026 Pacific Stage 2,2776,Pacific,Pacific,FS,NS,Split,13,11,1,NS,3,True,False
698886,273213,3,2026-07-17,2026 Pacific Stage 2,2776,Pacific,Pacific,FS,NS,Ascent,13,8,1,decider,3,True,False
698887,273214,1,2026-07-17,2026 Pacific Stage 2,2776,Pacific,Pacific,KRX,DFM,Split,11,13,0,DFM,3,True,False
698887,273215,2,2026-07-17,2026 Pacific Stage 2,2776,Pacific,Pacific,KRX,DFM,Sunset,13,6,1,KRX,3,True,False
698887,273216,3,2026-07-17,2026 Pacific Stage 2,2776,Pacific,Pacific,KRX,DFM,Summit,13,7,1,decider,3,True,False
701042,273980,1,2026-07-17,2026 China Stage 2,2978,China,China,NOVA,JDG,Split,13,4,1,JDG,3,True,False
701042,273981,2,2026-07-17,2026 China Stage 2,2978,China,China,NOVA,JDG,Lotus,8,13,0,NOVA,3,True,False
701042,277454,3,2026-07-17,2026 China Stage 2,2978,China,China,NOVA,JDG,Breeze,13,9,1,decider,3,True,False
701043,273983,1,2026-07-17,2026 China Stage 2,2978,China,China,TYL,FPX,Ascent,7,13,0,FPX,3,True,False
701043,273984,2,2026-07-17,2026 China Stage 2,2978,China,China,TYL,FPX,Lotus,13,11,1,TYL,3,True,False
701043,273985,3,2026-07-17,2026 China Stage 2,2978,China,China,TYL,FPX,Split,13,10,1,decider,3,True,False
701044,273986,1,2026-07-17,2026 China Stage 2,2978,China,China,TE,EDG,Breeze,3,13,0,EDG,3,True,False
701044,273987,2,2026-07-17,2026 China Stage 2,2978,China,China,TE,EDG,Ascent,11,13,0,TE,3,True,False
706351,275070,1,2026-07-17,2026 Americas Stage 2,2977,Americas,Americas,ENVY,EG,Ascent,4,13,0,ENVY,3,True,False
706351,275071,2,2026-07-17,2026 Americas Stage 2,2977,Americas,Americas,ENVY,EG,Breeze,9,13,0,EG,3,True,False
706352,275073,1,2026-07-17,2026 Americas Stage 2,2977,Americas,Americas,KRÜ,LOUD,Lotus,13,9,1,KRÜ,3,True,False
706352,275074,2,2026-07-17,2026 Americas Stage 2,2977,Americas,Americas,KRÜ,LOUD,Breeze,15,17,0,LOUD,3,True,False
706352,275075,3,2026-07-17,2026 Americas Stage 2,2977,Americas,Americas,KRÜ,LOUD,Sunset,3,13,0,decider,3,True,False
712807,276510,1,2026-07-17,2026 EMEA Stage 2,2976,EMEA,EMEA,KC,EF,Sunset,13,6,1,KC,3,True,False
712807,276511,2,2026-07-17,2026 EMEA Stage 2,2976,EMEA,EMEA,KC,EF,Lotus,15,13,1,EF,3,True,False
712808,276513,1,2026-07-17,2026 EMEA Stage 2,2976,EMEA,EMEA,VIT,NAVI,Sunset,9,13,0,NAVI,3,True,False
712808,276514,2,2026-07-17,2026 EMEA Stage 2,2976,EMEA,EMEA,VIT,NAVI,Breeze,13,6,1,VIT,3,True,False
712808,276515,3,2026-07-17,2026 EMEA Stage 2,2976,EMEA,EMEA,VIT,NAVI,Split,13,9,1,decider,3,True,False
698888,273217,1,2026-07-18,2026 Pacific Stage 2,2776,Pacific,Pacific,RRQ,GE,Sunset,9,13,0,RRQ,3,True,False
698888,273218,2,2026-07-18,2026 Pacific Stage 2,2776,Pacific,Pacific,RRQ,GE,Summit,14,16,0,GE,3,True,False
698889,273220,1,2026-07-18,2026 Pacific Stage 2,2776,Pacific,Pacific,PRX,T1,Sunset,12,14,0,PRX,3,True,False
698889,273221,2,2026-07-18,2026 Pacific Stage 2,2776,Pacific,Pacific,PRX,T1,Ascent,13,11,1,T1,3,True,False
698889,273222,3,2026-07-18,2026 Pacific Stage 2,2776,Pacific,Pacific,PRX,T1,Breeze,15,17,0,decider,3,True,False
701045,273989,1,2026-07-18,2026 China Stage 2,2978,China,China,TEC,BLG,Summit,10,13,0,BLG,3,True,False
701045,273990,2,2026-07-18,2026 China Stage 2,2978,China,China,TEC,BLG,Split,13,9,1,TEC,3,True,False
701045,273991,3,2026-07-18,2026 China Stage 2,2978,China,China,TEC,BLG,Haven,6,13,0,decider,3,True,False
701046,273992,1,2026-07-18,2026 China Stage 2,2978,China,China,AG,XLG,Summit,11,13,0,XLG,3,True,False
701046,273993,2,2026-07-18,2026 China Stage 2,2978,China,China,AG,XLG,Haven,10,13,0,AG,3,True,False
706353,275076,1,2026-07-18,2026 Americas Stage 2,2977,Americas,Americas,G2,100T,Breeze,4,13,0,100T,3,True,False
706353,275077,2,2026-07-18,2026 Americas Stage 2,2977,Americas,Americas,G2,100T,Sunset,16,14,1,G2,3,True,False
706353,275078,3,2026-07-18,2026 Americas Stage 2,2977,Americas,Americas,G2,100T,Haven,10,13,0,decider,3,True,False
706354,275079,1,2026-07-18,2026 Americas Stage 2,2977,Americas,Americas,NRG,MIBR,Sunset,9,13,0,MIBR,3,True,False
706354,275080,2,2026-07-18,2026 Americas Stage 2,2977,Americas,Americas,NRG,MIBR,Breeze,13,11,1,NRG,3,True,False
706354,275081,3,2026-07-18,2026 Americas Stage 2,2977,Americas,Americas,NRG,MIBR,Summit,13,4,1,decider,3,True,False
712809,276516,1,2026-07-18,2026 EMEA Stage 2,2976,EMEA,EMEA,M8,FUT,Sunset,9,13,0,M8,3,True,False
712809,276517,2,2026-07-18,2026 EMEA Stage 2,2976,EMEA,EMEA,M8,FUT,Haven,12,14,0,FUT,3,True,False
712810,276519,1,2026-07-18,2026 EMEA Stage 2,2976,EMEA,EMEA,TH,TL,Breeze,12,14,0,TL,3,True,False
712810,276520,2,2026-07-18,2026 EMEA Stage 2,2976,EMEA,EMEA,TH,TL,Ascent,10,13,0,TH,3,True,False
698890,273223,1,2026-07-19,2026 Pacific Stage 2,2776,Pacific,Pacific,NS,GEN,Split,11,13,0,NS,3,True,False
698890,273224,2,2026-07-19,2026 Pacific Stage 2,2776,Pacific,Pacific,NS,GEN,Ascent,13,7,1,GEN,3,True,False
698890,273225,3,2026-07-19,2026 Pacific Stage 2,2776,Pacific,Pacific,NS,GEN,Haven,4,13,0,decider,3,True,False
698891,273226,1,2026-07-19,2026 Pacific Stage 2,2776,Pacific,Pacific,KRX,TS,Sunset,4,13,0,KRX,3,True,False
698891,273227,2,2026-07-19,2026 Pacific Stage 2,2776,Pacific,Pacific,KRX,TS,Haven,7,13,0,TS,3,True,False
701047,273995,1,2026-07-19,2026 China Stage 2,2978,China,China,TE,NOVA,Ascent,7,13,0,TE,3,True,False
701047,273996,2,2026-07-19,2026 China Stage 2,2978,China,China,TE,NOVA,Sunset,13,7,1,NOVA,3,True,False
701047,273997,3,2026-07-19,2026 China Stage 2,2978,China,China,TE,NOVA,Breeze,13,15,0,decider,3,True,False
701048,273998,1,2026-07-19,2026 China Stage 2,2978,China,China,DRG,WOL,Sunset,9,13,0,DRG,3,True,False
701048,273999,2,2026-07-19,2026 China Stage 2,2978,China,China,DRG,WOL,Haven,13,9,1,WOL,3,True,False
701048,274000,3,2026-07-19,2026 China Stage 2,2978,China,China,DRG,WOL,Lotus,8,13,0,decider,3,True,False
701049,274001,1,2026-07-19,2026 China Stage 2,2978,China,China,EDG,JDG,Breeze,13,10,1,EDG,3,True,False
701049,274002,2,2026-07-19,2026 China Stage 2,2978,China,China,EDG,JDG,Haven,13,7,1,JDG,3,True,False
712811,276522,1,2026-07-19,2026 EMEA Stage 2,2976,EMEA,EMEA,GX,KC,Haven,8,13,0,KC,3,True,False
712811,276523,2,2026-07-19,2026 EMEA Stage 2,2976,EMEA,EMEA,GX,KC,Ascent,4,13,0,GX,3,True,False
712812,276525,1,2026-07-19,2026 EMEA Stage 2,2976,EMEA,EMEA,VIT,BBL,Haven,11,13,0,BBL,3,True,False
712812,276526,2,2026-07-19,2026 EMEA Stage 2,2976,EMEA,EMEA,VIT,BBL,Split,11,13,0,VIT,3,True,False
701050,274004,1,2026-07-20,2026 China Stage 2,2978,China,China,TEC,AG,Split,10,13,0,AG,3,True,False
701050,274005,2,2026-07-20,2026 China Stage 2,2978,China,China,TEC,AG,Summit,5,13,0,TEC,3,True,False
701051,274007,1,2026-07-20,2026 China Stage 2,2978,China,China,BLG,XLG,Lotus,13,2,1,XLG,3,True,False
701051,274008,2,2026-07-20,2026 China Stage 2,2978,China,China,BLG,XLG,Summit,8,13,0,BLG,3,True,False
701051,274009,3,2026-07-20,2026 China Stage 2,2978,China,China,BLG,XLG,Ascent,13,11,1,decider,3,True,False
701052,274011,1,2026-07-21,2026 China Stage 2,2978,China,China,JDG,TE,Ascent,13,8,1,TE,3,True,False
701052,277921,2,2026-07-21,2026 China Stage 2,2978,China,China,JDG,TE,Lotus,13,10,1,JDG,3,True,False
701053,274013,1,2026-07-21,2026 China Stage 2,2978,China,China,EDG,NOVA,Sunset,13,15,0,EDG,3,True,False
701053,274014,2,2026-07-21,2026 China Stage 2,2978,China,China,EDG,NOVA,Lotus,10,13,0,NOVA,3,True,False
701054,274016,1,2026-07-22,2026 China Stage 2,2978,China,China,XLG,WOL,Summit,15,13,1,XLG,3,True,False
701054,274017,2,2026-07-22,2026 China Stage 2,2978,China,China,XLG,WOL,Lotus,3,13,0,WOL,3,True,False
701054,274018,3,2026-07-22,2026 China Stage 2,2978,China,China,XLG,WOL,Split,13,3,1,decider,3,True,False
701055,274019,1,2026-07-22,2026 China Stage 2,2978,China,China,AG,DRG,Split,2,13,0,AG,3,True,False
701055,274020,2,2026-07-22,2026 China Stage 2,2978,China,China,AG,DRG,Haven,13,7,1,DRG,3,True,False
701055,274021,3,2026-07-22,2026 China Stage 2,2978,China,China,AG,DRG,Lotus,14,12,1,decider,3,True,False
712814,276528,1,2026-07-22,2026 EMEA Stage 2,2976,EMEA,EMEA,FUT,PCF,Split,13,10,1,PCF,3,True,False
712814,276529,2,2026-07-22,2026 EMEA Stage 2,2976,EMEA,EMEA,FUT,PCF,Lotus,12,14,0,FUT,3,True,False
712814,276530,3,2026-07-22,2026 EMEA Stage 2,2976,EMEA,EMEA,FUT,PCF,Ascent,13,1,1,decider,3,True,False
712815,276531,1,2026-07-22,2026 EMEA Stage 2,2976,EMEA,EMEA,FNC,KC,Summit,16,14,1,KC,3,True,False
712815,276532,2,2026-07-22,2026 EMEA Stage 2,2976,EMEA,EMEA,FNC,KC,Ascent,6,13,0,FNC,3,True,False
712815,276533,3,2026-07-22,2026 EMEA Stage 2,2976,EMEA,EMEA,FNC,KC,Split,17,15,1,decider,3,True,False
698892,273229,1,2026-07-23,2026 Pacific Stage 2,2776,Pacific,Pacific,GE,FS,Ascent,13,7,1,FS,3,True,False
698892,273230,2,2026-07-23,2026 Pacific Stage 2,2776,Pacific,Pacific,GE,FS,Summit,13,3,1,GE,3,True,False
698893,273232,1,2026-07-23,2026 Pacific Stage 2,2776,Pacific,Pacific,T1,VL,Split,12,14,0,VL,3,True,False
698893,273233,2,2026-07-23,2026 Pacific Stage 2,2776,Pacific,Pacific,T1,VL,Haven,10,13,0,T1,3,True,False
701056,274022,1,2026-07-23,2026 China Stage 2,2978,China,China,TYL,NOVA,Split,12,14,0,TYL,3,True,False
701056,274023,2,2026-07-23,2026 China Stage 2,2978,China,China,TYL,NOVA,Summit,11,13,0,NOVA,3,True,False
701057,274025,1,2026-07-23,2026 China Stage 2,2978,China,China,FPX,EDG,Breeze,13,9,1,EDG,3,True,False
701057,274026,2,2026-07-23,2026 China Stage 2,2978,China,China,FPX,EDG,Ascent,9,13,0,FPX,3,True,False
701057,274027,3,2026-07-23,2026 China Stage 2,2978,China,China,FPX,EDG,Split,5,13,0,decider,3,True,False
706355,275082,1,2026-07-23,2026 Americas Stage 2,2977,Americas,Americas,EG,LEV,Split,5,13,0,LEV,3,True,False
706355,275083,2,2026-07-23,2026 Americas Stage 2,2977,Americas,Americas,EG,LEV,Sunset,5,13,0,EG,3,True,False
706356,275085,1,2026-07-23,2026 Americas Stage 2,2977,Americas,Americas,ENVY,MIBR,Haven,4,13,0,ENVY,3,True,False
706356,275086,2,2026-07-23,2026 Americas Stage 2,2977,Americas,Americas,ENVY,MIBR,Sunset,3,13,0,MIBR,3,True,False
712816,276534,1,2026-07-23,2026 EMEA Stage 2,2976,EMEA,EMEA,EF,TH,Lotus,10,13,0,EF,3,True,False
712816,276535,2,2026-07-23,2026 EMEA Stage 2,2976,EMEA,EMEA,EF,TH,Haven,0,13,0,TH,3,True,False
712817,276537,1,2026-07-23,2026 EMEA Stage 2,2976,EMEA,EMEA,M8,NAVI,Sunset,13,10,1,NAVI,3,True,False
712817,276538,2,2026-07-23,2026 EMEA Stage 2,2976,EMEA,EMEA,M8,NAVI,Haven,13,7,1,M8,3,True,False
698894,273235,1,2026-07-24,2026 Pacific Stage 2,2776,Pacific,Pacific,RRQ,ZETA,Haven,9,13,0,RRQ,3,True,False
698894,273236,2,2026-07-24,2026 Pacific Stage 2,2776,Pacific,Pacific,RRQ,ZETA,Breeze,5,13,0,ZETA,3,True,False
698895,273238,1,2026-07-24,2026 Pacific Stage 2,2776,Pacific,Pacific,DFM,PRX,Summit,10,13,0,PRX,3,True,False
698895,273239,2,2026-07-24,2026 Pacific Stage 2,2776,Pacific,Pacific,DFM,PRX,Ascent,15,17,0,DFM,3,True,False
701058,274028,1,2026-07-24,2026 China Stage 2,2978,China,China,TE,TEC,Breeze,13,9,1,TEC,3,True,False
701058,274029,2,2026-07-24,2026 China Stage 2,2978,China,China,TE,TEC,Sunset,14,12,1,TE,3,True,False
701059,274031,1,2026-07-24,2026 China Stage 2,2978,China,China,EDG,AG,Sunset,13,8,1,EDG,3,True,False
701059,274032,2,2026-07-24,2026 China Stage 2,2978,China,China,EDG,AG,Haven,13,8,1,AG,3,True,False
706357,275088,1,2026-07-24,2026 Americas Stage 2,2977,Americas,Americas,FUR,NRG,Breeze,12,14,0,NRG,3,True,False
706357,275089,2,2026-07-24,2026 Americas Stage 2,2977,Americas,Americas,FUR,NRG,Summit,7,13,0,FUR,3,True,False
706358,275091,1,2026-07-24,2026 Americas Stage 2,2977,Americas,Americas,100T,KRÜ,Split,13,0,1,KRÜ,3,True,False
706358,275092,2,2026-07-24,2026 Americas Stage 2,2977,Americas,Americas,100T,KRÜ,Ascent,13,10,1,100T,3,True,False
712818,276540,1,2026-07-24,2026 EMEA Stage 2,2976,EMEA,EMEA,FUT,BBL,Lotus,7,13,0,BBL,3,True,False
712818,276541,2,2026-07-24,2026 EMEA Stage 2,2976,EMEA,EMEA,FUT,BBL,Split,13,7,1,FUT,3,True,False
712818,276542,3,2026-07-24,2026 EMEA Stage 2,2976,EMEA,EMEA,FUT,BBL,Sunset,13,11,1,decider,3,True,False
712819,276543,1,2026-07-24,2026 EMEA Stage 2,2976,EMEA,EMEA,TL,FNC,Summit,13,6,1,TL,3,True,False
712819,276544,2,2026-07-24,2026 EMEA Stage 2,2976,EMEA,EMEA,TL,FNC,Lotus,13,5,1,FNC,3,True,False
698897,273241,1,2026-07-25,2026 Pacific Stage 2,2776,Pacific,Pacific,NS,GE,Ascent,6,13,0,GE,3,True,False
698897,273243,2,2026-07-25,2026 Pacific Stage 2,2776,Pacific,Pacific,NS,GE,Sunset,13,7,1,decider,3,True,False
698897,278340,3,2026-07-25,2026 Pacific Stage 2,2776,Pacific,Pacific,NS,GE,Breeze,13,7,1,NS,3,True,False
698898,273244,1,2026-07-25,2026 Pacific Stage 2,2776,Pacific,Pacific,TS,T1,Ascent,5,13,0,T1,3,True,False
698898,273245,2,2026-07-25,2026 Pacific Stage 2,2776,Pacific,Pacific,TS,T1,Haven,5,13,0,TS,3,True,False
701060,274034,1,2026-07-25,2026 China Stage 2,2978,China,China,JDG,DRG,Split,14,16,0,JDG,3,True,False
701060,274035,2,2026-07-25,2026 China Stage 2,2978,China,China,JDG,DRG,Breeze,13,10,1,DRG,3,True,False
701060,274036,3,2026-07-25,2026 China Stage 2,2978,China,China,JDG,DRG,Ascent,11,13,0,decider,3,True,False
701061,274037,1,2026-07-25,2026 China Stage 2,2978,China,China,TYL,XLG,Breeze,8,13,0,XLG,3,True,False
701061,274038,2,2026-07-25,2026 China Stage 2,2978,China,China,TYL,XLG,Lotus,12,14,0,TYL,3,True,False
706359,275094,1,2026-07-25,2026 Americas Stage 2,2977,Americas,Americas,G2,C9,Breeze,13,1,1,C9,3,True,False
706359,275095,2,2026-07-25,2026 Americas Stage 2,2977,Americas,Americas,G2,C9,Sunset,13,6,1,G2,3,True,False
706360,275097,1,2026-07-25,2026 Americas Stage 2,2977,Americas,Americas,SEN,LOUD,Lotus,13,6,1,LOUD,3,True,False
706360,275098,2,2026-07-25,2026 Americas Stage 2,2977,Americas,Americas,SEN,LOUD,Breeze,13,7,1,SEN,3,True,False
712820,276546,1,2026-07-25,2026 EMEA Stage 2,2976,EMEA,EMEA,PCF,VIT,Haven,6,13,0,VIT,3,True,False
712820,276547,2,2026-07-25,2026 EMEA Stage 2,2976,EMEA,EMEA,PCF,VIT,Sunset,7,13,0,PCF,3,True,False
712821,276549,1,2026-07-25,2026 EMEA Stage 2,2976,EMEA,EMEA,EF,GX,Split,5,13,0,GX,3,True,False
712821,276550,2,2026-07-25,2026 EMEA Stage 2,2976,EMEA,EMEA,EF,GX,Ascent,7,13,0,EF,3,True,False
698899,273247,1,2026-07-26,2026 Pacific Stage 2,2776,Pacific,Pacific,PRX,KRX,Summit,13,1,1,PRX,3,True,False
698899,278415,2,2026-07-26,2026 Pacific Stage 2,2776,Pacific,Pacific,PRX,KRX,Breeze,13,6,1,KRX,3,True,False
698901,273250,1,2026-07-26,2026 Pacific Stage 2,2776,Pacific,Pacific,GEN,RRQ,Haven,7,13,0,RRQ,3,True,False
698901,273251,2,2026-07-26,2026 Pacific Stage 2,2776,Pacific,Pacific,GEN,RRQ,Summit,13,11,1,GEN,3,True,False
698901,273252,3,2026-07-26,2026 Pacific Stage 2,2776,Pacific,Pacific,GEN,RRQ,Sunset,13,5,1,decider,3,True,False
701062,274040,1,2026-07-26,2026 China Stage 2,2978,China,China,FPX,WOL,Sunset,13,10,1,FPX,3,True,False
701062,274041,2,2026-07-26,2026 China Stage 2,2978,China,China,FPX,WOL,Lotus,13,11,1,WOL,3,True,False
701063,274043,1,2026-07-26,2026 China Stage 2,2978,China,China,NOVA,BLG,Breeze,13,8,1,BLG,3,True,False
701063,274044,2,2026-07-26,2026 China Stage 2,2978,China,China,NOVA,BLG,Ascent,13,7,1,NOVA,3,True,False
706361,275100,1,2026-07-26,2026 Americas Stage 2,2977,Americas,Americas,ENVY,LEV,Split,4,13,0,LEV,3,True,False
706361,275101,2,2026-07-26,2026 Americas Stage 2,2977,Americas,Americas,ENVY,LEV,Summit,8,13,0,ENVY,3,True,False
706362,275103,1,2026-07-26,2026 Americas Stage 2,2977,Americas,Americas,FUR,MIBR,Haven,12,14,0,MIBR,3,True,False
706362,275104,2,2026-07-26,2026 Americas Stage 2,2977,Americas,Americas,FUR,MIBR,Breeze,9,13,0,FUR,3,True,False
712822,276552,1,2026-07-26,2026 EMEA Stage 2,2976,EMEA,EMEA,BBL,NAVI,Haven,11,13,0,BBL,3,True,False
712822,276553,2,2026-07-26,2026 EMEA Stage 2,2976,EMEA,EMEA,BBL,NAVI,Ascent,13,9,1,NAVI,3,True,False
712822,276554,3,2026-07-26,2026 EMEA Stage 2,2976,EMEA,EMEA,BBL,NAVI,Sunset,13,3,1,decider,3,True,False
712823,276555,1,2026-07-26,2026 EMEA Stage 2,2976,EMEA,EMEA,TH,KC,Sunset,4,13,0,KC,3,True,False
712823,276556,2,2026-07-26,2026 EMEA Stage 2,2976,EMEA,EMEA,TH,KC,Lotus,2,13,0,TH,3,True,False
712824,276558,1,2026-07-29,2026 EMEA Stage 2,2976,EMEA,EMEA,GX,TL,Breeze,6,13,0,TL,3,True,False
712824,276559,2,2026-07-29,2026 EMEA Stage 2,2976,EMEA,EMEA,GX,TL,Split,7,13,0,GX,3,True,False
712825,276561,1,2026-07-29,2026 EMEA Stage 2,2976,EMEA,EMEA,M8,VIT,Haven,16,14,1,M8,3,True,False
712825,276562,2,2026-07-29,2026 EMEA Stage 2,2976,EMEA,EMEA,M8,VIT,Split,7,13,0,VIT,3,True,False
712825,276563,3,2026-07-29,2026 EMEA Stage 2,2976,EMEA,EMEA,M8,VIT,Ascent,9,13,0,decider,3,True,False
698902,273253,1,2026-07-30,2026 Pacific Stage 2,2776,Pacific,Pacific,VL,DFM,Lotus,11,13,0,VL,3,True,False
698902,273255,2,2026-07-30,2026 Pacific Stage 2,2776,Pacific,Pacific,VL,DFM,Haven,13,15,0,decider,3,True,False
698902,278738,3,2026-07-30,2026 Pacific Stage 2,2776,Pacific,Pacific,VL,DFM,Ascent,13,3,1,DFM,3,True,False
698903,273256,1,2026-07-30,2026 Pacific Stage 2,2776,Pacific,Pacific,FS,ZETA,Split,14,12,1,ZETA,3,True,False
698903,273257,2,2026-07-30,2026 Pacific Stage 2,2776,Pacific,Pacific,FS,ZETA,Sunset,10,13,0,FS,3,True,False
698903,273258,3,2026-07-30,2026 Pacific Stage 2,2776,Pacific,Pacific,FS,ZETA,Haven,11,13,0,decider,3,True,False
706364,275106,1,2026-07-30,2026 Americas Stage 2,2977,Americas,Americas,KRÜ,G2,Breeze,8,13,0,KRÜ,3,True,False
706364,275107,2,2026-07-30,2026 Americas Stage 2,2977,Americas,Americas,KRÜ,G2,Lotus,10,13,0,G2,3,True,False
706365,275109,1,2026-07-30,2026 Americas Stage 2,2977,Americas,Americas,100T,SEN,Sunset,13,15,0,100T,3,True,False
706365,275110,2,2026-07-30,2026 Americas Stage 2,2977,Americas,Americas,100T,SEN,Ascent,13,8,1,SEN,3,True,False
706365,275111,3,2026-07-30,2026 Americas Stage 2,2977,Americas,Americas,100T,SEN,Breeze,13,5,1,decider,3,True,False
712826,276564,1,2026-07-30,2026 EMEA Stage 2,2976,EMEA,EMEA,NAVI,PCF,Ascent,13,11,1,NAVI,3,True,False
712826,276565,2,2026-07-30,2026 EMEA Stage 2,2976,EMEA,EMEA,NAVI,PCF,Summit,14,12,1,PCF,3,True,False
712827,276567,1,2026-07-30,2026 EMEA Stage 2,2976,EMEA,EMEA,EF,FNC,Summit,16,14,1,EF,3,True,False
712827,276568,2,2026-07-30,2026 EMEA Stage 2,2976,EMEA,EMEA,EF,FNC,Split,13,4,1,FNC,3,True,False
698904,273259,1,2026-07-31,2026 Pacific Stage 2,2776,Pacific,Pacific,TS,PRX,Summit,10,13,0,PRX,3,True,False
698904,273260,2,2026-07-31,2026 Pacific Stage 2,2776,Pacific,Pacific,TS,PRX,Ascent,8,13,0,TS,3,True,False
698905,273262,1,2026-07-31,2026 Pacific Stage 2,2776,Pacific,Pacific,GE,GEN,Breeze,13,8,1,GE,3,True,False
698905,273263,2,2026-07-31,2026 Pacific Stage 2,2776,Pacific,Pacific,GE,GEN,Sunset,12,14,0,GEN,3,True,False
698905,273264,3,2026-07-31,2026 Pacific Stage 2,2776,Pacific,Pacific,GE,GEN,Summit,11,13,0,decider,3,True,False
706366,275112,1,2026-07-31,2026 Americas Stage 2,2977,Americas,Americas,C9,LOUD,Haven,13,8,1,C9,3,True,False
706366,275113,2,2026-07-31,2026 Americas Stage 2,2977,Americas,Americas,C9,LOUD,Sunset,8,13,0,LOUD,3,True,False
706366,275114,3,2026-07-31,2026 Americas Stage 2,2977,Americas,Americas,C9,LOUD,Summit,8,13,0,decider,3,True,False
706367,275115,1,2026-07-31,2026 Americas Stage 2,2977,Americas,Americas,EG,MIBR,Haven,12,14,0,MIBR,3,True,False
706367,275116,2,2026-07-31,2026 Americas Stage 2,2977,Americas,Americas,EG,MIBR,Ascent,2,13,0,EG,3,True,False
712828,276570,1,2026-07-31,2026 EMEA Stage 2,2976,EMEA,EMEA,BBL,M8,Lotus,10,13,0,BBL,3,True,False
712828,276571,2,2026-07-31,2026 EMEA Stage 2,2976,EMEA,EMEA,BBL,M8,Ascent,13,5,1,M8,3,True,False
712828,276572,3,2026-07-31,2026 EMEA Stage 2,2976,EMEA,EMEA,BBL,M8,Sunset,13,10,1,decider,3,True,False
712829,276573,1,2026-07-31,2026 EMEA Stage 2,2976,EMEA,EMEA,GX,TH,Haven,6,13,0,TH,3,True,False
712829,276574,2,2026-07-31,2026 EMEA Stage 2,2976,EMEA,EMEA,GX,TH,Ascent,10,13,0,GX,3,True,False
698906,273265,1,2026-08-01,2026 Pacific Stage 2,2776,Pacific,Pacific,T1,DFM,Sunset,5,13,0,T1,3,True,False
698906,273266,2,2026-08-01,2026 Pacific Stage 2,2776,Pacific,Pacific,T1,DFM,Haven,13,11,1,DFM,3,True,False
698906,273267,3,2026-08-01,2026 Pacific Stage 2,2776,Pacific,Pacific,T1,DFM,Ascent,5,13,0,decider,3,True,False
698907,273268,1,2026-08-01,2026 Pacific Stage 2,2776,Pacific,Pacific,FS,RRQ,Summit,9,13,0,FS,3,True,False
698907,273269,2,2026-08-01,2026 Pacific Stage 2,2776,Pacific,Pacific,FS,RRQ,Ascent,13,4,1,RRQ,3,True,False
698907,273270,3,2026-08-01,2026 Pacific Stage 2,2776,Pacific,Pacific,FS,RRQ,Sunset,8,13,0,decider,3,True,False
706368,275118,1,2026-08-01,2026 Americas Stage 2,2977,Americas,Americas,ENVY,FUR,Haven,15,17,0,ENVY,3,True,False
706368,275119,2,2026-08-01,2026 Americas Stage 2,2977,Americas,Americas,ENVY,FUR,Sunset,13,9,1,FUR,3,True,False
706368,275120,3,2026-08-01,2026 Americas Stage 2,2977,Americas,Americas,ENVY,FUR,Ascent,13,6,1,decider,3,True,False
706369,275121,1,2026-08-01,2026 Americas Stage 2,2977,Americas,Americas,LEV,NRG,Summit,10,13,0,NRG,3,True,False
706369,275122,2,2026-08-01,2026 Americas Stage 2,2977,Americas,Americas,LEV,NRG,Sunset,13,6,1,LEV,3,True,False
706369,275123,3,2026-08-01,2026 Americas Stage 2,2977,Americas,Americas,LEV,NRG,Haven,14,16,0,decider,3,True,False
712830,276576,1,2026-08-01,2026 EMEA Stage 2,2976,EMEA,EMEA,FUT,VIT,Lotus,6,13,0,VIT,3,True,False
712830,276577,2,2026-08-01,2026 EMEA Stage 2,2976,EMEA,EMEA,FUT,VIT,Haven,14,12,1,FUT,3,True,False
712830,276578,3,2026-08-01,2026 EMEA Stage 2,2976,EMEA,EMEA,FUT,VIT,Split,6,13,0,decider,3,True,False
712831,276579,1,2026-08-01,2026 EMEA Stage 2,2976,EMEA,EMEA,KC,TL,Lotus,13,11,1,KC,3,True,False
712831,276580,2,2026-08-01,2026 EMEA Stage 2,2976,EMEA,EMEA,KC,TL,Summit,11,13,0,TL,3,True,False
712831,276581,3,2026-08-01,2026 EMEA Stage 2,2976,EMEA,EMEA,KC,TL,Haven,13,11,1,decider,3,True,False
698908,273271,1,2026-08-02,2026 Pacific Stage 2,2776,Pacific,Pacific,VL,KRX,Summit,6,13,0,VL,3,True,False
698908,273272,2,2026-08-02,2026 Pacific Stage 2,2776,Pacific,Pacific,VL,KRX,Sunset,13,8,1,KRX,3,True,False
698908,273273,3,2026-08-02,2026 Pacific Stage 2,2776,Pacific,Pacific,VL,KRX,Haven,13,10,1,decider,3,True,False
698909,273274,1,2026-08-02,2026 Pacific Stage 2,2776,Pacific,Pacific,ZETA,NS,Sunset,13,10,1,ZETA,3,True,False
698909,273275,2,2026-08-02,2026 Pacific Stage 2,2776,Pacific,Pacific,ZETA,NS,Breeze,13,15,0,NS,3,True,False
698909,273276,3,2026-08-02,2026 Pacific Stage 2,2776,Pacific,Pacific,ZETA,NS,Haven,0,13,0,decider,3,True,False
706370,275124,1,2026-08-02,2026 Americas Stage 2,2977,Americas,Americas,C9,KRÜ,Breeze,13,7,1,KRÜ,3,True,False
706370,275125,2,2026-08-02,2026 Americas Stage 2,2977,Americas,Americas,C9,KRÜ,Split,13,5,1,C9,3,True,False
706371,275127,1,2026-08-02,2026 Americas Stage 2,2977,Americas,Americas,G2,SEN,Breeze,11,13,0,SEN,3,True,False
706371,275128,2,2026-08-02,2026 Americas Stage 2,2977,Americas,Americas,G2,SEN,Lotus,13,10,1,G2,3,True,False
706371,275129,3,2026-08-02,2026 Americas Stage 2,2977,Americas,Americas,G2,SEN,Split,13,8,1,decider,3,True,False
712832,276582,1,2026-08-02,2026 EMEA Stage 2,2976,EMEA,EMEA,BBL,PCF,Sunset,13,7,1,BBL,3,True,False
712832,276583,2,2026-08-02,2026 EMEA Stage 2,2976,EMEA,EMEA,BBL,PCF,Lotus,9,13,0,PCF,3,True,False
712832,276584,3,2026-08-02,2026 EMEA Stage 2,2976,EMEA,EMEA,BBL,PCF,Ascent,13,7,1,decider,3,True,False
712833,276585,1,2026-08-02,2026 EMEA Stage 2,2976,EMEA,EMEA,FNC,TH,Summit,11,13,0,FNC,3,True,False
712833,276586,2,2026-08-02,2026 EMEA Stage 2,2976,EMEA,EMEA,FNC,TH,Ascent,0,13,0,TH,3,True,False
724619,278572,1,2026-08-05,2026 China Stage 2,2978,China,China,TE,AT,Lotus,13,6,1,TE,3,True,False
724619,279339,2,2026-08-05,2026 China Stage 2,2978,China,China,TE,AT,Sunset,13,11,1,AT,3,True,False
724620,278574,1,2026-08-05,2026 China Stage 2,2978,China,China,TEC,KBG,Sunset,10,13,0,KBG,3,True,False
724620,278575,2,2026-08-05,2026 China Stage 2,2978,China,China,TEC,KBG,Summit,16,14,1,TEC,3,True,False
724620,279340,3,2026-08-05,2026 China Stage 2,2978,China,China,TEC,KBG,Ascent,13,2,1,decider,3,True,False
706372,275130,1,2026-08-06,2026 Americas Stage 2,2977,Americas,Americas,EG,FUR,Summit,13,11,1,FUR,3,True,False
706372,275131,2,2026-08-06,2026 Americas Stage 2,2977,Americas,Americas,EG,FUR,Breeze,13,3,1,EG,3,True,False
706373,275133,1,2026-08-06,2026 Americas Stage 2,2977,Americas,Americas,ENVY,NRG,Breeze,6,13,0,NRG,3,True,False
706373,275134,2,2026-08-06,2026 Americas Stage 2,2977,Americas,Americas,ENVY,NRG,Haven,9,13,0,ENVY,3,True,False
724621,278577,1,2026-08-06,2026 China Stage 2,2978,China,China,FPX,JDG,Summit,13,0,1,JDG,3,True,False
724621,278578,2,2026-08-06,2026 China Stage 2,2978,China,China,FPX,JDG,Sunset,11,13,0,FPX,3,True,False
724621,278579,3,2026-08-06,2026 China Stage 2,2978,China,China,FPX,JDG,Split,8,13,0,decider,3,True,False
724622,278580,1,2026-08-06,2026 China Stage 2,2978,China,China,WOL,DRG,Lotus,13,11,1,WOL,3,True,False
724622,278581,2,2026-08-06,2026 China Stage 2,2978,China,China,WOL,DRG,Haven,9,13,0,DRG,3,True,False
724622,278582,3,2026-08-06,2026 China Stage 2,2978,China,China,WOL,DRG,Summit,8,13,0,decider,3,True,False
729664,278908,1,2026-08-06,2026 EMEA Stage 2,2976,EMEA,EMEA,GX,SGE,Lotus,13,5,1,SGE,3,True,False
729664,278909,2,2026-08-06,2026 EMEA Stage 2,2976,EMEA,EMEA,GX,SGE,Ascent,9,13,0,GX,3,True,False
729664,278910,3,2026-08-06,2026 EMEA Stage 2,2976,EMEA,EMEA,GX,SGE,Summit,13,9,1,decider,3,True,False
729665,278911,1,2026-08-06,2026 EMEA Stage 2,2976,EMEA,EMEA,NAVI,JL,Breeze,8,13,0,JL,3,True,False
729665,278912,2,2026-08-06,2026 EMEA Stage 2,2976,EMEA,EMEA,NAVI,JL,Split,13,7,1,NAVI,3,True,False
729665,278913,3,2026-08-06,2026 EMEA Stage 2,2976,EMEA,EMEA,NAVI,JL,Ascent,13,15,0,decider,3,True,False
698910,273277,1,2026-08-07,2026 Pacific Stage 2,2776,Pacific,Pacific,TS,DFM,Breeze,6,13,0,TS,3,True,False
698910,273278,2,2026-08-07,2026 Pacific Stage 2,2776,Pacific,Pacific,TS,DFM,Split,11,13,0,DFM,3,True,False
698911,273280,1,2026-08-07,2026 Pacific Stage 2,2776,Pacific,Pacific,GEN,FS,Lotus,13,8,1,GEN,3,True,False
698911,273281,2,2026-08-07,2026 Pacific Stage 2,2776,Pacific,Pacific,GEN,FS,Sunset,10,13,0,FS,3,True,False
698911,273282,3,2026-08-07,2026 Pacific Stage 2,2776,Pacific,Pacific,GEN,FS,Split,13,11,1,decider,3,True,False
706374,275136,1,2026-08-07,2026 Americas Stage 2,2977,Americas,Americas,100T,C9,Split,13,15,0,C9,3,True,False
706374,275137,2,2026-08-07,2026 Americas Stage 2,2977,Americas,Americas,100T,C9,Breeze,11,13,0,100T,3,True,False
706375,275139,1,2026-08-07,2026 Americas Stage 2,2977,Americas,Americas,G2,LOUD,Sunset,13,15,0,LOUD,3,True,False
706375,275140,2,2026-08-07,2026 Americas Stage 2,2977,Americas,Americas,G2,LOUD,Lotus,1,13,0,G2,3,True,False
724623,278583,1,2026-08-07,2026 China Stage 2,2978,China,China,AG,TE,Sunset,5,13,0,TE,3,True,False
724623,278584,2,2026-08-07,2026 China Stage 2,2978,China,China,AG,TE,Split,13,8,1,AG,3,True,False
724623,278585,3,2026-08-07,2026 China Stage 2,2978,China,China,AG,TE,Summit,13,2,1,decider,3,True,False
724624,278586,1,2026-08-07,2026 China Stage 2,2978,China,China,EDG,TEC,Sunset,13,7,1,EDG,3,True,False
724624,278587,2,2026-08-07,2026 China Stage 2,2978,China,China,EDG,TEC,Split,11,13,0,TEC,3,True,False
724624,278588,3,2026-08-07,2026 China Stage 2,2978,China,China,EDG,TEC,Ascent,9,13,0,decider,3,True,False
729666,278914,1,2026-08-07,2026 EMEA Stage 2,2976,EMEA,EMEA,PCF,FF,Summit,5,13,0,PCF,3,True,False
729666,278915,2,2026-08-07,2026 EMEA Stage 2,2976,EMEA,EMEA,PCF,FF,Split,6,13,0,FF,3,True,False
729667,278917,1,2026-08-07,2026 EMEA Stage 2,2976,EMEA,EMEA,FNC,EP,Lotus,13,3,1,EP,3,True,False
729667,278918,2,2026-08-07,2026 EMEA Stage 2,2976,EMEA,EMEA,FNC,EP,Split,10,13,0,FNC,3,True,False
729667,278919,3,2026-08-07,2026 EMEA Stage 2,2976,EMEA,EMEA,FNC,EP,Haven,11,13,0,decider,3,True,False
698912,273283,1,2026-08-08,2026 Pacific Stage 2,2776,Pacific,Pacific,KRX,T1,Lotus,9,13,0,KRX,3,True,False
698912,273284,2,2026-08-08,2026 Pacific Stage 2,2776,Pacific,Pacific,KRX,T1,Breeze,5,13,0,T1,3,True,False
698913,273286,1,2026-08-08,2026 Pacific Stage 2,2776,Pacific,Pacific,GE,ZETA,Breeze,13,9,1,GE,3,True,False
698913,273287,2,2026-08-08,2026 Pacific Stage 2,2776,Pacific,Pacific,GE,ZETA,Split,14,12,1,ZETA,3,True,False
706376,275142,1,2026-08-08,2026 Americas Stage 2,2977,Americas,Americas,KRÜ,SEN,Summit,6,13,0,KRÜ,3,True,False
706376,275143,2,2026-08-08,2026 Americas Stage 2,2977,Americas,Americas,KRÜ,SEN,Sunset,13,6,1,SEN,3,True,False
706376,275144,3,2026-08-08,2026 Americas Stage 2,2977,Americas,Americas,KRÜ,SEN,Breeze,13,7,1,decider,3,True,False
706377,275145,1,2026-08-08,2026 Americas Stage 2,2977,Americas,Americas,LEV,MIBR,Split,13,10,1,LEV,3,True,False
706377,275146,2,2026-08-08,2026 Americas Stage 2,2977,Americas,Americas,LEV,MIBR,Sunset,13,8,1,MIBR,3,True,False
724625,278589,1,2026-08-08,2026 China Stage 2,2978,China,China,AT,WOL,Haven,13,11,1,WOL,3,True,False
724625,278590,2,2026-08-08,2026 China Stage 2,2978,China,China,AT,WOL,Ascent,8,13,0,AT,3,True,False
724625,278591,3,2026-08-08,2026 China Stage 2,2978,China,China,AT,WOL,Summit,14,16,0,decider,3,True,False
724626,278592,1,2026-08-08,2026 China Stage 2,2978,China,China,KBG,FPX,Breeze,10,13,0,KBG,3,True,False
724626,278593,2,2026-08-08,2026 China Stage 2,2978,China,China,KBG,FPX,Sunset,8,13,0,FPX,3,True,False
729668,278920,1,2026-08-08,2026 EMEA Stage 2,2976,EMEA,EMEA,FUT,GX,Split,13,6,1,GX,3,True,False
729668,278921,2,2026-08-08,2026 EMEA Stage 2,2976,EMEA,EMEA,FUT,GX,Sunset,13,10,1,FUT,3,True,False
729669,278923,1,2026-08-08,2026 EMEA Stage 2,2976,EMEA,EMEA,EF,JL,Lotus,10,13,0,JL,3,True,False
729669,278924,2,2026-08-08,2026 EMEA Stage 2,2976,EMEA,EMEA,EF,JL,Split,14,12,1,EF,3,True,False
729669,278925,3,2026-08-08,2026 EMEA Stage 2,2976,EMEA,EMEA,EF,JL,Ascent,13,7,1,decider,3,True,False
698914,273289,1,2026-08-09,2026 Pacific Stage 2,2776,Pacific,Pacific,VL,PRX,Split,13,9,1,VL,3,True,False
698914,273290,2,2026-08-09,2026 Pacific Stage 2,2776,Pacific,Pacific,VL,PRX,Sunset,13,11,1,PRX,3,True,False
698915,273292,1,2026-08-09,2026 Pacific Stage 2,2776,Pacific,Pacific,NS,RRQ,Breeze,12,14,0,NS,3,True,False
698915,273293,2,2026-08-09,2026 Pacific Stage 2,2776,Pacific,Pacific,NS,RRQ,Sunset,13,11,1,RRQ,3,True,False
698915,273294,3,2026-08-09,2026 Pacific Stage 2,2776,Pacific,Pacific,NS,RRQ,Haven,10,13,0,decider,3,True,False
706378,275148,1,2026-08-09,2026 Americas Stage 2,2977,Americas,Americas,EG,NRG,Lotus,1,13,0,NRG,3,True,False
706378,275149,2,2026-08-09,2026 Americas Stage 2,2977,Americas,Americas,EG,NRG,Breeze,7,13,0,EG,3,True,False
706379,275151,1,2026-08-09,2026 Americas Stage 2,2977,Americas,Americas,LOUD,100T,Summit,8,13,0,LOUD,3,True,False
706379,275152,2,2026-08-09,2026 Americas Stage 2,2977,Americas,Americas,LOUD,100T,Haven,10,13,0,100T,3,True,False
724627,278595,1,2026-08-09,2026 China Stage 2,2978,China,China,EDG,WOL,Ascent,11,13,0,WOL,3,True,False
724627,278596,2,2026-08-09,2026 China Stage 2,2978,China,China,EDG,WOL,Sunset,13,10,1,EDG,3,True,False
724627,278597,3,2026-08-09,2026 China Stage 2,2978,China,China,EDG,WOL,Haven,13,6,1,decider,3,True,False
724628,278598,1,2026-08-09,2026 China Stage 2,2978,China,China,TE,FPX,Ascent,13,5,1,FPX,3,True,False
724628,278599,2,2026-08-09,2026 China Stage 2,2978,China,China,TE,FPX,Lotus,13,7,1,TE,3,True,False
729670,278926,1,2026-08-09,2026 EMEA Stage 2,2976,EMEA,EMEA,TH,FF,Summit,13,9,1,FF,3,True,False
729670,278927,2,2026-08-09,2026 EMEA Stage 2,2976,EMEA,EMEA,TH,FF,Sunset,2,13,0,TH,3,True,False
729670,278928,3,2026-08-09,2026 EMEA Stage 2,2976,EMEA,EMEA,TH,FF,Ascent,9,13,0,decider,3,True,False
729671,278929,1,2026-08-09,2026 EMEA Stage 2,2976,EMEA,EMEA,M8,EP,Summit,9,13,0,EP,3,True,False
729671,278930,2,2026-08-09,2026 EMEA Stage 2,2976,EMEA,EMEA,M8,EP,Lotus,6,13,0,M8,3,True,False
724629,278601,1,2026-08-10,2026 China Stage 2,2978,China,China,AG,JDG,Summit,13,11,1,AG,3,True,False
724629,278602,2,2026-08-10,2026 China Stage 2,2978,China,China,AG,JDG,Sunset,14,12,1,JDG,3,True,False
724630,278604,1,2026-08-10,2026 China Stage 2,2978,China,China,TEC,DRG,Summit,13,9,1,DRG,3,True,False
724630,278605,2,2026-08-10,2026 China Stage 2,2978,China,China,TEC,DRG,Ascent,1,13,0,TEC,3,True,False
724630,278606,3,2026-08-10,2026 China Stage 2,2978,China,China,TEC,DRG,Haven,13,8,1,decider,3,True,False
724631,278607,1,2026-08-11,2026 China Stage 2,2978,China,China,JDG,EDG,Breeze,13,6,1,EDG,3,True,False
724631,278608,2,2026-08-11,2026 China Stage 2,2978,China,China,JDG,EDG,Summit,13,9,1,JDG,3,True,False
724632,278610,1,2026-08-11,2026 China Stage 2,2978,China,China,DRG,TE,Sunset,16,14,1,TE,3,True,False
724632,278611,2,2026-08-11,2026 China Stage 2,2978,China,China,DRG,TE,Ascent,4,13,0,DRG,3,True,False
724632,278612,3,2026-08-11,2026 China Stage 2,2978,China,China,DRG,TE,Summit,12,14,0,decider,3,True,False
724633,278613,1,2026-08-12,2026 China Stage 2,2978,China,China,AG,TEC,Sunset,13,10,1,TEC,3,True,False
724633,278614,2,2026-08-12,2026 China Stage 2,2978,China,China,AG,TEC,Ascent,12,14,0,AG,3,True,False
724633,278615,3,2026-08-12,2026 China Stage 2,2978,China,China,AG,TEC,Summit,9,13,0,decider,3,True,False
724634,278616,1,2026-08-12,2026 China Stage 2,2978,China,China,JDG,TE,Split,10,13,0,JDG,3,True,False
724634,278617,2,2026-08-12,2026 China Stage 2,2978,China,China,JDG,TE,Sunset,8,13,0,TE,3,True,False
729674,278938,1,2026-08-12,2026 EMEA Stage 2,2976,EMEA,EMEA,M8,SGE,Split,11,13,0,SGE,3,True,False
729674,278939,2,2026-08-12,2026 EMEA Stage 2,2976,EMEA,EMEA,M8,SGE,Haven,9,13,0,M8,3,True,False
729675,278941,1,2026-08-12,2026 EMEA Stage 2,2976,EMEA,EMEA,TH,NAVI,Sunset,15,13,1,NAVI,3,True,False
729675,278942,2,2026-08-12,2026 EMEA Stage 2,2976,EMEA,EMEA,TH,NAVI,Haven,11,13,0,TH,3,True,False
729675,278943,3,2026-08-12,2026 EMEA Stage 2,2976,EMEA,EMEA,TH,NAVI,Summit,13,7,1,decider,3,True,False
729676,278944,1,2026-08-13,2026 EMEA Stage 2,2976,EMEA,EMEA,JL,PCF,Lotus,13,6,1,PCF,3,True,False
729676,278945,2,2026-08-13,2026 EMEA Stage 2,2976,EMEA,EMEA,JL,PCF,Ascent,8,13,0,JL,3,True,False
729676,278946,3,2026-08-13,2026 EMEA Stage 2,2976,EMEA,EMEA,JL,PCF,Split,13,10,1,decider,3,True,False
729677,278947,1,2026-08-13,2026 EMEA Stage 2,2976,EMEA,EMEA,GX,FNC,Sunset,6,13,0,FNC,3,True,False
729677,278948,2,2026-08-13,2026 EMEA Stage 2,2976,EMEA,EMEA,GX,FNC,Split,6,13,0,GX,3,True,False
729742,278962,1,2026-08-13,2026 Americas Stage 2,2977,Americas,Americas,KRÜ,BST,Breeze,3,13,0,BST,3,True,False
729742,278963,2,2026-08-13,2026 Americas Stage 2,2977,Americas,Americas,KRÜ,BST,Sunset,13,1,1,KRÜ,3,True,False
729742,278964,3,2026-08-13,2026 Americas Stage 2,2977,Americas,Americas,KRÜ,BST,Summit,13,6,1,decider,3,True,False
729743,278965,1,2026-08-13,2026 Americas Stage 2,2977,Americas,Americas,ENVY,M80,Ascent,13,5,1,ENVY,3,True,False
729743,278966,2,2026-08-13,2026 Americas Stage 2,2977,Americas,Americas,ENVY,M80,Split,13,11,1,M80,3,True,False
730535,279285,1,2026-08-13,2026 Pacific Stage 2,2776,Pacific,Pacific,KRX,ONG,Lotus,13,10,1,KRX,3,True,False
730535,279286,2,2026-08-13,2026 Pacific Stage 2,2776,Pacific,Pacific,KRX,ONG,Sunset,13,8,1,ONG,3,True,False
730536,279288,1,2026-08-13,2026 Pacific Stage 2,2776,Pacific,Pacific,RRQ,SP,Haven,10,13,0,RRQ,3,True,False
730536,279289,2,2026-08-13,2026 Pacific Stage 2,2776,Pacific,Pacific,RRQ,SP,Sunset,13,1,1,SP,3,True,False
730536,279290,3,2026-08-13,2026 Pacific Stage 2,2776,Pacific,Pacific,RRQ,SP,Breeze,6,13,0,decider,3,True,False
724638,278619,1,2026-08-14,2026 China Stage 2,2978,China,China,TYL,TEC,Sunset,13,5,1,TYL,3,True,False
724638,278620,2,2026-08-14,2026 China Stage 2,2978,China,China,TYL,TEC,Haven,13,6,1,TEC,3,True,False
724639,278622,1,2026-08-14,2026 China Stage 2,2978,China,China,NOVA,JDG,Summit,9,13,0,JDG,3,True,False
724639,278623,2,2026-08-14,2026 China Stage 2,2978,China,China,NOVA,JDG,Split,7,13,0,NOVA,3,True,False
729678,278950,1,2026-08-14,2026 EMEA Stage 2,2976,EMEA,EMEA,SGE,TH,Lotus,13,11,1,SGE,3,True,False
729678,278951,2,2026-08-14,2026 EMEA Stage 2,2976,EMEA,EMEA,SGE,TH,Haven,13,7,1,TH,3,True,False
729680,278953,1,2026-08-14,2026 EMEA Stage 2,2976,EMEA,EMEA,JL,FNC,Lotus,13,11,1,JL,3,True,False
729680,278954,2,2026-08-14,2026 EMEA Stage 2,2976,EMEA,EMEA,JL,FNC,Breeze,13,8,1,FNC,3,True,False
729744,278968,1,2026-08-14,2026 Americas Stage 2,2977,Americas,Americas,FUR,2G,Ascent,11,13,0,2G,3,True,False
729744,278969,2,2026-08-14,2026 Americas Stage 2,2977,Americas,Americas,FUR,2G,Split,13,7,1,FUR,3,True,False
729744,278970,3,2026-08-14,2026 Americas Stage 2,2977,Americas,Americas,FUR,2G,Sunset,13,10,1,decider,3,True,False
729745,278971,1,2026-08-14,2026 Americas Stage 2,2977,Americas,Americas,C9,FX,Lotus,7,13,0,FX,3,True,False
729745,278972,2,2026-08-14,2026 Americas Stage 2,2977,Americas,Americas,C9,FX,Breeze,13,4,1,C9,3,True,False
729745,278973,3,2026-08-14,2026 Americas Stage 2,2977,Americas,Americas,C9,FX,Split,13,4,1,decider,3,True,False
730537,279291,1,2026-08-14,2026 Pacific Stage 2,2776,Pacific,Pacific,FS,QTD,Split,13,7,1,FS,3,True,False
730537,279292,2,2026-08-14,2026 Pacific Stage 2,2776,Pacific,Pacific,FS,QTD,Haven,8,13,0,QTD,3,True,False
730537,279293,3,2026-08-14,2026 Pacific Stage 2,2776,Pacific,Pacific,FS,QTD,Summit,13,4,1,decider,3,True,False
730538,279294,1,2026-08-14,2026 Pacific Stage 2,2776,Pacific,Pacific,TS,XIP,Summit,13,8,1,TS,3,True,False
730538,279295,2,2026-08-14,2026 Pacific Stage 2,2776,Pacific,Pacific,TS,XIP,Sunset,13,11,1,XIP,3,True,False
724640,278625,1,2026-08-15,2026 China Stage 2,2978,China,China,XLG,AG,Split,3,13,0,AG,3,True,False
724640,278626,2,2026-08-15,2026 China Stage 2,2978,China,China,XLG,AG,Lotus,13,5,1,XLG,3,True,False
724640,278627,3,2026-08-15,2026 China Stage 2,2978,China,China,XLG,AG,Sunset,13,10,1,decider,3,True,False
724641,278628,1,2026-08-15,2026 China Stage 2,2978,China,China,BLG,TE,Lotus,8,13,0,BLG,3,True,False
724641,278629,2,2026-08-15,2026 China Stage 2,2978,China,China,BLG,TE,Sunset,16,14,1,TE,3,True,False
724641,278630,3,2026-08-15,2026 China Stage 2,2978,China,China,BLG,TE,Split,13,9,1,decider,3,True,False
729672,278932,1,2026-08-15,2026 EMEA Stage 2,2976,EMEA,EMEA,FUT,EF,Lotus,15,13,1,EF,3,True,False
729672,278933,2,2026-08-15,2026 EMEA Stage 2,2976,EMEA,EMEA,FUT,EF,Ascent,13,9,1,FUT,3,True,False
729673,278935,1,2026-08-15,2026 EMEA Stage 2,2976,EMEA,EMEA,FF,EP,Lotus,13,15,0,EP,3,True,False
729673,278936,2,2026-08-15,2026 EMEA Stage 2,2976,EMEA,EMEA,FF,EP,Split,10,13,0,FF,3,True,False
729746,278974,1,2026-08-15,2026 Americas Stage 2,2977,Americas,Americas,MIBR,KRÜ,Breeze,13,6,1,MIBR,3,True,False
729746,278975,2,2026-08-15,2026 Americas Stage 2,2977,Americas,Americas,MIBR,KRÜ,Sunset,13,6,1,KRÜ,3,True,False
729747,278977,1,2026-08-15,2026 Americas Stage 2,2977,Americas,Americas,SEN,ENVY,Ascent,10,13,0,ENVY,3,True,False
729747,278978,2,2026-08-15,2026 Americas Stage 2,2977,Americas,Americas,SEN,ENVY,Summit,3,13,0,SEN,3,True,False
730539,279297,1,2026-08-15,2026 Pacific Stage 2,2776,Pacific,Pacific,ZETA,KRX,Lotus,11,13,0,KRX,3,True,False
730539,279298,2,2026-08-15,2026 Pacific Stage 2,2776,Pacific,Pacific,ZETA,KRX,Sunset,13,11,1,ZETA,3,True,False
730539,279299,3,2026-08-15,2026 Pacific Stage 2,2776,Pacific,Pacific,ZETA,KRX,Haven,6,13,0,decider,3,True,False
730540,279300,1,2026-08-15,2026 Pacific Stage 2,2776,Pacific,Pacific,DFM,SP,Ascent,12,14,0,SP,3,True,False
730540,279301,2,2026-08-15,2026 Pacific Stage 2,2776,Pacific,Pacific,DFM,SP,Sunset,13,9,1,DFM,3,True,False
730540,279302,3,2026-08-15,2026 Pacific Stage 2,2776,Pacific,Pacific,DFM,SP,Breeze,10,13,0,decider,3,True,False
724646,278645,1,2026-08-16,2026 China Stage 2,2978,China,China,TEC,NOVA,Summit,11,13,0,TEC,3,True,False
724646,278646,2,2026-08-16,2026 China Stage 2,2978,China,China,TEC,NOVA,Sunset,8,13,0,NOVA,3,True,False
724647,278648,1,2026-08-16,2026 China Stage 2,2978,China,China,AG,TE,Split,13,15,0,AG,3,True,False
724647,278649,2,2026-08-16,2026 China Stage 2,2978,China,China,AG,TE,Lotus,15,13,1,TE,3,True,False
724647,278650,3,2026-08-16,2026 China Stage 2,2978,China,China,AG,TE,Ascent,13,9,1,decider,3,True,False
729681,278956,1,2026-08-16,2026 EMEA Stage 2,2976,EMEA,EMEA,EF,SGE,Lotus,11,13,0,SGE,3,True,False
729681,278957,2,2026-08-16,2026 EMEA Stage 2,2976,EMEA,EMEA,EF,SGE,Split,7,13,0,EF,3,True,False
729682,278959,1,2026-08-16,2026 EMEA Stage 2,2976,EMEA,EMEA,FF,JL,Split,13,9,1,FF,3,True,False
729682,278960,2,2026-08-16,2026 EMEA Stage 2,2976,EMEA,EMEA,FF,JL,Lotus,13,8,1,JL,3,True,False
729748,278980,1,2026-08-16,2026 Americas Stage 2,2977,Americas,Americas,G2,FUR,Split,14,12,1,FUR,3,True,False
729748,278981,2,2026-08-16,2026 Americas Stage 2,2977,Americas,Americas,G2,FUR,Haven,10,13,0,G2,3,True,False
729748,278982,3,2026-08-16,2026 Americas Stage 2,2977,Americas,Americas,G2,FUR,Breeze,9,13,0,decider,3,True,False
729749,278983,1,2026-08-16,2026 Americas Stage 2,2977,Americas,Americas,EG,C9,Breeze,6,13,0,C9,3,True,False
729749,278984,2,2026-08-16,2026 Americas Stage 2,2977,Americas,Americas,EG,C9,Haven,13,6,1,EG,3,True,False
729749,278985,3,2026-08-16,2026 Americas Stage 2,2977,Americas,Americas,EG,C9,Sunset,13,11,1,decider,3,True,False
730541,279303,1,2026-08-16,2026 Pacific Stage 2,2776,Pacific,Pacific,T1,FS,Breeze,13,1,1,T1,3,True,False
730541,279304,2,2026-08-16,2026 Pacific Stage 2,2776,Pacific,Pacific,T1,FS,Lotus,13,8,1,FS,3,True,False
730542,279306,1,2026-08-16,2026 Pacific Stage 2,2776,Pacific,Pacific,NS,TS,Summit,13,9,1,TS,3,True,False
730542,279307,2,2026-08-16,2026 Pacific Stage 2,2776,Pacific,Pacific,NS,TS,Breeze,13,5,1,NS,3,True,False
724642,278631,1,2026-08-19,2026 China Stage 2,2978,China,China,TYL,JDG,Breeze,7,13,0,TYL,3,True,False
724642,278632,2,2026-08-19,2026 China Stage 2,2978,China,China,TYL,JDG,Summit,13,10,1,JDG,3,True,False
724642,278633,3,2026-08-19,2026 China Stage 2,2978,China,China,TYL,JDG,Ascent,9,13,0,decider,3,True,False
724643,278634,1,2026-08-19,2026 China Stage 2,2978,China,China,XLG,BLG,Lotus,11,13,0,XLG,3,True,False
724643,278635,2,2026-08-19,2026 China Stage 2,2978,China,China,XLG,BLG,Split,13,8,1,BLG,3,True,False
724643,278636,3,2026-08-19,2026 China Stage 2,2978,China,China,XLG,BLG,Haven,5,13,0,decider,3,True,False
729752,278992,1,2026-08-19,2026 Americas Stage 2,2977,Americas,Americas,C9,BST,Lotus,8,13,0,BST,3,True,False
729752,278993,2,2026-08-19,2026 Americas Stage 2,2977,Americas,Americas,C9,BST,Breeze,10,13,0,C9,3,True,False
729753,278995,1,2026-08-19,2026 Americas Stage 2,2977,Americas,Americas,G2,M80,Breeze,14,12,1,M80,3,True,False
729753,278996,2,2026-08-19,2026 Americas Stage 2,2977,Americas,Americas,G2,M80,Sunset,13,7,1,G2,3,True,False
730545,279315,1,2026-08-19,2026 Pacific Stage 2,2776,Pacific,Pacific,TS,ONG,Ascent,11,13,0,TS,3,True,False
730545,279316,2,2026-08-19,2026 Pacific Stage 2,2776,Pacific,Pacific,TS,ONG,Split,10,13,0,ONG,3,True,False
730546,279318,1,2026-08-19,2026 Pacific Stage 2,2776,Pacific,Pacific,FS,RRQ,Summit,4,13,0,FS,3,True,False
730546,279319,2,2026-08-19,2026 Pacific Stage 2,2776,Pacific,Pacific,FS,RRQ,Sunset,13,11,1,RRQ,3,True,False
730546,279320,3,2026-08-19,2026 Pacific Stage 2,2776,Pacific,Pacific,FS,RRQ,Lotus,13,7,1,decider,3,True,False
724648,278651,1,2026-08-20,2026 China Stage 2,2978,China,China,XLG,NOVA,Split,13,6,1,NOVA,3,True,False
724648,278652,2,2026-08-20,2026 China Stage 2,2978,China,China,XLG,NOVA,Lotus,5,13,0,XLG,3,True,False
724648,278653,3,2026-08-20,2026 China Stage 2,2978,China,China,XLG,NOVA,Breeze,3,13,0,decider,3,True,False
724649,278655,1,2026-08-20,2026 China Stage 2,2978,China,China,TYL,AG,Sunset,13,9,1,TYL,3,True,False
724649,280619,2,2026-08-20,2026 China Stage 2,2978,China,China,TYL,AG,Split,14,12,1,AG,3,True,False
729754,278998,1,2026-08-20,2026 Americas Stage 2,2977,Americas,Americas,SEN,2G,Haven,13,8,1,2G,3,True,False
729754,278999,2,2026-08-20,2026 Americas Stage 2,2977,Americas,Americas,SEN,2G,Split,13,10,1,SEN,3,True,False
729755,279001,1,2026-08-20,2026 Americas Stage 2,2977,Americas,Americas,KRÜ,FX,Lotus,13,8,1,KRÜ,3,True,False
729755,279002,2,2026-08-20,2026 Americas Stage 2,2977,Americas,Americas,KRÜ,FX,Ascent,13,11,1,FX,3,True,False
730547,279322,1,2026-08-20,2026 Pacific Stage 2,2776,Pacific,Pacific,DFM,QTD,Lotus,12,14,0,QTD,3,True,False
730547,279323,2,2026-08-20,2026 Pacific Stage 2,2776,Pacific,Pacific,DFM,QTD,Breeze,13,7,1,decider,3,True,False
730547,280620,3,2026-08-20,2026 Pacific Stage 2,2776,Pacific,Pacific,DFM,QTD,Ascent,13,9,1,DFM,3,True,False
730548,279324,1,2026-08-20,2026 Pacific Stage 2,2776,Pacific,Pacific,ZETA,XIP,Haven,13,11,1,XIP,3,True,False
730548,279325,2,2026-08-20,2026 Pacific Stage 2,2776,Pacific,Pacific,ZETA,XIP,Split,9,13,0,ZETA,3,True,False
730548,279326,3,2026-08-20,2026 Pacific Stage 2,2776,Pacific,Pacific,ZETA,XIP,Sunset,13,9,1,decider,3,True,False
731396,279397,1,2026-08-20,2026 EMEA Stage 2,2976,EMEA,EMEA,TL,FUT,Haven,11,13,0,FUT,3,True,False
731396,279398,2,2026-08-20,2026 EMEA Stage 2,2976,EMEA,EMEA,TL,FUT,Summit,11,13,0,TL,3,True,False
731397,279400,1,2026-08-20,2026 EMEA Stage 2,2976,EMEA,EMEA,VIT,EP,Summit,13,6,1,EP,3,True,False
731397,279401,2,2026-08-20,2026 EMEA Stage 2,2976,EMEA,EMEA,VIT,EP,Abyss,11,13,0,VIT,3,True,False
731397,279402,3,2026-08-20,2026 EMEA Stage 2,2976,EMEA,EMEA,VIT,EP,Lotus,4,13,0,decider,3,True,False
724644,278637,1,2026-08-21,2026 China Stage 2,2978,China,China,JDG,BLG,Lotus,13,7,1,BLG,3,True,False
724644,278638,2,2026-08-21,2026 China Stage 2,2978,China,China,JDG,BLG,Split,13,8,1,JDG,3,True,False
724650,278657,1,2026-08-21,2026 China Stage 2,2978,China,China,NOVA,TYL,Ascent,7,13,0,NOVA,3,True,False
724650,278658,2,2026-08-21,2026 China Stage 2,2978,China,China,NOVA,TYL,Summit,10,13,0,TYL,3,True,False
729750,278986,1,2026-08-21,2026 Americas Stage 2,2977,Americas,Americas,MIBR,ENVY,Sunset,5,13,0,MIBR,3,True,False
729750,278987,2,2026-08-21,2026 Americas Stage 2,2977,Americas,Americas,MIBR,ENVY,Ascent,13,9,1,ENVY,3,True,False
729750,278988,3,2026-08-21,2026 Americas Stage 2,2977,Americas,Americas,MIBR,ENVY,Split,13,5,1,decider,3,True,False
729751,278989,1,2026-08-21,2026 Americas Stage 2,2977,Americas,Americas,FUR,EG,Sunset,7,13,0,FUR,3,True,False
729751,278990,2,2026-08-21,2026 Americas Stage 2,2977,Americas,Americas,FUR,EG,Breeze,13,7,1,EG,3,True,False
729751,278991,3,2026-08-21,2026 Americas Stage 2,2977,Americas,Americas,FUR,EG,Haven,13,8,1,decider,3,True,False
730543,279309,1,2026-08-21,2026 Pacific Stage 2,2776,Pacific,Pacific,KRX,SP,Haven,13,2,1,KRX,3,True,False
730543,279310,2,2026-08-21,2026 Pacific Stage 2,2776,Pacific,Pacific,KRX,SP,Ascent,14,16,0,SP,3,True,False
730543,279311,3,2026-08-21,2026 Pacific Stage 2,2776,Pacific,Pacific,KRX,SP,Sunset,13,9,1,decider,3,True,False
730544,279312,1,2026-08-21,2026 Pacific Stage 2,2776,Pacific,Pacific,T1,NS,Ascent,5,13,0,T1,3,True,False
730544,279313,2,2026-08-21,2026 Pacific Stage 2,2776,Pacific,Pacific,T1,NS,Haven,10,13,0,NS,3,True,False
731398,279403,1,2026-08-21,2026 EMEA Stage 2,2976,EMEA,EMEA,BBL,FUT,Summit,13,8,1,BBL,3,True,False
731398,279404,2,2026-08-21,2026 EMEA Stage 2,2976,EMEA,EMEA,BBL,FUT,Haven,6,13,0,FUT,3,True,False
731398,279405,3,2026-08-21,2026 EMEA Stage 2,2976,EMEA,EMEA,BBL,FUT,Ascent,5,13,0,decider,3,True,False
731399,279406,1,2026-08-21,2026 EMEA Stage 2,2976,EMEA,EMEA,KC,EP,Haven,13,10,1,KC,3,True,False
731399,279407,2,2026-08-21,2026 EMEA Stage 2,2976,EMEA,EMEA,KC,EP,Abyss,9,13,0,EP,3,True,False
731399,279408,3,2026-08-21,2026 EMEA Stage 2,2976,EMEA,EMEA,KC,EP,Lotus,13,6,1,decider,3,True,False
724651,278660,1,2026-08-22,2026 China Stage 2,2978,China,China,BLG,TYL,Sunset,12,14,0,TYL,5,True,False
724651,278661,2,2026-08-22,2026 China Stage 2,2978,China,China,BLG,TYL,Summit,6,13,0,BLG,5,True,False
724651,278662,3,2026-08-22,2026 China Stage 2,2978,China,China,BLG,TYL,Split,15,17,0,TYL,5,True,False
729756,279004,1,2026-08-22,2026 Americas Stage 2,2977,Americas,Americas,BST,G2,Breeze,8,13,0,BST,3,True,False
729756,279005,2,2026-08-22,2026 Americas Stage 2,2977,Americas,Americas,BST,G2,Ascent,5,13,0,G2,3,True,False
729757,279007,1,2026-08-22,2026 Americas Stage 2,2977,Americas,Americas,SEN,KRÜ,Ascent,7,13,0,KRÜ,3,True,False
729757,279008,2,2026-08-22,2026 Americas Stage 2,2977,Americas,Americas,SEN,KRÜ,Haven,8,13,0,SEN,3,True,False
730549,279327,1,2026-08-22,2026 Pacific Stage 2,2776,Pacific,Pacific,ONG,FS,Sunset,13,6,1,FS,3,True,False
730549,279328,2,2026-08-22,2026 Pacific Stage 2,2776,Pacific,Pacific,ONG,FS,Haven,13,10,1,ONG,3,True,False
730550,279330,1,2026-08-22,2026 Pacific Stage 2,2776,Pacific,Pacific,DFM,ZETA,Ascent,13,4,1,DFM,3,True,False
730550,279331,2,2026-08-22,2026 Pacific Stage 2,2776,Pacific,Pacific,DFM,ZETA,Split,13,3,1,ZETA,3,True,False
731402,279417,1,2026-08-22,2026 EMEA Stage 2,2976,EMEA,EMEA,TL,SGE,Lotus,6,13,0,SGE,3,True,False
731402,279418,2,2026-08-22,2026 EMEA Stage 2,2976,EMEA,EMEA,TL,SGE,Split,13,1,1,TL,3,True,False
731402,279419,3,2026-08-22,2026 EMEA Stage 2,2976,EMEA,EMEA,TL,SGE,Ascent,13,1,1,decider,3,True,False
731403,279420,1,2026-08-22,2026 EMEA Stage 2,2976,EMEA,EMEA,VIT,FF,Abyss,13,11,1,FF,3,True,False
731403,279421,2,2026-08-22,2026 EMEA Stage 2,2976,EMEA,EMEA,VIT,FF,Ascent,11,13,0,VIT,3,True,False
731403,279422,3,2026-08-22,2026 EMEA Stage 2,2976,EMEA,EMEA,VIT,FF,Split,7,13,0,decider,3,True,False
724645,278640,1,2026-08-23,2026 China Stage 2,2978,China,China,JDG,TYL,Lotus,13,6,1,JDG,5,True,False
724645,278641,2,2026-08-23,2026 China Stage 2,2978,China,China,JDG,TYL,Split,7,13,0,TYL,5,True,False
724645,278642,3,2026-08-23,2026 China Stage 2,2978,China,China,JDG,TYL,Breeze,10,13,0,JDG,5,True,False
724645,278643,4,2026-08-23,2026 China Stage 2,2978,China,China,JDG,TYL,Summit,2,13,0,TYL,5,True,False
729758,279010,1,2026-08-23,2026 Americas Stage 2,2977,Americas,Americas,ENVY,G2,Lotus,6,13,0,G2,3,True,False
729758,279011,2,2026-08-23,2026 Americas Stage 2,2977,Americas,Americas,ENVY,G2,Ascent,14,12,1,ENVY,3,True,False
729758,279012,3,2026-08-23,2026 Americas Stage 2,2977,Americas,Americas,ENVY,G2,Haven,8,13,0,decider,3,True,False
729759,279013,1,2026-08-23,2026 Americas Stage 2,2977,Americas,Americas,EG,KRÜ,Lotus,9,13,0,KRÜ,3,True,False
729759,279014,2,2026-08-23,2026 Americas Stage 2,2977,Americas,Americas,EG,KRÜ,Sunset,13,9,1,EG,3,True,False
729759,279015,3,2026-08-23,2026 Americas Stage 2,2977,Americas,Americas,EG,KRÜ,Summit,13,3,1,decider,3,True,False
730551,279333,1,2026-08-23,2026 Pacific Stage 2,2776,Pacific,Pacific,SP,ONG,Ascent,13,2,1,SP,3,True,False
730551,279334,2,2026-08-23,2026 Pacific Stage 2,2776,Pacific,Pacific,SP,ONG,Haven,5,13,0,ONG,3,True,False
730551,279335,3,2026-08-23,2026 Pacific Stage 2,2776,Pacific,Pacific,SP,ONG,Breeze,12,14,0,decider,3,True,False
730552,279336,1,2026-08-23,2026 Pacific Stage 2,2776,Pacific,Pacific,T1,DFM,Ascent,13,7,1,DFM,3,True,False
730552,279337,2,2026-08-23,2026 Pacific Stage 2,2776,Pacific,Pacific,T1,DFM,Haven,13,8,1,T1,3,True,False
731404,279423,1,2026-08-23,2026 EMEA Stage 2,2976,EMEA,EMEA,EP,TL,Lotus,4,13,0,EP,3,True,False
731404,279424,2,2026-08-23,2026 EMEA Stage 2,2976,EMEA,EMEA,EP,TL,Abyss,12,14,0,TL,3,True,False
731406,279426,1,2026-08-23,2026 EMEA Stage 2,2976,EMEA,EMEA,BBL,FF,Abyss,11,13,0,FF,3,True,False
731406,279427,2,2026-08-23,2026 EMEA Stage 2,2976,EMEA,EMEA,BBL,FF,Summit,11,13,0,BBL,3,True,False
742476,281138,1,2026-08-26,2026 Pacific Stage 2,2776,Pacific,Pacific,PRX,NS,Abyss,7,13,0,NS,3,True,False
742476,281139,2,2026-08-26,2026 Pacific Stage 2,2776,Pacific,Pacific,PRX,NS,Split,10,13,0,PRX,3,True,False
742477,281141,1,2026-08-26,2026 Pacific Stage 2,2776,Pacific,Pacific,GE,KRX,Lotus,13,11,1,KRX,3,True,False
742477,281142,2,2026-08-26,2026 Pacific Stage 2,2776,Pacific,Pacific,GE,KRX,Ascent,8,13,0,GE,3,True,False
742477,281143,3,2026-08-26,2026 Pacific Stage 2,2776,Pacific,Pacific,GE,KRX,Abyss,13,9,1,decider,3,True,False
734302,280023,1,2026-08-27,2026 Americas Stage 2,2977,Americas,Americas,LOUD,FUR,Haven,13,4,1,FUR,3,True,False
734302,280024,2,2026-08-27,2026 Americas Stage 2,2977,Americas,Americas,LOUD,FUR,Summit,13,9,1,LOUD,3,True,False
734303,280026,1,2026-08-27,2026 Americas Stage 2,2977,Americas,Americas,LEV,MIBR,Abyss,13,7,1,LEV,3,True,False
734303,280027,2,2026-08-27,2026 Americas Stage 2,2977,Americas,Americas,LEV,MIBR,Haven,13,3,1,MIBR,3,True,False
742478,281144,1,2026-08-27,2026 Pacific Stage 2,2776,Pacific,Pacific,GEN,NS,Ascent,8,13,0,NS,3,True,False
742478,281145,2,2026-08-27,2026 Pacific Stage 2,2776,Pacific,Pacific,GEN,NS,Summit,13,9,1,GEN,3,True,False
742478,281146,3,2026-08-27,2026 Pacific Stage 2,2776,Pacific,Pacific,GEN,NS,Sunset,11,13,0,decider,3,True,False
742479,281147,1,2026-08-27,2026 Pacific Stage 2,2776,Pacific,Pacific,VL,GE,Split,10,13,0,VL,3,True,False
742479,281148,2,2026-08-27,2026 Pacific Stage 2,2776,Pacific,Pacific,VL,GE,Summit,5,13,0,GE,3,True,False
731400,279409,1,2026-08-28,2026 EMEA Stage 2,2976,EMEA,EMEA,FUT,KC,Lotus,6,13,0,KC,3,True,False
731400,279410,2,2026-08-28,2026 EMEA Stage 2,2976,EMEA,EMEA,FUT,KC,Haven,8,13,0,FUT,3,True,False
731407,279429,1,2026-08-28,2026 EMEA Stage 2,2976,EMEA,EMEA,TL,FF,Haven,13,10,1,FF,3,True,False
731407,279430,2,2026-08-28,2026 EMEA Stage 2,2976,EMEA,EMEA,TL,FF,Lotus,13,10,1,TL,3,True,False
734304,280029,1,2026-08-28,2026 Americas Stage 2,2977,Americas,Americas,NRG,LOUD,Ascent,13,7,1,LOUD,3,True,False
734304,280030,2,2026-08-28,2026 Americas Stage 2,2977,Americas,Americas,NRG,LOUD,Abyss,11,13,0,NRG,3,True,False
734304,280031,3,2026-08-28,2026 Americas Stage 2,2977,Americas,Americas,NRG,LOUD,Lotus,13,5,1,decider,3,True,False
734305,280032,1,2026-08-28,2026 Americas Stage 2,2977,Americas,Americas,100T,LEV,Lotus,13,2,1,LEV,3,True,False
734305,280033,2,2026-08-28,2026 Americas Stage 2,2977,Americas,Americas,100T,LEV,Summit,13,7,1,100T,3,True,False
742482,281158,1,2026-08-28,2026 Pacific Stage 2,2776,Pacific,Pacific,PRX,ONG,Abyss,13,11,1,ONG,3,True,False
742482,281159,2,2026-08-28,2026 Pacific Stage 2,2776,Pacific,Pacific,PRX,ONG,Ascent,13,5,1,PRX,3,True,False
742483,281161,1,2026-08-28,2026 Pacific Stage 2,2776,Pacific,Pacific,KRX,T1,Lotus,10,13,0,T1,3,True,False
742483,281162,2,2026-08-28,2026 Pacific Stage 2,2776,Pacific,Pacific,KRX,T1,Abyss,7,13,0,KRX,3,True,False
731408,279432,1,2026-08-29,2026 EMEA Stage 2,2976,EMEA,EMEA,FUT,TL,Split,5,13,0,TL,5,True,False
731408,279433,2,2026-08-29,2026 EMEA Stage 2,2976,EMEA,EMEA,FUT,TL,Ascent,8,13,0,FUT,5,True,False
731408,279434,3,2026-08-29,2026 EMEA Stage 2,2976,EMEA,EMEA,FUT,TL,Lotus,10,13,0,TL,5,True,False
734309,280043,1,2026-08-29,2026 Americas Stage 2,2977,Americas,Americas,FUR,G2,Haven,13,8,1,FUR,3,True,False
734309,280044,2,2026-08-29,2026 Americas Stage 2,2977,Americas,Americas,FUR,G2,Sunset,10,13,0,G2,3,True,False
734309,280045,3,2026-08-29,2026 Americas Stage 2,2977,Americas,Americas,FUR,G2,Abyss,5,13,0,decider,3,True,False
734310,280046,1,2026-08-29,2026 Americas Stage 2,2977,Americas,Americas,MIBR,EG,Lotus,16,18,0,MIBR,3,True,False
734310,280047,2,2026-08-29,2026 Americas Stage 2,2977,Americas,Americas,MIBR,EG,Sunset,13,10,1,EG,3,True,False
734310,280048,3,2026-08-29,2026 Americas Stage 2,2977,Americas,Americas,MIBR,EG,Haven,13,9,1,decider,3,True,False
742484,281164,1,2026-08-29,2026 Pacific Stage 2,2776,Pacific,Pacific,VL,PRX,Lotus,13,6,1,PRX,3,True,False
742484,281165,2,2026-08-29,2026 Pacific Stage 2,2776,Pacific,Pacific,VL,PRX,Split,13,15,0,VL,3,True,False
742484,281166,3,2026-08-29,2026 Pacific Stage 2,2776,Pacific,Pacific,VL,PRX,Sunset,13,10,1,decider,3,True,False
742485,281167,1,2026-08-29,2026 Pacific Stage 2,2776,Pacific,Pacific,GEN,T1,Lotus,5,13,0,T1,3,True,False
742485,281168,2,2026-08-29,2026 Pacific Stage 2,2776,Pacific,Pacific,GEN,T1,Split,11,13,0,GEN,3,True,False
731401,279412,1,2026-08-30,2026 EMEA Stage 2,2976,EMEA,EMEA,KC,TL,Sunset,13,7,1,KC,5,True,False
731401,279413,2,2026-08-30,2026 EMEA Stage 2,2976,EMEA,EMEA,KC,TL,Ascent,13,6,1,TL,5,True,False
731401,279414,3,2026-08-30,2026 EMEA Stage 2,2976,EMEA,EMEA,KC,TL,Lotus,7,13,0,KC,5,True,False
731401,279415,4,2026-08-30,2026 EMEA Stage 2,2976,EMEA,EMEA,KC,TL,Summit,13,10,1,TL,5,True,False
734311,280049,1,2026-08-30,2026 Americas Stage 2,2977,Americas,Americas,LEV,G2,Split,13,10,1,LEV,3,True,False
734311,280050,2,2026-08-30,2026 Americas Stage 2,2977,Americas,Americas,LEV,G2,Abyss,9,13,0,G2,3,True,False
734311,280051,3,2026-08-30,2026 Americas Stage 2,2977,Americas,Americas,LEV,G2,Summit,8,13,0,decider,3,True,False
734312,280052,1,2026-08-30,2026 Americas Stage 2,2977,Americas,Americas,LOUD,MIBR,Lotus,13,10,1,MIBR,3,True,False
734312,280053,2,2026-08-30,2026 Americas Stage 2,2977,Americas,Americas,LOUD,MIBR,Sunset,13,10,1,LOUD,3,True,False
734307,280035,1,2026-09-04,2026 Americas Stage 2,2977,Americas,Americas,NRG,100T,Abyss,3,13,0,NRG,3,True,False
734307,280036,2,2026-09-04,2026 Americas Stage 2,2977,Americas,Americas,NRG,100T,Sunset,6,13,0,100T,3,True,False
734313,280055,1,2026-09-04,2026 Americas Stage 2,2977,Americas,Americas,G2,LOUD,Abyss,3,13,0,G2,3,True,False
734313,280056,2,2026-09-04,2026 Americas Stage 2,2977,Americas,Americas,G2,LOUD,Summit,6,13,0,LOUD,3,True,False
742480,281150,1,2026-09-04,2026 Pacific Stage 2,2776,Pacific,Pacific,NS,GE,Haven,13,7,1,NS,3,True,False
742480,281151,2,2026-09-04,2026 Pacific Stage 2,2776,Pacific,Pacific,NS,GE,Ascent,12,14,0,GE,3,True,False
742480,281152,3,2026-09-04,2026 Pacific Stage 2,2776,Pacific,Pacific,NS,GE,Abyss,13,6,1,decider,3,True,False
742486,281170,1,2026-09-04,2026 Pacific Stage 2,2776,Pacific,Pacific,VL,T1,Haven,9,13,0,VL,3,True,False
742486,281171,2,2026-09-04,2026 Pacific Stage 2,2776,Pacific,Pacific,VL,T1,Lotus,9,13,0,T1,3,True,False
734314,280058,1,2026-09-05,2026 Americas Stage 2,2977,Americas,Americas,NRG,LOUD,Abyss,10,13,0,NRG,5,True,False
734314,280059,2,2026-09-05,2026 Americas Stage 2,2977,Americas,Americas,NRG,LOUD,Sunset,9,13,0,LOUD,5,True,False
734314,280060,3,2026-09-05,2026 Americas Stage 2,2977,Americas,Americas,NRG,LOUD,Summit,13,9,1,NRG,5,True,False
734314,280061,4,2026-09-05,2026 Americas Stage 2,2977,Americas,Americas,NRG,LOUD,Haven,13,5,1,LOUD,5,True,False
734314,280062,5,2026-09-05,2026 Americas Stage 2,2977,Americas,Americas,NRG,LOUD,Lotus,3,13,0,decider,5,True,False
742487,281173,1,2026-09-05,2026 Pacific Stage 2,2776,Pacific,Pacific,GE,T1,Split,13,5,1,GE,5,True,False
742487,281174,2,2026-09-05,2026 Pacific Stage 2,2776,Pacific,Pacific,GE,T1,Lotus,10,13,0,T1,5,True,False
742487,281175,3,2026-09-05,2026 Pacific Stage 2,2776,Pacific,Pacific,GE,T1,Ascent,13,5,1,GE,5,True,False
742487,281176,4,2026-09-05,2026 Pacific Stage 2,2776,Pacific,Pacific,GE,T1,Haven,13,10,1,T1,5,True,False
734308,280038,1,2026-09-06,2026 Americas Stage 2,2977,Americas,Americas,100T,LOUD,Split,7,13,0,100T,5,True,False
734308,280039,2,2026-09-06,2026 Americas Stage 2,2977,Americas,Americas,100T,LOUD,Sunset,13,11,1,LOUD,5,True,False
734308,280040,3,2026-09-06,2026 Americas Stage 2,2977,Americas,Americas,100T,LOUD,Ascent,14,12,1,100T,5,True,False
734308,280041,4,2026-09-06,2026 Americas Stage 2,2977,Americas,Americas,100T,LOUD,Summit,1,13,0,LOUD,5,True,False
734308,280042,5,2026-09-06,2026 Americas Stage 2,2977,Americas,Americas,100T,LOUD,Haven,14,12,1,decider,5,True,False
742481,281153,1,2026-09-06,2026 Pacific Stage 2,2776,Pacific,Pacific,NS,GE,Sunset,13,11,1,NS,5,True,False
742481,281154,2,2026-09-06,2026 Pacific Stage 2,2776,Pacific,Pacific,NS,GE,Split,13,2,1,GE,5,True,False
742481,281155,3,2026-09-06,2026 Pacific Stage 2,2776,Pacific,Pacific,NS,GE,Abyss,10,13,0,NS,5,True,False
742481,281156,4,2026-09-06,2026 Pacific Stage 2,2776,Pacific,Pacific,NS,GE,Lotus,5,13,0,GE,5,True,False
742481,281157,5,2026-09-06,2026 Pacific Stage 2,2776,Pacific,Pacific,NS,GE,Haven,10,13,0,decider,5,True,False
753454,283181,1,2026-09-24,2026 Champions Shanghai,2766,China,Americas,TYL,G2,Lotus,6,13,0,G2,3,True,True
753454,283182,2,2026-09-24,2026 Champions Shanghai,2766,China,Americas,TYL,G2,Sunset,3,13,0,TYL,3,True,True
753455,283184,1,2026-09-24,2026 Champions Shanghai,2766,EMEA,Pacific,TL,PRX,Ascent,4,13,0,PRX,3,True,True
753455,283185,2,2026-09-24,2026 Champions Shanghai,2766,EMEA,Pacific,TL,PRX,Haven,13,7,1,TL,3,True,True
753455,283186,3,2026-09-24,2026 Champions Shanghai,2766,EMEA,Pacific,TL,PRX,Lotus,10,13,0,decider,3,True,True
753459,283196,1,2026-09-25,2026 Champions Shanghai,2766,EMEA,China,KC,XLG,Sunset,13,3,1,KC,3,True,True
753459,283197,2,2026-09-25,2026 Champions Shanghai,2766,EMEA,China,KC,XLG,Abyss,13,6,1,XLG,3,True,True
753460,283199,1,2026-09-25,2026 Champions Shanghai,2766,Pacific,Americas,NS,NRG,Lotus,5,13,0,NRG,3,True,True
753460,283200,2,2026-09-25,2026 Champions Shanghai,2766,Pacific,Americas,NS,NRG,Split,10,13,0,NS,3,True,True
753449,283166,1,2026-09-26,2026 Champions Shanghai,2766,Pacific,EMEA,GE,VIT,Abyss,10,13,0,VIT,3,True,True
753449,283167,2,2026-09-26,2026 Champions Shanghai,2766,Pacific,EMEA,GE,VIT,Ascent,13,9,1,GE,3,True,True
753449,283168,3,2026-09-26,2026 Champions Shanghai,2766,Pacific,EMEA,GE,VIT,Summit,11,13,0,decider,3,True,True
753450,283169,1,2026-09-26,2026 Champions Shanghai,2766,Americas,China,LOUD,EDG,Lotus,13,8,1,EDG,3,True,True
753450,283170,2,2026-09-26,2026 Champions Shanghai,2766,Americas,China,LOUD,EDG,Summit,13,5,1,LOUD,3,True,True
753444,283151,1,2026-09-27,2026 Champions Shanghai,2766,Americas,Pacific,100T,T1,Summit,13,8,1,T1,3,True,True
753444,283152,2,2026-09-27,2026 Champions Shanghai,2766,Americas,Pacific,100T,T1,Ascent,13,9,1,100T,3,True,True
753445,283154,1,2026-09-27,2026 Champions Shanghai,2766,China,EMEA,JDG,FUT,Ascent,1,13,0,FUT,3,True,True
753445,283155,2,2026-09-27,2026 Champions Shanghai,2766,China,EMEA,JDG,FUT,Summit,10,13,0,JDG,3,True,True
753456,283187,1,2026-09-29,2026 Champions Shanghai,2766,Americas,Pacific,G2,PRX,Split,13,9,1,PRX,3,True,True
753456,283188,2,2026-09-29,2026 Champions Shanghai,2766,Americas,Pacific,G2,PRX,Haven,11,13,0,G2,3,True,True
753456,283189,3,2026-09-29,2026 Champions Shanghai,2766,Americas,Pacific,G2,PRX,Lotus,9,13,0,decider,3,True,True
753461,283202,1,2026-09-29,2026 Champions Shanghai,2766,EMEA,Americas,KC,NRG,Ascent,13,7,1,KC,3,True,True
753461,283203,2,2026-09-29,2026 Champions Shanghai,2766,EMEA,Americas,KC,NRG,Summit,11,13,0,NRG,3,True,True
753461,283204,3,2026-09-29,2026 Champions Shanghai,2766,EMEA,Americas,KC,NRG,Haven,9,13,0,decider,3,True,True
753446,283157,1,2026-09-30,2026 Champions Shanghai,2766,Americas,EMEA,100T,FUT,Split,13,5,1,FUT,3,True,True
753446,283158,2,2026-09-30,2026 Champions Shanghai,2766,Americas,EMEA,100T,FUT,Lotus,13,10,1,100T,3,True,True
753451,285206,1,2026-09-30,2026 Champions Shanghai,2766,EMEA,Americas,VIT,LOUD,Ascent,13,7,1,VIT,3,True,True
753451,285207,2,2026-09-30,2026 Champions Shanghai,2766,EMEA,Americas,VIT,LOUD,Summit,19,17,1,LOUD,3,True,True
753457,283190,1,2026-10-01,2026 Champions Shanghai,2766,China,EMEA,TYL,TL,Split,8,13,0,TL,3,True,True
753457,283191,2,2026-10-01,2026 Champions Shanghai,2766,China,EMEA,TYL,TL,Summit,13,7,1,TYL,3,True,True
753457,283192,3,2026-10-01,2026 Champions Shanghai,2766,China,EMEA,TYL,TL,Lotus,2,13,0,decider,3,True,True
753462,283205,1,2026-10-01,2026 Champions Shanghai,2766,China,Pacific,XLG,NS,Summit,11,13,0,XLG,3,True,True
753462,283206,2,2026-10-01,2026 Champions Shanghai,2766,China,Pacific,XLG,NS,Sunset,11,13,0,NS,3,True,True
753447,283160,1,2026-10-02,2026 Champions Shanghai,2766,Pacific,China,T1,JDG,Lotus,13,11,1,T1,3,True,True
753447,283161,2,2026-10-02,2026 Champions Shanghai,2766,Pacific,China,T1,JDG,Abyss,3,13,0,JDG,3,True,True
753447,283162,3,2026-10-02,2026 Champions Shanghai,2766,Pacific,China,T1,JDG,Haven,13,5,1,decider,3,True,True
753452,283175,1,2026-10-02,2026 Champions Shanghai,2766,Pacific,China,GE,EDG,Summit,13,5,1,GE,3,True,True
753452,283176,2,2026-10-02,2026 Champions Shanghai,2766,Pacific,China,GE,EDG,Sunset,13,6,1,EDG,3,True,True
753458,283193,1,2026-10-03,2026 Champions Shanghai,2766,Americas,EMEA,G2,TL,Split,13,10,1,TL,3,True,True
753458,283194,2,2026-10-03,2026 Champions Shanghai,2766,Americas,EMEA,G2,TL,Abyss,13,7,1,G2,3,True,True
753463,283208,1,2026-10-03,2026 Champions Shanghai,2766,EMEA,Pacific,KC,NS,Sunset,13,9,1,KC,3,True,True
753463,283209,2,2026-10-03,2026 Champions Shanghai,2766,EMEA,Pacific,KC,NS,Summit,5,13,0,NS,3,True,True
753463,283210,3,2026-10-03,2026 Champions Shanghai,2766,EMEA,Pacific,KC,NS,Haven,6,13,0,decider,3,True,True
753448,283163,1,2026-10-04,2026 Champions Shanghai,2766,EMEA,Pacific,FUT,T1,Sunset,10,13,0,T1,3,True,True
753448,283164,2,2026-10-04,2026 Champions Shanghai,2766,EMEA,Pacific,FUT,T1,Ascent,10,13,0,FUT,3,True,True
753453,283178,1,2026-10-04,2026 Champions Shanghai,2766,Americas,Pacific,LOUD,GE,Split,13,8,1,GE,3,True,True
753453,283179,2,2026-10-04,2026 Champions Shanghai,2766,Americas,Pacific,LOUD,GE,Sunset,13,9,1,LOUD,3,True,True
