match_id,date,datetime,event_id,event,event_order,event_region,stage,team_a,team_b,region_a,region_b,score_a,score_b,best_of,winner,y,international,lan,patch,p_market,n_books,two_sided,veto,url
430838,2025-01-11,2025-01-11 04:00:00,2275,2025 China Kickoff,1,China,Main Event: Upper Round 1,TYL,TEC,China,China,0,2,3,TEC,0,False,True,,0.5055062546776437,3.0,False,TEC ban Split; TYL ban Lotus; TEC pick Fracture; TYL pick Abyss; TEC ban Bind; TYL ban Haven; Pearl remains,https://www.vlr.gg/430838/tyloo-vs-titan-esports-club-champions-tour-2025-china-kickoff-ur1
430837,2025-01-11,2025-01-11 06:35:00,2275,2025 China Kickoff,1,China,Main Event: Upper Round 1,XLG,WOL,China,China,2,0,3,XLG,1,False,True,,0.3320172290021536,3.0,False,XLG ban Fracture; WOL ban Bind; XLG pick Lotus; WOL pick Split; XLG ban Pearl; WOL ban Haven; Abyss remains,https://www.vlr.gg/430837/xi-lai-gaming-vs-wolves-esports-champions-tour-2025-china-kickoff-ur1
430839,2025-01-12,2025-01-12 04:00:00,2275,2025 China Kickoff,1,China,Main Event: Upper Round 1,JDG,DRG,China,China,1,2,3,DRG,0,False,True,,0.3544109436069236,3.0,False,JDG ban Lotus; DRG ban Fracture; JDG pick Abyss; DRG pick Haven; JDG ban Split; DRG ban Pearl; Bind remains,https://www.vlr.gg/430839/jdg-esports-vs-dragon-ranger-gaming-champions-tour-2025-china-kickoff-ur1
430840,2025-01-12,2025-01-12 07:25:00,2275,2025 China Kickoff,1,China,Main Event: Upper Round 1,AG,NOVA,China,China,0,2,3,NOVA,0,False,True,,0.2316431886206991,2.0,False,NOVA ban Haven; AG ban Fracture; NOVA pick Abyss; AG pick Bind; NOVA ban Lotus; AG ban Pearl; Split remains,https://www.vlr.gg/430840/all-gamers-vs-nova-esports-champions-tour-2025-china-kickoff-ur1
429381,2025-01-15,2025-01-15 12:00:00,2276,2025 EMEA Kickoff,2,EMEA,Main Event: Upper Round 1,BBL,GX,EMEA,EMEA,2,1,3,BBL,1,False,True,10.0,0.38735343383584586,3.0,False,GX ban Abyss; BBL ban Fracture; GX pick Lotus; BBL pick Haven; GX ban Split; BBL ban Bind; Pearl remains,https://www.vlr.gg/429381/bbl-esports-vs-giantx-champions-tour-2025-emea-kickoff-ur1
429380,2025-01-15,2025-01-15 15:30:00,2276,2025 EMEA Kickoff,2,EMEA,Main Event: Upper Round 1,KC,NAVI,EMEA,EMEA,2,1,3,KC,1,False,True,10.0,0.48419179229480735,3.0,False,NAVI ban Fracture; KC ban Split; NAVI pick Abyss; KC pick Bind; NAVI ban Haven; KC ban Pearl; Lotus remains,https://www.vlr.gg/429380/karmine-corp-vs-natus-vincere-champions-tour-2025-emea-kickoff-ur1
430842,2025-01-16,2025-01-16 04:00:00,2275,2025 China Kickoff,1,China,Main Event: Upper Quarterfinals,FPX,TEC,China,China,2,1,3,FPX,1,False,True,,0.7747068676716917,3.0,False,TEC ban Lotus; FPX ban Split; TEC pick Abyss; FPX pick Fracture; TEC ban Haven; FPX ban Bind; Pearl remains,https://www.vlr.gg/430842/funplus-phoenix-vs-titan-esports-club-champions-tour-2025-china-kickoff-ubqf
430841,2025-01-16,2025-01-16 07:20:00,2275,2025 China Kickoff,1,China,Main Event: Upper Quarterfinals,BLG,XLG,China,China,2,1,3,BLG,1,False,True,,0.5373689255526186,3.0,False,XLG ban Fracture; BLG ban Bind; XLG pick Haven; BLG pick Lotus; XLG ban Pearl; BLG ban Split; Abyss remains,https://www.vlr.gg/430841/bilibili-gaming-vs-xi-lai-gaming-champions-tour-2025-china-kickoff-ubqf
429379,2025-01-16,2025-01-16 12:00:00,2276,2025 EMEA Kickoff,2,EMEA,Main Event: Upper Round 1,TL,MKOI,EMEA,EMEA,2,1,3,TL,1,False,True,10.0,0.6197654941373534,2.0,False,TL ban Lotus; MKOI ban Haven; TL pick Fracture; MKOI pick Abyss; TL ban Pearl; MKOI ban Split; Bind remains,https://www.vlr.gg/429379/team-liquid-vs-koi-champions-tour-2025-emea-kickoff-ur1
429382,2025-01-16,2025-01-16 15:10:00,2276,2025 EMEA Kickoff,2,EMEA,Main Event: Upper Round 1,APK,M8,EMEA,EMEA,0,2,3,M8,0,False,True,10.0,0.3802345058626466,3.0,False,M8 ban Lotus; APK ban Split; M8 pick Pearl; APK pick Haven; M8 ban Fracture; APK ban Abyss; Bind remains,https://www.vlr.gg/429382/apeks-vs-gentle-mates-champions-tour-2025-emea-kickoff-ur1
427991,2025-01-16,2025-01-16 17:00:00,2274,2025 Americas Kickoff,0,Americas,Main Event: Upper Round 1,EG,LOUD,Americas,Americas,0,2,3,LOUD,0,False,True,10.0,0.5465130530702291,3.0,False,LOUD ban Fracture; EG ban Haven; LOUD pick Split; EG pick Pearl; LOUD ban Abyss; EG ban Bind; Lotus remains,https://www.vlr.gg/427991/evil-geniuses-vs-loud-champions-tour-2025-americas-kickoff-ur1
427992,2025-01-16,2025-01-16 19:45:00,2274,2025 Americas Kickoff,0,Americas,Main Event: Upper Round 1,MIBR,100T,Americas,Americas,0,2,3,100T,0,False,True,10.0,0.4777257071876235,3.0,False,MIBR ban Fracture; 100T ban Abyss; MIBR pick Lotus; 100T pick Bind; MIBR ban Split; 100T ban Pearl; Haven remains,https://www.vlr.gg/427992/mibr-vs-100-thieves-champions-tour-2025-americas-kickoff-ur1
430843,2025-01-17,2025-01-17 04:00:00,2275,2025 China Kickoff,1,China,Main Event: Upper Quarterfinals,TE,DRG,China,China,2,0,3,TE,1,False,True,,0.6411367180731242,3.0,False,TE ban Haven; DRG ban Fracture; TE pick Pearl; DRG pick Abyss; TE ban Split; DRG ban Lotus; Bind remains,https://www.vlr.gg/430843/trace-esports-vs-dragon-ranger-gaming-champions-tour-2025-china-kickoff-ubqf
430844,2025-01-17,2025-01-17 06:10:00,2275,2025 China Kickoff,1,China,Main Event: Upper Quarterfinals,EDG,NOVA,China,China,2,0,3,EDG,1,False,True,,0.7945711463299403,3.0,False,NOVA ban Haven; EDG ban Abyss; NOVA pick Split; EDG pick Fracture; NOVA ban Pearl; EDG ban Lotus; Bind remains,https://www.vlr.gg/430844/edward-gaming-vs-nova-esports-champions-tour-2025-china-kickoff-ubqf
429385,2025-01-17,2025-01-17 12:00:00,2276,2025 EMEA Kickoff,2,EMEA,Main Event: Upper Quarterfinals,FNC,BBL,EMEA,EMEA,1,2,3,BBL,0,False,True,10.0,0.7094849246231156,3.0,False,BBL ban Bind; FNC ban Pearl; BBL pick Abyss; FNC pick Fracture; BBL ban Haven; FNC ban Lotus; Split remains,https://www.vlr.gg/429385/fnatic-vs-bbl-esports-champions-tour-2025-emea-kickoff-ubqf
429384,2025-01-17,2025-01-17 16:00:00,2276,2025 EMEA Kickoff,2,EMEA,Main Event: Upper Quarterfinals,VIT,KC,EMEA,EMEA,2,1,3,VIT,1,False,True,10.0,0.6281407035175879,3.0,False,VIT ban Pearl; KC ban Split; VIT pick Haven; KC pick Bind; VIT ban Lotus; KC ban Fracture; Abyss remains,https://www.vlr.gg/429384/team-vitality-vs-karmine-corp-champions-tour-2025-emea-kickoff-ubqf
427994,2025-01-17,2025-01-17 17:00:00,2274,2025 Americas Kickoff,0,Americas,Main Event: Upper Round 1,2G,FUR,Americas,Americas,0,2,3,FUR,0,False,True,10.0,0.6424429841515269,3.0,False,2G ban Fracture; FUR ban Pearl; 2G pick Haven; FUR pick Lotus; 2G ban Abyss; FUR ban Split; Bind remains,https://www.vlr.gg/427994/2game-esports-vs-furia-champions-tour-2025-americas-kickoff-ur1
427993,2025-01-17,2025-01-17 19:05:00,2274,2025 Americas Kickoff,0,Americas,Main Event: Upper Round 1,NRG,C9,Americas,Americas,0,2,3,C9,0,False,True,10.0,0.7305367416794115,3.0,False,NRG ban Abyss; C9 ban Haven; NRG pick Fracture; C9 pick Lotus; NRG ban Pearl; C9 ban Split; Bind remains,https://www.vlr.gg/427993/nrg-esports-vs-cloud9-champions-tour-2025-americas-kickoff-ur1
430514,2025-01-18,2025-01-18 03:00:00,2277,2025 Pacific Kickoff,3,Pacific,Main Event: Upper Round 1,BME,T1,Pacific,Pacific,1,2,3,T1,0,False,True,10.0,0.12707161269227474,2.0,False,BME ban Split; T1 ban Abyss; BME pick Pearl; T1 pick Bind; BME ban Haven; T1 ban Lotus; Fracture remains,https://www.vlr.gg/430514/boom-esports-vs-t1-champions-tour-2025-pacific-kickoff-ur1
430851,2025-01-18,2025-01-18 04:00:00,2275,2025 China Kickoff,1,China,Main Event: Lower Round 1,TEC,JDG,China,China,0,2,3,JDG,0,False,True,,,,,JDG ban Lotus; TEC ban Split; JDG pick Fracture; TEC pick Abyss; JDG ban Bind; TEC ban Haven; Pearl remains,https://www.vlr.gg/430851/titan-esports-club-vs-jdg-esports-champions-tour-2025-china-kickoff-lr1
430515,2025-01-18,2025-01-18 06:15:00,2277,2025 Pacific Kickoff,3,Pacific,Main Event: Upper Round 1,ZETA,NS,Pacific,Pacific,0,2,3,NS,0,False,True,10.0,0.43657682351149696,3.0,False,NS ban Abyss; ZETA ban Bind; NS pick Split; ZETA pick Haven; NS ban Pearl; ZETA ban Fracture; Lotus remains,https://www.vlr.gg/430515/zeta-division-vs-nongshim-redforce-champions-tour-2025-pacific-kickoff-ur1
430853,2025-01-18,2025-01-18 06:20:00,2275,2025 China Kickoff,1,China,Main Event: Lower Round 1,XLG,AG,China,China,2,1,3,XLG,1,False,True,,0.8226975585894072,3.0,False,AG ban Haven; XLG ban Fracture; AG pick Abyss; XLG pick Bind; AG ban Pearl; XLG ban Split; Lotus remains,https://www.vlr.gg/430853/xi-lai-gaming-vs-all-gamers-champions-tour-2025-china-kickoff-lr1
427995,2025-01-18,2025-01-18 17:00:00,2274,2025 Americas Kickoff,0,Americas,Main Event: Upper Quarterfinals,KRÜ,LOUD,Americas,Americas,0,2,3,LOUD,0,False,True,10.0,0.5676054692064977,3.0,False,LOUD ban Fracture; KRÜ ban Pearl; LOUD pick Haven; KRÜ pick Split; LOUD ban Abyss; KRÜ ban Lotus; Bind remains,https://www.vlr.gg/427995/kr-esports-vs-loud-champions-tour-2025-americas-kickoff-ubqf
427996,2025-01-18,2025-01-18 19:25:00,2274,2025 Americas Kickoff,0,Americas,Main Event: Upper Quarterfinals,SEN,100T,Americas,Americas,2,1,3,SEN,1,False,True,10.0,0.5738569390160679,3.0,False,SEN ban Fracture; 100T ban Abyss; SEN pick Split; 100T pick Bind; SEN ban Haven; 100T ban Lotus; Pearl remains,https://www.vlr.gg/427996/sentinels-vs-100-thieves-champions-tour-2025-americas-kickoff-ubqf
430516,2025-01-19,2025-01-19 03:00:00,2277,2025 Pacific Kickoff,3,Pacific,Main Event: Upper Round 1,GE,TS,Pacific,Pacific,2,1,3,GE,1,False,True,10.0,0.4892885480031737,3.0,False,TS ban Bind; GE ban Haven; TS pick Abyss; GE pick Split; TS ban Lotus; GE ban Fracture; Pearl remains,https://www.vlr.gg/430516/global-esports-vs-team-secret-champions-tour-2025-pacific-kickoff-ur1
430850,2025-01-19,2025-01-19 04:00:00,2275,2025 China Kickoff,1,China,Main Event: Lower Round 1,DRG,TYL,China,China,2,0,3,DRG,1,False,True,,0.7151140316969461,3.0,False,TYL ban Lotus; DRG ban Fracture; TYL pick Pearl; DRG pick Haven; TYL ban Split; DRG ban Bind; Abyss remains,https://www.vlr.gg/430850/dragon-ranger-gaming-vs-tyloo-champions-tour-2025-china-kickoff-lr1
430517,2025-01-19,2025-01-19 06:00:00,2277,2025 Pacific Kickoff,3,Pacific,Main Event: Upper Round 1,DFM,RRQ,Pacific,Pacific,1,2,3,RRQ,0,False,True,10.0,0.557310361330462,3.0,False,RRQ ban Bind; DFM ban Fracture; RRQ pick Abyss; DFM pick Pearl; RRQ ban Lotus; DFM ban Split; Haven remains,https://www.vlr.gg/430517/detonation-focusme-vs-rex-regum-qeon-champions-tour-2025-pacific-kickoff-ur1
430849,2025-01-19,2025-01-19 06:15:00,2275,2025 China Kickoff,1,China,Main Event: Lower Round 1,NOVA,WOL,China,China,2,1,3,NOVA,1,False,True,,0.4426896386695381,3.0,False,WOL ban Bind; NOVA ban Haven; WOL pick Fracture; NOVA pick Abyss; WOL ban Lotus; NOVA ban Pearl; Split remains,https://www.vlr.gg/430849/nova-esports-vs-wolves-esports-champions-tour-2025-china-kickoff-lr1
427998,2025-01-19,2025-01-19 17:00:00,2274,2025 Americas Kickoff,0,Americas,Main Event: Upper Quarterfinals,LEV,FUR,Americas,Americas,2,0,3,LEV,1,False,True,10.0,0.691197835501443,2.0,False,FUR ban Abyss; LEV ban Bind; FUR pick Haven; LEV pick Split; FUR ban Pearl; LEV ban Lotus; Fracture remains,https://www.vlr.gg/427998/leviat-n-vs-furia-champions-tour-2025-americas-kickoff-ubqf
427997,2025-01-19,2025-01-19 19:20:00,2274,2025 Americas Kickoff,0,Americas,Main Event: Upper Quarterfinals,G2,C9,Americas,Americas,2,0,3,G2,1,False,True,10.0,0.6736581458014712,2.0,False,C9 ban Haven; G2 ban Fracture; C9 pick Lotus; G2 pick Abyss; C9 ban Bind; G2 ban Pearl; Split remains,https://www.vlr.gg/427997/g2-esports-vs-cloud9-champions-tour-2025-americas-kickoff-ubqf
430521,2025-01-20,2025-01-20 03:00:00,2277,2025 Pacific Kickoff,3,Pacific,Main Event: Upper Quarterfinals,KRX,NS,Pacific,Pacific,2,1,3,KRX,1,False,True,10.0,0.5883849627886265,3.0,False,NS ban Abyss; KRX ban Bind; NS pick Lotus; KRX pick Pearl; NS ban Split; KRX ban Haven; Fracture remains,https://www.vlr.gg/430521/drx-vs-nongshim-redforce-champions-tour-2025-pacific-kickoff-ubqf
430845,2025-01-20,2025-01-20 04:00:00,2275,2025 China Kickoff,1,China,Main Event: Upper Semifinals,BLG,FPX,China,China,2,0,3,BLG,1,False,True,,0.4426896386695381,3.0,False,BLG ban Fracture; FPX ban Split; BLG pick Bind; FPX pick Lotus; BLG ban Pearl; FPX ban Haven; Abyss remains,https://www.vlr.gg/430845/bilibili-gaming-vs-funplus-phoenix-champions-tour-2025-china-kickoff-ubsf
430518,2025-01-20,2025-01-20 06:15:00,2277,2025 Pacific Kickoff,3,Pacific,Main Event: Upper Quarterfinals,PRX,T1,Pacific,Pacific,1,2,3,T1,0,False,True,10.0,0.5806950232674957,2.0,False,T1 ban Pearl; PRX ban Haven; T1 pick Bind; PRX pick Fracture; T1 ban Lotus; PRX ban Abyss; Split remains,https://www.vlr.gg/430518/paper-rex-vs-t1-champions-tour-2025-pacific-kickoff-ubqf
430846,2025-01-20,2025-01-20 06:25:00,2275,2025 China Kickoff,1,China,Main Event: Upper Semifinals,TE,EDG,China,China,2,0,3,TE,1,False,True,,0.35755701584847305,3.0,False,TE ban Haven; EDG ban Abyss; TE pick Lotus; EDG pick Bind; TE ban Split; EDG ban Pearl; Fracture remains,https://www.vlr.gg/430846/trace-esports-vs-edward-gaming-champions-tour-2025-china-kickoff-ubsf
430854,2025-01-21,2025-01-21 04:00:00,2275,2025 China Kickoff,1,China,Main Event: Lower Round 2,NOVA,DRG,China,China,0,2,3,DRG,0,False,True,,0.6546178646194857,2.0,False,DRG ban Fracture; NOVA ban Haven; DRG pick Pearl; NOVA pick Bind; DRG ban Split; NOVA ban Lotus; Abyss remains,https://www.vlr.gg/430854/nova-esports-vs-dragon-ranger-gaming-champions-tour-2025-china-kickoff-lr2
430855,2025-01-21,2025-01-21 06:15:00,2275,2025 China Kickoff,1,China,Main Event: Lower Round 2,JDG,XLG,China,China,1,2,3,XLG,0,False,True,,0.31137167318071857,3.0,False,JDG ban Lotus; XLG ban Fracture; JDG pick Pearl; XLG pick Bind; JDG ban Split; XLG ban Abyss; Haven remains,https://www.vlr.gg/430855/jdg-esports-vs-xi-lai-gaming-champions-tour-2025-china-kickoff-lr2
430856,2025-01-22,2025-01-22 04:00:00,2275,2025 China Kickoff,1,China,Main Event: Lower Round 3,FPX,DRG,China,China,1,2,3,DRG,0,False,True,,0.4595068365081221,3.0,False,DRG ban Fracture; FPX ban Split; DRG pick Abyss; FPX pick Pearl; DRG ban Lotus; FPX ban Bind; Haven remains,https://www.vlr.gg/430856/funplus-phoenix-vs-dragon-ranger-gaming-champions-tour-2025-china-kickoff-lr3
430857,2025-01-22,2025-01-22 07:05:00,2275,2025 China Kickoff,1,China,Main Event: Lower Round 3,EDG,XLG,China,China,2,1,3,EDG,1,False,True,,0.47960576159222096,2.0,False,EDG ban Abyss; XLG ban Fracture; EDG pick Lotus; XLG pick Bind; EDG ban Split; XLG ban Pearl; Haven remains,https://www.vlr.gg/430857/edward-gaming-vs-xi-lai-gaming-champions-tour-2025-china-kickoff-lr3
429383,2025-01-22,2025-01-22 12:00:00,2276,2025 EMEA Kickoff,2,EMEA,Main Event: Upper Quarterfinals,FUT,TL,EMEA,EMEA,2,0,3,FUT,1,False,True,10.0,0.6281407035175879,3.0,False,FUT ban Bind; TL ban Lotus; FUT pick Pearl; TL pick Fracture; FUT ban Abyss; TL ban Haven; Split remains,https://www.vlr.gg/429383/fut-esports-vs-team-liquid-champions-tour-2025-emea-kickoff-ubqf
429386,2025-01-22,2025-01-22 14:10:00,2276,2025 EMEA Kickoff,2,EMEA,Main Event: Upper Quarterfinals,TH,M8,EMEA,EMEA,2,1,3,TH,1,False,True,10.0,0.7620067550869098,3.0,False,M8 ban Lotus; TH ban Split; M8 pick Abyss; TH pick Fracture; M8 ban Bind; TH ban Haven; Pearl remains,https://www.vlr.gg/429386/team-heretics-vs-gentle-mates-champions-tour-2025-emea-kickoff-ubqf
430847,2025-01-23,2025-01-23 04:00:00,2275,2025 China Kickoff,1,China,Main Event: Upper Final,BLG,TE,China,China,1,2,3,TE,0,False,True,,0.31137167318071857,3.0,False,TE ban Abyss; BLG ban Fracture; TE pick Bind; BLG pick Haven; TE ban Pearl; BLG ban Split; Lotus remains,https://www.vlr.gg/430847/bilibili-gaming-vs-trace-esports-champions-tour-2025-china-kickoff-ubf
430858,2025-01-23,2025-01-23 07:15:00,2275,2025 China Kickoff,1,China,Main Event: Lower Round 4,DRG,EDG,China,China,0,2,3,EDG,0,False,True,,0.31137167318071857,3.0,False,DRG ban Fracture; EDG ban Abyss; DRG pick Haven; EDG pick Pearl; DRG ban Bind; EDG ban Split; Lotus remains,https://www.vlr.gg/430858/dragon-ranger-gaming-vs-edward-gaming-champions-tour-2025-china-kickoff-lr4
429393,2025-01-23,2025-01-23 12:00:00,2276,2025 EMEA Kickoff,2,EMEA,Main Event: Lower Round 1,KC,GX,EMEA,EMEA,1,2,3,GX,0,False,True,10.0,0.6944582827932768,2.0,False,KC ban Haven; GX ban Abyss; KC pick Bind; GX pick Lotus; KC ban Split; GX ban Pearl; Fracture remains,https://www.vlr.gg/429393/karmine-corp-vs-giantx-champions-tour-2025-emea-kickoff-lr1
429392,2025-01-23,2025-01-23 15:30:00,2276,2025 EMEA Kickoff,2,EMEA,Main Event: Lower Round 1,FNC,NAVI,EMEA,EMEA,2,1,3,FNC,1,False,True,10.0,0.6736581458014712,3.0,False,NAVI ban Bind; FNC ban Abyss; NAVI pick Pearl; FNC pick Fracture; NAVI ban Lotus; FNC ban Split; Haven remains,https://www.vlr.gg/429392/fnatic-vs-natus-vincere-champions-tour-2025-emea-kickoff-lr1
428003,2025-01-23,2025-01-23 17:00:00,2274,2025 Americas Kickoff,0,Americas,Main Event: Lower Round 1,FUR,EG,Americas,Americas,0,2,3,EG,0,False,True,10.0,0.5958051125191173,3.0,False,EG ban Haven; FUR ban Split; EG pick Abyss; FUR pick Fracture; EG ban Bind; FUR ban Pearl; Lotus remains,https://www.vlr.gg/428003/furia-vs-evil-geniuses-champions-tour-2025-americas-kickoff-lr1
428004,2025-01-23,2025-01-23 19:20:00,2274,2025 Americas Kickoff,0,Americas,Main Event: Lower Round 1,C9,MIBR,Americas,Americas,1,2,3,MIBR,0,False,True,10.0,0.5465130530702291,3.0,False,C9 ban Haven; MIBR ban Fracture; C9 pick Lotus; MIBR pick Abyss; C9 ban Bind; MIBR ban Split; Pearl remains,https://www.vlr.gg/428004/cloud9-vs-mibr-champions-tour-2025-americas-kickoff-lr1
430860,2025-01-24,2025-01-24 04:00:00,2275,2025 China Kickoff,1,China,Main Event: Lower Final,BLG,EDG,China,China,0,3,5,EDG,0,False,True,,0.22529313232830828,3.0,False,BLG ban Fracture; EDG ban Abyss; BLG pick Pearl; EDG pick Haven; BLG pick Lotus; EDG pick Bind; Split remains,https://www.vlr.gg/430860/bilibili-gaming-vs-edward-gaming-champions-tour-2025-china-kickoff-lbf
429394,2025-01-24,2025-01-24 12:00:00,2276,2025 EMEA Kickoff,2,EMEA,Main Event: Lower Round 1,TL,APK,EMEA,EMEA,2,1,3,TL,1,False,True,10.0,0.6886283268192814,3.0,False,TL ban Lotus; APK ban Split; TL pick Abyss; APK pick Pearl; TL ban Fracture; APK ban Bind; Haven remains,https://www.vlr.gg/429394/team-liquid-vs-apeks-champions-tour-2025-emea-kickoff-lr1
429391,2025-01-24,2025-01-24 15:10:00,2276,2025 EMEA Kickoff,2,EMEA,Main Event: Lower Round 1,M8,MKOI,EMEA,EMEA,2,1,3,M8,1,False,True,10.0,0.5997730588426,3.0,False,M8 ban Fracture; MKOI ban Abyss; M8 pick Haven; MKOI pick Lotus; M8 ban Split; MKOI ban Bind; Pearl remains,https://www.vlr.gg/429391/gentle-mates-vs-koi-champions-tour-2025-emea-kickoff-lr1
428006,2025-01-24,2025-01-24 17:00:00,2274,2025 Americas Kickoff,0,Americas,Main Event: Lower Round 1,KRÜ,2G,Americas,Americas,2,0,3,KRÜ,1,False,True,10.0,0.7042789706106288,3.0,False,2G ban Fracture; KRÜ ban Pearl; 2G pick Abyss; KRÜ pick Split; 2G ban Lotus; KRÜ ban Haven; Bind remains,https://www.vlr.gg/428006/kr-esports-vs-2game-esports-champions-tour-2025-americas-kickoff-lr1
428005,2025-01-24,2025-01-24 19:00:00,2274,2025 Americas Kickoff,0,Americas,Main Event: Lower Round 1,100T,NRG,Americas,Americas,1,2,3,NRG,0,False,True,10.0,0.5465130530702291,3.0,False,100T ban Abyss; NRG ban Split; 100T pick Lotus; NRG pick Pearl; 100T ban Haven; NRG ban Fracture; Bind remains,https://www.vlr.gg/428005/100-thieves-vs-nrg-esports-champions-tour-2025-americas-kickoff-lr1
430519,2025-01-25,2025-01-25 03:00:00,2277,2025 Pacific Kickoff,3,Pacific,Main Event: Upper Quarterfinals,TLN,GE,Pacific,Pacific,2,1,3,TLN,1,False,True,10.0,0.39559499625788513,3.0,False,GE ban Haven; TLN ban Pearl; GE pick Split; TLN pick Abyss; GE ban Fracture; TLN ban Bind; Lotus remains,https://www.vlr.gg/430519/talon-vs-global-esports-champions-tour-2025-pacific-kickoff-ubqf
430848,2025-01-25,2025-01-25 04:00:00,2275,2025 China Kickoff,1,China,Main Event: Grand Final,TE,EDG,China,China,1,3,5,EDG,0,False,True,,0.3727725405765767,2.0,False,TE ban Haven; TE ban Split; TE pick Lotus; EDG pick Bind; TE pick Abyss; EDG pick Fracture; Pearl remains,https://www.vlr.gg/430848/trace-esports-vs-edward-gaming-champions-tour-2025-china-kickoff-gf
430520,2025-01-25,2025-01-25 06:00:00,2277,2025 Pacific Kickoff,3,Pacific,Main Event: Upper Quarterfinals,GEN,RRQ,Pacific,Pacific,2,1,3,GEN,1,False,True,10.0,0.26561378320172285,3.0,False,RRQ ban Bind; GEN ban Split; RRQ pick Fracture; GEN pick Lotus; RRQ ban Pearl; GEN ban Abyss; Haven remains,https://www.vlr.gg/430520/gen-g-vs-rex-regum-qeon-champions-tour-2025-pacific-kickoff-ubqf
430526,2025-01-26,2025-01-26 03:00:00,2277,2025 Pacific Kickoff,3,Pacific,Main Event: Lower Round 1,NS,BME,Pacific,Pacific,2,1,3,NS,1,False,True,10.01,0.6640344580043072,3.0,False,BME ban Split; NS ban Abyss; BME pick Pearl; NS pick Bind; BME ban Haven; NS ban Fracture; Lotus remains,https://www.vlr.gg/430526/nongshim-redforce-vs-boom-esports-champions-tour-2025-pacific-kickoff-lr1
430529,2025-01-26,2025-01-26 06:00:00,2277,2025 Pacific Kickoff,3,Pacific,Main Event: Lower Round 1,PRX,ZETA,Pacific,Pacific,2,0,3,PRX,1,False,True,10.01,0.8607854085241018,3.0,False,ZETA ban Bind; PRX ban Haven; ZETA pick Lotus; PRX pick Fracture; ZETA ban Abyss; PRX ban Split; Pearl remains,https://www.vlr.gg/430529/paper-rex-vs-zeta-division-champions-tour-2025-pacific-kickoff-lr1
430527,2025-01-27,2025-01-27 03:00:00,2277,2025 Pacific Kickoff,3,Pacific,Main Event: Lower Round 1,RRQ,TS,Pacific,Pacific,2,1,3,RRQ,1,False,True,10.01,0.7042789706106288,3.0,False,TS ban Bind; RRQ ban Split; TS pick Lotus; RRQ pick Pearl; TS ban Fracture; RRQ ban Abyss; Haven remains,https://www.vlr.gg/430527/rex-regum-qeon-vs-team-secret-champions-tour-2025-pacific-kickoff-lr1
430528,2025-01-27,2025-01-27 06:00:00,2277,2025 Pacific Kickoff,3,Pacific,Main Event: Lower Round 1,GE,DFM,Pacific,Pacific,0,2,3,DFM,0,False,True,10.01,0.5465130530702291,3.0,False,DFM ban Bind; GE ban Haven; DFM pick Abyss; GE pick Split; DFM ban Pearl; GE ban Fracture; Lotus remains,https://www.vlr.gg/430528/global-esports-vs-detonation-focusme-champions-tour-2025-pacific-kickoff-lr1
429388,2025-01-29,2025-01-29 12:00:00,2276,2025 EMEA Kickoff,2,EMEA,Main Event: Upper Semifinals,BBL,TH,EMEA,EMEA,0,2,3,TH,0,False,True,10.01,0.3718592964824121,3.0,False,BBL ban Fracture; TH ban Split; BBL pick Pearl; TH pick Lotus; BBL ban Haven; TH ban Bind; Abyss remains,https://www.vlr.gg/429388/bbl-esports-vs-team-heretics-champions-tour-2025-emea-kickoff-ubsf
429387,2025-01-29,2025-01-29 14:25:00,2276,2025 EMEA Kickoff,2,EMEA,Main Event: Upper Semifinals,FUT,VIT,EMEA,EMEA,0,2,3,VIT,0,False,True,10.01,0.4595068365081221,3.0,False,FUT ban Haven; VIT ban Pearl; FUT pick Bind; VIT pick Split; FUT ban Fracture; VIT ban Abyss; Lotus remains,https://www.vlr.gg/429387/fut-esports-vs-team-vitality-champions-tour-2025-emea-kickoff-ubsf
429395,2025-01-30,2025-01-30 12:00:00,2276,2025 EMEA Kickoff,2,EMEA,Main Event: Lower Round 2,M8,FNC,EMEA,EMEA,0,2,3,FNC,0,False,True,10.01,0.35626715135963516,2.0,False,M8 ban Lotus; FNC ban Bind; M8 pick Abyss; FNC pick Fracture; M8 ban Split; FNC ban Pearl; Haven remains,https://www.vlr.gg/429395/gentle-mates-vs-fnatic-champions-tour-2025-emea-kickoff-lr2
429396,2025-01-30,2025-01-30 14:15:00,2276,2025 EMEA Kickoff,2,EMEA,Main Event: Lower Round 2,GX,TL,EMEA,EMEA,0,2,3,TL,0,False,True,10.01,0.5055062546776437,3.0,False,GX ban Abyss; TL ban Lotus; GX pick Fracture; TL pick Split; GX ban Haven; TL ban Pearl; Bind remains,https://www.vlr.gg/429396/giantx-vs-team-liquid-champions-tour-2025-emea-kickoff-lr2
430522,2025-01-31,2025-01-31 03:00:00,2277,2025 Pacific Kickoff,3,Pacific,Main Event: Upper Semifinals,T1,TLN,Pacific,Pacific,2,1,3,T1,1,False,True,10.01,0.7620067550869098,3.0,False,TLN ban Split; T1 ban Lotus; TLN pick Fracture; T1 pick Bind; TLN ban Pearl; T1 ban Abyss; Haven remains,https://www.vlr.gg/430522/t1-vs-talon-champions-tour-2025-pacific-kickoff-ubsf
430523,2025-01-31,2025-01-31 05:45:00,2277,2025 Pacific Kickoff,3,Pacific,Main Event: Upper Semifinals,GEN,KRX,Pacific,Pacific,0,2,3,KRX,0,False,True,10.01,0.6424429841515269,3.0,False,KRX ban Lotus; GEN ban Fracture; KRX pick Abyss; GEN pick Bind; KRX ban Split; GEN ban Pearl; Haven remains,https://www.vlr.gg/430523/gen-g-vs-drx-champions-tour-2025-pacific-kickoff-ubsf
429397,2025-01-31,2025-01-31 12:00:00,2276,2025 EMEA Kickoff,2,EMEA,Main Event: Lower Round 3,FUT,FNC,EMEA,EMEA,2,0,3,FUT,1,False,True,10.01,0.4225673823663773,3.0,False,FUT ban Split; FNC ban Bind; FUT pick Abyss; FNC pick Fracture; FUT ban Haven; FNC ban Lotus; Pearl remains,https://www.vlr.gg/429397/fut-esports-vs-fnatic-champions-tour-2025-emea-kickoff-lr3
429398,2025-01-31,2025-01-31 14:15:00,2276,2025 EMEA Kickoff,2,EMEA,Main Event: Lower Round 3,BBL,TL,EMEA,EMEA,1,2,3,TL,0,False,True,10.01,0.5465130530702291,3.0,False,TL ban Lotus; BBL ban Fracture; TL pick Bind; BBL pick Pearl; TL ban Abyss; BBL ban Haven; Split remains,https://www.vlr.gg/429398/bbl-esports-vs-team-liquid-champions-tour-2025-emea-kickoff-lr3
427999,2025-01-31,2025-01-31 17:00:00,2274,2025 Americas Kickoff,0,Americas,Main Event: Upper Semifinals,LOUD,SEN,Americas,Americas,1,2,3,SEN,0,False,True,10.01,0.3802345058626466,3.0,False,LOUD ban Fracture; SEN ban Haven; LOUD pick Lotus; SEN pick Pearl; LOUD ban Abyss; SEN ban Bind; Split remains,https://www.vlr.gg/427999/loud-vs-sentinels-champions-tour-2025-americas-kickoff-ubsf
428000,2025-01-31,2025-01-31 21:00:00,2274,2025 Americas Kickoff,0,Americas,Main Event: Upper Semifinals,G2,LEV,Americas,Americas,2,0,3,G2,1,False,True,10.01,0.6736581458014712,3.0,False,G2 ban Haven; LEV ban Bind; G2 pick Pearl; LEV pick Fracture; G2 ban Lotus; LEV ban Split; Abyss remains,https://www.vlr.gg/428000/g2-esports-vs-leviat-n-champions-tour-2025-americas-kickoff-ubsf
430530,2025-02-01,2025-02-01 03:00:00,2277,2025 Pacific Kickoff,3,Pacific,Main Event: Lower Round 2,NS,RRQ,Pacific,Pacific,2,1,3,NS,1,False,True,10.01,0.5738569390160679,3.0,False,RRQ ban Bind; NS ban Abyss; RRQ pick Fracture; NS pick Lotus; RRQ ban Split; NS ban Haven; Pearl remains,https://www.vlr.gg/430530/nongshim-redforce-vs-rex-regum-qeon-champions-tour-2025-pacific-kickoff-lr2
430531,2025-02-01,2025-02-01 07:10:00,2277,2025 Pacific Kickoff,3,Pacific,Main Event: Lower Round 2,DFM,PRX,Pacific,Pacific,2,0,3,DFM,1,False,True,10.01,0.2582356225572306,3.0,False,DFM ban Bind; PRX ban Haven; DFM pick Abyss; PRX pick Pearl; DFM ban Split; PRX ban Lotus; Fracture remains,https://www.vlr.gg/430531/detonation-focusme-vs-paper-rex-champions-tour-2025-pacific-kickoff-lr2
428007,2025-02-01,2025-02-01 17:00:00,2274,2025 Americas Kickoff,0,Americas,Main Event: Lower Round 2,EG,MIBR,Americas,Americas,0,2,3,MIBR,0,False,True,10.01,0.48920426307360987,3.0,False,MIBR ban Fracture; EG ban Haven; MIBR pick Abyss; EG pick Split; MIBR ban Lotus; EG ban Bind; Pearl remains,https://www.vlr.gg/428007/evil-geniuses-vs-mibr-champions-tour-2025-americas-kickoff-lr2
428008,2025-02-01,2025-02-01 19:30:00,2274,2025 Americas Kickoff,0,Americas,Main Event: Lower Round 2,NRG,KRÜ,Americas,Americas,1,2,3,KRÜ,0,False,True,10.01,0.6679827709978464,3.0,False,KRÜ ban Fracture; NRG ban Split; KRÜ pick Abyss; NRG pick Haven; KRÜ ban Pearl; NRG ban Lotus; Bind remains,https://www.vlr.gg/428008/nrg-esports-vs-kr-esports-champions-tour-2025-americas-kickoff-lr2
430532,2025-02-02,2025-02-02 03:00:00,2277,2025 Pacific Kickoff,3,Pacific,Main Event: Lower Round 3,TLN,NS,Pacific,Pacific,2,1,3,TLN,1,False,True,10.01,0.46482412060301503,3.0,False,NS ban Abyss; TLN ban Pearl; NS pick Lotus; TLN pick Bind; NS ban Haven; TLN ban Fracture; Split remains,https://www.vlr.gg/430532/talon-vs-nongshim-redforce-champions-tour-2025-pacific-kickoff-lr3
430533,2025-02-02,2025-02-02 06:00:00,2277,2025 Pacific Kickoff,3,Pacific,Main Event: Lower Round 3,GEN,DFM,Pacific,Pacific,2,0,3,GEN,1,False,True,10.01,0.6886283268192814,2.0,False,DFM ban Bind; GEN ban Fracture; DFM pick Abyss; GEN pick Lotus; DFM ban Split; GEN ban Pearl; Haven remains,https://www.vlr.gg/430533/gen-g-vs-detonation-focusme-champions-tour-2025-pacific-kickoff-lr3
428009,2025-02-02,2025-02-02 17:00:00,2274,2025 Americas Kickoff,0,Americas,Main Event: Lower Round 3,LEV,MIBR,Americas,Americas,1,2,3,MIBR,0,False,True,10.01,0.4687724335965543,3.0,False,LEV ban Bind; MIBR ban Fracture; LEV pick Lotus; MIBR pick Pearl; LEV ban Abyss; MIBR ban Haven; Split remains,https://www.vlr.gg/428009/leviat-n-vs-mibr-champions-tour-2025-americas-kickoff-lr3
428010,2025-02-02,2025-02-02 20:30:00,2274,2025 Americas Kickoff,0,Americas,Main Event: Lower Round 3,LOUD,KRÜ,Americas,Americas,0,2,3,KRÜ,0,False,True,10.01,0.5715906722552857,3.0,False,KRÜ ban Fracture; LOUD ban Abyss; KRÜ pick Bind; LOUD pick Haven; KRÜ ban Pearl; LOUD ban Split; Lotus remains,https://www.vlr.gg/428010/loud-vs-kr-esports-champions-tour-2025-americas-kickoff-lr3
428001,2025-02-06,2025-02-06 17:00:00,2274,2025 Americas Kickoff,0,Americas,Main Event: Upper Final,SEN,G2,Americas,Americas,0,2,3,G2,0,False,True,10.01,0.3802345058626466,3.0,False,G2 ban Lotus; SEN ban Split; G2 pick Abyss; SEN pick Pearl; G2 ban Haven; SEN ban Bind; Fracture remains,https://www.vlr.gg/428001/sentinels-vs-g2-esports-champions-tour-2025-americas-kickoff-ubf
428011,2025-02-06,2025-02-06 19:20:00,2274,2025 Americas Kickoff,0,Americas,Main Event: Lower Round 4,MIBR,KRÜ,Americas,Americas,2,1,3,MIBR,1,False,True,10.01,0.46482412060301503,3.0,False,KRÜ ban Pearl; MIBR ban Lotus; KRÜ pick Bind; MIBR pick Abyss; KRÜ ban Fracture; MIBR ban Haven; Split remains,https://www.vlr.gg/428011/mibr-vs-kr-esports-champions-tour-2025-americas-kickoff-lr4
430524,2025-02-07,2025-02-07 03:00:00,2277,2025 Pacific Kickoff,3,Pacific,Main Event: Upper Final,T1,KRX,Pacific,Pacific,1,2,3,KRX,0,False,True,10.01,0.4595068365081221,3.0,False,KRX ban Pearl; T1 ban Abyss; KRX pick Lotus; T1 pick Haven; KRX ban Bind; T1 ban Split; Fracture remains,https://www.vlr.gg/430524/t1-vs-drx-champions-tour-2025-pacific-kickoff-ubf
430534,2025-02-07,2025-02-07 06:30:00,2277,2025 Pacific Kickoff,3,Pacific,Main Event: Lower Round 4,TLN,GEN,Pacific,Pacific,0,2,3,GEN,0,False,True,10.01,0.27371231155778897,3.0,False,TLN ban Pearl; GEN ban Fracture; TLN pick Bind; GEN pick Lotus; TLN ban Haven; GEN ban Split; Abyss remains,https://www.vlr.gg/430534/talon-vs-gen-g-champions-tour-2025-pacific-kickoff-lr4
429389,2025-02-07,2025-02-07 12:00:00,2276,2025 EMEA Kickoff,2,EMEA,Main Event: Upper Final,VIT,TH,EMEA,EMEA,2,0,3,VIT,1,False,True,10.01,0.5883849627886265,3.0,False,VIT ban Pearl; TH ban Split; VIT pick Haven; TH pick Abyss; VIT ban Lotus; TH ban Fracture; Bind remains,https://www.vlr.gg/429389/team-vitality-vs-team-heretics-champions-tour-2025-emea-kickoff-ubf
429400,2025-02-07,2025-02-07 14:10:00,2276,2025 EMEA Kickoff,2,EMEA,Main Event: Lower Round 4,FUT,TL,EMEA,EMEA,1,2,3,TL,0,False,True,10.01,0.7553557259984132,3.0,False,FUT ban Split; TL ban Pearl; FUT pick Abyss; TL pick Bind; FUT ban Fracture; TL ban Lotus; Haven remains,https://www.vlr.gg/429400/fut-esports-vs-team-liquid-champions-tour-2025-emea-kickoff-lr4
428012,2025-02-07,2025-02-07 17:00:00,2274,2025 Americas Kickoff,0,Americas,Main Event: Lower Final,SEN,MIBR,Americas,Americas,3,1,5,SEN,1,False,True,10.01,0.5847075567711976,2.0,False,SEN ban Haven; MIBR ban Fracture; SEN pick Lotus; MIBR pick Abyss; SEN pick Pearl; MIBR pick Split; Bind remains,https://www.vlr.gg/428012/sentinels-vs-mibr-champions-tour-2025-americas-kickoff-lbf
430535,2025-02-08,2025-02-08 03:00:00,2277,2025 Pacific Kickoff,3,Pacific,Main Event: Lower Final,T1,GEN,Pacific,Pacific,3,2,5,T1,1,False,True,10.01,0.40419488748088267,3.0,False,T1 ban Abyss; GEN ban Fracture; T1 pick Pearl; GEN pick Lotus; T1 pick Haven; GEN pick Split; Bind remains,https://www.vlr.gg/430535/t1-vs-gen-g-champions-tour-2025-pacific-kickoff-lbf
429401,2025-02-08,2025-02-08 12:00:00,2276,2025 EMEA Kickoff,2,EMEA,Main Event: Lower Final,TH,TL,EMEA,EMEA,0,3,5,TL,0,False,True,10.01,0.6694505748395889,2.0,False,TH ban Split; TL ban Pearl; TH pick Lotus; TL pick Abyss; TH pick Fracture; TL pick Haven; Bind remains,https://www.vlr.gg/429401/team-heretics-vs-team-liquid-champions-tour-2025-emea-kickoff-lbf
428002,2025-02-08,2025-02-08 17:00:00,2274,2025 Americas Kickoff,0,Americas,Main Event: Grand Final,G2,SEN,Americas,Americas,3,2,5,G2,1,False,True,10.01,0.7620067550869098,3.0,False,G2 ban Bind; G2 ban Lotus; G2 pick Split; SEN pick Pearl; G2 pick Abyss; SEN pick Fracture; Haven remains,https://www.vlr.gg/428002/g2-esports-vs-sentinels-champions-tour-2025-americas-kickoff-gf
430525,2025-02-09,2025-02-09 03:00:00,2277,2025 Pacific Kickoff,3,Pacific,Main Event: Grand Final,KRX,T1,Pacific,Pacific,3,2,5,KRX,1,False,True,10.01,0.563423176488503,3.0,False,KRX ban Pearl; KRX ban Haven; KRX pick Abyss; T1 pick Lotus; KRX pick Fracture; T1 pick Bind; Split remains,https://www.vlr.gg/430525/drx-vs-t1-champions-tour-2025-pacific-kickoff-gf
429390,2025-02-09,2025-02-09 12:00:00,2276,2025 EMEA Kickoff,2,EMEA,Main Event: Grand Final,VIT,TL,EMEA,EMEA,3,2,5,VIT,1,False,True,10.01,0.7042789706106288,3.0,False,VIT ban Pearl; VIT ban Abyss; VIT pick Split; TL pick Haven; VIT pick Lotus; TL pick Bind; Fracture remains,https://www.vlr.gg/429390/team-vitality-vs-team-liquid-champions-tour-2025-emea-kickoff-gf
448598,2025-02-20,2025-02-20 05:00:00,2281,2025 Masters Bangkok,4,International,Swiss Stage: Round 1,EDG,TL,China,EMEA,2,0,3,EDG,1,True,True,10.02,0.5883849627886265,3.0,False,TL ban Lotus; EDG ban Abyss; TL pick Split; EDG pick Pearl; TL ban Fracture; EDG ban Haven; Bind remains,https://www.vlr.gg/448598/edward-gaming-vs-team-liquid-champions-tour-2025-masters-bangkok-r1
448600,2025-02-20,2025-02-20 08:00:00,2281,2025 Masters Bangkok,4,International,Swiss Stage: Round 1,KRX,SEN,Pacific,Americas,2,0,3,KRX,1,True,True,10.02,0.5025125628140702,3.0,False,SEN ban Fracture; KRX ban Pearl; SEN pick Lotus; KRX pick Haven; SEN ban Bind; KRX ban Split; Abyss remains,https://www.vlr.gg/448600/drx-vs-sentinels-champions-tour-2025-masters-bangkok-r1
448599,2025-02-21,2025-02-21 05:00:00,2281,2025 Masters Bangkok,4,International,Swiss Stage: Round 1,VIT,T1,EMEA,Pacific,2,0,3,VIT,1,True,True,10.02,0.6546818600042466,3.0,False,VIT ban Pearl; T1 ban Abyss; VIT pick Fracture; T1 pick Bind; VIT ban Lotus; T1 ban Haven; Split remains,https://www.vlr.gg/448599/team-vitality-vs-t1-champions-tour-2025-masters-bangkok-r1
448597,2025-02-21,2025-02-21 07:25:00,2281,2025 Masters Bangkok,4,International,Swiss Stage: Round 1,G2,TE,Americas,China,2,0,3,G2,1,True,True,10.02,0.7915483213167285,2.0,False,TE ban Fracture; G2 ban Bind; TE pick Lotus; G2 pick Abyss; TE ban Haven; G2 ban Split; Pearl remains,https://www.vlr.gg/448597/g2-esports-vs-trace-esports-champions-tour-2025-masters-bangkok-r1
449000,2025-02-22,2025-02-22 05:00:00,2281,2025 Masters Bangkok,4,International,Swiss Stage: Round 2 (1-0),KRX,VIT,Pacific,EMEA,1,2,3,VIT,0,True,True,10.02,0.45437168631453306,2.0,False,VIT ban Pearl; KRX ban Haven; VIT pick Bind; KRX pick Abyss; VIT ban Fracture; KRX ban Lotus; Split remains,https://www.vlr.gg/449000/drx-vs-team-vitality-champions-tour-2025-masters-bangkok-r2-1-0
449001,2025-02-22,2025-02-22 08:25:00,2281,2025 Masters Bangkok,4,International,Swiss Stage: Round 2 (1-0),EDG,G2,China,Americas,2,1,3,EDG,1,True,True,10.02,0.40419488748088267,3.0,False,G2 ban Haven; EDG ban Abyss; G2 pick Pearl; EDG pick Bind; G2 ban Split; EDG ban Lotus; Fracture remains,https://www.vlr.gg/449001/edward-gaming-vs-g2-esports-champions-tour-2025-masters-bangkok-r2-1-0
449002,2025-02-23,2025-02-23 05:00:00,2281,2025 Masters Bangkok,4,International,Swiss Stage: Round 2 (0-1),T1,TE,Pacific,China,2,0,3,T1,1,True,True,10.02,0.6411367180731242,3.0,False,TE ban Fracture; T1 ban Abyss; TE pick Lotus; T1 pick Haven; TE ban Pearl; T1 ban Bind; Split remains,https://www.vlr.gg/449002/t1-vs-trace-esports-champions-tour-2025-masters-bangkok-r2-0-1
449003,2025-02-23,2025-02-23 06:55:00,2281,2025 Masters Bangkok,4,International,Swiss Stage: Round 2 (0-1),TL,SEN,EMEA,Americas,2,1,3,TL,1,True,True,10.02,0.4767426877979642,3.0,False,SEN ban Fracture; TL ban Pearl; SEN pick Lotus; TL pick Abyss; SEN ban Haven; TL ban Split; Bind remains,https://www.vlr.gg/449003/team-liquid-vs-sentinels-champions-tour-2025-masters-bangkok-r2-0-1
449004,2025-02-24,2025-02-24 05:00:00,2281,2025 Masters Bangkok,4,International,Swiss Stage: Round 3,T1,KRX,Pacific,Pacific,2,0,3,T1,1,True,True,10.02,0.40419488748088267,3.0,False,KRX ban Lotus; T1 ban Abyss; KRX pick Fracture; T1 pick Pearl; KRX ban Split; T1 ban Bind; Haven remains,https://www.vlr.gg/449004/t1-vs-drx-champions-tour-2025-masters-bangkok-r3
449005,2025-02-24,2025-02-24 07:10:00,2281,2025 Masters Bangkok,4,International,Swiss Stage: Round 3,G2,TL,Americas,EMEA,2,0,3,G2,1,True,True,10.02,0.6736581458014712,3.0,False,TL ban Pearl; G2 ban Split; TL pick Haven; G2 pick Lotus; TL ban Fracture; G2 ban Bind; Abyss remains,https://www.vlr.gg/449005/g2-esports-vs-team-liquid-champions-tour-2025-masters-bangkok-r3
449008,2025-02-27,2025-02-27 05:00:00,2281,2025 Masters Bangkok,4,International,Playoffs: Upper Semifinals,EDG,T1,China,Pacific,2,1,3,EDG,1,True,True,10.02,0.6197654941373534,3.0,False,T1 ban Abyss; EDG ban Lotus; T1 pick Split; EDG pick Bind; T1 ban Fracture; EDG ban Haven; Pearl remains,https://www.vlr.gg/449008/edward-gaming-vs-t1-champions-tour-2025-masters-bangkok-ubsf
449009,2025-02-27,2025-02-27 08:15:00,2281,2025 Masters Bangkok,4,International,Playoffs: Upper Semifinals,VIT,G2,EMEA,Americas,0,2,3,G2,0,True,True,10.02,0.5107114519968263,3.0,False,VIT ban Pearl; G2 ban Fracture; VIT pick Bind; G2 pick Lotus; VIT ban Abyss; G2 ban Split; Haven remains,https://www.vlr.gg/449009/team-vitality-vs-g2-esports-champions-tour-2025-masters-bangkok-ubsf
449010,2025-02-28,2025-02-28 05:00:00,2281,2025 Masters Bangkok,4,International,Playoffs: Upper Final,EDG,G2,China,Americas,0,2,3,G2,0,True,True,10.02,0.4835287548855388,3.0,False,G2 ban Fracture; EDG ban Abyss; G2 pick Lotus; EDG pick Split; G2 ban Haven; EDG ban Pearl; Bind remains,https://www.vlr.gg/449010/edward-gaming-vs-g2-esports-champions-tour-2025-masters-bangkok-ubf
449012,2025-02-28,2025-02-28 07:05:00,2281,2025 Masters Bangkok,4,International,Playoffs: Lower Round 1,T1,VIT,Pacific,EMEA,2,1,3,T1,1,True,True,10.02,0.3344058421604425,3.0,False,T1 ban Abyss; VIT ban Pearl; T1 pick Lotus; VIT pick Haven; T1 ban Fracture; VIT ban Bind; Split remains,https://www.vlr.gg/449012/t1-vs-team-vitality-champions-tour-2025-masters-bangkok-lr1
449013,2025-03-01,2025-03-01 05:00:00,2281,2025 Masters Bangkok,4,International,Playoffs: Lower Final,EDG,T1,China,Pacific,1,3,5,T1,0,True,True,10.02,0.5676054692064977,3.0,False,EDG ban Lotus; T1 ban Abyss; EDG pick Bind; T1 pick Haven; EDG pick Fracture; T1 pick Split; Pearl remains,https://www.vlr.gg/449013/edward-gaming-vs-t1-champions-tour-2025-masters-bangkok-lbf
450589,2025-03-02,2025-03-02 05:00:00,2281,2025 Masters Bangkok,4,International,Showmatch: Main Event,INTL,THAi,Unknown,Unknown,0,1,1,THAi,0,True,True,,,,,,https://www.vlr.gg/450589/team-international-vs-team-thailand-champions-tour-2025-masters-bangkok-main-event
449011,2025-03-02,2025-03-02 06:15:00,2281,2025 Masters Bangkok,4,International,Playoffs: Grand Final,G2,T1,Americas,Pacific,2,3,5,T1,0,True,True,10.02,0.6556858365903593,3.0,False,G2 ban Fracture; G2 ban Bind; G2 pick Lotus; T1 pick Haven; G2 pick Abyss; T1 pick Split; Pearl remains,https://www.vlr.gg/449011/g2-esports-vs-t1-champions-tour-2025-masters-bangkok-gf
450047,2025-03-13,2025-03-13 07:00:00,2359,2025 China Stage 1,6,China,Group Stage: Week 1,XLG,BLG,China,China,1,2,3,BLG,0,False,True,,0.4499122833100414,3.0,False,BLG ban Lotus; XLG ban Ascent; BLG pick Pearl; XLG pick Icebox; BLG ban Split; XLG ban Haven; Fracture remains,https://www.vlr.gg/450047/xi-lai-gaming-vs-bilibili-gaming-champions-tour-2025-china-stage-1-w1
450048,2025-03-14,2025-03-14 07:00:00,2359,2025 China Stage 1,6,China,Group Stage: Week 1,TE,AG,China,China,2,1,3,TE,1,False,True,,0.8451347647327546,3.0,False,TE ban Icebox; AG ban Fracture; TE pick Pearl; AG pick Lotus; TE ban Haven; AG ban Ascent; Split remains,https://www.vlr.gg/450048/trace-esports-vs-all-gamers-champions-tour-2025-china-stage-1-w1
450049,2025-03-15,2025-03-15 05:00:00,2359,2025 China Stage 1,6,China,Group Stage: Week 1,DRG,NOVA,China,China,2,0,3,DRG,1,False,True,,0.38415216578761574,3.0,False,NOVA ban Ascent; DRG ban Split; NOVA pick Fracture; DRG pick Lotus; NOVA ban Icebox; DRG ban Pearl; Haven remains,https://www.vlr.gg/450049/dragon-ranger-gaming-vs-nova-esports-champions-tour-2025-china-stage-1-w1
450050,2025-03-15,2025-03-15 07:05:00,2359,2025 China Stage 1,6,China,Group Stage: Week 1,TYL,EDG,China,China,0,2,3,EDG,0,False,True,,0.11462072266092382,3.0,False,TYL ban Ascent; EDG ban Lotus; TYL pick Fracture; EDG pick Haven; TYL ban Icebox; EDG ban Pearl; Split remains,https://www.vlr.gg/450050/tyloo-vs-edward-gaming-champions-tour-2025-china-stage-1-w1
450051,2025-03-16,2025-03-16 05:00:00,2359,2025 China Stage 1,6,China,Group Stage: Week 1,JDG,WOL,China,China,0,2,3,WOL,0,False,True,,0.3883893149960328,3.0,False,WOL ban Icebox; JDG ban Ascent; WOL pick Pearl; JDG pick Haven; WOL ban Lotus; JDG ban Fracture; Split remains,https://www.vlr.gg/450051/jdg-esports-vs-wolves-esports-champions-tour-2025-china-stage-1-w1
450052,2025-03-16,2025-03-16 07:25:00,2359,2025 China Stage 1,6,China,Group Stage: Week 1,FPX,TEC,China,China,2,0,3,FPX,1,False,True,,0.7206575513225039,3.0,False,TEC ban Pearl; FPX ban Fracture; TEC pick Icebox; FPX pick Haven; TEC ban Split; FPX ban Lotus; Ascent remains,https://www.vlr.gg/450052/funplus-phoenix-vs-titan-esports-club-champions-tour-2025-china-stage-1-w1
450053,2025-03-20,2025-03-20 07:00:00,2359,2025 China Stage 1,6,China,Group Stage: Week 2,NOVA,EDG,China,China,2,0,3,NOVA,1,False,True,,0.11577188557982941,3.0,False,NOVA ban Haven; EDG ban Lotus; NOVA pick Ascent; EDG pick Fracture; NOVA ban Icebox; EDG ban Split; Pearl remains,https://www.vlr.gg/450053/nova-esports-vs-edward-gaming-champions-tour-2025-china-stage-1-w2
450054,2025-03-21,2025-03-21 07:00:00,2359,2025 China Stage 1,6,China,Group Stage: Week 2,TYL,FPX,China,China,1,2,3,FPX,0,False,True,,0.23799324491309015,3.0,False,TYL ban Ascent; FPX ban Fracture; TYL pick Pearl; FPX pick Icebox; TYL ban Lotus; FPX ban Split; Haven remains,https://www.vlr.gg/450054/tyloo-vs-funplus-phoenix-champions-tour-2025-china-stage-1-w2
459517,2025-03-21,2025-03-21 17:00:00,2347,2025 Americas Stage 1,5,Americas,Group Stage: Week 1,C9,NRG,Americas,Americas,2,1,3,C9,1,False,True,10.05,0.37637580615628746,3.0,False,NRG ban Split; C9 ban Haven; NRG pick Lotus; C9 pick Fracture; NRG ban Icebox; C9 ban Ascent; Pearl remains,https://www.vlr.gg/459517/cloud9-vs-nrg-esports-champions-tour-2025-americas-stage-1-w1
459518,2025-03-21,2025-03-21 20:25:00,2347,2025 Americas Stage 1,5,Americas,Group Stage: Week 1,KRÜ,LOUD,Americas,Americas,2,1,3,KRÜ,1,False,True,10.05,,,,KRÜ ban Ascent; LOUD ban Icebox; KRÜ pick Fracture; LOUD pick Haven; KRÜ ban Pearl; LOUD ban Lotus; Split remains,https://www.vlr.gg/459518/kr-esports-vs-loud-champions-tour-2025-americas-stage-1-w1
458805,2025-03-22,2025-03-22 04:00:00,2379,2025 Pacific Stage 1,7,Pacific,Group Stage: Week 1,DFM,GE,Pacific,Pacific,0,2,3,GE,0,False,True,10.05,0.6281407035175879,3.0,False,GE ban Ascent; DFM ban Icebox; GE pick Lotus; DFM pick Pearl; GE ban Haven; DFM ban Fracture; Split remains,https://www.vlr.gg/458805/detonation-focusme-vs-global-esports-champions-tour-2025-pacific-stage-1-w1
450055,2025-03-22,2025-03-22 05:00:00,2359,2025 China Stage 1,6,China,Group Stage: Week 2,XLG,AG,China,China,2,0,3,XLG,1,False,True,,0.8300430725053839,3.0,False,XLG ban Haven; AG ban Icebox; XLG pick Fracture; AG pick Lotus; XLG ban Ascent; AG ban Split; Pearl remains,https://www.vlr.gg/450055/xi-lai-gaming-vs-all-gamers-champions-tour-2025-china-stage-1-w2
458806,2025-03-22,2025-03-22 06:40:00,2379,2025 Pacific Stage 1,7,Pacific,Group Stage: Week 1,T1,ZETA,Pacific,Pacific,2,1,3,T1,1,False,True,10.05,0.8938925396211826,3.0,False,ZETA ban Icebox; T1 ban Ascent; ZETA pick Fracture; T1 pick Split; ZETA ban Pearl; T1 ban Lotus; Haven remains,https://www.vlr.gg/458806/t1-vs-zeta-division-champions-tour-2025-pacific-stage-1-w1
450056,2025-03-22,2025-03-22 07:20:00,2359,2025 China Stage 1,6,China,Group Stage: Week 2,WOL,TE,China,China,2,0,3,WOL,1,False,True,,0.4225673823663773,3.0,False,TE ban Icebox; WOL ban Lotus; TE pick Fracture; WOL pick Pearl; TE ban Haven; WOL ban Split; Ascent remains,https://www.vlr.gg/450056/wolves-esports-vs-trace-esports-champions-tour-2025-china-stage-1-w2
459519,2025-03-22,2025-03-22 17:00:00,2347,2025 Americas Stage 1,5,Americas,Group Stage: Week 1,G2,FUR,Americas,Americas,2,0,3,G2,1,False,True,10.05,0.8770266426471981,3.0,False,G2 ban Fracture; FUR ban Icebox; G2 pick Lotus; FUR pick Ascent; G2 ban Haven; FUR ban Pearl; Split remains,https://www.vlr.gg/459519/g2-esports-vs-furia-champions-tour-2025-americas-stage-1-w1
459520,2025-03-22,2025-03-22 19:25:00,2347,2025 Americas Stage 1,5,Americas,Group Stage: Week 1,MIBR,LEV,Americas,Americas,2,0,3,MIBR,1,False,True,10.05,0.49713809690162025,3.0,False,LEV ban Pearl; MIBR ban Fracture; LEV pick Split; MIBR pick Icebox; LEV ban Lotus; MIBR ban Haven; Ascent remains,https://www.vlr.gg/459520/mibr-vs-leviat-n-champions-tour-2025-americas-stage-1-w1
458807,2025-03-23,2025-03-23 04:00:00,2379,2025 Pacific Stage 1,7,Pacific,Group Stage: Week 1,KRX,PRX,Pacific,Pacific,2,1,3,KRX,1,False,True,10.05,0.5469276059144003,2.0,False,KRX ban Pearl; PRX ban Ascent; KRX pick Haven; PRX pick Icebox; KRX ban Fracture; PRX ban Split; Lotus remains,https://www.vlr.gg/458807/drx-vs-paper-rex-champions-tour-2025-pacific-stage-1-w1
450057,2025-03-23,2025-03-23 05:00:00,2359,2025 China Stage 1,6,China,Group Stage: Week 2,TEC,DRG,China,China,2,1,3,TEC,1,False,True,,0.24464427400158684,3.0,False,DRG ban Haven; TEC ban Pearl; DRG pick Lotus; TEC pick Fracture; DRG ban Ascent; TEC ban Split; Icebox remains,https://www.vlr.gg/450057/titan-esports-club-vs-dragon-ranger-gaming-champions-tour-2025-china-stage-1-w2
458808,2025-03-23,2025-03-23 07:05:00,2379,2025 Pacific Stage 1,7,Pacific,Group Stage: Week 1,TLN,TS,Pacific,Pacific,2,1,3,TLN,1,False,True,10.05,0.6036676890948247,3.0,False,TS ban Ascent; TLN ban Lotus; TS pick Pearl; TLN pick Fracture; TS ban Icebox; TLN ban Split; Haven remains,https://www.vlr.gg/458808/talon-vs-team-secret-champions-tour-2025-pacific-stage-1-w1
450058,2025-03-23,2025-03-23 08:15:00,2359,2025 China Stage 1,6,China,Group Stage: Week 2,BLG,JDG,China,China,2,1,3,BLG,1,False,True,,0.6411367180731242,3.0,False,JDG ban Ascent; BLG ban Split; JDG pick Pearl; BLG pick Icebox; JDG ban Lotus; BLG ban Haven; Fracture remains,https://www.vlr.gg/450058/bilibili-gaming-vs-jdg-esports-champions-tour-2025-china-stage-1-w2
459521,2025-03-23,2025-03-23 17:00:00,2347,2025 Americas Stage 1,5,Americas,Group Stage: Week 1,2G,EG,Americas,Americas,0,2,3,EG,0,False,True,10.05,0.2562814070351759,3.0,False,2G ban Fracture; EG ban Ascent; 2G pick Haven; EG pick Lotus; 2G ban Pearl; EG ban Icebox; Split remains,https://www.vlr.gg/459521/2game-esports-vs-evil-geniuses-champions-tour-2025-americas-stage-1-w1
459522,2025-03-23,2025-03-23 19:30:00,2347,2025 Americas Stage 1,5,Americas,Group Stage: Week 1,SEN,100T,Americas,Americas,2,1,3,SEN,1,False,True,10.05,0.5671960995453458,2.0,False,SEN ban Fracture; 100T ban Lotus; SEN pick Pearl; 100T pick Haven; SEN ban Ascent; 100T ban Icebox; Split remains,https://www.vlr.gg/459522/sentinels-vs-100-thieves-champions-tour-2025-americas-stage-1-w1
458809,2025-03-24,2025-03-24 04:00:00,2379,2025 Pacific Stage 1,7,Pacific,Group Stage: Week 1,GEN,BME,Pacific,Pacific,0,2,3,BME,0,False,True,10.05,0.858716072765041,3.0,False,BME ban Split; GEN ban Pearl; BME pick Ascent; GEN pick Haven; BME ban Lotus; GEN ban Icebox; Fracture remains,https://www.vlr.gg/458809/gen-g-vs-boom-esports-champions-tour-2025-pacific-stage-1-w1
458810,2025-03-24,2025-03-24 06:50:00,2379,2025 Pacific Stage 1,7,Pacific,Group Stage: Week 1,NS,RRQ,Pacific,Pacific,2,1,3,NS,1,False,True,10.05,0.6197654941373534,3.0,False,RRQ ban Lotus; NS ban Fracture; RRQ pick Ascent; NS pick Split; RRQ ban Icebox; NS ban Haven; Pearl remains,https://www.vlr.gg/458810/nongshim-redforce-vs-rex-regum-qeon-champions-tour-2025-pacific-stage-1-w1
459826,2025-03-26,2025-03-26 12:00:00,2380,2025 EMEA Stage 1,8,EMEA,Group Stage: Week 1,VIT,GX,EMEA,EMEA,2,0,3,VIT,1,False,True,10.05,0.8226975585894072,3.0,False,VIT ban Pearl; GX ban Icebox; VIT pick Split; GX pick Lotus; VIT ban Ascent; GX ban Fracture; Haven remains,https://www.vlr.gg/459826/team-vitality-vs-giantx-champions-tour-2025-emea-stage-1-w1
459827,2025-03-26,2025-03-26 14:15:00,2380,2025 EMEA Stage 1,8,EMEA,Group Stage: Week 1,BBL,KC,EMEA,EMEA,2,1,3,BBL,1,False,True,10.05,0.46482412060301503,3.0,False,KC ban Haven; BBL ban Lotus; KC pick Icebox; BBL pick Pearl; KC ban Ascent; BBL ban Split; Fracture remains,https://www.vlr.gg/459827/bbl-esports-vs-karmine-corp-champions-tour-2025-emea-stage-1-w1
450059,2025-03-27,2025-03-27 07:00:00,2359,2025 China Stage 1,6,China,Group Stage: Week 3,JDG,TE,China,China,0,2,3,TE,0,False,True,,0.23799324491309015,3.0,False,TE ban Icebox; JDG ban Ascent; TE pick Lotus; JDG pick Haven; TE ban Pearl; JDG ban Split; Fracture remains,https://www.vlr.gg/450059/jdg-esports-vs-trace-esports-champions-tour-2025-china-stage-1-w3
459828,2025-03-27,2025-03-27 12:00:00,2380,2025 EMEA Stage 1,8,EMEA,Group Stage: Week 1,TH,APK,EMEA,EMEA,2,1,3,TH,1,False,True,10.05,0.8451347647327546,3.0,False,TH ban Pearl; APK ban Fracture; TH pick Ascent; APK pick Split; TH ban Lotus; APK ban Haven; Icebox remains,https://www.vlr.gg/459828/team-heretics-vs-apeks-champions-tour-2025-emea-stage-1-w1
459829,2025-03-27,2025-03-27 15:15:00,2380,2025 EMEA Stage 1,8,EMEA,Group Stage: Week 1,FUT,MKOI,EMEA,EMEA,2,0,3,FUT,1,False,True,10.05,0.8192164237335746,2.0,False,FUT ban Fracture; MKOI ban Haven; FUT pick Pearl; MKOI pick Lotus; FUT ban Ascent; MKOI ban Icebox; Split remains,https://www.vlr.gg/459829/fut-esports-vs-koi-champions-tour-2025-emea-stage-1-w1
450060,2025-03-28,2025-03-28 07:00:00,2359,2025 China Stage 1,6,China,Group Stage: Week 3,WOL,XLG,China,China,0,2,3,XLG,0,False,True,,0.6281407035175879,3.0,False,XLG ban Ascent; WOL ban Lotus; XLG pick Fracture; WOL pick Icebox; XLG ban Pearl; WOL ban Split; Haven remains,https://www.vlr.gg/450060/wolves-esports-vs-xi-lai-gaming-champions-tour-2025-china-stage-1-w3
459830,2025-03-28,2025-03-28 12:00:00,2380,2025 EMEA Stage 1,8,EMEA,Group Stage: Week 1,FNC,NAVI,EMEA,EMEA,2,0,3,FNC,1,False,True,10.05,0.6640344580043072,3.0,False,FNC ban Pearl; NAVI ban Ascent; FNC pick Split; NAVI pick Fracture; FNC ban Lotus; NAVI ban Icebox; Haven remains,https://www.vlr.gg/459830/fnatic-vs-natus-vincere-champions-tour-2025-emea-stage-1-w1
459831,2025-03-28,2025-03-28 14:30:00,2380,2025 EMEA Stage 1,8,EMEA,Group Stage: Week 1,TL,M8,EMEA,EMEA,1,2,3,M8,0,False,True,10.05,0.8089710154146259,2.0,False,TL ban Pearl; M8 ban Ascent; TL pick Split; M8 pick Haven; TL ban Lotus; M8 ban Fracture; Icebox remains,https://www.vlr.gg/459831/team-liquid-vs-gentle-mates-champions-tour-2025-emea-stage-1-w1
459523,2025-03-28,2025-03-28 17:00:00,2347,2025 Americas Stage 1,5,Americas,Group Stage: Week 2,NRG,FUR,Americas,Americas,2,1,3,NRG,1,False,True,10.05,0.726287688442211,3.0,False,NRG ban Split; FUR ban Icebox; NRG pick Lotus; FUR pick Pearl; NRG ban Haven; FUR ban Ascent; Fracture remains,https://www.vlr.gg/459523/nrg-esports-vs-furia-champions-tour-2025-americas-stage-1-w2
459524,2025-03-28,2025-03-28 20:00:00,2347,2025 Americas Stage 1,5,Americas,Group Stage: Week 2,SEN,KRÜ,Americas,Americas,0,2,3,KRÜ,0,False,True,10.05,,,,SEN ban Fracture; KRÜ ban Pearl; SEN pick Lotus; KRÜ pick Icebox; SEN ban Ascent; KRÜ ban Haven; Split remains,https://www.vlr.gg/459524/sentinels-vs-kr-esports-champions-tour-2025-americas-stage-1-w2
458811,2025-03-29,2025-03-29 04:00:00,2379,2025 Pacific Stage 1,7,Pacific,Group Stage: Week 2,TS,ZETA,Pacific,Pacific,0,2,3,ZETA,0,False,True,10.05,0.5958051125191173,3.0,False,ZETA ban Pearl; TS ban Fracture; ZETA pick Lotus; TS pick Icebox; ZETA ban Split; TS ban Ascent; Haven remains,https://www.vlr.gg/458811/team-secret-vs-zeta-division-champions-tour-2025-pacific-stage-1-w2
450061,2025-03-29,2025-03-29 05:00:00,2359,2025 China Stage 1,6,China,Group Stage: Week 3,TYL,TEC,China,China,1,2,3,TEC,0,False,True,,0.44332440646345506,3.0,False,TEC ban Pearl; TYL ban Ascent; TEC pick Fracture; TYL pick Icebox; TEC ban Haven; TYL ban Lotus; Split remains,https://www.vlr.gg/450061/tyloo-vs-titan-esports-club-champions-tour-2025-china-stage-1-w3
458812,2025-03-29,2025-03-29 06:35:00,2379,2025 Pacific Stage 1,7,Pacific,Group Stage: Week 2,T1,NS,Pacific,Pacific,2,0,3,T1,1,False,True,10.05,0.7747068676716917,3.0,False,T1 ban Lotus; NS ban Haven; T1 pick Icebox; NS pick Split; T1 ban Pearl; NS ban Fracture; Ascent remains,https://www.vlr.gg/458812/t1-vs-nongshim-redforce-champions-tour-2025-pacific-stage-1-w2
450062,2025-03-29,2025-03-29 08:15:00,2359,2025 China Stage 1,6,China,Group Stage: Week 3,DRG,EDG,China,China,1,2,3,EDG,0,False,True,,0.15486523526724538,3.0,False,EDG ban Lotus; DRG ban Haven; EDG pick Icebox; DRG pick Ascent; EDG ban Fracture; DRG ban Split; Pearl remains,https://www.vlr.gg/450062/dragon-ranger-gaming-vs-edward-gaming-champions-tour-2025-china-stage-1-w3
459525,2025-03-29,2025-03-29 17:00:00,2347,2025 Americas Stage 1,5,Americas,Group Stage: Week 2,100T,EG,Americas,Americas,2,0,3,100T,1,False,True,10.05,0.6501036651790421,3.0,False,EG ban Ascent; 100T ban Lotus; EG pick Fracture; 100T pick Haven; EG ban Icebox; 100T ban Pearl; Split remains,https://www.vlr.gg/459525/100-thieves-vs-evil-geniuses-champions-tour-2025-americas-stage-1-w2
459526,2025-03-29,2025-03-29 19:15:00,2347,2025 Americas Stage 1,5,Americas,Group Stage: Week 2,G2,MIBR,Americas,Americas,2,1,3,G2,1,False,True,10.05,0.6989836400045338,3.0,False,MIBR ban Lotus; G2 ban Icebox; MIBR pick Pearl; G2 pick Haven; MIBR ban Fracture; G2 ban Split; Ascent remains,https://www.vlr.gg/459526/g2-esports-vs-mibr-champions-tour-2025-americas-stage-1-w2
458813,2025-03-30,2025-03-30 04:00:00,2379,2025 Pacific Stage 1,7,Pacific,Group Stage: Week 2,GEN,PRX,Pacific,Pacific,2,1,3,GEN,1,False,True,10.05,0.48419179229480735,3.0,False,GEN ban Icebox; PRX ban Ascent; GEN pick Lotus; PRX pick Fracture; GEN ban Split; PRX ban Pearl; Haven remains,https://www.vlr.gg/458813/gen-g-vs-paper-rex-champions-tour-2025-pacific-stage-1-w2
450063,2025-03-30,2025-03-30 05:00:00,2359,2025 China Stage 1,6,China,Group Stage: Week 3,NOVA,FPX,China,China,2,0,3,NOVA,1,False,True,,0.5107957369263901,3.0,False,FPX ban Fracture; NOVA ban Haven; FPX pick Icebox; NOVA pick Split; FPX ban Lotus; NOVA ban Pearl; Ascent remains,https://www.vlr.gg/450063/nova-esports-vs-funplus-phoenix-champions-tour-2025-china-stage-1-w3
458814,2025-03-30,2025-03-30 06:55:00,2379,2025 Pacific Stage 1,7,Pacific,Group Stage: Week 2,KRX,DFM,Pacific,Pacific,2,0,3,KRX,1,False,True,10.05,0.8375209380234504,3.0,False,KRX ban Pearl; DFM ban Icebox; KRX pick Lotus; DFM pick Ascent; KRX ban Split; DFM ban Haven; Fracture remains,https://www.vlr.gg/458814/drx-vs-detonation-focusme-champions-tour-2025-pacific-stage-1-w2
450064,2025-03-30,2025-03-30 07:30:00,2359,2025 China Stage 1,6,China,Group Stage: Week 3,AG,BLG,China,China,0,2,3,BLG,0,False,True,,0.11462072266092382,3.0,False,BLG ban Lotus; AG ban Haven; BLG pick Pearl; AG pick Fracture; BLG ban Icebox; AG ban Split; Ascent remains,https://www.vlr.gg/450064/all-gamers-vs-bilibili-gaming-champions-tour-2025-china-stage-1-w3
459527,2025-03-30,2025-03-30 17:00:00,2347,2025 Americas Stage 1,5,Americas,Group Stage: Week 2,LOUD,2G,Americas,Americas,0,2,3,2G,0,False,True,10.05,0.85005673528935,3.0,False,LOUD ban Ascent; 2G ban Fracture; LOUD pick Lotus; 2G pick Pearl; LOUD ban Haven; 2G ban Icebox; Split remains,https://www.vlr.gg/459527/loud-vs-2game-esports-champions-tour-2025-americas-stage-1-w2
459528,2025-03-30,2025-03-30 19:50:00,2347,2025 Americas Stage 1,5,Americas,Group Stage: Week 2,LEV,C9,Americas,Americas,0,2,3,C9,0,False,True,10.05,0.5182912425374738,2.0,False,C9 ban Haven; LEV ban Fracture; C9 pick Split; LEV pick Ascent; C9 ban Icebox; LEV ban Pearl; Lotus remains,https://www.vlr.gg/459528/leviat-n-vs-cloud9-champions-tour-2025-americas-stage-1-w2
458815,2025-03-31,2025-03-31 04:00:00,2379,2025 Pacific Stage 1,7,Pacific,Group Stage: Week 2,TLN,RRQ,Pacific,Pacific,0,2,3,RRQ,0,False,True,10.05,0.6251418382233749,3.0,False,TLN ban Pearl; RRQ ban Fracture; TLN pick Lotus; RRQ pick Ascent; TLN ban Icebox; RRQ ban Split; Haven remains,https://www.vlr.gg/458815/talon-vs-rex-regum-qeon-champions-tour-2025-pacific-stage-1-w2
458816,2025-03-31,2025-03-31 06:10:00,2379,2025 Pacific Stage 1,7,Pacific,Group Stage: Week 2,BME,GE,Pacific,Pacific,2,0,3,BME,1,False,True,10.05,0.5500877166899586,3.0,False,GE ban Ascent; BME ban Split; GE pick Lotus; BME pick Haven; GE ban Icebox; BME ban Pearl; Fracture remains,https://www.vlr.gg/458816/boom-esports-vs-global-esports-champions-tour-2025-pacific-stage-1-w2
459832,2025-04-02,2025-04-02 11:00:00,2380,2025 EMEA Stage 1,8,EMEA,Group Stage: Week 2,TL,BBL,EMEA,EMEA,2,1,3,TL,1,False,True,10.05,0.563423176488503,3.0,False,TL ban Pearl; BBL ban Split; TL pick Fracture; BBL pick Haven; TL ban Icebox; BBL ban Lotus; Ascent remains,https://www.vlr.gg/459832/team-liquid-vs-bbl-esports-champions-tour-2025-emea-stage-1-w2
459833,2025-04-02,2025-04-02 13:50:00,2380,2025 EMEA Stage 1,8,EMEA,Group Stage: Week 2,APK,NAVI,EMEA,EMEA,1,2,3,NAVI,0,False,True,10.05,0.41896984924623126,3.0,False,NAVI ban Ascent; APK ban Fracture; NAVI pick Lotus; APK pick Haven; NAVI ban Pearl; APK ban Icebox; Split remains,https://www.vlr.gg/459833/apeks-vs-natus-vincere-champions-tour-2025-emea-stage-1-w2
450065,2025-04-03,2025-04-03 07:00:00,2359,2025 China Stage 1,6,China,Group Stage: Week 4,FPX,DRG,China,China,0,2,3,DRG,0,False,True,,0.5774326176336226,3.0,False,DRG ban Icebox; FPX ban Lotus; DRG pick Ascent; FPX pick Haven; DRG ban Split; FPX ban Fracture; Pearl remains,https://www.vlr.gg/450065/funplus-phoenix-vs-dragon-ranger-gaming-champions-tour-2025-china-stage-1-w4
459834,2025-04-03,2025-04-03 11:00:00,2380,2025 EMEA Stage 1,8,EMEA,Group Stage: Week 2,FUT,M8,EMEA,EMEA,2,1,3,FUT,1,False,True,10.05,0.726287688442211,3.0,False,M8 ban Ascent; FUT ban Haven; M8 pick Icebox; FUT pick Fracture; M8 ban Split; FUT ban Pearl; Lotus remains,https://www.vlr.gg/459834/fut-esports-vs-gentle-mates-champions-tour-2025-emea-stage-1-w2
459835,2025-04-03,2025-04-03 14:25:00,2380,2025 EMEA Stage 1,8,EMEA,Group Stage: Week 2,TH,GX,EMEA,EMEA,2,1,3,TH,1,False,True,10.05,0.7437185929648241,3.0,False,GX ban Icebox; TH ban Pearl; GX pick Haven; TH pick Split; GX ban Ascent; TH ban Fracture; Lotus remains,https://www.vlr.gg/459835/team-heretics-vs-giantx-champions-tour-2025-emea-stage-1-w2
450066,2025-04-04,2025-04-04 07:00:00,2359,2025 China Stage 1,6,China,Group Stage: Week 4,BLG,WOL,China,China,2,1,3,BLG,1,False,True,,0.6116106850039672,3.0,False,WOL ban Pearl; BLG ban Icebox; WOL pick Lotus; BLG pick Haven; WOL ban Fracture; BLG ban Split; Ascent remains,https://www.vlr.gg/450066/bilibili-gaming-vs-wolves-esports-champions-tour-2025-china-stage-1-w4
459836,2025-04-04,2025-04-04 11:00:00,2380,2025 EMEA Stage 1,8,EMEA,Group Stage: Week 2,VIT,FNC,EMEA,EMEA,1,2,3,FNC,0,False,True,10.05,0.6901172529313233,3.0,False,FNC ban Icebox; VIT ban Pearl; FNC pick Split; VIT pick Lotus; FNC ban Fracture; VIT ban Ascent; Haven remains,https://www.vlr.gg/459836/team-vitality-vs-fnatic-champions-tour-2025-emea-stage-1-w2
459837,2025-04-04,2025-04-04 15:10:00,2380,2025 EMEA Stage 1,8,EMEA,Group Stage: Week 2,MKOI,KC,EMEA,EMEA,0,2,3,KC,0,False,True,10.05,0.3263418541985288,3.0,False,MKOI ban Pearl; KC ban Fracture; MKOI pick Lotus; KC pick Icebox; MKOI ban Haven; KC ban Split; Ascent remains,https://www.vlr.gg/459837/koi-vs-karmine-corp-champions-tour-2025-emea-stage-1-w2
459529,2025-04-04,2025-04-04 17:00:00,2347,2025 Americas Stage 1,5,Americas,Group Stage: Week 3,EG,SEN,Americas,Americas,0,2,3,SEN,0,False,True,10.06,0.2876154111721262,2.0,False,EG ban Split; SEN ban Fracture; EG pick Haven; SEN pick Pearl; EG ban Icebox; SEN ban Ascent; Lotus remains,https://www.vlr.gg/459529/evil-geniuses-vs-sentinels-champions-tour-2025-americas-stage-1-w3
459530,2025-04-04,2025-04-04 19:10:00,2347,2025 Americas Stage 1,5,Americas,Group Stage: Week 3,100T,LOUD,Americas,Americas,2,1,3,100T,1,False,True,10.06,0.654714329471092,2.0,False,100T ban Lotus; LOUD ban Ascent; 100T pick Haven; LOUD pick Icebox; 100T ban Pearl; LOUD ban Fracture; Split remains,https://www.vlr.gg/459530/100-thieves-vs-loud-champions-tour-2025-americas-stage-1-w3
458817,2025-04-05,2025-04-05 04:00:00,2379,2025 Pacific Stage 1,7,Pacific,Group Stage: Week 3,GEN,DFM,Pacific,Pacific,2,0,3,GEN,1,False,True,10.06,0.8226975585894072,3.0,False,GEN ban Ascent; DFM ban Icebox; GEN pick Lotus; DFM pick Fracture; GEN ban Pearl; DFM ban Split; Haven remains,https://www.vlr.gg/458817/gen-g-vs-detonation-focusme-champions-tour-2025-pacific-stage-1-w3
450067,2025-04-05,2025-04-05 05:00:00,2359,2025 China Stage 1,6,China,Group Stage: Week 4,AG,JDG,China,China,0,2,3,JDG,0,False,True,,,,,AG ban Haven; JDG ban Ascent; AG pick Split; JDG pick Pearl; AG ban Icebox; JDG ban Lotus; Fracture remains,https://www.vlr.gg/450067/all-gamers-vs-jdg-esports-champions-tour-2025-china-stage-1-w4
458818,2025-04-05,2025-04-05 06:00:00,2379,2025 Pacific Stage 1,7,Pacific,Group Stage: Week 3,RRQ,ZETA,Pacific,Pacific,2,0,3,RRQ,1,False,True,10.06,0.6785753585445474,3.0,False,ZETA ban Ascent; RRQ ban Lotus; ZETA pick Split; RRQ pick Haven; ZETA ban Icebox; RRQ ban Pearl; Fracture remains,https://www.vlr.gg/458818/rex-regum-qeon-vs-zeta-division-champions-tour-2025-pacific-stage-1-w3
450068,2025-04-05,2025-04-05 07:30:00,2359,2025 China Stage 1,6,China,Group Stage: Week 4,EDG,TEC,China,China,2,1,3,EDG,1,False,True,,0.8300430725053839,3.0,False,EDG ban Fracture; TEC ban Pearl; EDG pick Lotus; TEC pick Icebox; EDG ban Split; TEC ban Ascent; Haven remains,https://www.vlr.gg/450068/edward-gaming-vs-titan-esports-club-champions-tour-2025-china-stage-1-w4
459531,2025-04-05,2025-04-05 17:00:00,2347,2025 Americas Stage 1,5,Americas,Group Stage: Week 3,2G,KRÜ,Americas,Americas,1,2,3,KRÜ,0,False,True,10.06,,,,KRÜ ban Haven; 2G ban Fracture; KRÜ pick Icebox; 2G pick Ascent; KRÜ ban Split; 2G ban Lotus; Pearl remains,https://www.vlr.gg/459531/2game-esports-vs-kr-esports-champions-tour-2025-americas-stage-1-w3
459532,2025-04-05,2025-04-05 20:10:00,2347,2025 Americas Stage 1,5,Americas,Group Stage: Week 3,G2,NRG,Americas,Americas,2,0,3,G2,1,False,True,10.06,0.7497163235532501,3.0,False,NRG ban Split; G2 ban Fracture; NRG pick Lotus; G2 pick Ascent; NRG ban Icebox; G2 ban Haven; Pearl remains,https://www.vlr.gg/459532/g2-esports-vs-nrg-esports-champions-tour-2025-americas-stage-1-w3
458819,2025-04-06,2025-04-06 04:00:00,2379,2025 Pacific Stage 1,7,Pacific,Group Stage: Week 3,PRX,BME,Pacific,Pacific,1,2,3,BME,0,False,True,10.06,0.5774326176336226,3.0,False,PRX ban Haven; BME ban Split; PRX pick Pearl; BME pick Ascent; PRX ban Icebox; BME ban Lotus; Fracture remains,https://www.vlr.gg/458819/paper-rex-vs-boom-esports-champions-tour-2025-pacific-stage-1-w3
450069,2025-04-06,2025-04-06 05:00:00,2359,2025 China Stage 1,6,China,Group Stage: Week 4,NOVA,TYL,China,China,2,1,3,NOVA,1,False,True,,0.8375209380234504,3.0,False,NOVA ban Haven; TYL ban Ascent; NOVA pick Split; TYL pick Icebox; NOVA ban Fracture; TYL ban Lotus; Pearl remains,https://www.vlr.gg/450069/nova-esports-vs-tyloo-champions-tour-2025-china-stage-1-w4
458820,2025-04-06,2025-04-06 07:45:00,2379,2025 Pacific Stage 1,7,Pacific,Group Stage: Week 3,TLN,NS,Pacific,Pacific,2,1,3,TLN,1,False,True,10.06,0.40774045666931147,3.0,False,TLN ban Pearl; NS ban Ascent; TLN pick Haven; NS pick Lotus; TLN ban Split; NS ban Icebox; Fracture remains,https://www.vlr.gg/458820/talon-vs-nongshim-redforce-champions-tour-2025-pacific-stage-1-w3
450070,2025-04-06,2025-04-06 08:00:00,2359,2025 China Stage 1,6,China,Group Stage: Week 4,TE,XLG,China,China,1,2,3,XLG,0,False,True,,0.557310361330462,3.0,False,TE ban Icebox; XLG ban Ascent; TE pick Split; XLG pick Lotus; TE ban Haven; XLG ban Fracture; Pearl remains,https://www.vlr.gg/450070/trace-esports-vs-xi-lai-gaming-champions-tour-2025-china-stage-1-w4
459533,2025-04-06,2025-04-06 17:00:00,2347,2025 Americas Stage 1,5,Americas,Group Stage: Week 3,FUR,LEV,Americas,Americas,0,2,3,LEV,0,False,True,10.06,0.3062326558163956,3.0,False,FUR ban Fracture; LEV ban Lotus; FUR pick Ascent; LEV pick Pearl; FUR ban Icebox; LEV ban Split; Haven remains,https://www.vlr.gg/459533/furia-vs-leviat-n-champions-tour-2025-americas-stage-1-w3
459534,2025-04-06,2025-04-06 19:15:00,2347,2025 Americas Stage 1,5,Americas,Group Stage: Week 3,C9,MIBR,Americas,Americas,1,2,3,MIBR,0,False,True,10.06,0.4466379516630774,3.0,False,MIBR ban Fracture; C9 ban Icebox; MIBR pick Pearl; C9 pick Lotus; MIBR ban Split; C9 ban Ascent; Haven remains,https://www.vlr.gg/459534/cloud9-vs-mibr-champions-tour-2025-americas-stage-1-w3
458821,2025-04-07,2025-04-07 04:00:00,2379,2025 Pacific Stage 1,7,Pacific,Group Stage: Week 3,KRX,GE,Pacific,Pacific,2,0,3,KRX,1,False,True,10.06,0.8770266426471981,3.0,False,KRX ban Pearl; GE ban Icebox; KRX pick Ascent; GE pick Split; KRX ban Haven; GE ban Lotus; Fracture remains,https://www.vlr.gg/458821/drx-vs-global-esports-champions-tour-2025-pacific-stage-1-w3
458822,2025-04-07,2025-04-07 06:00:00,2379,2025 Pacific Stage 1,7,Pacific,Group Stage: Week 3,T1,TS,Pacific,Pacific,2,1,3,T1,1,False,True,10.06,0.8770266426471981,3.0,False,T1 ban Pearl; TS ban Fracture; T1 pick Haven; TS pick Icebox; T1 ban Split; TS ban Ascent; Lotus remains,https://www.vlr.gg/458822/t1-vs-team-secret-champions-tour-2025-pacific-stage-1-w3
459839,2025-04-09,2025-04-09 11:00:00,2380,2025 EMEA Stage 1,8,EMEA,Group Stage: Week 3,MKOI,BBL,EMEA,EMEA,0,2,3,BBL,0,False,True,10.06,0.29836869469241867,2.0,False,BBL ban Lotus; MKOI ban Haven; BBL pick Pearl; MKOI pick Icebox; BBL ban Fracture; MKOI ban Ascent; Split remains,https://www.vlr.gg/459839/koi-vs-bbl-esports-champions-tour-2025-emea-stage-1-w3
459840,2025-04-09,2025-04-09 13:15:00,2380,2025 EMEA Stage 1,8,EMEA,Group Stage: Week 3,NAVI,GX,EMEA,EMEA,2,1,3,NAVI,1,False,True,10.06,0.5222742928123765,3.0,False,NAVI ban Ascent; GX ban Icebox; NAVI pick Fracture; GX pick Pearl; NAVI ban Lotus; GX ban Haven; Split remains,https://www.vlr.gg/459840/natus-vincere-vs-giantx-champions-tour-2025-emea-stage-1-w3
450071,2025-04-10,2025-04-10 07:00:00,2359,2025 China Stage 1,6,China,Group Stage: Week 5,JDG,XLG,China,China,1,2,3,XLG,0,False,True,,0.3263418541985288,3.0,False,XLG ban Haven; JDG ban Ascent; XLG pick Lotus; JDG pick Icebox; XLG ban Split; JDG ban Pearl; Fracture remains,https://www.vlr.gg/450071/jdg-esports-vs-xi-lai-gaming-champions-tour-2025-china-stage-1-w5
459841,2025-04-10,2025-04-10 11:00:00,2380,2025 EMEA Stage 1,8,EMEA,Group Stage: Week 3,TL,FUT,EMEA,EMEA,2,0,3,TL,1,False,True,10.06,0.4323945307935023,3.0,False,FUT ban Fracture; TL ban Pearl; FUT pick Lotus; TL pick Split; FUT ban Ascent; TL ban Icebox; Haven remains,https://www.vlr.gg/459841/team-liquid-vs-fut-esports-champions-tour-2025-emea-stage-1-w3
459842,2025-04-10,2025-04-10 12:50:00,2380,2025 EMEA Stage 1,8,EMEA,Group Stage: Week 3,VIT,TH,EMEA,EMEA,0,2,3,TH,0,False,True,10.06,0.6044050037421149,3.0,False,TH ban Fracture; VIT ban Pearl; TH pick Haven; VIT pick Icebox; TH ban Lotus; VIT ban Ascent; Split remains,https://www.vlr.gg/459842/team-vitality-vs-team-heretics-champions-tour-2025-emea-stage-1-w3
450072,2025-04-11,2025-04-11 07:00:00,2359,2025 China Stage 1,6,China,Group Stage: Week 5,DRG,TYL,China,China,1,2,3,TYL,0,False,True,,0.8140703517587939,3.0,False,DRG ban Icebox; TYL ban Ascent; DRG pick Haven; TYL pick Split; DRG ban Pearl; TYL ban Lotus; Fracture remains,https://www.vlr.gg/450072/dragon-ranger-gaming-vs-tyloo-champions-tour-2025-china-stage-1-w5
459843,2025-04-11,2025-04-11 11:00:00,2380,2025 EMEA Stage 1,8,EMEA,Group Stage: Week 3,APK,FNC,EMEA,EMEA,0,2,3,FNC,0,False,True,10.06,0.17730244141059281,3.0,False,APK ban Fracture; FNC ban Pearl; APK pick Lotus; FNC pick Split; APK ban Haven; FNC ban Icebox; Ascent remains,https://www.vlr.gg/459843/apeks-vs-fnatic-champions-tour-2025-emea-stage-1-w3
459844,2025-04-11,2025-04-11 14:00:00,2380,2025 EMEA Stage 1,8,EMEA,Group Stage: Week 3,KC,M8,EMEA,EMEA,2,0,3,KC,1,False,True,10.06,0.5107957369263901,3.0,False,M8 ban Lotus; KC ban Fracture; M8 pick Haven; KC pick Pearl; M8 ban Split; KC ban Ascent; Icebox remains,https://www.vlr.gg/459844/karmine-corp-vs-gentle-mates-champions-tour-2025-emea-stage-1-w3
459535,2025-04-11,2025-04-11 17:00:00,2347,2025 Americas Stage 1,5,Americas,Group Stage: Week 4,100T,2G,Americas,Americas,2,0,3,100T,1,False,True,10.06,0.7747068676716917,3.0,False,2G ban Fracture; 100T ban Lotus; 2G pick Ascent; 100T pick Icebox; 2G ban Haven; 100T ban Pearl; Split remains,https://www.vlr.gg/459535/100-thieves-vs-2game-esports-champions-tour-2025-americas-stage-1-w4
459536,2025-04-11,2025-04-11 19:30:00,2347,2025 Americas Stage 1,5,Americas,Group Stage: Week 4,G2,LEV,Americas,Americas,2,1,3,G2,1,False,True,10.06,0.8300430725053839,3.0,False,G2 ban Icebox; LEV ban Ascent; G2 pick Lotus; LEV pick Fracture; G2 ban Pearl; LEV ban Split; Haven remains,https://www.vlr.gg/459536/g2-esports-vs-leviat-n-champions-tour-2025-americas-stage-1-w4
458823,2025-04-12,2025-04-12 04:00:00,2379,2025 Pacific Stage 1,7,Pacific,Group Stage: Week 4,NS,TS,Pacific,Pacific,2,0,3,NS,1,False,True,10.06,0.6156610868914106,3.0,False,NS ban Icebox; TS ban Haven; NS pick Pearl; TS pick Split; NS ban Fracture; TS ban Ascent; Fracture remains,https://www.vlr.gg/458823/nongshim-redforce-vs-team-secret-champions-tour-2025-pacific-stage-1-w4
450073,2025-04-12,2025-04-12 05:00:00,2359,2025 China Stage 1,6,China,Group Stage: Week 5,WOL,AG,China,China,2,1,3,WOL,1,False,True,,0.8770266426471981,3.0,False,WOL ban Split; AG ban Haven; WOL pick Pearl; AG pick Fracture; WOL ban Ascent; AG ban Icebox; Lotus remains,https://www.vlr.gg/450073/wolves-esports-vs-all-gamers-champions-tour-2025-china-stage-1-w5
458824,2025-04-12,2025-04-12 06:15:00,2379,2025 Pacific Stage 1,7,Pacific,Group Stage: Week 4,KRX,BME,Pacific,Pacific,1,2,3,BME,0,False,True,10.06,0.6794316409634379,3.0,False,KRX ban Pearl; BME ban Split; KRX pick Icebox; BME pick Haven; KRX ban Fracture; BME ban Lotus; Ascent remains,https://www.vlr.gg/458824/drx-vs-boom-esports-champions-tour-2025-pacific-stage-1-w4
450074,2025-04-12,2025-04-12 08:05:00,2359,2025 China Stage 1,6,China,Group Stage: Week 5,BLG,TE,China,China,1,2,3,TE,0,False,True,,0.4974874371859298,3.0,False,BLG ban Lotus; TE ban Icebox; BLG pick Haven; TE pick Ascent; BLG ban Fracture; TE ban Pearl; Split remains,https://www.vlr.gg/450074/bilibili-gaming-vs-trace-esports-champions-tour-2025-china-stage-1-w5
459537,2025-04-12,2025-04-12 17:00:00,2347,2025 Americas Stage 1,5,Americas,Group Stage: Week 4,FUR,C9,Americas,Americas,0,2,3,C9,0,False,True,10.06,0.1392145914758982,3.0,False,FUR ban Fracture; C9 ban Haven; FUR pick Lotus; C9 pick Pearl; FUR ban Icebox; C9 ban Ascent; Split remains,https://www.vlr.gg/459537/furia-vs-cloud9-champions-tour-2025-americas-stage-1-w4
459538,2025-04-12,2025-04-12 19:25:00,2347,2025 Americas Stage 1,5,Americas,Group Stage: Week 4,SEN,LOUD,Americas,Americas,2,1,3,SEN,1,False,True,10.06,0.6886283268192814,3.0,False,SEN ban Fracture; LOUD ban Pearl; SEN pick Split; LOUD pick Lotus; SEN ban Icebox; LOUD ban Ascent; Haven remains,https://www.vlr.gg/459538/sentinels-vs-loud-champions-tour-2025-americas-stage-1-w4
458825,2025-04-13,2025-04-13 04:00:00,2379,2025 Pacific Stage 1,7,Pacific,Group Stage: Week 4,T1,RRQ,Pacific,Pacific,1,2,3,RRQ,0,False,True,10.06,0.7417643774427694,3.0,False,T1 ban Ascent; RRQ ban Haven; T1 pick Pearl; RRQ pick Icebox; T1 ban Fracture; RRQ ban Split; Lotus remains,https://www.vlr.gg/458825/t1-vs-rex-regum-qeon-champions-tour-2025-pacific-stage-1-w4
450075,2025-04-13,2025-04-13 05:00:00,2359,2025 China Stage 1,6,China,Group Stage: Week 5,TEC,NOVA,China,China,2,0,3,TEC,1,False,True,,0.17540532852943966,3.0,False,TEC ban Pearl; NOVA ban Haven; TEC pick Fracture; NOVA pick Split; TEC ban Ascent; NOVA ban Icebox; Lotus remains,https://www.vlr.gg/450075/titan-esports-club-vs-nova-esports-champions-tour-2025-china-stage-1-w5
450076,2025-04-13,2025-04-13 07:10:00,2359,2025 China Stage 1,6,China,Group Stage: Week 5,EDG,FPX,China,China,2,0,3,EDG,1,False,True,,0.7620067550869098,3.0,False,EDG ban Lotus; FPX ban Haven; EDG pick Split; FPX pick Fracture; EDG ban Icebox; FPX ban Ascent; Pearl remains,https://www.vlr.gg/450076/edward-gaming-vs-funplus-phoenix-champions-tour-2025-china-stage-1-w5
458826,2025-04-13,2025-04-13 07:10:00,2379,2025 Pacific Stage 1,7,Pacific,Group Stage: Week 4,GEN,GE,Pacific,Pacific,2,0,3,GEN,1,False,True,10.06,0.8812029599931371,2.0,False,GEN ban Split; GE ban Lotus; GEN pick Haven; GE pick Pearl; GEN ban Fracture; GE ban Icebox; Ascent remains,https://www.vlr.gg/458826/gen-g-vs-global-esports-champions-tour-2025-pacific-stage-1-w4
459539,2025-04-13,2025-04-13 17:00:00,2347,2025 Americas Stage 1,5,Americas,Group Stage: Week 4,KRÜ,EG,Americas,Americas,0,2,3,EG,0,False,True,10.06,0.7675879396984925,3.0,False,KRÜ ban Fracture; EG ban Icebox; KRÜ pick Lotus; EG pick Pearl; KRÜ ban Ascent; EG ban Haven; Split remains,https://www.vlr.gg/459539/kr-esports-vs-evil-geniuses-champions-tour-2025-americas-stage-1-w4
459540,2025-04-13,2025-04-13 19:10:00,2347,2025 Americas Stage 1,5,Americas,Group Stage: Week 4,NRG,MIBR,Americas,Americas,0,2,3,MIBR,0,False,True,10.06,0.29572102938937117,3.0,False,NRG ban Split; MIBR ban Fracture; NRG pick Haven; MIBR pick Icebox; NRG ban Lotus; MIBR ban Ascent; Pearl remains,https://www.vlr.gg/459540/nrg-esports-vs-mibr-champions-tour-2025-americas-stage-1-w4
458827,2025-04-14,2025-04-14 04:00:00,2379,2025 Pacific Stage 1,7,Pacific,Group Stage: Week 4,TLN,ZETA,Pacific,Pacific,0,2,3,ZETA,0,False,True,10.06,0.6556858365903593,3.0,False,TLN ban Pearl; ZETA ban Fracture; TLN pick Lotus; ZETA pick Split; TLN ban Haven; ZETA ban Ascent; Icebox remains,https://www.vlr.gg/458827/talon-vs-zeta-division-champions-tour-2025-pacific-stage-1-w4
458828,2025-04-14,2025-04-14 06:10:00,2379,2025 Pacific Stage 1,7,Pacific,Group Stage: Week 4,DFM,PRX,Pacific,Pacific,1,2,3,PRX,0,False,True,10.06,0.23799324491309015,3.0,False,DFM ban Icebox; PRX ban Haven; DFM pick Ascent; PRX pick Lotus; DFM ban Split; PRX ban Fracture; Pearl remains,https://www.vlr.gg/458828/detonation-focusme-vs-paper-rex-champions-tour-2025-pacific-stage-1-w4
459845,2025-04-16,2025-04-16 11:00:00,2380,2025 EMEA Stage 1,8,EMEA,Group Stage: Week 4,VIT,APK,EMEA,EMEA,2,0,3,VIT,1,False,True,10.06,0.7945711463299403,3.0,False,APK ban Fracture; VIT ban Pearl; APK pick Ascent; VIT pick Lotus; APK ban Icebox; VIT ban Split; Haven remains,https://www.vlr.gg/459845/team-vitality-vs-apeks-champions-tour-2025-emea-stage-1-w4
459846,2025-04-16,2025-04-16 13:20:00,2380,2025 EMEA Stage 1,8,EMEA,Group Stage: Week 4,TL,MKOI,EMEA,EMEA,2,0,3,TL,1,False,True,10.06,0.8607854085241018,3.0,False,MKOI ban Haven; TL ban Pearl; MKOI pick Lotus; TL pick Split; MKOI ban Fracture; TL ban Ascent; Icebox remains,https://www.vlr.gg/459846/team-liquid-vs-koi-champions-tour-2025-emea-stage-1-w4
473233,2025-04-17,2025-04-17 05:00:00,2359,2025 China Stage 1,6,China,Playoffs: Upper Round 1,TEC,WOL,China,China,0,2,3,WOL,0,False,True,,0.43657682351149696,3.0,False,WOL ban Fracture; TEC ban Pearl; TEC pick Haven; WOL pick Icebox; TEC ban Lotus; WOL ban Ascent; Split remains,https://www.vlr.gg/473233/titan-esports-club-vs-wolves-esports-champions-tour-2025-china-stage-1-ur1
473234,2025-04-17,2025-04-17 07:30:00,2359,2025 China Stage 1,6,China,Playoffs: Upper Round 1,XLG,NOVA,China,China,2,0,3,XLG,1,False,True,,0.5404931634918779,3.0,False,XLG ban Split; NOVA ban Haven; XLG pick Lotus; NOVA pick Ascent; XLG ban Pearl; NOVA ban Fracture; Icebox remains,https://www.vlr.gg/473234/xi-lai-gaming-vs-nova-esports-champions-tour-2025-china-stage-1-ur1
459847,2025-04-17,2025-04-17 11:00:00,2380,2025 EMEA Stage 1,8,EMEA,Group Stage: Week 4,M8,BBL,EMEA,EMEA,0,2,3,BBL,0,False,True,10.06,0.4116150372113735,3.0,False,BBL ban Icebox; M8 ban Pearl; BBL pick Lotus; M8 pick Haven; BBL ban Fracture; M8 ban Split; Ascent remains,https://www.vlr.gg/459847/gentle-mates-vs-bbl-esports-champions-tour-2025-emea-stage-1-w4
459848,2025-04-17,2025-04-17 13:10:00,2380,2025 EMEA Stage 1,8,EMEA,Group Stage: Week 4,GX,FNC,EMEA,EMEA,1,2,3,FNC,0,False,True,10.06,0.15486523526724538,3.0,False,GX ban Split; FNC ban Pearl; GX pick Ascent; FNC pick Lotus; GX ban Icebox; FNC ban Fracture; Haven remains,https://www.vlr.gg/459848/giantx-vs-fnatic-champions-tour-2025-emea-stage-1-w4
473235,2025-04-18,2025-04-18 05:00:00,2359,2025 China Stage 1,6,China,Playoffs: Lower Round 1,TEC,DRG,China,China,1,2,3,DRG,0,False,True,,0.4002269411574,3.0,False,DRG ban Icebox; TEC ban Pearl; DRG pick Ascent; TEC pick Fracture; DRG ban Split; TEC ban Haven; Lotus remains; Lotus remains,https://www.vlr.gg/473235/titan-esports-club-vs-dragon-ranger-gaming-champions-tour-2025-china-stage-1-lr1
473236,2025-04-18,2025-04-18 08:50:00,2359,2025 China Stage 1,6,China,Playoffs: Lower Round 1,NOVA,TE,China,China,0,2,3,TE,0,False,True,,0.33596554199569284,3.0,False,NOVA ban Haven; TE ban Icebox; NOVA pick Split; TE pick Lotus; NOVA ban Fracture; TE ban Ascent; Pearl remains,https://www.vlr.gg/473236/nova-esports-vs-trace-esports-champions-tour-2025-china-stage-1-lr1
459849,2025-04-18,2025-04-18 11:00:00,2380,2025 EMEA Stage 1,8,EMEA,Group Stage: Week 4,KC,FUT,EMEA,EMEA,1,2,3,FUT,0,False,True,10.06,0.4078433387319592,2.0,False,FUT ban Icebox; KC ban Fracture; FUT pick Pearl; KC pick Lotus; FUT ban Split; KC ban Haven; Ascent remains,https://www.vlr.gg/459849/karmine-corp-vs-fut-esports-champions-tour-2025-emea-stage-1-w4
459850,2025-04-18,2025-04-18 15:20:00,2380,2025 EMEA Stage 1,8,EMEA,Group Stage: Week 4,NAVI,TH,EMEA,EMEA,0,2,3,TH,0,False,True,10.06,0.23799324491309015,3.0,False,TH ban Fracture; NAVI ban Lotus; TH pick Haven; NAVI pick Pearl; TH ban Ascent; NAVI ban Icebox; Split remains,https://www.vlr.gg/459850/natus-vincere-vs-team-heretics-champions-tour-2025-emea-stage-1-w4
459541,2025-04-18,2025-04-18 17:00:00,2347,2025 Americas Stage 1,5,Americas,Group Stage: Week 5,G2,C9,Americas,Americas,2,1,3,G2,1,False,True,10.07,0.7437185929648241,3.0,False,C9 ban Lotus; G2 ban Fracture; C9 pick Icebox; G2 pick Haven; C9 ban Split; G2 ban Ascent; Pearl remains,https://www.vlr.gg/459541/g2-esports-vs-cloud9-champions-tour-2025-americas-stage-1-w5
459542,2025-04-18,2025-04-18 20:00:00,2347,2025 Americas Stage 1,5,Americas,Group Stage: Week 5,MIBR,FUR,Americas,Americas,2,1,3,MIBR,1,False,True,10.07,0.8770266426471981,3.0,False,MIBR ban Fracture; FUR ban Pearl; MIBR pick Icebox; FUR pick Ascent; MIBR ban Lotus; FUR ban Haven; Split remains,https://www.vlr.gg/459542/mibr-vs-furia-champions-tour-2025-americas-stage-1-w5
458830,2025-04-19,2025-04-19 04:00:00,2379,2025 Pacific Stage 1,7,Pacific,Group Stage: Week 5,PRX,GE,Pacific,Pacific,2,0,3,PRX,1,False,True,10.07,0.7945711463299403,3.0,False,GE ban Fracture; PRX ban Haven; GE pick Split; PRX pick Lotus; GE ban Icebox; PRX ban Ascent; Pearl remains,https://www.vlr.gg/458830/paper-rex-vs-global-esports-champions-tour-2025-pacific-stage-1-w5
473237,2025-04-19,2025-04-19 05:00:00,2359,2025 China Stage 1,6,China,Playoffs: Upper Semifinals,BLG,WOL,China,China,0,2,3,WOL,0,False,True,,0.6044050037421149,3.0,False,WOL ban Ascent; BLG ban Lotus; WOL pick Split; BLG pick Haven; WOL ban Fracture; BLG ban Pearl; Icebox remains,https://www.vlr.gg/473237/bilibili-gaming-vs-wolves-esports-champions-tour-2025-china-stage-1-ubsf
458831,2025-04-19,2025-04-19 06:00:00,2379,2025 Pacific Stage 1,7,Pacific,Group Stage: Week 5,T1,TLN,Pacific,Pacific,0,2,3,TLN,0,False,True,10.07,0.778655180665231,3.0,False,TLN ban Pearl; T1 ban Fracture; TLN pick Icebox; T1 pick Haven; TLN ban Split; T1 ban Ascent; Lotus remains,https://www.vlr.gg/458831/t1-vs-talon-champions-tour-2025-pacific-stage-1-w5
473238,2025-04-19,2025-04-19 07:15:00,2359,2025 China Stage 1,6,China,Playoffs: Upper Semifinals,EDG,XLG,China,China,0,2,3,XLG,0,False,True,,0.6679827709978464,3.0,False,XLG ban Split; EDG ban Icebox; XLG pick Lotus; EDG pick Haven; XLG ban Pearl; EDG ban Ascent; Fracture remains,https://www.vlr.gg/473238/edward-gaming-vs-xi-lai-gaming-champions-tour-2025-china-stage-1-ubsf
459543,2025-04-19,2025-04-19 17:00:00,2347,2025 Americas Stage 1,5,Americas,Group Stage: Week 5,SEN,2G,Americas,Americas,2,0,3,SEN,1,False,True,10.07,0.8607854085241018,3.0,False,2G ban Fracture; SEN ban Ascent; 2G pick Haven; SEN pick Pearl; 2G ban Lotus; SEN ban Icebox; Split remains,https://www.vlr.gg/459543/sentinels-vs-2game-esports-champions-tour-2025-americas-stage-1-w5
459544,2025-04-19,2025-04-19 19:10:00,2347,2025 Americas Stage 1,5,Americas,Group Stage: Week 5,KRÜ,100T,Americas,Americas,2,0,3,KRÜ,1,False,True,10.07,,,,100T ban Lotus; KRÜ ban Haven; 100T pick Fracture; KRÜ pick Icebox; 100T ban Pearl; KRÜ ban Ascent; Split remains,https://www.vlr.gg/459544/kr-esports-vs-100-thieves-champions-tour-2025-americas-stage-1-w5
458832,2025-04-20,2025-04-20 04:00:00,2379,2025 Pacific Stage 1,7,Pacific,Group Stage: Week 5,KRX,GEN,Pacific,Pacific,2,1,3,KRX,1,False,True,10.07,0.4944937453223564,3.0,False,GEN ban Fracture; KRX ban Pearl; GEN pick Lotus; KRX pick Split; GEN ban Icebox; KRX ban Haven; Ascent remains,https://www.vlr.gg/458832/drx-vs-gen-g-champions-tour-2025-pacific-stage-1-w5
473240,2025-04-20,2025-04-20 05:00:00,2359,2025 China Stage 1,6,China,Playoffs: Lower Round 2,BLG,TE,China,China,2,0,3,BLG,1,False,True,,0.48419179229480735,3.0,False,BLG ban Split; TE ban Icebox; BLG pick Fracture; TE pick Lotus; BLG ban Pearl; TE ban Ascent; Haven remains,https://www.vlr.gg/473240/bilibili-gaming-vs-trace-esports-champions-tour-2025-china-stage-1-lr2
473239,2025-04-20,2025-04-20 07:10:00,2359,2025 China Stage 1,6,China,Playoffs: Lower Round 2,EDG,DRG,China,China,2,1,3,EDG,1,False,True,,0.7620067550869098,3.0,False,DRG ban Icebox; EDG ban Fracture; DRG pick Lotus; EDG pick Split; DRG ban Haven; EDG ban Pearl; Ascent remains,https://www.vlr.gg/473239/edward-gaming-vs-dragon-ranger-gaming-champions-tour-2025-china-stage-1-lr2
458833,2025-04-20,2025-04-20 07:30:00,2379,2025 Pacific Stage 1,7,Pacific,Group Stage: Week 5,NS,ZETA,Pacific,Pacific,2,1,3,NS,1,False,True,10.07,0.6411367180731242,3.0,False,ZETA ban Haven; NS ban Fracture; ZETA pick Lotus; NS pick Pearl; ZETA ban Ascent; NS ban Icebox; Split remains,https://www.vlr.gg/458833/nongshim-redforce-vs-zeta-division-champions-tour-2025-pacific-stage-1-w5
459545,2025-04-20,2025-04-20 17:00:00,2347,2025 Americas Stage 1,5,Americas,Group Stage: Week 5,EG,LOUD,Americas,Americas,2,1,3,EG,1,False,True,10.07,0.5312275664034457,3.0,False,LOUD ban Ascent; EG ban Haven; LOUD pick Lotus; EG pick Pearl; LOUD ban Fracture; EG ban Icebox; Split remains,https://www.vlr.gg/459545/evil-geniuses-vs-loud-champions-tour-2025-americas-stage-1-w5
459546,2025-04-20,2025-04-20 21:00:00,2347,2025 Americas Stage 1,5,Americas,Group Stage: Week 5,LEV,NRG,Americas,Americas,0,2,3,NRG,0,False,True,10.07,0.5958051125191173,3.0,False,NRG ban Split; LEV ban Pearl; NRG pick Fracture; LEV pick Icebox; NRG ban Haven; LEV ban Ascent; Lotus remains,https://www.vlr.gg/459546/leviat-n-vs-nrg-esports-champions-tour-2025-americas-stage-1-w5
458834,2025-04-21,2025-04-21 04:00:00,2379,2025 Pacific Stage 1,7,Pacific,Group Stage: Week 5,DFM,BME,Pacific,Pacific,0,2,3,BME,0,False,True,10.07,0.14703991337157185,2.0,False,BME ban Split; DFM ban Icebox; BME pick Fracture; DFM pick Ascent; BME ban Pearl; DFM ban Lotus; Haven remains,https://www.vlr.gg/458834/detonation-focusme-vs-boom-esports-champions-tour-2025-pacific-stage-1-w5
458835,2025-04-21,2025-04-21 06:00:00,2379,2025 Pacific Stage 1,7,Pacific,Group Stage: Week 5,RRQ,TS,Pacific,Pacific,1,2,3,TS,0,False,True,10.07,0.8245946714705603,3.0,False,RRQ ban Pearl; TS ban Fracture; RRQ pick Haven; TS pick Ascent; RRQ ban Split; TS ban Icebox; Lotus remains,https://www.vlr.gg/458835/rex-regum-qeon-vs-team-secret-champions-tour-2025-pacific-stage-1-w5
459852,2025-04-23,2025-04-23 11:00:00,2380,2025 EMEA Stage 1,8,EMEA,Group Stage: Week 5,BBL,FUT,EMEA,EMEA,2,0,3,BBL,1,False,True,10.07,0.45570992215981865,3.0,False,BBL ban Lotus; FUT ban Haven; BBL pick Ascent; FUT pick Icebox; BBL ban Pearl; FUT ban Split; Fracture remains,https://www.vlr.gg/459852/bbl-esports-vs-fut-esports-champions-tour-2025-emea-stage-1-w5
459853,2025-04-23,2025-04-23 15:00:00,2380,2025 EMEA Stage 1,8,EMEA,Group Stage: Week 5,GX,APK,EMEA,EMEA,2,0,3,GX,1,False,True,10.07,0.5997730588426,3.0,False,APK ban Fracture; GX ban Split; APK pick Lotus; GX pick Ascent; APK ban Haven; GX ban Pearl; Icebox remains,https://www.vlr.gg/459853/giantx-vs-apeks-champions-tour-2025-emea-stage-1-w5
459854,2025-04-24,2025-04-24 11:00:00,2380,2025 EMEA Stage 1,8,EMEA,Group Stage: Week 5,M8,MKOI,EMEA,EMEA,1,2,3,MKOI,0,False,True,10.07,,,,M8 ban Lotus; MKOI ban Haven; M8 pick Split; MKOI pick Icebox; M8 ban Ascent; MKOI ban Pearl; Fracture remains,https://www.vlr.gg/459854/gentle-mates-vs-koi-champions-tour-2025-emea-stage-1-w5
459855,2025-04-24,2025-04-24 14:05:00,2380,2025 EMEA Stage 1,8,EMEA,Group Stage: Week 5,VIT,NAVI,EMEA,EMEA,0,2,3,NAVI,0,False,True,10.07,0.778655180665231,3.0,False,VIT ban Pearl; NAVI ban Lotus; VIT pick Haven; NAVI pick Icebox; VIT ban Split; NAVI ban Fracture; Ascent remains,https://www.vlr.gg/459855/team-vitality-vs-natus-vincere-champions-tour-2025-emea-stage-1-w5
475897,2025-04-24,2025-04-24 17:00:00,2347,2025 Americas Stage 1,5,Americas,Playoffs: Upper Round 1,MIBR,100T,Americas,Americas,2,0,3,MIBR,1,False,True,10.07,0.6036676890948247,3.0,False,100T ban Lotus; MIBR ban Fracture; 100T pick Split; MIBR pick Icebox; 100T ban Pearl; MIBR ban Ascent; Haven remains,https://www.vlr.gg/475897/mibr-vs-100-thieves-champions-tour-2025-americas-stage-1-ubr1
475898,2025-04-24,2025-04-24 19:15:00,2347,2025 Americas Stage 1,5,Americas,Playoffs: Upper Round 1,SEN,C9,Americas,Americas,2,0,3,SEN,1,False,True,10.07,0.563423176488503,3.0,False,C9 ban Split; SEN ban Fracture; C9 pick Ascent; SEN pick Pearl; C9 ban Haven; SEN ban Lotus; Icebox remains,https://www.vlr.gg/475898/sentinels-vs-cloud9-champions-tour-2025-americas-stage-1-ubr1
475903,2025-04-25,2025-04-25 17:00:00,2347,2025 Americas Stage 1,5,Americas,Playoffs: Lower Round 1,100T,NRG,Americas,Americas,2,0,3,100T,1,False,True,10.07,0.48419179229480735,3.0,False,100T ban Lotus; NRG ban Split; 100T pick Fracture; NRG pick Haven; 100T ban Pearl; NRG ban Ascent; Icebox remains,https://www.vlr.gg/475903/100-thieves-vs-nrg-esports-champions-tour-2025-americas-stage-1-lr1
475904,2025-04-25,2025-04-25 19:15:00,2347,2025 Americas Stage 1,5,Americas,Playoffs: Lower Round 1,C9,EG,Americas,Americas,0,2,3,EG,0,False,True,10.07,0.6281407035175879,3.0,False,EG ban Haven; C9 ban Lotus; EG pick Fracture; C9 pick Icebox; EG ban Ascent; C9 ban Pearl; Split remains,https://www.vlr.gg/475904/cloud9-vs-evil-geniuses-champions-tour-2025-americas-stage-1-lr1
473833,2025-04-26,2025-04-26 04:00:00,2379,2025 Pacific Stage 1,7,Pacific,Playoffs: Upper Round 1,TLN,GEN,Pacific,Pacific,1,2,3,GEN,0,False,True,10.07,0.3263418541985288,3.0,False,GEN ban Fracture; TLN ban Lotus; GEN pick Haven; TLN pick Icebox; GEN ban Ascent; TLN ban Split; Pearl remains,https://www.vlr.gg/473833/talon-vs-gen-g-champions-tour-2025-pacific-stage-1-ur1
473834,2025-04-26,2025-04-26 07:00:00,2379,2025 Pacific Stage 1,7,Pacific,Playoffs: Upper Round 1,KRX,T1,Pacific,Pacific,2,0,3,KRX,1,False,True,10.07,0.5222742928123765,3.0,False,T1 ban Icebox; KRX ban Pearl; T1 pick Lotus; KRX pick Fracture; T1 ban Ascent; KRX ban Split; Haven remains,https://www.vlr.gg/473834/drx-vs-t1-champions-tour-2025-pacific-stage-1-ur1
475899,2025-04-26,2025-04-26 17:00:00,2347,2025 Americas Stage 1,5,Americas,Playoffs: Upper Semifinals,KRÜ,MIBR,Americas,Americas,0,2,3,MIBR,0,False,True,10.07,0.3588632819268758,3.0,False,KRÜ ban Pearl; MIBR ban Fracture; KRÜ pick Lotus; MIBR pick Icebox; KRÜ ban Haven; MIBR ban Split; Ascent remains,https://www.vlr.gg/475899/kr-esports-vs-mibr-champions-tour-2025-americas-stage-1-ubsf
475900,2025-04-26,2025-04-26 19:05:00,2347,2025 Americas Stage 1,5,Americas,Playoffs: Upper Semifinals,G2,SEN,Americas,Americas,1,2,3,SEN,0,False,True,10.07,0.7001134705787,3.0,False,SEN ban Fracture; G2 ban Haven; SEN pick Split; G2 pick Icebox; SEN ban Lotus; G2 ban Pearl; Ascent remains,https://www.vlr.gg/475900/g2-esports-vs-sentinels-champions-tour-2025-americas-stage-1-ubsf
473837,2025-04-27,2025-04-27 04:00:00,2379,2025 Pacific Stage 1,7,Pacific,Playoffs: Upper Semifinals,BME,GEN,Pacific,Pacific,0,2,3,GEN,0,False,True,10.07,0.4466379516630774,3.0,False,GEN ban Fracture; BME ban Lotus; GEN pick Split; BME pick Ascent; GEN ban Icebox; BME ban Pearl; Haven remains,https://www.vlr.gg/473837/boom-esports-vs-gen-g-champions-tour-2025-pacific-stage-1-ubsf
473838,2025-04-27,2025-04-27 06:10:00,2379,2025 Pacific Stage 1,7,Pacific,Playoffs: Upper Semifinals,RRQ,KRX,Pacific,Pacific,2,1,3,RRQ,1,False,True,10.07,0.37185929648241206,3.0,False,KRX ban Pearl; RRQ ban Split; KRX pick Fracture; RRQ pick Icebox; KRX ban Haven; RRQ ban Ascent; Lotus remains,https://www.vlr.gg/473838/rex-regum-qeon-vs-drx-champions-tour-2025-pacific-stage-1-ubsf
475906,2025-04-27,2025-04-27 17:00:00,2347,2025 Americas Stage 1,5,Americas,Playoffs: Lower Round 2,KRÜ,EG,Americas,Americas,0,2,3,EG,0,False,True,10.07,0.5676054692064977,3.0,False,EG ban Haven; KRÜ ban Pearl; EG pick Lotus; KRÜ pick Icebox; EG ban Ascent; KRÜ ban Fracture; Split remains,https://www.vlr.gg/475906/kr-esports-vs-evil-geniuses-champions-tour-2025-americas-stage-1-lr2
475905,2025-04-27,2025-04-27 19:40:00,2347,2025 Americas Stage 1,5,Americas,Playoffs: Lower Round 2,G2,100T,Americas,Americas,2,1,3,G2,1,False,True,10.07,0.8300430725053839,3.0,False,100T ban Lotus; G2 ban Fracture; 100T pick Haven; G2 pick Split; 100T ban Ascent; G2 ban Icebox; Pearl remains,https://www.vlr.gg/475905/g2-esports-vs-100-thieves-champions-tour-2025-americas-stage-1-lr2
473241,2025-05-02,2025-05-02 05:00:00,2359,2025 China Stage 1,6,China,Playoffs: Upper Final,WOL,XLG,China,China,0,2,3,XLG,0,False,True,,0.3588632819268758,3.0,False,WOL ban Fracture; XLG ban Split; WOL pick Pearl; XLG pick Lotus; WOL ban Haven; XLG ban Icebox; Ascent remains,https://www.vlr.gg/473241/wolves-esports-vs-xi-lai-gaming-champions-tour-2025-china-stage-1-ubf
473242,2025-05-02,2025-05-02 07:35:00,2359,2025 China Stage 1,6,China,Playoffs: Lower Round 3,EDG,BLG,China,China,1,2,3,BLG,0,False,True,,0.6901172529313233,3.0,False,BLG ban Split; EDG ban Ascent; BLG pick Fracture; EDG pick Icebox; BLG ban Haven; EDG ban Lotus; Pearl remains,https://www.vlr.gg/473242/edward-gaming-vs-bilibili-gaming-champions-tour-2025-china-stage-1-lr3
459856,2025-05-02,2025-05-02 11:00:00,2380,2025 EMEA Stage 1,8,EMEA,Group Stage: Week 5,TL,KC,EMEA,EMEA,2,1,3,TL,1,False,True,10.07,0.7945711463299403,3.0,False,Map 1 stats unavailable due to lobby remake.,https://www.vlr.gg/459856/team-liquid-vs-karmine-corp-champions-tour-2025-emea-stage-1-w5
459857,2025-05-02,2025-05-02 13:30:00,2380,2025 EMEA Stage 1,8,EMEA,Group Stage: Week 5,FNC,TH,EMEA,EMEA,0,2,3,TH,0,False,True,10.07,0.4595068365081221,3.0,False,FNC ban Pearl; TH ban Split; FNC pick Lotus; TH pick Haven; FNC ban Ascent; TH ban Fracture; Icebox remains,https://www.vlr.gg/459857/fnatic-vs-team-heretics-champions-tour-2025-emea-stage-1-w5
475901,2025-05-02,2025-05-02 17:00:00,2347,2025 Americas Stage 1,5,Americas,Playoffs: Upper Final,MIBR,SEN,Americas,Americas,0,2,3,SEN,0,False,True,10.07,0.5107114519968263,3.0,False,MIBR ban Pearl; SEN ban Icebox; MIBR pick Lotus; SEN pick Split; MIBR ban Ascent; SEN ban Fracture; Haven remains,https://www.vlr.gg/475901/mibr-vs-sentinels-champions-tour-2025-americas-stage-1-ubf
475907,2025-05-02,2025-05-02 19:50:00,2347,2025 Americas Stage 1,5,Americas,Playoffs: Lower Round 3,G2,EG,Americas,Americas,2,1,3,G2,1,False,True,10.07,0.7558115782162845,3.0,False,EG ban Haven; G2 ban Fracture; EG pick Lotus; G2 pick Split; EG ban Icebox; G2 ban Ascent; Pearl remains,https://www.vlr.gg/475907/g2-esports-vs-evil-geniuses-champions-tour-2025-americas-stage-1-lr3
473835,2025-05-03,2025-05-03 04:00:00,2379,2025 Pacific Stage 1,7,Pacific,Playoffs: Lower Round 1,TLN,NS,Pacific,Pacific,2,1,3,TLN,1,False,True,10.07,0.5252417603851741,2.0,False,TLN ban Split; NS ban Fracture; TLN pick Haven; NS pick Pearl; TLN ban Lotus; NS ban Icebox; Ascent remains,https://www.vlr.gg/473835/talon-vs-nongshim-redforce-champions-tour-2025-pacific-stage-1-lr1
473243,2025-05-03,2025-05-03 05:00:00,2359,2025 China Stage 1,6,China,Playoffs: Lower Final,WOL,BLG,China,China,0,3,5,BLG,0,False,True,,0.3883893149960328,3.0,False,BLG ban Split; WOL ban Fracture; BLG pick Pearl; WOL pick Lotus; BLG pick Icebox; WOL pick Haven; Ascent remains,https://www.vlr.gg/473243/wolves-esports-vs-bilibili-gaming-champions-tour-2025-china-stage-1-lbf
473836,2025-05-03,2025-05-03 07:25:00,2379,2025 Pacific Stage 1,7,Pacific,Playoffs: Lower Round 1,T1,PRX,Pacific,Pacific,1,2,3,PRX,0,False,True,10.07,0.5676054692064977,3.0,False,PRX ban Haven; T1 ban Icebox; PRX pick Fracture; T1 pick Ascent; PRX ban Pearl; T1 ban Split; Lotus remains,https://www.vlr.gg/473836/t1-vs-paper-rex-champions-tour-2025-pacific-stage-1-lr1
475908,2025-05-03,2025-05-03 17:00:00,2347,2025 Americas Stage 1,5,Americas,Playoffs: Lower Final,MIBR,G2,Americas,Americas,1,3,5,G2,0,False,True,10.07,0.3718592964824121,3.0,False,MIBR ban Pearl; G2 ban Icebox; MIBR pick Haven; G2 pick Lotus; MIBR pick Split; G2 pick Ascent; Fracture remains,https://www.vlr.gg/475908/mibr-vs-g2-esports-champions-tour-2025-americas-stage-1-lbf
473839,2025-05-04,2025-05-04 04:00:00,2379,2025 Pacific Stage 1,7,Pacific,Playoffs: Lower Round 2,KRX,TLN,Pacific,Pacific,2,0,3,KRX,1,False,True,10.07,0.6736581458014712,3.0,False,TLN ban Split; KRX ban Pearl; TLN pick Icebox; KRX pick Fracture; TLN ban Ascent; KRX ban Haven; Lotus remains,https://www.vlr.gg/473839/drx-vs-talon-champions-tour-2025-pacific-stage-1-lr2
473244,2025-05-04,2025-05-04 05:00:00,2359,2025 China Stage 1,6,China,Playoffs: Grand Final,XLG,BLG,China,China,3,1,5,XLG,1,False,True,,0.563423176488503,3.0,False,XLG ban Split; XLG ban Icebox; BLG pick Fracture; XLG pick Lotus; BLG pick Pearl; XLG pick Haven; Ascent remains,https://www.vlr.gg/473244/xi-lai-gaming-vs-bilibili-gaming-champions-tour-2025-china-stage-1-gf
473840,2025-05-04,2025-05-04 06:00:00,2379,2025 Pacific Stage 1,7,Pacific,Playoffs: Lower Round 2,BME,PRX,Pacific,Pacific,0,2,3,PRX,0,False,True,10.07,0.42614306098393206,3.0,False,PRX ban Haven; BME ban Split; PRX pick Lotus; BME pick Fracture; PRX ban Pearl; BME ban Icebox; Ascent remains,https://www.vlr.gg/473840/boom-esports-vs-paper-rex-champions-tour-2025-pacific-stage-1-lr2
475902,2025-05-04,2025-05-04 17:00:00,2347,2025 Americas Stage 1,5,Americas,Playoffs: Grand Final,SEN,G2,Americas,Americas,1,3,5,G2,0,False,True,10.07,0.41896984924623126,3.0,False,SEN ban Fracture; SEN ban Lotus; SEN pick Haven; G2 pick Split; SEN pick Pearl; G2 pick Ascent; Icebox remains,https://www.vlr.gg/475902/sentinels-vs-g2-esports-champions-tour-2025-americas-stage-1-gf
482503,2025-05-08,2025-05-08 11:00:00,2380,2025 EMEA Stage 1,8,EMEA,Playoffs: Upper Round 1,BBL,NAVI,EMEA,EMEA,2,0,3,BBL,1,False,True,10.08,0.5997730588426,3.0,False,BBL ban Split; NAVI ban Pearl; BBL pick Lotus; NAVI pick Fracture; BBL ban Icebox; NAVI ban Haven; Ascent remains,https://www.vlr.gg/482503/bbl-esports-vs-natus-vincere-champions-tour-2025-emea-stage-1-playoffs-ubr1
482504,2025-05-08,2025-05-08 14:00:00,2380,2025 EMEA Stage 1,8,EMEA,Playoffs: Upper Round 1,FNC,FUT,EMEA,EMEA,2,0,3,FNC,1,False,True,10.08,0.5738569390160679,3.0,False,FUT ban Icebox; FNC ban Pearl; FUT pick Lotus; FNC pick Split; FUT ban Fracture; FNC ban Ascent; Haven remains,https://www.vlr.gg/482504/fnatic-vs-fut-esports-champions-tour-2025-emea-stage-1-playoffs-ubr1
473841,2025-05-09,2025-05-09 04:00:00,2379,2025 Pacific Stage 1,7,Pacific,Playoffs: Upper Final,GEN,RRQ,Pacific,Pacific,2,0,3,GEN,1,False,True,10.07,0.6411367180731242,3.0,False,GEN ban Fracture; RRQ ban Haven; GEN pick Lotus; RRQ pick Icebox; GEN ban Pearl; RRQ ban Ascent; Split remains,https://www.vlr.gg/473841/gen-g-vs-rex-regum-qeon-champions-tour-2025-pacific-stage-1-ubf
473842,2025-05-09,2025-05-09 06:00:00,2379,2025 Pacific Stage 1,7,Pacific,Playoffs: Lower Round 3,KRX,PRX,Pacific,Pacific,0,2,3,PRX,0,False,True,10.07,0.5676054692064977,3.0,False,PRX ban Haven; KRX ban Pearl; PRX pick Lotus; KRX pick Icebox; PRX ban Ascent; KRX ban Split; Fracture remains,https://www.vlr.gg/473842/drx-vs-paper-rex-champions-tour-2025-pacific-stage-1-lr3
482505,2025-05-09,2025-05-09 11:00:00,2380,2025 EMEA Stage 1,8,EMEA,Playoffs: Lower Round 1,NAVI,KC,EMEA,EMEA,2,1,3,NAVI,1,False,True,10.08,0.39559499625788513,3.0,False,KC ban Fracture; NAVI ban Pearl; KC pick Icebox; NAVI pick Split; KC ban Lotus; NAVI ban Haven; Ascent remains,https://www.vlr.gg/482505/natus-vincere-vs-karmine-corp-champions-tour-2025-emea-stage-1-playoffs-lr1
482506,2025-05-09,2025-05-09 15:05:00,2380,2025 EMEA Stage 1,8,EMEA,Playoffs: Lower Round 1,FUT,VIT,EMEA,EMEA,2,0,3,FUT,1,False,True,10.08,0.37185929648241206,3.0,False,FUT ban Icebox; VIT ban Pearl; FUT pick Fracture; VIT pick Split; FUT ban Haven; VIT ban Lotus; Ascent remains,https://www.vlr.gg/482506/fut-esports-vs-team-vitality-champions-tour-2025-emea-stage-1-playoffs-lr1
473843,2025-05-10,2025-05-10 04:00:00,2379,2025 Pacific Stage 1,7,Pacific,Playoffs: Lower Final,RRQ,PRX,Pacific,Pacific,3,2,5,RRQ,1,False,True,10.07,0.2998865294213,3.0,False,RRQ ban Lotus; PRX ban Haven; RRQ pick Fracture; PRX pick Split; RRQ pick Pearl; PRX pick Icebox; Ascent remains,https://www.vlr.gg/473843/rex-regum-qeon-vs-paper-rex-champions-tour-2025-pacific-stage-1-lbf
482507,2025-05-10,2025-05-10 11:00:00,2380,2025 EMEA Stage 1,8,EMEA,Playoffs: Upper Semifinals,TH,BBL,EMEA,EMEA,2,0,3,TH,1,False,True,10.08,0.7042789706106288,3.0,False,BBL ban Lotus; TH ban Fracture; BBL pick Ascent; TH pick Icebox; BBL ban Split; TH ban Pearl; Haven remains,https://www.vlr.gg/482507/team-heretics-vs-bbl-esports-champions-tour-2025-emea-stage-1-playoffs-ubsf
482508,2025-05-10,2025-05-10 13:25:00,2380,2025 EMEA Stage 1,8,EMEA,Playoffs: Upper Semifinals,TL,FNC,EMEA,EMEA,1,2,3,FNC,0,False,True,10.08,0.4974874371859298,3.0,False,TL ban Pearl; FNC ban Ascent; TL pick Split; FNC pick Icebox; TL ban Haven; FNC ban Lotus; Fracture remains,https://www.vlr.gg/482508/team-liquid-vs-fnatic-champions-tour-2025-emea-stage-1-playoffs-ubsf
473844,2025-05-11,2025-05-11 04:00:00,2379,2025 Pacific Stage 1,7,Pacific,Playoffs: Grand Final,GEN,RRQ,Pacific,Pacific,1,3,5,RRQ,0,False,True,10.07,0.7417643774427694,3.0,False,GEN ban Fracture; GEN ban Pearl; GEN pick Haven; RRQ pick Ascent; GEN pick Lotus; RRQ pick Icebox; Split remains,https://www.vlr.gg/473844/gen-g-vs-rex-regum-qeon-champions-tour-2025-pacific-stage-1-gf
482510,2025-05-11,2025-05-11 11:00:00,2380,2025 EMEA Stage 1,8,EMEA,Playoffs: Lower Round 2,BBL,FUT,EMEA,EMEA,2,1,3,BBL,1,False,True,10.08,0.5312275664034457,3.0,False,Map 1 stats are unavailable due to lobby remake.,https://www.vlr.gg/482510/bbl-esports-vs-fut-esports-champions-tour-2025-emea-stage-1-playoffs-lr2
482509,2025-05-11,2025-05-11 14:45:00,2380,2025 EMEA Stage 1,8,EMEA,Playoffs: Lower Round 2,TL,NAVI,EMEA,EMEA,2,1,3,TL,1,False,True,10.08,0.6886283268192814,3.0,False,NAVI ban Lotus; TL ban Pearl; NAVI pick Icebox; TL pick Split; NAVI ban Fracture; TL ban Haven; Ascent remains,https://www.vlr.gg/482509/team-liquid-vs-natus-vincere-champions-tour-2025-emea-stage-1-playoffs-lr2
482515,2025-05-16,2025-05-16 11:00:00,2380,2025 EMEA Stage 1,8,EMEA,Playoffs: Upper Final,TH,FNC,EMEA,EMEA,0,2,3,FNC,0,False,True,10.08,0.6236241938437126,3.0,False,FNC ban Pearl; TH ban Split; FNC pick Fracture; TH pick Icebox; FNC ban Haven; TH ban Ascent; Lotus remains,https://www.vlr.gg/482515/team-heretics-vs-fnatic-champions-tour-2025-emea-stage-1-playoffs-ubf
487985,2025-05-16,2025-05-16 12:00:00,2449,2025 Esports World Cup,10,International,EMEA Qualifier: Upper Quarterfinals,FUT,APK,EMEA,EMEA,2,0,3,FUT,1,True,True,10.07,0.8014804606458528,2.0,False,,https://www.vlr.gg/487985/fut-esports-vs-apeks-esports-world-cup-2025-ubqf
487986,2025-05-16,2025-05-16 12:00:00,2449,2025 Esports World Cup,10,International,EMEA Qualifier: Upper Quarterfinals,VIT,GX,EMEA,EMEA,2,1,3,VIT,1,True,True,10.07,0.7945711463299403,3.0,False,,https://www.vlr.gg/487986/team-vitality-vs-giantx-esports-world-cup-2025-ubqf
487987,2025-05-16,2025-05-16 12:00:00,2449,2025 Esports World Cup,10,International,EMEA Qualifier: Upper Quarterfinals,NAVI,M8,EMEA,EMEA,2,0,3,NAVI,1,True,True,10.07,0.6156610868914106,3.0,False,,https://www.vlr.gg/487987/natus-vincere-vs-gentle-mates-esports-world-cup-2025-ubqf
487988,2025-05-16,2025-05-16 12:00:00,2449,2025 Esports World Cup,10,International,EMEA Qualifier: Upper Quarterfinals,KC,MKOI,EMEA,EMEA,2,0,3,KC,1,True,True,10.07,0.7151140316969461,3.0,False,,https://www.vlr.gg/487988/karmine-corp-vs-koi-esports-world-cup-2025-ubqf
482511,2025-05-16,2025-05-16 13:20:00,2380,2025 EMEA Stage 1,8,EMEA,Playoffs: Lower Round 3,TL,BBL,EMEA,EMEA,2,1,3,TL,1,False,True,10.08,0.5883849627886265,3.0,False,BBL ban Lotus; TL ban Pearl; BBL pick Haven; TL pick Split; BBL ban Ascent; TL ban Icebox; Fracture remains,https://www.vlr.gg/482511/team-liquid-vs-bbl-esports-champions-tour-2025-emea-stage-1-playoffs-lr3
488003,2025-05-16,2025-05-16 21:00:00,2449,2025 Esports World Cup,10,International,Americas Qualifier: Upper Quarterfinals,100T,FUR,Americas,Americas,2,0,3,100T,1,True,True,10.07,0.8451347647327546,3.0,False,100T ban Lotus; FUR ban Fracture; 100T pick Haven; FUR pick Icebox; 100T ban Pearl; FUR ban Ascent; Split remains,https://www.vlr.gg/488003/100-thieves-vs-furia-esports-world-cup-2025-ubqf
488004,2025-05-16,2025-05-16 21:00:00,2449,2025 Esports World Cup,10,International,Americas Qualifier: Upper Quarterfinals,LEV,NRG,Americas,Americas,0,2,3,NRG,0,True,True,10.07,0.4687724335965543,3.0,False,NRG ban Split; LEV ban Fracture; NRG pick Pearl; LEV pick Icebox; NRG ban Haven; LEV ban Ascent; Lotus remains,https://www.vlr.gg/488004/leviat-n-vs-nrg-esports-world-cup-2025-ubqf
488005,2025-05-16,2025-05-16 21:00:00,2449,2025 Esports World Cup,10,International,Americas Qualifier: Upper Quarterfinals,C9,2G,Americas,Americas,2,0,3,C9,1,True,True,10.07,0.8451347647327546,3.0,False,C9 ban Pearl; 2G ban Fracture; C9 pick Lotus; 2G pick Haven; C9 ban Split; 2G ban Icebox; Ascent remains,https://www.vlr.gg/488005/cloud9-vs-2game-esports-esports-world-cup-2025-ubqf
487989,2025-05-17,2025-05-17 08:00:00,2449,2025 Esports World Cup,10,International,EMEA Qualifier: Upper Semifinals,FUT,VIT,EMEA,EMEA,2,0,3,FUT,1,True,True,10.07,0.44059158350996686,3.0,False,FUT ban Split; VIT ban Pearl; FUT pick Fracture; VIT pick Haven; FUT ban Ascent; VIT ban Icebox; Lotus remains,https://www.vlr.gg/487989/fut-esports-vs-team-vitality-esports-world-cup-2025-ubsf
487990,2025-05-17,2025-05-17 08:00:00,2449,2025 Esports World Cup,10,International,EMEA Qualifier: Upper Semifinals,NAVI,KC,EMEA,EMEA,0,2,3,KC,0,True,True,10.07,0.4974874371859298,3.0,False,KC ban Fracture; NAVI ban Lotus; KC pick Haven; NAVI pick Icebox; KC ban Split; NAVI ban Ascent; Pearl remains,https://www.vlr.gg/487990/natus-vincere-vs-karmine-corp-esports-world-cup-2025-ubsf
487992,2025-05-17,2025-05-17 08:00:00,2449,2025 Esports World Cup,10,International,EMEA Qualifier: Lower Round 1,APK,GX,EMEA,EMEA,0,2,3,GX,0,True,True,10.07,0.3263418541985288,3.0,False,APK ban Fracture; GX ban Split; APK pick Haven; GX pick Lotus; APK ban Icebox; GX ban Pearl; Ascent remains,https://www.vlr.gg/487992/apeks-vs-giantx-esports-world-cup-2025-lr1
487993,2025-05-17,2025-05-17 08:00:00,2449,2025 Esports World Cup,10,International,EMEA Qualifier: Lower Round 1,M8,MKOI,EMEA,EMEA,2,0,3,M8,1,True,True,10.07,0.6116106850039672,3.0,False,,https://www.vlr.gg/487993/gentle-mates-vs-koi-esports-world-cup-2025-lr1
482512,2025-05-17,2025-05-17 12:00:00,2380,2025 EMEA Stage 1,8,EMEA,Playoffs: Lower Final,TH,TL,EMEA,EMEA,3,0,5,TH,1,False,True,10.08,0.6057947233194328,2.0,False,TH ban Fracture; TL ban Pearl; TH pick Haven; TL pick Ascent; TH pick Icebox; TL pick Lotus; Split remains,https://www.vlr.gg/482512/team-heretics-vs-team-liquid-champions-tour-2025-emea-stage-1-playoffs-lbf
488007,2025-05-17,2025-05-17 21:00:00,2449,2025 Esports World Cup,10,International,Americas Qualifier: Upper Semifinals,100T,NRG,Americas,Americas,2,1,3,100T,1,True,True,10.07,0.5997730588426,3.0,False,100T ban Lotus; NRG ban Split; 100T pick Haven; NRG pick Ascent; 100T ban Pearl; NRG ban Icebox; Fracture remains,https://www.vlr.gg/488007/100-thieves-vs-nrg-esports-world-cup-2025-ubsf
488008,2025-05-17,2025-05-17 21:00:00,2449,2025 Esports World Cup,10,International,Americas Qualifier: Upper Semifinals,KRÜ,C9,Americas,Americas,1,2,3,C9,0,True,True,10.07,0.2054288536700597,3.0,False,C9 ban Icebox; KRÜ ban Fracture; C9 pick Pearl; KRÜ pick Split; C9 ban Ascent; KRÜ ban Haven; Lotus remains,https://www.vlr.gg/488008/kr-esports-vs-cloud9-esports-world-cup-2025-ubsf
488010,2025-05-17,2025-05-17 21:00:00,2449,2025 Esports World Cup,10,International,Americas Qualifier: Lower Round 1,FUR,LEV,Americas,Americas,0,2,3,LEV,0,True,True,10.07,0.15486523526724538,3.0,False,FUR ban Pearl; LEV ban Fracture; FUR pick Icebox; LEV pick Lotus; FUR ban Haven; LEV ban Ascent; Split remains,https://www.vlr.gg/488010/furia-vs-leviat-n-esports-world-cup-2025-lr1
487991,2025-05-18,2025-05-18 08:00:00,2449,2025 Esports World Cup,10,International,EMEA Qualifier: Upper Final,FUT,KC,EMEA,EMEA,1,2,3,KC,0,True,True,10.07,0.6060812537262584,3.0,False,FUT ban Icebox; KC ban Fracture; FUT pick Lotus; KC pick Ascent; FUT ban Split; KC ban Pearl; Haven remains,https://www.vlr.gg/487991/fut-esports-vs-karmine-corp-esports-world-cup-2025-ubf
487994,2025-05-18,2025-05-18 08:00:00,2449,2025 Esports World Cup,10,International,EMEA Qualifier: Lower Round 2,NAVI,GX,EMEA,EMEA,2,0,3,NAVI,1,True,True,10.07,0.6116106850039672,3.0,False,GX ban Split; NAVI ban Lotus; GX pick Ascent; NAVI pick Pearl; GX ban Icebox; NAVI ban Haven; Fracture remains,https://www.vlr.gg/487994/natus-vincere-vs-giantx-esports-world-cup-2025-lr2
487995,2025-05-18,2025-05-18 08:00:00,2449,2025 Esports World Cup,10,International,EMEA Qualifier: Lower Round 2,VIT,M8,EMEA,EMEA,1,2,3,M8,0,True,True,10.07,0.6837931152360441,3.0,False,VIT ban Pearl; M8 ban Lotus; VIT pick Split; M8 pick Icebox; VIT ban Fracture; M8 ban Ascent; Haven remains,https://www.vlr.gg/487995/team-vitality-vs-gentle-mates-esports-world-cup-2025-lr2
482513,2025-05-18,2025-05-18 12:00:00,2380,2025 EMEA Stage 1,8,EMEA,Playoffs: Grand Final,FNC,TH,EMEA,EMEA,3,0,5,FNC,1,False,True,10.08,0.4602219015871436,3.0,False,FNC ban Pearl; FNC ban Haven; FNC pick Split; TH pick Icebox; FNC pick Fracture; TH pick Lotus; Ascent remains,https://www.vlr.gg/482513/fnatic-vs-team-heretics-champions-tour-2025-emea-stage-1-playoffs-gf
488009,2025-05-18,2025-05-18 21:00:00,2449,2025 Esports World Cup,10,International,Americas Qualifier: Upper Final,100T,C9,Americas,Americas,2,0,3,100T,1,True,True,10.07,0.5312275664034457,3.0,False,100T ban Lotus; C9 ban Icebox; 100T pick Haven; C9 pick Split; 100T ban Ascent; C9 ban Pearl; Fracture remains,https://www.vlr.gg/488009/100-thieves-vs-cloud9-esports-world-cup-2025-ubf
488012,2025-05-18,2025-05-18 21:00:00,2449,2025 Esports World Cup,10,International,Americas Qualifier: Lower Round 2,KRÜ,LEV,Americas,Americas,2,0,3,KRÜ,1,True,True,10.07,0.3443141634096407,3.0,False,LEV ban Icebox; KRÜ ban Lotus; LEV pick Haven; KRÜ pick Pearl; LEV ban Split; KRÜ ban Fracture; Ascent remains,https://www.vlr.gg/488012/kr-esports-vs-leviat-n-esports-world-cup-2025-lr2
488013,2025-05-18,2025-05-18 21:00:00,2449,2025 Esports World Cup,10,International,Americas Qualifier: Lower Round 2,NRG,2G,Americas,Americas,2,0,3,NRG,1,True,True,10.07,0.16028417951828106,3.0,False,NRG ban Ascent; 2G ban Fracture; NRG pick Pearl; 2G pick Haven; NRG ban Split; 2G ban Icebox; Lotus remains,https://www.vlr.gg/488013/nrg-vs-2game-esports-esports-world-cup-2025-lr2
487996,2025-05-19,2025-05-19 12:00:00,2449,2025 Esports World Cup,10,International,EMEA Qualifier: Lower Round 3,NAVI,M8,EMEA,EMEA,2,1,3,NAVI,1,True,True,10.07,0.6324137695279116,3.0,False,M8 ban Pearl; NAVI ban Haven; M8 pick Fracture; NAVI pick Ascent; M8 ban Lotus; NAVI ban Split; Icebox remains,https://www.vlr.gg/487996/natus-vincere-vs-gentle-mates-esports-world-cup-2025-lr3
488014,2025-05-19,2025-05-19 21:00:00,2449,2025 Esports World Cup,10,International,Americas Qualifier: Lower Round 3,KRÜ,NRG,Americas,Americas,0,2,3,NRG,0,True,True,10.07,0.4002269411574,3.0,False,NRG ban Split; KRÜ ban Fracture; NRG pick Lotus; KRÜ pick Icebox; NRG ban Ascent; KRÜ ban Haven; Pearl remains,https://www.vlr.gg/488014/kr-esports-vs-nrg-esports-world-cup-2025-lr3
487997,2025-05-20,2025-05-20 12:00:00,2449,2025 Esports World Cup,10,International,EMEA Qualifier: Lower Final,FUT,NAVI,EMEA,EMEA,2,0,3,FUT,1,True,True,10.07,0.6036676890948247,3.0,False,FUT ban Icebox; NAVI ban Lotus; FUT pick Pearl; NAVI pick Ascent; FUT ban Split; NAVI ban Fracture; Haven remains,https://www.vlr.gg/487997/fut-esports-vs-natus-vincere-esports-world-cup-2025-lbf
488015,2025-05-20,2025-05-20 21:00:00,2449,2025 Esports World Cup,10,International,Americas Qualifier: Lower Final,C9,NRG,Americas,Americas,0,2,3,NRG,0,True,True,10.07,0.5107114519968263,3.0,False,C9 ban Pearl; NRG ban Lotus; C9 pick Split; NRG pick Icebox; C9 ban Haven; NRG ban Ascent; Fracture remains,https://www.vlr.gg/488015/cloud9-vs-nrg-esports-world-cup-2025-lbf
489422,2025-05-22,2025-05-22 02:00:00,2449,2025 Esports World Cup,10,International,Pacific X Asian Champions League Qualifier: Day 1,PRX,TLN,Pacific,Pacific,1,0,1,PRX,1,True,True,10.08,0.6860966050295046,2.0,False,,https://www.vlr.gg/489422/paper-rex-vs-talon-esports-world-cup-2025-pacific-x-acl-qualifier-d1
489423,2025-05-22,2025-05-22 02:00:00,2449,2025 Esports World Cup,10,International,Pacific X Asian Champions League Qualifier: Day 1,T1,GE,Pacific,Pacific,0,1,1,GE,0,True,True,10.08,0.8245946714705603,3.0,False,,https://www.vlr.gg/489423/t1-vs-global-esports-esports-world-cup-2025-pacific-x-acl-qualifier-d1
489424,2025-05-22,2025-05-22 03:30:00,2449,2025 Esports World Cup,10,International,Pacific X Asian Champions League Qualifier: Day 1,PRX,T1,Pacific,Pacific,1,0,1,PRX,1,True,True,10.08,0.5107957369263901,3.0,False,,https://www.vlr.gg/489424/paper-rex-vs-t1-esports-world-cup-2025-pacific-x-acl-qualifier-d1
489425,2025-05-22,2025-05-22 03:30:00,2449,2025 Esports World Cup,10,International,Pacific X Asian Champions League Qualifier: Day 1,TLN,GE,Pacific,Pacific,0,1,1,GE,0,True,True,10.08,0.7343862167982771,3.0,False,,https://www.vlr.gg/489425/talon-vs-global-esports-esports-world-cup-2025-pacific-x-acl-qualifier-d1
489426,2025-05-22,2025-05-22 04:50:00,2449,2025 Esports World Cup,10,International,Pacific X Asian Champions League Qualifier: Day 1,PRX,GE,Pacific,Pacific,1,0,1,PRX,1,True,True,10.08,0.8528882946844312,3.0,False,,https://www.vlr.gg/489426/paper-rex-vs-global-esports-esports-world-cup-2025-pacific-x-acl-qualifier-d1
489427,2025-05-22,2025-05-22 05:00:00,2449,2025 Esports World Cup,10,International,Pacific X Asian Champions League Qualifier: Day 1,TLN,T1,Pacific,Pacific,0,1,1,T1,0,True,True,10.08,0.42614306098393206,3.0,False,,https://www.vlr.gg/489427/talon-vs-t1-esports-world-cup-2025-pacific-x-acl-qualifier-d1
489428,2025-05-23,2025-05-23 02:00:00,2449,2025 Esports World Cup,10,International,Pacific X Asian Champions League Qualifier: Day 2,KRX,BME,Pacific,Pacific,1,0,1,KRX,1,True,True,10.08,0.6785753585445474,3.0,False,,https://www.vlr.gg/489428/drx-vs-boom-esports-esports-world-cup-2025-pacific-x-acl-qualifier-d2
489429,2025-05-23,2025-05-23 02:00:00,2449,2025 Esports World Cup,10,International,Pacific X Asian Champions League Qualifier: Day 2,NS,TS,Pacific,Pacific,0,1,1,TS,0,True,True,10.08,0.6126465661641541,3.0,False,,https://www.vlr.gg/489429/nongshim-redforce-vs-team-secret-esports-world-cup-2025-pacific-x-acl-qualifier-d2
489430,2025-05-23,2025-05-23 03:25:00,2449,2025 Esports World Cup,10,International,Pacific X Asian Champions League Qualifier: Day 2,KRX,NS,Pacific,Pacific,0,1,1,NS,0,True,True,10.08,0.6655941578395574,3.0,False,,https://www.vlr.gg/489430/drx-vs-nongshim-redforce-esports-world-cup-2025-pacific-x-acl-qualifier-d2
489431,2025-05-23,2025-05-23 03:25:00,2449,2025 Esports World Cup,10,International,Pacific X Asian Champions League Qualifier: Day 2,BME,TS,Pacific,Pacific,0,1,1,TS,0,True,True,10.08,0.6556858365903593,3.0,False,,https://www.vlr.gg/489431/boom-esports-vs-team-secret-esports-world-cup-2025-pacific-x-acl-qualifier-d2
489432,2025-05-23,2025-05-23 04:30:00,2449,2025 Esports World Cup,10,International,Pacific X Asian Champions League Qualifier: Day 2,KRX,TS,Pacific,Pacific,1,0,1,KRX,1,True,True,10.08,0.7747068676716917,3.0,False,,https://www.vlr.gg/489432/drx-vs-team-secret-esports-world-cup-2025-pacific-x-acl-qualifier-d2
489433,2025-05-23,2025-05-23 04:30:00,2449,2025 Esports World Cup,10,International,Pacific X Asian Champions League Qualifier: Day 2,BME,NS,Pacific,Pacific,1,0,1,BME,1,True,True,10.08,0.4767426877979642,3.0,False,,https://www.vlr.gg/489433/boom-esports-vs-nongshim-redforce-esports-world-cup-2025-pacific-x-acl-qualifier-d2
487998,2025-05-23,2025-05-23 06:00:00,2449,2025 Esports World Cup,10,International,EMEA Qualifier: Opening (Phase 2),TL,FUT,EMEA,EMEA,2,0,3,TL,1,True,True,10.07,0.5468519065917824,3.0,False,FUT ban Lotus; TL ban Pearl; FUT pick Haven; TL pick Split; FUT ban Ascent; TL ban Icebox; Fracture remains,https://www.vlr.gg/487998/team-liquid-vs-fut-esports-esports-world-cup-2025-opening-p2
487999,2025-05-23,2025-05-23 08:05:00,2449,2025 Esports World Cup,10,International,EMEA Qualifier: Opening (Phase 2),BBL,KC,EMEA,EMEA,2,0,3,BBL,1,True,True,10.07,0.5846844284314654,3.0,False,BBL ban Icebox; KC ban Fracture; BBL pick Ascent; KC pick Haven; BBL ban Lotus; KC ban Split; Pearl remains,https://www.vlr.gg/487999/bbl-esports-vs-karmine-corp-esports-world-cup-2025-opening-p2
488016,2025-05-23,2025-05-23 15:00:00,2449,2025 Esports World Cup,10,International,Americas Qualifier: Opening,MIBR,NRG,Americas,Americas,0,2,3,NRG,0,True,True,10.07,0.6497493854970895,2.0,False,NRG ban Lotus; MIBR ban Fracture; NRG pick Split; MIBR pick Icebox; NRG ban Ascent; MIBR ban Pearl; Haven remains,https://www.vlr.gg/488016/mibr-vs-nrg-esports-world-cup-2025-opening
488017,2025-05-23,2025-05-23 17:55:00,2449,2025 Esports World Cup,10,International,Americas Qualifier: Opening,EG,100T,Americas,Americas,0,2,3,100T,0,True,True,10.07,0.4116150372113735,3.0,False,100T ban Lotus; EG ban Haven; 100T pick Icebox; EG pick Pearl; 100T ban Fracture; EG ban Ascent; Split remains,https://www.vlr.gg/488017/evil-geniuses-vs-100-thieves-esports-world-cup-2025-opening
489434,2025-05-24,2025-05-24 02:00:00,2449,2025 Esports World Cup,10,International,Pacific X Asian Champions League Qualifier: Semifinals,PRX,TS,Pacific,Pacific,2,0,3,PRX,1,True,True,10.08,0.8375209380234504,3.0,False,,https://www.vlr.gg/489434/paper-rex-vs-team-secret-esports-world-cup-2025-pacific-x-acl-qualifier-sf
489435,2025-05-24,2025-05-24 04:30:00,2449,2025 Esports World Cup,10,International,Pacific X Asian Champions League Qualifier: Semifinals,KRX,GE,Pacific,Pacific,2,0,3,KRX,1,True,True,10.08,0.8853792773390762,3.0,False,,https://www.vlr.gg/489435/drx-vs-global-esports-esports-world-cup-2025-pacific-x-acl-qualifier-sf
488000,2025-05-24,2025-05-24 06:00:00,2449,2025 Esports World Cup,10,International,EMEA Qualifier: Winner's (Phase 2),TL,BBL,EMEA,EMEA,1,3,5,BBL,0,True,True,10.07,0.5774326176336226,3.0,False,TL ban Pearl; BBL ban Fracture; TL pick Lotus; BBL pick Icebox; TL pick Ascent; BBL pick Haven; Split remains,https://www.vlr.gg/488000/team-liquid-vs-bbl-esports-esports-world-cup-2025-winners-p2
488001,2025-05-24,2025-05-24 10:30:00,2449,2025 Esports World Cup,10,International,EMEA Qualifier: Elimination (Phase 2),FUT,KC,EMEA,EMEA,0,2,3,KC,0,True,True,10.07,0.5774326176336226,3.0,False,FUT ban Icebox; KC ban Fracture; FUT pick Ascent; KC pick Haven; FUT ban Lotus; KC ban Split; Pearl remains,https://www.vlr.gg/488001/fut-esports-vs-karmine-corp-esports-world-cup-2025-elim-p2
488018,2025-05-24,2025-05-24 15:00:00,2449,2025 Esports World Cup,10,International,Americas Qualifier: Winner's,NRG,100T,Americas,Americas,3,1,5,NRG,1,True,True,10.07,0.49187737629948686,3.0,False,100T ban Lotus; NRG ban Fracture; 100T pick Pearl; NRG pick Split; 100T pick Haven; NRG pick Icebox; Ascent remains,https://www.vlr.gg/488018/nrg-vs-100-thieves-esports-world-cup-2025-winners
488019,2025-05-24,2025-05-24 19:40:00,2449,2025 Esports World Cup,10,International,Americas Qualifier: Elimination,MIBR,EG,Americas,Americas,2,1,3,MIBR,1,True,True,10.07,0.668811684320885,3.0,False,EG ban Haven; MIBR ban Fracture; EG pick Lotus; MIBR pick Icebox; EG ban Ascent; MIBR ban Pearl; Split remains,https://www.vlr.gg/488019/mibr-vs-evil-geniuses-esports-world-cup-2025-elim
489436,2025-05-25,2025-05-25 02:00:00,2449,2025 Esports World Cup,10,International,Pacific X Asian Champions League Qualifier: Grand Final,PRX,KRX,Pacific,Pacific,3,1,5,PRX,1,True,True,10.08,0.4113487792947036,3.0,False,,https://www.vlr.gg/489436/paper-rex-vs-drx-esports-world-cup-2025-pacific-x-acl-qualifier-gf
488002,2025-05-25,2025-05-25 06:00:00,2449,2025 Esports World Cup,10,International,EMEA Qualifier: Decider (Phase 2),TL,KC,EMEA,EMEA,1,3,5,KC,0,True,True,10.07,0.6220942108918577,3.0,False,TL ban Pearl; KC ban Fracture; TL pick Split; KC pick Icebox; TL pick Lotus; KC pick Haven; Ascent remains,https://www.vlr.gg/488002/team-liquid-vs-karmine-corp-esports-world-cup-2025-decider-p2
488020,2025-05-25,2025-05-25 15:00:00,2449,2025 Esports World Cup,10,International,Americas Qualifier: Decider,100T,MIBR,Americas,Americas,3,2,5,100T,1,True,True,10.07,0.4225673823663773,3.0,False,MIBR ban Fracture; 100T ban Lotus; MIBR pick Icebox; 100T pick Split; MIBR pick Haven; 100T pick Ascent; Pearl remains,https://www.vlr.gg/488020/100-thieves-vs-mibr-esports-world-cup-2025-decider
490309,2025-06-07,2025-06-07 12:00:00,2282,2025 Masters Toronto,9,International,Swiss Stage: Round 1,TH,PRX,EMEA,Pacific,0,2,3,PRX,0,True,True,10.10,0.5958051125191173,3.0,False,PRX ban Haven; TH ban Split; PRX pick Pearl; TH pick Icebox; PRX ban Ascent; TH ban Sunset; Lotus remains,https://www.vlr.gg/490309/team-heretics-vs-paper-rex-champions-tour-2025-masters-toronto-r1
490307,2025-06-07,2025-06-07 14:10:00,2282,2025 Masters Toronto,9,International,Swiss Stage: Round 1,BLG,TL,China,EMEA,2,1,3,BLG,1,True,True,10.10,,,,BLG ban Split; TL ban Pearl; BLG pick Icebox; TL pick Haven; BLG ban Lotus; TL ban Ascent; Sunset remains,https://www.vlr.gg/490307/bilibili-gaming-vs-team-liquid-champions-tour-2025-masters-toronto-r1
490308,2025-06-08,2025-06-08 12:00:00,2282,2025 Masters Toronto,9,International,Swiss Stage: Round 1,SEN,WOL,Americas,China,2,0,3,SEN,1,True,True,10.10,0.8226975585894072,3.0,False,WOL ban Haven; SEN ban Sunset; WOL pick Split; SEN pick Lotus; WOL ban Pearl; SEN ban Ascent; Icebox remains,https://www.vlr.gg/490308/sentinels-vs-wolves-esports-champions-tour-2025-masters-toronto-r1
490306,2025-06-08,2025-06-08 14:45:00,2282,2025 Masters Toronto,9,International,Swiss Stage: Round 1,GEN,MIBR,Pacific,Americas,2,0,3,GEN,1,True,True,10.10,0.5921326377108471,3.0,False,MIBR ban Lotus; GEN ban Icebox; MIBR pick Sunset; GEN pick Haven; MIBR ban Pearl; GEN ban Split; Ascent remains,https://www.vlr.gg/490306/gen-g-vs-mibr-champions-tour-2025-masters-toronto-r1
490311,2025-06-09,2025-06-09 12:00:00,2282,2025 Masters Toronto,9,International,Swiss Stage: Round 2 (1-0),BLG,SEN,China,Americas,1,2,3,SEN,0,True,True,10.10,0.26799351086139367,3.0,False,BLG ban Haven; SEN ban Ascent; BLG pick Icebox; SEN pick Sunset; BLG ban Pearl; SEN ban Split; Lotus remains,https://www.vlr.gg/490311/bilibili-gaming-vs-sentinels-champions-tour-2025-masters-toronto-r2-1-0
490310,2025-06-09,2025-06-09 15:30:00,2282,2025 Masters Toronto,9,International,Swiss Stage: Round 2 (1-0),PRX,GEN,Pacific,Pacific,0,2,3,GEN,0,True,True,10.10,0.4777257071876235,3.0,False,GEN ban Pearl; PRX ban Haven; GEN pick Ascent; PRX pick Icebox; GEN ban Sunset; PRX ban Lotus; Split remains,https://www.vlr.gg/490310/paper-rex-vs-gen-g-champions-tour-2025-masters-toronto-r2-1-0
490312,2025-06-10,2025-06-10 12:00:00,2282,2025 Masters Toronto,9,International,Swiss Stage: Round 2 (0-1),TH,WOL,EMEA,China,0,2,3,WOL,0,True,True,10.10,0.806323283082077,3.0,False,WOL ban Haven; TH ban Split; WOL pick Pearl; TH pick Lotus; WOL ban Sunset; TH ban Icebox; Ascent remains,https://www.vlr.gg/490312/team-heretics-vs-wolves-esports-valorant-masters-2025-toronto-r2-0-1
490313,2025-06-10,2025-06-10 14:30:00,2282,2025 Masters Toronto,9,International,Swiss Stage: Round 2 (0-1),TL,MIBR,EMEA,Americas,2,0,3,TL,1,True,True,10.10,0.5810301507537687,3.0,False,MIBR ban Haven; TL ban Pearl; MIBR pick Icebox; TL pick Sunset; MIBR ban Lotus; TL ban Ascent; Split remains,https://www.vlr.gg/490313/team-liquid-vs-mibr-valorant-masters-2025-toronto-r2-0-1
490315,2025-06-11,2025-06-11 12:00:00,2282,2025 Masters Toronto,9,International,Swiss Stage: Round 3 (1-1),BLG,WOL,China,China,0,2,3,WOL,0,True,True,10.10,0.6158478342123843,3.0,False,BLG ban Haven; WOL ban Icebox; BLG pick Ascent; WOL pick Split; BLG ban Lotus; WOL ban Sunset; Pearl remains,https://www.vlr.gg/490315/bilibili-gaming-vs-wolves-esports-valorant-masters-2025-toronto-r3-1-1
490314,2025-06-11,2025-06-11 14:30:00,2282,2025 Masters Toronto,9,International,Swiss Stage: Round 3 (1-1),PRX,TL,Pacific,EMEA,2,1,3,PRX,1,True,True,10.10,0.5883849627886265,3.0,False,PRX ban Haven; TL ban Pearl; PRX pick Split; TL pick Sunset; PRX ban Ascent; TL ban Icebox; Lotus remains,https://www.vlr.gg/490314/paper-rex-vs-team-liquid-valorant-masters-toronto-2025-r3-1-1
498622,2025-06-13,2025-06-13 12:00:00,2282,2025 Masters Toronto,9,International,Playoffs: Upper Quarterfinals,G2,PRX,Americas,Pacific,0,2,3,PRX,0,True,True,10.10,0.6631709270992644,3.0,False,PRX ban Haven; G2 ban Sunset; PRX pick Split; G2 pick Lotus; PRX ban Ascent; G2 ban Pearl; Icebox remains,https://www.vlr.gg/498622/g2-esports-vs-paper-rex-valorant-masters-toronto-2025-ubqf
498621,2025-06-13,2025-06-13 14:25:00,2282,2025 Masters Toronto,9,International,Playoffs: Upper Quarterfinals,XLG,SEN,China,Americas,0,2,3,SEN,0,True,True,10.10,0.3675862304720884,3.0,False,XLG ban Split; SEN ban Haven; XLG pick Sunset; SEN pick Lotus; XLG ban Ascent; SEN ban Icebox; Pearl remains,https://www.vlr.gg/498621/xi-lai-gaming-vs-sentinels-valorant-masters-toronto-2025-ubqf
498623,2025-06-14,2025-06-14 12:00:00,2282,2025 Masters Toronto,9,International,Playoffs: Upper Quarterfinals,RRQ,WOL,Pacific,China,0,2,3,WOL,0,True,True,10.10,0.6339967554306969,3.0,False,WOL ban Haven; RRQ ban Split; WOL pick Ascent; RRQ pick Icebox; WOL ban Sunset; RRQ ban Pearl; Lotus remains,https://www.vlr.gg/498623/rex-regum-qeon-vs-wolves-esports-valorant-masters-toronto-2025-ubqf
498624,2025-06-14,2025-06-14 14:30:00,2282,2025 Masters Toronto,9,International,Playoffs: Upper Quarterfinals,FNC,GEN,EMEA,Pacific,1,2,3,GEN,0,True,True,10.10,0.47179077204202835,3.0,False,GEN ban Icebox; FNC ban Pearl; GEN pick Haven; FNC pick Split; GEN ban Lotus; FNC ban Ascent; Sunset remains,https://www.vlr.gg/498624/fnatic-vs-gen-g-valorant-masters-toronto-2025-ubqf
498629,2025-06-15,2025-06-15 12:00:00,2282,2025 Masters Toronto,9,International,Playoffs: Lower Round 1,XLG,G2,China,Americas,0,2,3,G2,0,True,True,10.10,0.778655180665231,3.0,False,XLG ban Split; G2 ban Sunset; XLG pick Icebox; G2 pick Haven; XLG ban Lotus; G2 ban Ascent; Pearl remains,https://www.vlr.gg/498629/xi-lai-gaming-vs-g2-esports-valorant-masters-toronto-2025-lr1
498630,2025-06-15,2025-06-15 14:10:00,2282,2025 Masters Toronto,9,International,Playoffs: Lower Round 1,RRQ,FNC,Pacific,EMEA,1,2,3,FNC,0,True,True,10.10,0.3263418541985288,3.0,False,FNC ban Pearl; RRQ ban Split; FNC pick Lotus; RRQ pick Haven; FNC ban Sunset; RRQ ban Icebox; Ascent remains,https://www.vlr.gg/498630/rex-regum-qeon-vs-fnatic-valorant-masters-toronto-2025-lr1
498626,2025-06-16,2025-06-16 12:00:00,2282,2025 Masters Toronto,9,International,Playoffs: Upper Semifinals,WOL,GEN,China,Pacific,2,0,3,WOL,1,True,True,10.10,0.24084151326581094,3.0,False,WOL ban Haven; GEN ban Pearl; WOL pick Split; GEN pick Sunset; WOL ban Icebox; GEN ban Ascent; Lotus remains,https://www.vlr.gg/498626/wolves-esports-vs-gen-g-valorant-masters-toronto-2025-ubsf
498625,2025-06-16,2025-06-16 14:30:00,2282,2025 Masters Toronto,9,International,Playoffs: Upper Semifinals,SEN,PRX,Americas,Pacific,0,2,3,PRX,0,True,True,10.10,0.5158082077051926,3.0,False,PRX ban Haven; SEN ban Icebox; PRX pick Split; SEN pick Sunset; PRX ban Ascent; SEN ban Lotus; Pearl remains,https://www.vlr.gg/498625/sentinels-vs-paper-rex-valorant-masters-toronto-2025-ubsf
498631,2025-06-17,2025-06-17 12:00:00,2282,2025 Masters Toronto,9,International,Playoffs: Lower Round 2,GEN,G2,Pacific,Americas,1,2,3,G2,0,True,True,10.10,0.4974874371859298,3.0,False,G2 ban Sunset; GEN ban Pearl; G2 pick Lotus; GEN pick Haven; G2 ban Split; GEN ban Ascent; Icebox remains,https://www.vlr.gg/498631/gen-g-vs-g2-esports-valorant-masters-toronto-2025-lr2
498632,2025-06-17,2025-06-17 15:35:00,2282,2025 Masters Toronto,9,International,Playoffs: Lower Round 2,SEN,FNC,Americas,EMEA,1,2,3,FNC,0,True,True,10.10,0.4116150372113735,3.0,False,SEN ban Split; FNC ban Pearl; SEN pick Sunset; FNC pick Ascent; SEN ban Haven; FNC ban Lotus; Icebox remains,https://www.vlr.gg/498632/sentinels-vs-fnatic-valorant-masters-toronto-2025-lr2
498627,2025-06-20,2025-06-20 12:00:00,2282,2025 Masters Toronto,9,International,Playoffs: Upper Final,PRX,WOL,Pacific,China,2,0,3,PRX,1,True,True,10.10,0.6572003703569808,2.0,False,PRX ban Haven; WOL ban Icebox; PRX pick Lotus; WOL pick Ascent; PRX ban Pearl; WOL ban Sunset; Split remains,https://www.vlr.gg/498627/paper-rex-vs-wolves-esports-valorant-masters-toronto-2025-ubf
498633,2025-06-20,2025-06-20 14:40:00,2282,2025 Masters Toronto,9,International,Playoffs: Lower Round 3,G2,FNC,Americas,EMEA,0,2,3,FNC,0,True,True,10.10,0.557310361330462,3.0,False,G2 ban Ascent; FNC ban Pearl; G2 pick Lotus; FNC pick Split; G2 ban Icebox; FNC ban Sunset; Haven remains,https://www.vlr.gg/498633/g2-esports-vs-fnatic-valorant-masters-toronto-2025-lr3
498634,2025-06-21,2025-06-21 12:00:00,2282,2025 Masters Toronto,9,International,Playoffs: Lower Final,WOL,FNC,China,EMEA,1,3,5,FNC,0,True,True,10.10,0.2820285827994937,2.0,False,FNC ban Pearl; WOL ban Haven; FNC pick Split; WOL pick Icebox; FNC pick Lotus; WOL pick Ascent; Sunset remains,https://www.vlr.gg/498634/wolves-esports-vs-fnatic-valorant-masters-toronto-2025-lbf
507067,2025-06-22,2025-06-22 12:00:00,2282,2025 Masters Toronto,9,International,Showmatch: Showmatch,tarik,Team,Unknown,Unknown,0,1,1,Team,0,True,True,,,,,,https://www.vlr.gg/507067/team-tarik-vs-team-toast-valorant-masters-toronto-2025-showmatch
498628,2025-06-22,2025-06-22 13:15:00,2282,2025 Masters Toronto,9,International,Playoffs: Grand Final,PRX,FNC,Pacific,EMEA,3,1,5,PRX,1,True,True,10.10,0.5164871860769944,2.0,False,PRX ban Haven; PRX ban Ascent; PRX pick Sunset; FNC pick Icebox; PRX pick Pearl; FNC pick Lotus; Split remains,https://www.vlr.gg/498628/paper-rex-vs-fnatic-valorant-masters-toronto-2025-gf
506930,2025-07-03,2025-07-03 07:00:00,2499,2025 China Stage 2,12,China,Group Stage: Week 1,EDG,TEC,China,China,2,0,3,EDG,1,False,True,,0.7945711463299403,3.0,False,EDG ban Bind; TEC ban Haven; EDG pick Sunset; TEC pick Corrode; EDG ban Lotus; TEC ban Ascent; Icebox remains,https://www.vlr.gg/506930/edward-gaming-vs-titan-esports-club-vct-2025-china-stage-2-w1
506931,2025-07-04,2025-07-04 07:00:00,2499,2025 China Stage 2,12,China,Group Stage: Week 1,BLG,TYL,China,China,2,0,3,BLG,1,False,True,,,,,TYL ban Sunset; BLG ban Corrode; TYL pick Bind; BLG pick Lotus; TYL ban Ascent; BLG ban Haven; Icebox remains,https://www.vlr.gg/506931/bilibili-gaming-vs-tyloo-vct-2025-china-stage-2-w1
506932,2025-07-05,2025-07-05 05:00:00,2499,2025 China Stage 2,12,China,Group Stage: Week 1,AG,XLG,China,China,1,2,3,XLG,0,False,True,,0.1392145914758982,3.0,False,XLG ban Corrode; AG ban Bind; XLG pick Sunset; AG pick Lotus; XLG ban Haven; AG ban Icebox; Ascent remains,https://www.vlr.gg/506932/all-gamers-vs-xi-lai-gaming-vct-2025-china-stage-2-w1
506933,2025-07-05,2025-07-05 07:45:00,2499,2025 China Stage 2,12,China,Group Stage: Week 1,WOL,FPX,China,China,0,2,3,FPX,0,False,True,,0.7678169735100732,2.0,False,FPX ban Lotus; WOL ban Haven; FPX pick Sunset; WOL pick Corrode; FPX ban Icebox; WOL ban Ascent; Bind remains,https://www.vlr.gg/506933/wolves-esports-vs-funplus-phoenix-vct-2025-china-stage-2-w1
506934,2025-07-06,2025-07-06 05:00:00,2499,2025 China Stage 2,12,China,Group Stage: Week 1,DRG,NOVA,China,China,2,1,3,DRG,1,False,True,,0.4767426877979642,3.0,False,DRG ban Corrode; NOVA ban Bind; DRG pick Lotus; NOVA pick Icebox; DRG ban Haven; NOVA ban Sunset; Ascent remains,https://www.vlr.gg/506934/dragon-ranger-gaming-vs-nova-esports-vct-2025-china-stage-2-w1
506935,2025-07-06,2025-07-06 08:05:00,2499,2025 China Stage 2,12,China,Group Stage: Week 1,JDG,TE,China,China,1,2,3,TE,0,False,True,,0.29572102938937117,3.0,False,JDG ban Bind; TE ban Corrode; JDG pick Icebox; TE pick Lotus; JDG ban Sunset; TE ban Ascent; Haven remains,https://www.vlr.gg/506935/jdg-esports-vs-trace-esports-vct-2025-china-stage-2-w1
510127,2025-07-08,2025-07-08 05:00:00,2449,2025 Esports World Cup,10,International,Group Stage: Opening (A),PRX,BLG,Pacific,China,1,0,1,PRX,1,True,True,11.0,0.7042789706106288,3.0,False,PRX ban Haven; BLG ban Pearl; PRX ban Icebox; BLG ban Split; PRX ban Ascent; BLG ban Sunset; Lotus remains,https://www.vlr.gg/510127/paper-rex-vs-bilibili-gaming-esports-world-cup-2025-opening-a
510128,2025-07-08,2025-07-08 05:00:00,2449,2025 Esports World Cup,10,International,Group Stage: Opening (A),G2,KC,Americas,EMEA,0,1,1,KC,0,True,True,11.0,0.5055062546776437,3.0,False,KC ban Split; G2 ban Icebox; KC ban Ascent; G2 ban Haven; KC ban Pearl; G2 ban Lotus; Sunset remains,https://www.vlr.gg/510128/g2-esports-vs-karmine-corp-esports-world-cup-2025-opening-a
510133,2025-07-08,2025-07-08 06:30:00,2449,2025 Esports World Cup,10,International,Group Stage: Opening (B),SEN,BBL,Americas,EMEA,0,1,1,BBL,0,True,True,11.0,0.5676054692064977,3.0,False,BBL ban Sunset; SEN ban Pearl; BBL ban Lotus; SEN ban Ascent; BBL ban Split; SEN ban Haven; Icebox remains,https://www.vlr.gg/510133/sentinels-vs-bbl-esports-esports-world-cup-2025-opening-b
510134,2025-07-08,2025-07-08 06:45:00,2449,2025 Esports World Cup,10,International,Group Stage: Opening (B),KRX,XLG,Pacific,China,1,0,1,KRX,1,True,True,11.0,0.7042789706106288,3.0,False,KRX ban Pearl; XLG ban Ascent; KRX ban Sunset; XLG ban Split; KRX ban Icebox; XLG ban Lotus; Haven remains,https://www.vlr.gg/510134/drx-vs-xi-lai-gaming-esports-world-cup-2025-opening-b
510139,2025-07-08,2025-07-08 08:00:00,2449,2025 Esports World Cup,10,International,Group Stage: Opening (C),RRQ,TEC,Pacific,China,1,0,1,RRQ,1,True,True,11.0,0.6546818600042466,3.0,False,TEC ban Ascent; RRQ ban Split; TEC ban Pearl; RRQ ban Lotus; TEC ban Haven; RRQ ban Icebox; Sunset remains,https://www.vlr.gg/510139/rex-regum-qeon-vs-titan-esports-club-esports-world-cup-2025-opening-c
510138,2025-07-08,2025-07-08 08:20:00,2449,2025 Esports World Cup,10,International,Group Stage: Opening (C),NRG,TH,Americas,EMEA,1,0,1,NRG,1,True,True,11.0,0.4225673823663773,3.0,False,NRG ban Ascent; TH ban Split; NRG ban Haven; TH ban Pearl; NRG ban Sunset; TH ban Icebox; Lotus remains,https://www.vlr.gg/510138/nrg-vs-team-heretics-esports-world-cup-2025-opening-c
510144,2025-07-08,2025-07-08 09:30:00,2449,2025 Esports World Cup,10,International,Group Stage: Opening (D),GEN,EDG,Pacific,China,1,0,1,GEN,1,True,True,11.0,0.5810301507537687,3.0,False,EDG ban Split; GEN ban Sunset; EDG ban Pearl; GEN ban Ascent; EDG ban Haven; GEN ban Lotus; Icebox remains,https://www.vlr.gg/510144/gen-g-vs-edward-gaming-esports-world-cup-2025-opening-d
510143,2025-07-08,2025-07-08 09:45:00,2449,2025 Esports World Cup,10,International,Group Stage: Opening (D),100T,FNC,Americas,EMEA,0,1,1,FNC,0,True,True,11.0,0.3263418541985288,3.0,False,100T ban Lotus; FNC ban Pearl; 100T ban Split; FNC ban Haven; 100T ban Sunset; FNC ban Ascent; Icebox remains,https://www.vlr.gg/510143/100-thieves-vs-fnatic-esports-world-cup-2025-opening-d
510129,2025-07-08,2025-07-08 10:45:00,2449,2025 Esports World Cup,10,International,Group Stage: Winner's (A),PRX,KC,Pacific,EMEA,2,0,3,PRX,1,True,True,11.0,0.7042789706106288,3.0,False,PRX ban Haven; KC ban Split; PRX pick Lotus; KC pick Icebox; PRX ban Ascent; KC ban Pearl; Sunset remains,https://www.vlr.gg/510129/paper-rex-vs-karmine-corp-esports-world-cup-2025-winners-a
510135,2025-07-08,2025-07-08 11:55:00,2449,2025 Esports World Cup,10,International,Group Stage: Winner's (B),BBL,KRX,EMEA,Pacific,2,0,3,BBL,1,True,True,11.0,0.40419488748088267,3.0,False,BBL ban Split; KRX ban Pearl; BBL pick Sunset; KRX pick Ascent; BBL ban Lotus; KRX ban Icebox; Haven remains,https://www.vlr.gg/510135/bbl-esports-vs-drx-esports-world-cup-2025-winners-b
510145,2025-07-08,2025-07-08 12:45:00,2449,2025 Esports World Cup,10,International,Group Stage: Winner's (D),FNC,GEN,EMEA,Pacific,2,0,3,FNC,1,True,True,11.0,0.48419179229480735,3.0,False,GEN ban Split; FNC ban Pearl; GEN pick Ascent; FNC pick Icebox; GEN ban Lotus; FNC ban Haven; Sunset remains,https://www.vlr.gg/510145/fnatic-vs-gen-g-esports-world-cup-2025-winners-d
510140,2025-07-08,2025-07-08 14:15:00,2449,2025 Esports World Cup,10,International,Group Stage: Winner's (C),NRG,RRQ,Americas,Pacific,2,0,3,NRG,1,True,True,11.0,0.5883849627886265,3.0,False,NRG ban Haven; RRQ ban Lotus; NRG pick Split; RRQ pick Pearl; NRG ban Sunset; RRQ ban Ascent; Icebox remains,https://www.vlr.gg/510140/nrg-vs-rex-regum-qeon-esports-world-cup-2025-winners-c
510131,2025-07-09,2025-07-09 05:00:00,2449,2025 Esports World Cup,10,International,Group Stage: Elimination (A),BLG,G2,China,Americas,2,1,3,BLG,1,True,True,11.0,,,,BLG ban Split; G2 ban Ascent; BLG pick Sunset; G2 pick Pearl; BLG ban Lotus; G2 ban Haven; Icebox remains,https://www.vlr.gg/510131/bilibili-gaming-vs-g2-esports-esports-world-cup-2025-elim-a
510136,2025-07-09,2025-07-09 05:00:00,2449,2025 Esports World Cup,10,International,Group Stage: Elimination (B),SEN,XLG,Americas,China,2,1,3,SEN,1,True,True,11.0,0.8375209380234504,3.0,False,XLG ban Split; SEN ban Ascent; XLG pick Lotus; SEN pick Sunset; XLG ban Pearl; SEN ban Icebox; Haven remains,https://www.vlr.gg/510136/sentinels-vs-xi-lai-gaming-esports-world-cup-2025-elim-b
510146,2025-07-09,2025-07-09 08:15:00,2449,2025 Esports World Cup,10,International,Group Stage: Elimination (D),100T,EDG,Americas,China,1,2,3,EDG,0,True,True,11.0,0.47477500496834457,3.0,False,100T ban Lotus; EDG ban Split; 100T pick Haven; EDG pick Sunset; 100T ban Pearl; EDG ban Icebox; Ascent remains,https://www.vlr.gg/510146/100-thieves-vs-edward-gaming-esports-world-cup-2025-elim-d
510141,2025-07-09,2025-07-09 09:25:00,2449,2025 Esports World Cup,10,International,Group Stage: Elimination (C),TH,TEC,EMEA,China,2,1,3,TH,1,True,True,11.0,0.8451347647327546,3.0,False,TEC ban Pearl; TH ban Split; TEC pick Icebox; TH pick Haven; TEC ban Ascent; TH ban Lotus; Sunset remains,https://www.vlr.gg/510141/team-heretics-vs-titan-esports-club-esports-world-cup-2025-elim-c
510132,2025-07-10,2025-07-10 05:00:00,2449,2025 Esports World Cup,10,International,Group Stage: Decider (A),KC,BLG,EMEA,China,2,1,3,KC,1,True,True,11.0,0.5997730588426,3.0,False,KC ban Ascent; BLG ban Haven; KC pick Icebox; BLG pick Lotus; KC ban Split; BLG ban Pearl; Sunset remains,https://www.vlr.gg/510132/karmine-corp-vs-bilibili-gaming-esports-world-cup-2025-decider-a
510137,2025-07-10,2025-07-10 05:00:00,2449,2025 Esports World Cup,10,International,Group Stage: Decider (B),KRX,SEN,Pacific,Americas,0,2,3,SEN,0,True,True,11.0,0.5696072957379491,3.0,False,KRX ban Pearl; SEN ban Split; KRX pick Lotus; SEN pick Sunset; KRX ban Icebox; SEN ban Ascent; Haven remains,https://www.vlr.gg/510137/drx-vs-sentinels-esports-world-cup-2025-decider-b
510142,2025-07-10,2025-07-10 07:15:00,2449,2025 Esports World Cup,10,International,Group Stage: Decider (C),RRQ,TH,Pacific,EMEA,0,2,3,TH,0,True,True,11.0,0.4595068365081221,3.0,False,TH ban Pearl; RRQ ban Lotus; TH pick Sunset; RRQ pick Icebox; TH ban Split; RRQ ban Haven; Ascent remains,https://www.vlr.gg/510142/rex-regum-qeon-vs-team-heretics-esports-world-cup-2025-decider-c
510147,2025-07-10,2025-07-10 08:15:00,2449,2025 Esports World Cup,10,International,Group Stage: Decider (D),GEN,EDG,Pacific,China,2,0,3,GEN,1,True,True,11.0,0.6411367180731242,3.0,False,EDG ban Split; GEN ban Sunset; EDG pick Lotus; GEN pick Haven; EDG ban Pearl; GEN ban Ascent; Icebox remains,https://www.vlr.gg/510147/gen-g-vs-edward-gaming-esports-world-cup-2025-decider-d
510149,2025-07-11,2025-07-11 05:00:00,2449,2025 Esports World Cup,10,International,Playoffs: Quarterfinals,FNC,KC,EMEA,EMEA,2,0,3,FNC,1,True,True,11.0,0.7437185929648241,3.0,False,KC ban Split; FNC ban Pearl; KC pick Sunset; FNC pick Ascent; KC ban Lotus; FNC ban Haven; Icebox remains,https://www.vlr.gg/510149/fnatic-vs-karmine-corp-esports-world-cup-2025-qf
510150,2025-07-11,2025-07-11 05:00:00,2449,2025 Esports World Cup,10,International,Playoffs: Quarterfinals,PRX,SEN,Pacific,Americas,2,0,3,PRX,1,True,True,11.0,0.6736581458014712,3.0,False,PRX ban Haven; SEN ban Split; PRX pick Icebox; SEN pick Sunset; PRX ban Ascent; SEN ban Pearl; Lotus remains,https://www.vlr.gg/510150/paper-rex-vs-sentinels-esports-world-cup-2025-qf
510151,2025-07-11,2025-07-11 07:05:00,2449,2025 Esports World Cup,10,International,Playoffs: Quarterfinals,NRG,GEN,Americas,Pacific,0,2,3,GEN,0,True,True,11.0,0.34531813999575345,3.0,False,GEN ban Pearl; NRG ban Haven; GEN pick Sunset; NRG pick Icebox; GEN ban Split; NRG ban Ascent; Lotus remains,https://www.vlr.gg/510151/nrg-vs-gen-g-esports-world-cup-2025-qf
510152,2025-07-11,2025-07-11 08:15:00,2449,2025 Esports World Cup,10,International,Playoffs: Quarterfinals,BBL,TH,EMEA,EMEA,0,2,3,TH,0,True,True,11.0,0.5256896728540663,3.0,False,BBL ban Sunset; TH ban Pearl; BBL pick Ascent; TH pick Haven; BBL ban Lotus; TH ban Split; Icebox remains,https://www.vlr.gg/510152/bbl-esports-vs-team-heretics-esports-world-cup-2025-qf
510153,2025-07-12,2025-07-12 05:00:00,2449,2025 Esports World Cup,10,International,Playoffs: Semifinals,FNC,PRX,EMEA,Pacific,2,1,3,FNC,1,True,True,11.0,0.5997730588426,3.0,False,PRX ban Haven; FNC ban Pearl; PRX pick Sunset; FNC pick Ascent; PRX ban Icebox; FNC ban Lotus; Split remains,https://www.vlr.gg/510153/fnatic-vs-paper-rex-esports-world-cup-2025-sf
510154,2025-07-12,2025-07-12 08:15:00,2449,2025 Esports World Cup,10,International,Playoffs: Semifinals,GEN,TH,Pacific,EMEA,1,2,3,TH,0,True,True,11.0,0.6325501022901067,3.0,False,TH ban Split; GEN ban Sunset; TH pick Ascent; GEN pick Haven; TH ban Pearl; GEN ban Icebox; Lotus remains,https://www.vlr.gg/510154/gen-g-vs-team-heretics-esports-world-cup-2025-sf
510156,2025-07-13,2025-07-13 04:00:00,2449,2025 Esports World Cup,10,International,Playoffs: Consolation Final,PRX,GEN,Pacific,Pacific,0,2,3,GEN,0,True,True,11.0,0.557310361330462,3.0,False,PRX ban Haven; GEN ban Pearl; PRX pick Sunset; GEN pick Ascent; PRX ban Split; GEN ban Icebox; Lotus remains,https://www.vlr.gg/510156/paper-rex-vs-gen-g-esports-world-cup-2025-cf
510155,2025-07-13,2025-07-13 06:30:00,2449,2025 Esports World Cup,10,International,Playoffs: Grand Final,FNC,TH,EMEA,EMEA,2,3,5,TH,0,True,True,11.0,0.7001134705787,3.0,False,FNC ban Pearl; TH ban Split; FNC pick Lotus; TH pick Sunset; FNC pick Icebox; TH pick Haven; Ascent remains,https://www.vlr.gg/510155/fnatic-vs-team-heretics-esports-world-cup-2025-gf
508815,2025-07-15,2025-07-15 04:00:00,2500,2025 Pacific Stage 2,13,Pacific,Group Stage: Week 1,BME,TLN,Pacific,Pacific,0,2,3,TLN,0,False,True,11.0,0.6044050037421149,3.0,False,BME ban Sunset; TLN ban Ascent; BME pick Bind; TLN pick Icebox; BME ban Lotus; TLN ban Corrode; Haven remains,https://www.vlr.gg/508815/boom-esports-vs-talon-vct-2025-pacific-stage-2-w1
508816,2025-07-15,2025-07-15 06:15:00,2500,2025 Pacific Stage 2,13,Pacific,Group Stage: Week 1,NS,TS,Pacific,Pacific,2,1,3,NS,1,False,True,11.0,0.6640344580043072,3.0,False,NS ban Icebox; TS ban Bind; NS pick Sunset; TS pick Ascent; NS ban Corrode; TS ban Haven; Lotus remains,https://www.vlr.gg/508816/nongshim-redforce-vs-team-secret-vct-2025-pacific-stage-2-w1
508817,2025-07-16,2025-07-16 04:00:00,2500,2025 Pacific Stage 2,13,Pacific,Group Stage: Week 1,T1,PRX,Pacific,Pacific,0,2,3,PRX,0,False,True,11.0,0.3588632819268758,3.0,False,T1 ban Icebox; PRX ban Corrode; T1 pick Haven; PRX pick Lotus; T1 ban Bind; PRX ban Ascent; Sunset remains,https://www.vlr.gg/508817/t1-vs-paper-rex-vct-2025-pacific-stage-2-w1
508818,2025-07-16,2025-07-16 06:35:00,2500,2025 Pacific Stage 2,13,Pacific,Group Stage: Week 1,KRX,GEN,Pacific,Pacific,0,2,3,GEN,0,False,True,11.0,0.3496100856533155,2.0,False,KRX ban Sunset; GEN ban Bind; KRX pick Corrode; GEN pick Haven; KRX ban Lotus; GEN ban Ascent; Icebox remains,https://www.vlr.gg/508818/drx-vs-gen-g-vct-2025-pacific-stage-2-w1
506936,2025-07-16,2025-07-16 07:00:00,2499,2025 China Stage 2,12,China,Group Stage: Week 2,TE,TYL,China,China,0,2,3,TYL,0,False,True,,0.8524367871101539,3.0,False,TYL ban Sunset; TE ban Icebox; TYL pick Corrode; TE pick Bind; TYL ban Ascent; TE ban Lotus; Haven remains,https://www.vlr.gg/506936/trace-esports-vs-tyloo-vct-2025-china-stage-2-w2
511543,2025-07-16,2025-07-16 11:00:00,2498,2025 EMEA Stage 2,11,EMEA,Group Stage: Week 1,NAVI,APK,EMEA,EMEA,2,1,3,NAVI,1,False,True,11.0,0.726287688442211,3.0,False,NAVI ban Lotus; APK ban Bind; NAVI pick Icebox; APK pick Sunset; NAVI ban Haven; APK ban Ascent; Corrode remains,https://www.vlr.gg/511543/natus-vincere-vs-apeks-vct-2025-emea-stage-2-w1
511544,2025-07-16,2025-07-16 13:50:00,2498,2025 EMEA Stage 2,11,EMEA,Group Stage: Week 1,VIT,GX,EMEA,EMEA,0,2,3,GX,0,False,True,11.0,0.6679827709978464,3.0,False,VIT ban Ascent; GX ban Corrode; VIT pick Sunset; GX pick Bind; VIT ban Icebox; GX ban Haven; Lotus remains,https://www.vlr.gg/511544/team-vitality-vs-giantx-vct-2025-emea-stage-2-w1
508819,2025-07-17,2025-07-17 04:00:00,2500,2025 Pacific Stage 2,13,Pacific,Group Stage: Week 1,RRQ,GE,Pacific,Pacific,0,2,3,GE,0,False,True,11.0,0.7216622032317275,3.0,False,RRQ ban Lotus; GE ban Sunset; RRQ pick Haven; GE pick Corrode; RRQ ban Icebox; GE ban Ascent; Bind remains,https://www.vlr.gg/508819/rex-regum-qeon-vs-global-esports-vct-2025-pacific-stage-2-w1
508820,2025-07-17,2025-07-17 06:15:00,2500,2025 Pacific Stage 2,13,Pacific,Group Stage: Week 1,ZETA,DFM,Pacific,Pacific,1,2,3,DFM,0,False,True,11.0,0.5594084164900331,3.0,False,ZETA ban Ascent; DFM ban Bind; ZETA pick Haven; DFM pick Lotus; ZETA ban Corrode; DFM ban Sunset; Icebox remains,https://www.vlr.gg/508820/zeta-division-vs-detonation-focusme-vct-2025-pacific-stage-2-w1
506937,2025-07-17,2025-07-17 07:00:00,2499,2025 China Stage 2,12,China,Group Stage: Week 2,FPX,NOVA,China,China,2,1,3,FPX,1,False,True,,0.6367752438005179,2.0,False,NOVA ban Sunset; FPX ban Icebox; NOVA pick Haven; FPX pick Ascent; NOVA ban Corrode; FPX ban Lotus; Bind remains,https://www.vlr.gg/506937/funplus-phoenix-vs-nova-esports-vct-2025-china-stage-2-w2
511545,2025-07-17,2025-07-17 11:00:00,2498,2025 EMEA Stage 2,11,EMEA,Group Stage: Week 1,FUT,M8,EMEA,EMEA,2,1,3,FUT,1,False,True,11.0,0.563423176488503,3.0,False,FUT ban Icebox; M8 ban Corrode; FUT pick Bind; M8 pick Sunset; FUT ban Haven; M8 ban Ascent; Lotus remains,https://www.vlr.gg/511545/fut-esports-vs-gentle-mates-vct-2025-emea-stage-2-w1
511546,2025-07-17,2025-07-17 14:30:00,2498,2025 EMEA Stage 2,11,EMEA,Group Stage: Week 1,TL,MKOI,EMEA,EMEA,2,1,3,TL,1,False,True,11.0,0.8451347647327546,3.0,False,TL ban Haven; MKOI ban Corrode; TL pick Bind; MKOI pick Icebox; TL ban Sunset; MKOI ban Ascent; Lotus remains,https://www.vlr.gg/511546/team-liquid-vs-koi-vct-2025-emea-stage-2-w1
508821,2025-07-18,2025-07-18 04:00:00,2500,2025 Pacific Stage 2,13,Pacific,Group Stage: Week 1,KRX,NS,Pacific,Pacific,2,1,3,KRX,1,False,True,11.0,0.6411367180731242,3.0,False,KRX ban Sunset; NS ban Corrode; KRX pick Icebox; NS pick Bind; KRX ban Ascent; NS ban Haven; Lotus remains,https://www.vlr.gg/508821/drx-vs-nongshim-redforce-vct-2025-pacific-stage-2-w1
506938,2025-07-18,2025-07-18 05:00:00,2499,2025 China Stage 2,12,China,Group Stage: Week 2,AG,WOL,China,China,2,0,3,AG,1,False,True,,0.14756321288984603,3.0,False,WOL ban Sunset; AG ban Ascent; WOL pick Bind; AG pick Corrode; WOL ban Lotus; AG ban Icebox; Haven remains,https://www.vlr.gg/506938/all-gamers-vs-wolves-esports-vct-2025-china-stage-2-w2
506939,2025-07-18,2025-07-18 07:00:00,2499,2025 China Stage 2,12,China,Group Stage: Week 2,JDG,BLG,China,China,1,2,3,BLG,0,False,True,,,,,BLG ban Corrode; JDG ban Bind; BLG pick Sunset; JDG pick Ascent; BLG ban Haven; JDG ban Lotus; Icebox remains,https://www.vlr.gg/506939/jdg-esports-vs-bilibili-gaming-vct-2025-china-stage-2-w2
508822,2025-07-18,2025-07-18 07:10:00,2500,2025 Pacific Stage 2,13,Pacific,Group Stage: Week 1,BME,T1,Pacific,Pacific,0,2,3,T1,0,False,True,11.0,0.2848859683030539,3.0,False,T1 ban Bind; BME ban Icebox; T1 pick Ascent; BME pick Corrode; T1 ban Haven; BME ban Lotus; Sunset remains,https://www.vlr.gg/508822/boom-esports-vs-t1-vct-2025-pacific-stage-2-w1
511547,2025-07-18,2025-07-18 11:00:00,2498,2025 EMEA Stage 2,11,EMEA,Group Stage: Week 1,TH,BBL,EMEA,EMEA,2,1,3,TH,1,False,True,11.0,0.6197654941373534,3.0,False,BBL ban Bind; TH ban Corrode; BBL pick Icebox; TH pick Haven; BBL ban Ascent; TH ban Lotus; Sunset remains,https://www.vlr.gg/511547/team-heretics-vs-bbl-esports-vct-2025-emea-stage-2-w1
511548,2025-07-18,2025-07-18 14:15:00,2498,2025 EMEA Stage 2,11,EMEA,Group Stage: Week 1,FNC,KC,EMEA,EMEA,2,1,3,FNC,1,False,True,11.0,0.7437185929648241,3.0,False,KC ban Ascent; FNC ban Corrode; KC pick Bind; FNC pick Lotus; KC ban Sunset; FNC ban Haven; Icebox remains,https://www.vlr.gg/511548/fnatic-vs-karmine-corp-vct-2025-emea-stage-2-w1
509801,2025-07-18,2025-07-18 17:00:00,2501,2025 Americas Stage 2,14,Americas,Group Stage: Week 1,C9,FUR,Americas,Americas,2,0,3,C9,1,False,True,11.0,0.7945711463299403,3.0,False,FUR ban Lotus; C9 ban Icebox; FUR pick Haven; C9 pick Bind; FUR ban Sunset; C9 ban Ascent; Corrode remains,https://www.vlr.gg/509801/cloud9-vs-furia-vct-2025-americas-stage-2-w1
509802,2025-07-18,2025-07-18 19:10:00,2501,2025 Americas Stage 2,14,Americas,Group Stage: Week 1,LEV,LOUD,Americas,Americas,1,2,3,LOUD,0,False,True,11.0,0.5774326176336226,3.0,False,LEV ban Corrode; LOUD ban Lotus; LEV pick Bind; LOUD pick Ascent; LEV ban Sunset; LOUD ban Haven; Icebox remains,https://www.vlr.gg/509802/leviat-n-vs-loud-vct-2025-americas-stage-2-w1
508823,2025-07-19,2025-07-19 04:00:00,2500,2025 Pacific Stage 2,13,Pacific,Group Stage: Week 1,GE,TS,Pacific,Pacific,1,2,3,TS,0,False,True,11.0,0.5496777813534008,2.0,False,GE ban Sunset; TS ban Haven; GE pick Bind; TS pick Corrode; GE ban Ascent; TS ban Icebox; Lotus remains,https://www.vlr.gg/508823/global-esports-vs-team-secret-vct-2025-pacific-stage-2-w1
506940,2025-07-19,2025-07-19 05:00:00,2499,2025 China Stage 2,12,China,Group Stage: Week 2,TYL,TEC,China,China,2,0,3,TYL,1,False,True,,0.4426896386695381,3.0,False,TYL ban Sunset; TEC ban Corrode; TYL pick Haven; TEC pick Lotus; TYL ban Ascent; TEC ban Bind; Icebox remains,https://www.vlr.gg/506940/tyloo-vs-titan-esports-club-vct-2025-china-stage-2-w2
506941,2025-07-19,2025-07-19 07:10:00,2499,2025 China Stage 2,12,China,Group Stage: Week 2,TE,EDG,China,China,2,1,3,TE,1,False,True,,0.2582356225572306,3.0,False,EDG ban Haven; TE ban Corrode; EDG pick Sunset; TE pick Bind; EDG ban Ascent; TE ban Lotus; Icebox remains,https://www.vlr.gg/506941/trace-esports-vs-edward-gaming-vct-2025-china-stage-2-w2
508824,2025-07-19,2025-07-19 07:20:00,2500,2025 Pacific Stage 2,13,Pacific,Group Stage: Week 1,PRX,DFM,Pacific,Pacific,2,0,3,PRX,1,False,True,11.0,0.8607854085241018,3.0,False,PRX ban Corrode; DFM ban Bind; PRX pick Lotus; DFM pick Haven; PRX ban Ascent; DFM ban Sunset; Icebox remains,https://www.vlr.gg/508824/paper-rex-vs-detonation-focusme-vct-2025-pacific-stage-2-w1
509803,2025-07-19,2025-07-19 17:00:00,2501,2025 Americas Stage 2,14,Americas,Group Stage: Week 1,EG,2G,Americas,Americas,2,1,3,EG,1,False,True,11.0,0.7747068676716917,3.0,False,2G ban Icebox; EG ban Corrode; 2G pick Sunset; EG pick Lotus; 2G ban Bind; EG ban Haven; Ascent remains,https://www.vlr.gg/509803/evil-geniuses-vs-2game-esports-vct-2025-americas-stage-2-w1
509804,2025-07-19,2025-07-19 20:25:00,2501,2025 Americas Stage 2,14,Americas,Group Stage: Week 1,MIBR,KRÜ,Americas,Americas,1,2,3,KRÜ,0,False,True,11.0,,,,KRÜ ban Icebox; MIBR ban Bind; KRÜ pick Corrode; MIBR pick Ascent; KRÜ ban Lotus; MIBR ban Sunset; Haven remains,https://www.vlr.gg/509804/mibr-vs-kr-esports-vct-2025-americas-stage-2-w1
508825,2025-07-20,2025-07-20 04:00:00,2500,2025 Pacific Stage 2,13,Pacific,Group Stage: Week 1,TLN,ZETA,Pacific,Pacific,2,0,3,TLN,1,False,True,11.0,0.7321880721436639,2.0,False,TLN ban Ascent; ZETA ban Corrode; TLN pick Icebox; ZETA pick Bind; TLN ban Lotus; ZETA ban Sunset; Haven remains,https://www.vlr.gg/508825/talon-vs-zeta-division-vct-2025-pacific-stage-2-w1
506942,2025-07-20,2025-07-20 05:00:00,2499,2025 China Stage 2,12,China,Group Stage: Week 2,DRG,AG,China,China,2,1,3,DRG,1,False,True,,0.6593249937631419,2.0,False,DRG ban Bind; AG ban Ascent; DRG pick Lotus; AG pick Corrode; DRG ban Haven; AG ban Icebox; Sunset remains,https://www.vlr.gg/506942/dragon-ranger-gaming-vs-all-gamers-vct-2025-china-stage-2-w2
508826,2025-07-20,2025-07-20 06:00:00,2500,2025 Pacific Stage 2,13,Pacific,Group Stage: Week 1,RRQ,GEN,Pacific,Pacific,2,1,3,RRQ,1,False,True,11.0,0.29051507537688437,3.0,False,GEN ban Bind; RRQ ban Lotus; GEN pick Sunset; RRQ pick Ascent; GEN ban Corrode; RRQ ban Icebox; Haven remains,https://www.vlr.gg/508826/rex-regum-qeon-vs-gen-g-vct-2025-pacific-stage-2-w1
506943,2025-07-20,2025-07-20 08:10:00,2499,2025 China Stage 2,12,China,Group Stage: Week 2,XLG,WOL,China,China,2,0,3,XLG,1,False,True,,0.4892885480031737,3.0,False,XLG ban Icebox; WOL ban Sunset; XLG pick Haven; WOL pick Lotus; XLG ban Corrode; WOL ban Ascent; Bind remains,https://www.vlr.gg/506943/xi-lai-gaming-vs-wolves-esports-vct-2025-china-stage-2-w2
509805,2025-07-20,2025-07-20 17:00:00,2501,2025 Americas Stage 2,14,Americas,Group Stage: Week 1,100T,NRG,Americas,Americas,2,0,3,100T,1,False,True,11.0,0.38735343383584586,3.0,False,100T ban Lotus; NRG ban Haven; 100T pick Bind; NRG pick Sunset; 100T ban Icebox; NRG ban Ascent; Corrode remains,https://www.vlr.gg/509805/100-thieves-vs-nrg-vct-2025-americas-stage-2-w1
509806,2025-07-20,2025-07-20 19:00:00,2501,2025 Americas Stage 2,14,Americas,Group Stage: Week 1,SEN,G2,Americas,Americas,2,1,3,SEN,1,False,True,11.0,0.6116106850039672,3.0,False,SEN ban Bind; G2 ban Sunset; SEN pick Corrode; G2 pick Ascent; SEN ban Icebox; G2 ban Haven; Lotus remains,https://www.vlr.gg/509806/sentinels-vs-g2-esports-vct-2025-americas-stage-2-w1
506945,2025-07-23,2025-07-23 07:00:00,2499,2025 China Stage 2,12,China,Group Stage: Week 3,TEC,BLG,China,China,0,2,3,BLG,0,False,True,,,,,BLG ban Corrode; TEC ban Sunset; BLG pick Bind; TEC pick Ascent; BLG ban Icebox; TEC ban Haven; Lotus remains,https://www.vlr.gg/506945/titan-esports-club-vs-bilibili-gaming-vct-2025-china-stage-2-w3
511549,2025-07-23,2025-07-23 11:00:00,2498,2025 EMEA Stage 2,11,EMEA,Group Stage: Week 2,APK,KC,EMEA,EMEA,1,2,3,KC,0,False,True,11.0,0.19161022503823466,3.0,False,KC ban Ascent; APK ban Bind; KC pick Icebox; APK pick Sunset; KC ban Corrode; APK ban Haven; Lotus remains,https://www.vlr.gg/511549/apeks-vs-karmine-corp-vct-2025-emea-stage-2-w2
511550,2025-07-23,2025-07-23 14:30:00,2498,2025 EMEA Stage 2,11,EMEA,Group Stage: Week 2,GX,BBL,EMEA,EMEA,2,1,3,GX,1,False,True,11.0,0.3205683590365621,3.0,False,BBL ban Bind; GX ban Ascent; BBL pick Icebox; GX pick Lotus; BBL ban Sunset; GX ban Haven; Corrode remains,https://www.vlr.gg/511550/giantx-vs-bbl-esports-vct-2025-emea-stage-2-w2
506946,2025-07-24,2025-07-24 07:00:00,2499,2025 China Stage 2,12,China,Group Stage: Week 3,FPX,DRG,China,China,2,1,3,FPX,1,False,True,,0.6076132295464248,3.0,False,DRG ban Bind; FPX ban Lotus; DRG pick Haven; FPX pick Ascent; DRG ban Corrode; FPX ban Icebox; Sunset remains,https://www.vlr.gg/506946/funplus-phoenix-vs-dragon-ranger-gaming-vct-2025-china-stage-2-w3
511551,2025-07-24,2025-07-24 11:00:00,2498,2025 EMEA Stage 2,11,EMEA,Group Stage: Week 2,TL,NAVI,EMEA,EMEA,2,0,3,TL,1,False,True,11.0,0.6964536487149552,2.0,False,NAVI ban Lotus; TL ban Icebox; NAVI pick Corrode; TL pick Sunset; NAVI ban Haven; TL ban Ascent; Bind remains,https://www.vlr.gg/511551/team-liquid-vs-natus-vincere-vct-2025-emea-stage-2-w2
511552,2025-07-24,2025-07-24 13:05:00,2498,2025 EMEA Stage 2,11,EMEA,Group Stage: Week 2,M8,TH,EMEA,EMEA,1,2,3,TH,0,False,True,11.0,0.23169566842476852,3.0,False,M8 ban Sunset; TH ban Icebox; M8 pick Corrode; TH pick Ascent; M8 ban Haven; TH ban Lotus; Bind remains,https://www.vlr.gg/511552/gentle-mates-vs-team-heretics-vct-2025-emea-stage-2-w2
508828,2025-07-25,2025-07-25 04:00:00,2500,2025 Pacific Stage 2,13,Pacific,Group Stage: Week 2,GEN,GE,Pacific,Pacific,2,1,3,GEN,1,False,True,11.0,0.8083897749617653,3.0,False,GE ban Lotus; GEN ban Bind; GE pick Icebox; GEN pick Haven; GE ban Sunset; GEN ban Ascent; Corrode remains,https://www.vlr.gg/508828/gen-g-vs-global-esports-vct-2025-pacific-stage-2-w2
506947,2025-07-25,2025-07-25 05:00:00,2499,2025 China Stage 2,12,China,Group Stage: Week 3,NOVA,AG,China,China,1,2,3,AG,0,False,True,,0.6424429841515269,3.0,False,NOVA ban Sunset; AG ban Ascent; NOVA pick Haven; AG pick Corrode; NOVA ban Bind; AG ban Icebox; Lotus remains,https://www.vlr.gg/506947/nova-esports-vs-all-gamers-vct-2025-china-stage-2-w3
508829,2025-07-25,2025-07-25 06:50:00,2500,2025 Pacific Stage 2,13,Pacific,Group Stage: Week 2,TLN,DFM,Pacific,Pacific,1,2,3,DFM,0,False,True,11.0,0.7480628072612384,3.0,False,TLN ban Ascent; DFM ban Bind; TLN pick Sunset; DFM pick Corrode; TLN ban Haven; DFM ban Lotus; Icebox remains,https://www.vlr.gg/508829/talon-vs-detonation-focusme-vct-2025-pacific-stage-2-w2
506948,2025-07-25,2025-07-25 08:30:00,2499,2025 China Stage 2,12,China,Group Stage: Week 3,TYL,EDG,China,China,0,2,3,EDG,0,False,True,,0.29572102938937117,3.0,False,TYL ban Sunset; EDG ban Icebox; TYL pick Corrode; EDG pick Ascent; TYL ban Bind; EDG ban Haven; Lotus remains,https://www.vlr.gg/506948/tyloo-vs-edward-gaming-vct-2025-china-stage-2-w3
511553,2025-07-25,2025-07-25 11:00:00,2498,2025 EMEA Stage 2,11,EMEA,Group Stage: Week 2,FUT,VIT,EMEA,EMEA,0,2,3,VIT,0,False,True,11.0,0.5958051125191173,3.0,False,FUT ban Icebox; VIT ban Ascent; FUT pick Haven; VIT pick Lotus; FUT ban Corrode; VIT ban Sunset; Bind remains,https://www.vlr.gg/511553/fut-esports-vs-team-vitality-vct-2025-emea-stage-2-w2
511554,2025-07-25,2025-07-25 12:55:00,2498,2025 EMEA Stage 2,11,EMEA,Group Stage: Week 2,MKOI,FNC,EMEA,EMEA,0,2,3,FNC,0,False,True,11.0,0.11462072266092382,3.0,False,FNC ban Corrode; MKOI ban Bind; FNC pick Ascent; MKOI pick Haven; FNC ban Icebox; MKOI ban Lotus; Sunset remains,https://www.vlr.gg/511554/koi-vs-fnatic-vct-2025-emea-stage-2-w2
509807,2025-07-25,2025-07-25 17:00:00,2501,2025 Americas Stage 2,14,Americas,Group Stage: Week 2,2G,G2,Americas,Americas,0,2,3,G2,0,False,True,11.0,0.23169566842476852,3.0,False,2G ban Icebox; G2 ban Sunset; 2G pick Ascent; G2 pick Haven; 2G ban Corrode; G2 ban Bind; Lotus remains,https://www.vlr.gg/509807/2game-esports-vs-g2-esports-vct-2025-americas-stage-2-w2
509808,2025-07-25,2025-07-25 19:10:00,2501,2025 Americas Stage 2,14,Americas,Group Stage: Week 2,FUR,SEN,Americas,Americas,0,2,3,SEN,0,False,True,11.0,0.13519222975382295,2.0,False,SEN ban Ascent; FUR ban Lotus; SEN pick Sunset; FUR pick Icebox; SEN ban Bind; FUR ban Haven; Corrode remains,https://www.vlr.gg/509808/furia-vs-sentinels-vct-2025-americas-stage-2-w2
508830,2025-07-26,2025-07-26 04:00:00,2500,2025 Pacific Stage 2,13,Pacific,Group Stage: Week 2,T1,ZETA,Pacific,Pacific,2,0,3,T1,1,False,True,11.0,0.8607854085241018,3.0,False,ZETA ban Ascent; T1 ban Lotus; ZETA pick Corrode; T1 pick Sunset; ZETA ban Icebox; T1 ban Bind; Haven remains,https://www.vlr.gg/508830/t1-vs-zeta-division-vct-2025-pacific-stage-2-w2
506949,2025-07-26,2025-07-26 05:00:00,2499,2025 China Stage 2,12,China,Group Stage: Week 3,TEC,JDG,China,China,1,2,3,JDG,0,False,True,,,,,JDG ban Bind; TEC ban Corrode; JDG pick Lotus; TEC pick Haven; JDG ban Icebox; TEC ban Ascent; Sunset remains,https://www.vlr.gg/506949/titan-esports-club-vs-jdg-esports-vct-2025-china-stage-2-w3
508831,2025-07-26,2025-07-26 06:05:00,2500,2025 Pacific Stage 2,13,Pacific,Group Stage: Week 2,RRQ,NS,Pacific,Pacific,2,1,3,RRQ,1,False,True,11.0,0.5436539422257486,3.0,False,NS ban Sunset; RRQ ban Lotus; NS pick Corrode; RRQ pick Haven; NS ban Bind; RRQ ban Ascent; Icebox remains,https://www.vlr.gg/508831/rex-regum-qeon-vs-nongshim-redforce-vct-2025-pacific-stage-2-w2
506950,2025-07-26,2025-07-26 08:25:00,2499,2025 China Stage 2,12,China,Group Stage: Week 3,BLG,TE,China,China,1,2,3,TE,0,False,True,,0.6142538418232241,3.0,False,TE ban Lotus; BLG ban Corrode; TE pick Haven; BLG pick Icebox; TE ban Sunset; BLG ban Bind; Ascent remains,https://www.vlr.gg/506950/bilibili-gaming-vs-trace-esports-vct-2025-china-stage-2-w3
509809,2025-07-26,2025-07-26 17:00:00,2501,2025 Americas Stage 2,14,Americas,Group Stage: Week 2,100T,KRÜ,Americas,Americas,2,0,3,100T,1,False,True,11.0,0.5404931634918779,3.0,False,KRÜ ban Haven; 100T ban Lotus; KRÜ pick Corrode; 100T pick Bind; KRÜ ban Icebox; 100T ban Ascent; Sunset remains,https://www.vlr.gg/509809/100-thieves-vs-kr-esports-vct-2025-americas-stage-2-w2
509810,2025-07-26,2025-07-26 19:00:00,2501,2025 Americas Stage 2,14,Americas,Group Stage: Week 2,NRG,LOUD,Americas,Americas,2,0,3,NRG,1,False,True,11.0,0.563423176488503,3.0,False,LOUD ban Lotus; NRG ban Sunset; LOUD pick Haven; NRG pick Corrode; LOUD ban Icebox; NRG ban Ascent; Bind remains,https://www.vlr.gg/509810/nrg-vs-loud-vct-2025-americas-stage-2-w2
508832,2025-07-27,2025-07-27 04:00:00,2500,2025 Pacific Stage 2,13,Pacific,Group Stage: Week 2,KRX,TS,Pacific,Pacific,2,0,3,KRX,1,False,True,11.0,0.784639007000816,2.0,False,KRX ban Sunset; TS ban Haven; KRX pick Icebox; TS pick Corrode; KRX ban Bind; TS ban Lotus; Ascent remains,https://www.vlr.gg/508832/drx-vs-team-secret-vct-2025-pacific-stage-2-w2
506951,2025-07-27,2025-07-27 05:00:00,2499,2025 China Stage 2,12,China,Group Stage: Week 3,WOL,DRG,China,China,2,1,3,WOL,1,False,True,,0.5136178128210112,3.0,False,DRG ban Bind; WOL ban Sunset; DRG pick Lotus; WOL pick Icebox; DRG ban Haven; WOL ban Corrode; Ascent remains,https://www.vlr.gg/506951/wolves-esports-vs-dragon-ranger-gaming-vct-2025-china-stage-2-w3
508833,2025-07-27,2025-07-27 06:00:00,2500,2025 Pacific Stage 2,13,Pacific,Group Stage: Week 2,BME,PRX,Pacific,Pacific,0,2,3,PRX,0,False,True,11.0,0.15486523526724538,3.0,False,BME ban Icebox; PRX ban Ascent; BME pick Bind; PRX pick Lotus; BME ban Sunset; PRX ban Haven; Corrode remains,https://www.vlr.gg/508833/boom-esports-vs-paper-rex-vct-2025-pacific-stage-2-w2
506952,2025-07-27,2025-07-27 08:35:00,2499,2025 China Stage 2,12,China,Group Stage: Week 3,XLG,FPX,China,China,2,0,3,XLG,1,False,True,,0.47190266051067514,3.0,False,XLG ban Corrode; FPX ban Lotus; XLG pick Haven; FPX pick Sunset; XLG ban Icebox; FPX ban Bind; Ascent remains,https://www.vlr.gg/506952/xi-lai-gaming-vs-funplus-phoenix-vct-2025-china-stage-2-w3
509811,2025-07-27,2025-07-27 17:00:00,2501,2025 Americas Stage 2,14,Americas,Group Stage: Week 2,C9,EG,Americas,Americas,2,0,3,C9,1,False,True,11.0,0.5997730588426,3.0,False,EG ban Sunset; C9 ban Icebox; EG pick Lotus; C9 pick Haven; EG ban Corrode; C9 ban Ascent; Bind remains,https://www.vlr.gg/509811/cloud9-vs-evil-geniuses-vct-2025-americas-stage-2-w2
509812,2025-07-27,2025-07-27 19:25:00,2501,2025 Americas Stage 2,14,Americas,Group Stage: Week 2,MIBR,LEV,Americas,Americas,0,2,3,LEV,0,False,True,11.0,0.5696072957379491,3.0,False,MIBR ban Ascent; LEV ban Icebox; MIBR pick Lotus; LEV pick Sunset; MIBR ban Haven; LEV ban Corrode; Bind remains,https://www.vlr.gg/509812/mibr-vs-leviat-n-vct-2025-americas-stage-2-w2
511562,2025-07-30,2025-07-30 11:00:00,2498,2025 EMEA Stage 2,11,EMEA,Group Stage: Week 3,FUT,GX,EMEA,EMEA,2,1,3,FUT,1,False,True,11.0,0.4998108823688333,3.0,False,FUT ban Icebox; GX ban Ascent; FUT pick Sunset; GX pick Haven; FUT ban Lotus; GX ban Corrode; Bind remains,https://www.vlr.gg/511562/fut-esports-vs-giantx-vct-2025-emea-stage-2-w3
511563,2025-07-30,2025-07-30 14:10:00,2498,2025 EMEA Stage 2,11,EMEA,Group Stage: Week 3,M8,BBL,EMEA,EMEA,0,2,3,BBL,0,False,True,11.0,0.3883893149960328,3.0,False,BBL ban Bind; M8 ban Icebox; BBL pick Sunset; M8 pick Lotus; BBL ban Corrode; M8 ban Haven; Ascent remains,https://www.vlr.gg/511563/gentle-mates-vs-bbl-esports-vct-2025-emea-stage-2-w3
506953,2025-07-31,2025-07-31 05:00:00,2499,2025 China Stage 2,12,China,Group Stage: Week 4,NOVA,XLG,China,China,0,2,3,XLG,0,False,True,,0.27371231155778897,3.0,False,XLG ban Corrode; NOVA ban Lotus; XLG pick Sunset; NOVA pick Haven; XLG ban Icebox; NOVA ban Ascent; Bind remains,https://www.vlr.gg/506953/nova-esports-vs-xi-lai-gaming-vct-2025-china-stage-2-w4
506954,2025-07-31,2025-07-31 07:00:00,2499,2025 China Stage 2,12,China,Group Stage: Week 4,EDG,JDG,China,China,2,1,3,EDG,1,False,True,,0.7497163235532501,3.0,False,EDG ban Icebox; JDG ban Bind; EDG pick Corrode; JDG pick Lotus; EDG ban Ascent; JDG ban Sunset; Haven remains,https://www.vlr.gg/506954/edward-gaming-vs-jdg-esports-vct-2025-china-stage-2-w4
511564,2025-07-31,2025-07-31 11:00:00,2498,2025 EMEA Stage 2,11,EMEA,Group Stage: Week 3,TL,APK,EMEA,EMEA,2,1,3,TL,1,False,True,11.0,0.8226975585894072,3.0,False,APK ban Bind; TL ban Sunset; APK pick Ascent; TL pick Corrode; APK ban Icebox; TL ban Haven; Lotus remains,https://www.vlr.gg/511564/team-liquid-vs-apeks-vct-2025-emea-stage-2-w3
511565,2025-07-31,2025-07-31 14:40:00,2498,2025 EMEA Stage 2,11,EMEA,Group Stage: Week 3,MKOI,KC,EMEA,EMEA,1,2,3,KC,0,False,True,11.0,0.25028367644674987,3.0,False,MKOI ban Bind; KC ban Ascent; MKOI pick Lotus; KC pick Sunset; MKOI ban Icebox; KC ban Corrode; Haven remains,https://www.vlr.gg/511565/koi-vs-karmine-corp-vct-2025-emea-stage-2-w3
508834,2025-08-01,2025-08-01 04:00:00,2500,2025 Pacific Stage 2,13,Pacific,Group Stage: Week 3,GEN,TS,Pacific,Pacific,2,0,3,GEN,1,False,True,11.0,0.7945711463299403,3.0,False,GEN ban Sunset; TS ban Haven; GEN pick Lotus; TS pick Ascent; GEN ban Bind; TS ban Icebox; Corrode remains,https://www.vlr.gg/508834/gen-g-vs-team-secret-vct-2025-pacific-stage-2-w3
506955,2025-08-01,2025-08-01 05:00:00,2499,2025 China Stage 2,12,China,Group Stage: Week 4,AG,FPX,China,China,2,0,3,AG,1,False,True,,0.32013135854712155,2.0,False,AG ban Ascent; FPX ban Lotus; AG pick Icebox; FPX pick Bind; AG ban Haven; FPX ban Corrode; Sunset remains,https://www.vlr.gg/506955/all-gamers-vs-funplus-phoenix-vct-2025-china-stage-2-w4
508835,2025-08-01,2025-08-01 06:00:00,2500,2025 Pacific Stage 2,13,Pacific,Group Stage: Week 3,TLN,T1,Pacific,Pacific,2,0,3,TLN,1,False,True,11.0,0.37637580615628746,3.0,False,TLN ban Ascent; T1 ban Icebox; TLN pick Corrode; T1 pick Lotus; TLN ban Haven; T1 ban Bind; Sunset remains,https://www.vlr.gg/508835/talon-vs-t1-vct-2025-pacific-stage-2-w3
506956,2025-08-01,2025-08-01 07:40:00,2499,2025 China Stage 2,12,China,Group Stage: Week 4,TE,TEC,China,China,0,2,3,TEC,0,False,True,,0.7501486509024198,2.0,False,TE ban Corrode; TEC ban Icebox; TE pick Sunset; TEC pick Haven; TE ban Bind; TEC ban Ascent; Lotus remains,https://www.vlr.gg/506956/trace-esports-vs-titan-esports-club-vct-2025-china-stage-2-w4
511566,2025-08-01,2025-08-01 11:00:00,2498,2025 EMEA Stage 2,11,EMEA,Group Stage: Week 3,NAVI,FNC,EMEA,EMEA,1,2,3,FNC,0,False,True,11.0,0.19161022503823466,3.0,False,NAVI ban Lotus; FNC ban Corrode; NAVI pick Bind; FNC pick Ascent; NAVI ban Sunset; FNC ban Haven; Icebox remains,https://www.vlr.gg/511566/natus-vincere-vs-fnatic-vct-2025-emea-stage-2-w3
511567,2025-08-01,2025-08-01 14:40:00,2498,2025 EMEA Stage 2,11,EMEA,Group Stage: Week 3,VIT,TH,EMEA,EMEA,0,2,3,TH,0,False,True,11.0,0.3923608129506041,2.0,False,TH ban Icebox; VIT ban Sunset; TH pick Haven; VIT pick Ascent; TH ban Corrode; VIT ban Bind; Lotus remains,https://www.vlr.gg/511567/team-vitality-vs-team-heretics-vct-2025-emea-stage-2-w3
509813,2025-08-01,2025-08-01 17:00:00,2501,2025 Americas Stage 2,14,Americas,Group Stage: Week 3,2G,FUR,Americas,Americas,2,1,3,2G,1,False,True,11.0,0.6116106850039672,3.0,False,FUR ban Lotus; 2G ban Icebox; FUR pick Corrode; 2G pick Sunset; FUR ban Haven; 2G ban Bind; Ascent remains,https://www.vlr.gg/509813/2game-esports-vs-furia-vct-2025-americas-stage-2-w3
509814,2025-08-01,2025-08-01 20:05:00,2501,2025 Americas Stage 2,14,Americas,Group Stage: Week 3,LEV,NRG,Americas,Americas,1,2,3,NRG,0,False,True,11.0,0.3923867704535752,3.0,False,NRG ban Sunset; LEV ban Corrode; NRG pick Lotus; LEV pick Haven; NRG ban Bind; LEV ban Ascent; Icebox remains,https://www.vlr.gg/509814/leviat-n-vs-nrg-vct-2025-americas-stage-2-w3
508836,2025-08-02,2025-08-02 04:00:00,2500,2025 Pacific Stage 2,13,Pacific,Group Stage: Week 3,BME,DFM,Pacific,Pacific,0,2,3,DFM,0,False,True,11.0,0.4863194686378747,2.0,False,BME ban Icebox; DFM ban Bind; BME pick Lotus; DFM pick Corrode; BME ban Sunset; DFM ban Haven; Ascent remains,https://www.vlr.gg/508836/boom-esports-vs-detonation-focusme-vct-2025-pacific-stage-2-w3
506957,2025-08-02,2025-08-02 05:00:00,2499,2025 China Stage 2,12,China,Group Stage: Week 4,NOVA,WOL,China,China,2,1,3,NOVA,1,False,True,,0.3468836720918022,3.0,False,NOVA ban Lotus; WOL ban Sunset; NOVA pick Haven; WOL pick Corrode; NOVA ban Ascent; WOL ban Icebox; Bind remains,https://www.vlr.gg/506957/nova-esports-vs-wolves-esports-vct-2025-china-stage-2-w4
508837,2025-08-02,2025-08-02 06:05:00,2500,2025 Pacific Stage 2,13,Pacific,Group Stage: Week 3,RRQ,KRX,Pacific,Pacific,0,2,3,KRX,0,False,True,11.0,0.47477500496834457,3.0,False,RRQ ban Lotus; KRX ban Sunset; RRQ pick Bind; KRX pick Ascent; RRQ ban Corrode; KRX ban Icebox; Haven remains,https://www.vlr.gg/508837/rex-regum-qeon-vs-drx-vct-2025-pacific-stage-2-w3
506958,2025-08-02,2025-08-02 08:20:00,2499,2025 China Stage 2,12,China,Group Stage: Week 4,DRG,XLG,China,China,2,1,3,DRG,1,False,True,,0.2998865294213,3.0,False,DRG ban Bind; XLG ban Corrode; DRG pick Ascent; XLG pick Haven; DRG ban Sunset; XLG ban Icebox; Lotus remains,https://www.vlr.gg/506958/dragon-ranger-gaming-vs-xi-lai-gaming-vct-2025-china-stage-2-w4
509815,2025-08-02,2025-08-02 17:00:00,2501,2025 Americas Stage 2,14,Americas,Group Stage: Week 3,SEN,C9,Americas,Americas,2,0,3,SEN,1,False,True,11.0,0.6219008952044993,2.0,False,SEN ban Ascent; C9 ban Sunset; SEN pick Lotus; C9 pick Haven; SEN ban Bind; C9 ban Icebox; Corrode remains,https://www.vlr.gg/509815/sentinels-vs-cloud9-vct-2025-americas-stage-2-w3
509816,2025-08-02,2025-08-02 19:15:00,2501,2025 Americas Stage 2,14,Americas,Group Stage: Week 3,MIBR,100T,Americas,Americas,2,0,3,MIBR,1,False,True,11.0,0.3320172290021536,3.0,False,MIBR ban Ascent; 100T ban Lotus; MIBR pick Icebox; 100T pick Bind; MIBR ban Sunset; 100T ban Corrode; Haven remains,https://www.vlr.gg/509816/mibr-vs-100-thieves-vct-2025-americas-stage-2-w3
508838,2025-08-03,2025-08-03 04:00:00,2500,2025 Pacific Stage 2,13,Pacific,Group Stage: Week 3,NS,GE,Pacific,Pacific,2,0,3,NS,1,False,True,11.0,0.5883849627886265,3.0,False,GE ban Sunset; NS ban Icebox; GE pick Corrode; NS pick Bind; GE ban Haven; NS ban Lotus; Ascent remains,https://www.vlr.gg/508838/nongshim-redforce-vs-global-esports-vct-2025-pacific-stage-2-w3
506959,2025-08-03,2025-08-03 05:00:00,2499,2025 China Stage 2,12,China,Group Stage: Week 4,TYL,JDG,China,China,2,1,3,TYL,1,False,True,,0.5846844284314654,3.0,False,TYL ban Sunset; JDG ban Bind; TYL pick Haven; JDG pick Ascent; TYL ban Lotus; JDG ban Icebox; Corrode remains,https://www.vlr.gg/506959/tyloo-vs-jdg-esports-vct-2025-china-stage-2-w4
508839,2025-08-03,2025-08-03 06:10:00,2500,2025 Pacific Stage 2,13,Pacific,Group Stage: Week 3,PRX,ZETA,Pacific,Pacific,0,2,3,ZETA,0,False,True,11.0,0.8671931083991385,3.0,False,ZETA ban Icebox; PRX ban Ascent; ZETA pick Lotus; PRX pick Sunset; ZETA ban Corrode; PRX ban Bind; Haven remains,https://www.vlr.gg/508839/paper-rex-vs-zeta-division-vct-2025-pacific-stage-2-w3
506960,2025-08-03,2025-08-03 08:00:00,2499,2025 China Stage 2,12,China,Group Stage: Week 4,BLG,EDG,China,China,2,0,3,BLG,1,False,True,,,,,BLG ban Ascent; EDG ban Icebox; BLG pick Lotus; EDG pick Sunset; BLG ban Bind; EDG ban Corrode; Haven remains,https://www.vlr.gg/506960/bilibili-gaming-vs-edward-gaming-vct-2025-china-stage-2-w4
509817,2025-08-03,2025-08-03 17:00:00,2501,2025 Americas Stage 2,14,Americas,Group Stage: Week 3,G2,EG,Americas,Americas,2,1,3,G2,1,False,True,11.0,0.6736581458014712,3.0,False,G2 ban Lotus; EG ban Sunset; G2 pick Corrode; EG pick Haven; G2 ban Bind; EG ban Icebox; Ascent remains,https://www.vlr.gg/509817/g2-esports-vs-evil-geniuses-vct-2025-americas-stage-2-w3
509818,2025-08-03,2025-08-03 20:15:00,2501,2025 Americas Stage 2,14,Americas,Group Stage: Week 3,LOUD,KRÜ,Americas,Americas,1,2,3,KRÜ,0,False,True,11.0,,,,LOUD ban Lotus; KRÜ ban Sunset; LOUD pick Haven; KRÜ pick Bind; LOUD ban Icebox; KRÜ ban Corrode; Ascent remains,https://www.vlr.gg/509818/loud-vs-kr-esports-vct-2025-americas-stage-2-w3
511568,2025-08-06,2025-08-06 11:00:00,2498,2025 EMEA Stage 2,11,EMEA,Group Stage: Week 4,FUT,TH,EMEA,EMEA,0,2,3,TH,0,False,True,11.0,0.29572102938937117,3.0,False,TH ban Corrode; FUT ban Sunset; TH pick Haven; FUT pick Bind; TH ban Icebox; FUT ban Lotus; Ascent remains,https://www.vlr.gg/511568/fut-esports-vs-team-heretics-vct-2025-emea-stage-2-w4
511569,2025-08-06,2025-08-06 13:35:00,2498,2025 EMEA Stage 2,11,EMEA,Group Stage: Week 4,MKOI,APK,EMEA,EMEA,2,1,3,MKOI,1,False,True,11.0,,,,MKOI ban Sunset; APK ban Icebox; MKOI pick Lotus; APK pick Ascent; MKOI ban Corrode; APK ban Bind; Haven remains,https://www.vlr.gg/511569/koi-vs-apeks-vct-2025-emea-stage-2-w4
511570,2025-08-07,2025-08-07 11:00:00,2498,2025 EMEA Stage 2,11,EMEA,Group Stage: Week 4,M8,GX,EMEA,EMEA,1,2,3,GX,0,False,True,11.0,0.5001891176311667,3.0,False,M8 ban Sunset; GX ban Lotus; M8 pick Corrode; GX pick Ascent; M8 ban Bind; GX ban Icebox; Haven remains,https://www.vlr.gg/511570/gentle-mates-vs-giantx-vct-2025-emea-stage-2-w4
511571,2025-08-07,2025-08-07 14:00:00,2498,2025 EMEA Stage 2,11,EMEA,Group Stage: Week 4,NAVI,KC,EMEA,EMEA,2,0,3,NAVI,1,False,True,11.0,0.43851332132359905,3.0,False,KC ban Icebox; NAVI ban Lotus; KC pick Sunset; NAVI pick Corrode; KC ban Ascent; NAVI ban Haven; Bind remains,https://www.vlr.gg/511571/natus-vincere-vs-karmine-corp-vct-2025-emea-stage-2-w4
508840,2025-08-08,2025-08-08 04:00:00,2500,2025 Pacific Stage 2,13,Pacific,Group Stage: Week 4,GEN,NS,Pacific,Pacific,0,2,3,NS,0,False,True,11.0,0.7343862167982771,3.0,False,GEN ban Bind; NS ban Haven; GEN pick Lotus; NS pick Ascent; GEN ban Sunset; NS ban Icebox; Corrode remains,https://www.vlr.gg/508840/gen-g-vs-nongshim-redforce-vct-2025-pacific-stage-2-w4
508841,2025-08-08,2025-08-08 06:30:00,2500,2025 Pacific Stage 2,13,Pacific,Group Stage: Week 4,TLN,PRX,Pacific,Pacific,0,2,3,PRX,0,False,True,11.0,0.2848859683030539,3.0,False,TLN ban Sunset; PRX ban Corrode; TLN pick Bind; PRX pick Icebox; TLN ban Haven; PRX ban Ascent; Lotus remains,https://www.vlr.gg/508841/talon-vs-paper-rex-vct-2025-pacific-stage-2-w4
511572,2025-08-08,2025-08-08 11:00:00,2498,2025 EMEA Stage 2,11,EMEA,Group Stage: Week 4,VIT,BBL,EMEA,EMEA,1,2,3,BBL,0,False,True,11.0,0.4687724335965543,3.0,False,VIT ban Sunset; BBL ban Haven; VIT pick Lotus; BBL pick Icebox; VIT ban Ascent; BBL ban Corrode; Bind remains,https://www.vlr.gg/511572/team-vitality-vs-bbl-esports-vct-2025-emea-stage-2-w4
511573,2025-08-08,2025-08-08 14:40:00,2498,2025 EMEA Stage 2,11,EMEA,Group Stage: Week 4,TL,FNC,EMEA,EMEA,2,0,3,TL,1,False,True,11.0,0.40419488748088267,3.0,False,TL ban Icebox; FNC ban Sunset; TL pick Bind; FNC pick Ascent; TL ban Haven; FNC ban Lotus; Corrode remains,https://www.vlr.gg/511573/team-liquid-vs-fnatic-vct-2025-emea-stage-2-w4
509819,2025-08-08,2025-08-08 17:00:00,2501,2025 Americas Stage 2,14,Americas,Group Stage: Week 4,C9,2G,Americas,Americas,2,0,3,C9,1,False,True,11.0,0.8083897749617653,3.0,False,C9 ban Sunset; 2G ban Icebox; C9 pick Bind; 2G pick Lotus; C9 ban Haven; 2G ban Corrode; Ascent remains,https://www.vlr.gg/509819/cloud9-vs-2game-esports-vct-2025-americas-stage-2-w4
509820,2025-08-08,2025-08-08 19:00:00,2501,2025 Americas Stage 2,14,Americas,Group Stage: Week 4,MIBR,NRG,Americas,Americas,0,2,3,NRG,0,False,True,11.0,0.42614306098393206,3.0,False,NRG ban Icebox; MIBR ban Corrode; NRG pick Lotus; MIBR pick Bind; NRG ban Sunset; MIBR ban Ascent; Haven remains,https://www.vlr.gg/509820/mibr-vs-nrg-vct-2025-americas-stage-2-w4
508842,2025-08-09,2025-08-09 04:00:00,2500,2025 Pacific Stage 2,13,Pacific,Group Stage: Week 4,KRX,GE,Pacific,Pacific,2,0,3,KRX,1,False,True,11.0,0.8300430725053839,3.0,False,KRX ban Sunset; GE ban Bind; KRX pick Lotus; GE pick Icebox; KRX ban Ascent; GE ban Haven; Corrode remains,https://www.vlr.gg/508842/drx-vs-global-esports-vct-2025-pacific-stage-2-w4
527577,2025-08-09,2025-08-09 05:00:00,2499,2025 China Stage 2,12,China,Playoffs: Upper Quarterfinals,AG,TYL,China,China,0,2,3,TYL,0,False,True,,0.5183169734683781,3.0,False,AG ban Ascent; TYL ban Sunset; AG pick Lotus; TYL pick Icebox; AG ban Corrode; TYL ban Bind; Haven remains,https://www.vlr.gg/527577/all-gamers-vs-tyloo-vct-2025-china-stage-2-ubqf
508843,2025-08-09,2025-08-09 06:25:00,2500,2025 Pacific Stage 2,13,Pacific,Group Stage: Week 4,BME,ZETA,Pacific,Pacific,1,2,3,ZETA,0,False,True,11.0,0.4835287548855388,3.0,False,BME ban Icebox; ZETA ban Bind; BME pick Lotus; ZETA pick Corrode; BME ban Haven; ZETA ban Sunset; Ascent remains,https://www.vlr.gg/508843/boom-esports-vs-zeta-division-vct-2025-pacific-stage-2-w4
527576,2025-08-09,2025-08-09 07:20:00,2499,2025 China Stage 2,12,China,Playoffs: Upper Quarterfinals,EDG,DRG,China,China,0,2,3,DRG,0,False,True,,0.6281407035175879,3.0,False,DRG ban Haven; EDG ban Icebox; DRG pick Lotus; EDG pick Corrode; DRG ban Sunset; EDG ban Bind; Ascent remains,https://www.vlr.gg/527576/edward-gaming-vs-dragon-ranger-gaming-vct-2025-china-stage-2-ubqf
509821,2025-08-09,2025-08-09 17:00:00,2501,2025 Americas Stage 2,14,Americas,Group Stage: Week 4,SEN,EG,Americas,Americas,2,0,3,SEN,1,False,True,11.0,0.8154809133386229,3.0,False,SEN ban Ascent; EG ban Sunset; SEN pick Lotus; EG pick Corrode; SEN ban Icebox; EG ban Haven; Bind remains,https://www.vlr.gg/509821/sentinels-vs-evil-geniuses-vct-2025-americas-stage-2-w4
509822,2025-08-09,2025-08-09 19:15:00,2501,2025 Americas Stage 2,14,Americas,Group Stage: Week 4,LEV,KRÜ,Americas,Americas,2,1,3,LEV,1,False,True,11.0,0.4524076763470663,2.0,False,LEV ban Icebox; KRÜ ban Sunset; LEV pick Bind; KRÜ pick Haven; LEV ban Corrode; KRÜ ban Lotus; Ascent remains,https://www.vlr.gg/509822/leviat-n-vs-kr-esports-vct-2025-americas-stage-2-w4
508844,2025-08-10,2025-08-10 04:00:00,2500,2025 Pacific Stage 2,13,Pacific,Group Stage: Week 4,RRQ,TS,Pacific,Pacific,2,1,3,RRQ,1,False,True,11.0,0.7437185929648241,3.0,False,TS ban Haven; RRQ ban Lotus; TS pick Ascent; RRQ pick Icebox; TS ban Corrode; RRQ ban Bind; Sunset remains,https://www.vlr.gg/508844/rex-regum-qeon-vs-team-secret-vct-2025-pacific-stage-2-w4
527584,2025-08-10,2025-08-10 05:00:00,2499,2025 China Stage 2,12,China,Playoffs: Lower Round 1,AG,FPX,China,China,2,1,3,AG,1,False,True,,0.38735343383584586,3.0,False,AG ban Ascent; FPX ban Lotus; AG pick Sunset; FPX pick Haven; AG ban Corrode; FPX ban Bind; Icebox remains,https://www.vlr.gg/527584/all-gamers-vs-funplus-phoenix-vct-2025-china-stage-2-lr1
508845,2025-08-10,2025-08-10 07:05:00,2500,2025 Pacific Stage 2,13,Pacific,Group Stage: Week 4,T1,DFM,Pacific,Pacific,2,0,3,T1,1,False,True,11.0,0.6116106850039672,3.0,False,DFM ban Bind; T1 ban Icebox; DFM pick Sunset; T1 pick Haven; DFM ban Lotus; T1 ban Ascent; Corrode remains,https://www.vlr.gg/508845/t1-vs-detonation-focusme-vct-2025-pacific-stage-2-w4
527583,2025-08-10,2025-08-10 08:15:00,2499,2025 China Stage 2,12,China,Playoffs: Lower Round 1,EDG,TE,China,China,2,1,3,EDG,1,False,True,,0.5997730588426,3.0,False,TE ban Corrode; EDG ban Icebox; TE pick Lotus; EDG pick Sunset; TE ban Haven; EDG ban Bind; Ascent remains,https://www.vlr.gg/527583/edward-gaming-vs-trace-esports-vct-2025-china-stage-2-lr1
509823,2025-08-10,2025-08-10 17:00:00,2501,2025 Americas Stage 2,14,Americas,Group Stage: Week 4,FUR,G2,Americas,Americas,0,2,3,G2,0,False,True,11.0,0.09742889203298055,3.0,False,FUR ban Lotus; G2 ban Icebox; FUR pick Corrode; G2 pick Ascent; FUR ban Haven; G2 ban Bind; Sunset remains,https://www.vlr.gg/509823/furia-vs-g2-esports-vct-2025-americas-stage-2-w4
509824,2025-08-10,2025-08-10 19:00:00,2501,2025 Americas Stage 2,14,Americas,Group Stage: Week 4,LOUD,100T,Americas,Americas,1,2,3,100T,0,False,True,11.0,0.31137167318071857,3.0,False,LOUD ban Haven; 100T ban Icebox; LOUD pick Sunset; 100T pick Bind; LOUD ban Corrode; 100T ban Ascent; Lotus remains,https://www.vlr.gg/509824/loud-vs-100-thieves-vct-2025-americas-stage-2-w4
530354,2025-08-13,2025-08-13 04:00:00,2500,2025 Pacific Stage 2,13,Pacific,Playoffs: Upper Round 1,TLN,NS,Pacific,Pacific,2,0,3,TLN,1,False,True,11.0,0.48672682785656024,2.0,False,NS ban Icebox; TLN ban Ascent; NS pick Lotus; TLN pick Corrode; NS ban Haven; TLN ban Sunset; Bind remains,https://www.vlr.gg/530354/talon-vs-nongshim-redforce-vct-2025-pacific-stage-2-ur1
530355,2025-08-13,2025-08-13 06:35:00,2500,2025 Pacific Stage 2,13,Pacific,Playoffs: Upper Round 1,RRQ,T1,Pacific,Pacific,1,2,3,T1,0,False,True,11.0,0.40407164025254494,3.0,False,T1 ban Icebox; RRQ ban Lotus; T1 pick Bind; RRQ pick Haven; T1 ban Corrode; RRQ ban Ascent; Sunset remains,https://www.vlr.gg/530355/rex-regum-qeon-vs-t1-vct-2025-pacific-stage-2-ur1
511575,2025-08-13,2025-08-13 11:00:00,2498,2025 EMEA Stage 2,11,EMEA,Group Stage: Week 5,MKOI,NAVI,EMEA,EMEA,1,2,3,NAVI,0,False,True,11.0,0.3189298791078623,2.0,False,MKOI ban Sunset; NAVI ban Lotus; MKOI pick Icebox; NAVI pick Corrode; MKOI ban Bind; NAVI ban Haven; Ascent remains,https://www.vlr.gg/511575/koi-vs-natus-vincere-vct-2025-emea-stage-2-w5
511576,2025-08-13,2025-08-13 14:20:00,2498,2025 EMEA Stage 2,11,EMEA,Group Stage: Week 5,APK,FNC,EMEA,EMEA,0,2,3,FNC,0,False,True,11.0,0.11462072266092382,3.0,False,FNC ban Sunset; APK ban Icebox; FNC pick Bind; APK pick Lotus; FNC ban Haven; APK ban Corrode; Ascent remains,https://www.vlr.gg/511576/apeks-vs-fnatic-vct-2025-emea-stage-2-w5
530356,2025-08-14,2025-08-14 04:00:00,2500,2025 Pacific Stage 2,13,Pacific,Playoffs: Upper Semifinals,KRX,TLN,Pacific,Pacific,1,2,3,TLN,0,False,True,11.0,0.6774849475854501,2.0,False,TLN ban Ascent; KRX ban Sunset; TLN pick Bind; KRX pick Haven; TLN ban Corrode; KRX ban Icebox; Lotus remains,https://www.vlr.gg/530356/drx-vs-talon-vct-2025-pacific-stage-2-ubsf
530357,2025-08-14,2025-08-14 07:10:00,2500,2025 Pacific Stage 2,13,Pacific,Playoffs: Upper Semifinals,PRX,T1,Pacific,Pacific,2,0,3,PRX,1,False,True,11.0,0.6688463019028892,2.0,False,T1 ban Icebox; PRX ban Corrode; T1 pick Sunset; PRX pick Bind; T1 ban Lotus; PRX ban Haven; Ascent remains,https://www.vlr.gg/530357/paper-rex-vs-t1-vct-2025-pacific-stage-2-ubsf
511577,2025-08-14,2025-08-14 11:00:00,2498,2025 EMEA Stage 2,11,EMEA,Group Stage: Week 5,GX,TH,EMEA,EMEA,0,2,3,TH,0,False,True,11.0,0.2848859683030539,3.0,False,GX ban Bind; TH ban Corrode; GX pick Abyss; TH pick Haven; GX ban Icebox; TH ban Lotus; Ascent remains,https://www.vlr.gg/511577/giantx-vs-team-heretics-vct-2025-emea-stage-2-w5
511579,2025-08-14,2025-08-14 13:05:00,2498,2025 EMEA Stage 2,11,EMEA,Group Stage: Week 5,M8,VIT,EMEA,EMEA,1,2,3,VIT,0,False,True,11.0,0.3406750062368581,3.0,False,M8 ban Haven; VIT ban Icebox; M8 pick Corrode; VIT pick Lotus; M8 ban Sunset; VIT ban Bind; Ascent remains,https://www.vlr.gg/511579/gentle-mates-vs-team-vitality-vct-2025-emea-stage-2-w5
530358,2025-08-15,2025-08-15 04:00:00,2500,2025 Pacific Stage 2,13,Pacific,Playoffs: Lower Round 1,NS,DFM,Pacific,Pacific,2,0,3,NS,1,False,True,11.0,0.6367453706890617,3.0,False,DFM ban Bind; NS ban Icebox; DFM pick Lotus; NS pick Ascent; DFM ban Haven; NS ban Sunset; Corrode remains,https://www.vlr.gg/530358/nongshim-redforce-vs-detonation-focusme-vct-2025-pacific-stage-2-lr1
530359,2025-08-15,2025-08-15 06:05:00,2500,2025 Pacific Stage 2,13,Pacific,Playoffs: Lower Round 1,RRQ,GEN,Pacific,Pacific,2,1,3,RRQ,1,False,True,11.0,0.3320172290021536,3.0,False,GEN ban Icebox; RRQ ban Lotus; GEN pick Haven; RRQ pick Sunset; GEN ban Bind; RRQ ban Ascent; Corrode remains,https://www.vlr.gg/530359/rex-regum-qeon-vs-gen-g-vct-2025-pacific-stage-2-lr1
511580,2025-08-15,2025-08-15 11:00:00,2498,2025 EMEA Stage 2,11,EMEA,Group Stage: Week 5,FUT,BBL,EMEA,EMEA,0,2,3,BBL,0,False,True,11.0,0.33596554199569284,3.0,False,BBL ban Corrode; FUT ban Icebox; BBL pick Sunset; FUT pick Ascent; BBL ban Bind; FUT ban Lotus; Haven remains,https://www.vlr.gg/511580/fut-esports-vs-bbl-esports-vct-2025-emea-stage-2-w5
511581,2025-08-15,2025-08-15 13:30:00,2498,2025 EMEA Stage 2,11,EMEA,Group Stage: Week 5,TL,KC,EMEA,EMEA,1,2,3,KC,0,False,True,11.0,0.7094849246231156,3.0,False,TL ban Haven; KC ban Ascent; TL pick Lotus; KC pick Bind; TL ban Icebox; KC ban Corrode; Sunset remains,https://www.vlr.gg/511581/team-liquid-vs-karmine-corp-vct-2025-emea-stage-2-w5
509825,2025-08-15,2025-08-15 17:00:00,2501,2025 Americas Stage 2,14,Americas,Group Stage: Week 5,KRÜ,NRG,Americas,Americas,1,2,3,NRG,0,False,True,11.0,0.34531813999575345,3.0,False,KRÜ ban Icebox; NRG ban Bind; KRÜ pick Sunset; NRG pick Lotus; KRÜ ban Corrode; NRG ban Ascent; Haven remains,https://www.vlr.gg/509825/kr-esports-vs-nrg-vct-2025-americas-stage-2-w5
509826,2025-08-15,2025-08-15 20:05:00,2501,2025 Americas Stage 2,14,Americas,Group Stage: Week 5,100T,LEV,Americas,Americas,1,2,3,LEV,0,False,True,11.0,0.5471778641623896,2.0,False,100T ban Icebox; LEV ban Bind; 100T pick Haven; LEV pick Sunset; 100T ban Ascent; LEV ban Corrode; Lotus remains,https://www.vlr.gg/509826/100-thieves-vs-leviat-n-vct-2025-americas-stage-2-w5
530360,2025-08-16,2025-08-16 04:00:00,2500,2025 Pacific Stage 2,13,Pacific,Playoffs: Lower Round 2,T1,NS,Pacific,Pacific,2,0,3,T1,1,False,True,11.0,0.6156610868914106,3.0,False,NS ban Sunset; T1 ban Corrode; NS pick Lotus; T1 pick Ascent; NS ban Bind; T1 ban Icebox; Haven remains,https://www.vlr.gg/530360/t1-vs-nongshim-redforce-vct-2025-pacific-stage-2-lr2
530361,2025-08-16,2025-08-16 06:05:00,2500,2025 Pacific Stage 2,13,Pacific,Playoffs: Lower Round 2,KRX,RRQ,Pacific,Pacific,0,2,3,RRQ,0,False,True,11.0,0.6126465661641541,3.0,False,RRQ ban Lotus; KRX ban Sunset; RRQ pick Icebox; KRX pick Corrode; RRQ ban Bind; KRX ban Haven; Ascent remains,https://www.vlr.gg/530361/drx-vs-rex-regum-qeon-vct-2025-pacific-stage-2-lr2
509827,2025-08-16,2025-08-16 17:00:00,2501,2025 Americas Stage 2,14,Americas,Group Stage: Week 5,FUR,EG,Americas,Americas,0,2,3,EG,0,False,True,11.0,0.13116986803174757,3.0,False,EG ban Sunset; FUR ban Lotus; EG pick Corrode; FUR pick Ascent; EG ban Haven; FUR ban Bind; Icebox remains,https://www.vlr.gg/509827/furia-vs-evil-geniuses-vct-2025-americas-stage-2-w5
509829,2025-08-16,2025-08-16 19:20:00,2501,2025 Americas Stage 2,14,Americas,Group Stage: Week 5,2G,SEN,Americas,Americas,1,2,3,SEN,0,False,True,11.0,0.09742889203298055,3.0,False,2G ban Icebox; SEN ban Ascent; 2G pick Sunset; SEN pick Lotus; 2G ban Corrode; SEN ban Bind; Haven remains,https://www.vlr.gg/509829/2game-esports-vs-sentinels-vct-2025-americas-stage-2-w5
530362,2025-08-17,2025-08-17 04:00:00,2500,2025 Pacific Stage 2,13,Pacific,Playoffs: Upper Final,TLN,PRX,Pacific,Pacific,0,2,3,PRX,0,False,True,11.0,0.3028421514380124,2.0,False,TLN ban Ascent; PRX ban Corrode; TLN pick Haven; PRX pick Bind; TLN ban Sunset; PRX ban Icebox; Lotus remains,https://www.vlr.gg/530362/talon-vs-paper-rex-vct-2025-pacific-stage-2-ubf
530363,2025-08-17,2025-08-17 06:00:00,2500,2025 Pacific Stage 2,13,Pacific,Playoffs: Lower Round 3,T1,RRQ,Pacific,Pacific,1,2,3,RRQ,0,False,True,11.0,0.5694596481550118,2.0,False,T1 ban Icebox; RRQ ban Lotus; T1 pick Ascent; RRQ pick Sunset; T1 ban Corrode; RRQ ban Bind; Haven remains,https://www.vlr.gg/530363/t1-vs-rex-regum-qeon-vct-2025-pacific-stage-2-lr3
509830,2025-08-17,2025-08-17 17:00:00,2501,2025 Americas Stage 2,14,Americas,Group Stage: Week 5,G2,C9,Americas,Americas,2,0,3,G2,1,False,True,11.0,0.6281407035175879,3.0,False,G2 ban Bind; C9 ban Corrode; G2 pick Ascent; C9 pick Lotus; G2 ban Icebox; C9 ban Sunset; Haven remains,https://www.vlr.gg/509830/g2-esports-vs-cloud9-vct-2025-americas-stage-2-w5
509831,2025-08-17,2025-08-17 19:30:00,2501,2025 Americas Stage 2,14,Americas,Group Stage: Week 5,MIBR,LOUD,Americas,Americas,2,0,3,MIBR,1,False,True,11.0,0.6036676890948247,3.0,False,MIBR ban Corrode; LOUD ban Haven; MIBR pick Icebox; LOUD pick Sunset; MIBR ban Ascent; LOUD ban Bind; Lotus remains,https://www.vlr.gg/509831/mibr-vs-loud-vct-2025-americas-stage-2-w5
527580,2025-08-20,2025-08-20 05:00:00,2499,2025 China Stage 2,12,China,Playoffs: Upper Semifinals,BLG,TYL,China,China,2,1,3,BLG,1,False,True,,,,,BLG ban Corrode; TYL ban Sunset; BLG pick Bind; TYL pick Icebox; BLG ban Ascent; TYL ban Haven; Lotus remains,https://www.vlr.gg/527580/bilibili-gaming-vs-tyloo-vct-2025-china-stage-2-ubsf
527579,2025-08-20,2025-08-20 08:20:00,2499,2025 China Stage 2,12,China,Playoffs: Upper Semifinals,XLG,DRG,China,China,1,2,3,DRG,0,False,True,,0.6478605146946856,3.0,False,DRG ban Haven; XLG ban Ascent; DRG pick Lotus; XLG pick Bind; DRG ban Icebox; XLG ban Corrode; Sunset remains,https://www.vlr.gg/527579/xi-lai-gaming-vs-dragon-ranger-gaming-vct-2025-china-stage-2-ubsf
527585,2025-08-21,2025-08-21 05:00:00,2499,2025 China Stage 2,12,China,Playoffs: Lower Round 2,TYL,EDG,China,China,0,2,3,EDG,0,False,True,,0.24418842178371547,3.0,False,TYL ban Sunset; EDG ban Icebox; TYL pick Haven; EDG pick Ascent; TYL ban Corrode; EDG ban Bind; Lotus remains,https://www.vlr.gg/527585/tyloo-vs-edward-gaming-vct-2025-china-stage-2-lr2
527586,2025-08-21,2025-08-21 07:10:00,2499,2025 China Stage 2,12,China,Playoffs: Lower Round 2,XLG,AG,China,China,2,1,3,XLG,1,False,True,,0.6736935214327162,2.0,False,XLG ban Corrode; AG ban Haven; XLG pick Ascent; AG pick Icebox; XLG ban Sunset; AG ban Bind; Lotus remains,https://www.vlr.gg/527586/xi-lai-gaming-vs-all-gamers-vct-2025-china-stage-2-lr2
530924,2025-08-21,2025-08-21 11:00:00,2498,2025 EMEA Stage 2,11,EMEA,Playoffs: Upper Round 1,FNC,BBL,EMEA,EMEA,1,2,3,BBL,0,False,True,11.0,0.695197297965236,3.0,False,FNC ban Sunset; BBL ban Lotus; FNC pick Corrode; BBL pick Ascent; FNC ban Icebox; BBL ban Bind; Haven remains,https://www.vlr.gg/530924/fnatic-vs-bbl-esports-vct-2025-emea-stage-2-ur1
530925,2025-08-21,2025-08-21 14:15:00,2498,2025 EMEA Stage 2,11,EMEA,Playoffs: Upper Round 1,GX,NAVI,EMEA,EMEA,2,1,3,GX,1,False,True,11.0,0.36456793772785495,3.0,False,NAVI ban Lotus; GX ban Icebox; NAVI pick Bind; GX pick Haven; NAVI ban Sunset; GX ban Corrode; Ascent remains,https://www.vlr.gg/530925/giantx-vs-natus-vincere-vct-2025-emea-stage-2-ur1
530902,2025-08-21,2025-08-21 17:00:00,2501,2025 Americas Stage 2,14,Americas,Playoffs: Upper Round 1,LEV,C9,Americas,Americas,1,2,3,C9,0,False,True,11.0,0.4974874371859298,3.0,False,C9 ban Sunset; LEV ban Bind; C9 pick Corrode; LEV pick Haven; C9 ban Ascent; LEV ban Icebox; Lotus remains,https://www.vlr.gg/530902/leviat-n-vs-cloud9-vct-2025-americas-stage-2-ur1
530903,2025-08-21,2025-08-21 20:45:00,2501,2025 Americas Stage 2,14,Americas,Playoffs: Upper Round 1,G2,100T,Americas,Americas,2,0,3,G2,1,False,True,11.0,0.7558115782162845,3.0,False,100T ban Lotus; G2 ban Bind; 100T pick Sunset; G2 pick Haven; 100T ban Ascent; G2 ban Icebox; Corrode remains,https://www.vlr.gg/530903/g2-esports-vs-100-thieves-vct-2025-americas-stage-2-ur1
536176,2025-08-22,2025-08-22 04:00:00,2499,2025 China Stage 2,12,China,Showmatch: All-Star Match,HS,CJMZ,China,China,0,1,1,CJMZ,0,False,True,,,,,,https://www.vlr.gg/536176/pure-aim-vs-precise-defeat-vct-2025-china-stage-2-all-star-match
527581,2025-08-22,2025-08-22 05:00:00,2499,2025 China Stage 2,12,China,Playoffs: Upper Final,DRG,BLG,China,China,2,1,3,DRG,1,False,True,,0.5959283597474551,3.0,False,BLG ban Corrode; DRG ban Bind; BLG pick Haven; DRG pick Lotus; BLG ban Ascent; DRG ban Icebox; Sunset remains,https://www.vlr.gg/527581/dragon-ranger-gaming-vs-bilibili-gaming-vct-2025-china-stage-2-ubf
527587,2025-08-22,2025-08-22 08:40:00,2499,2025 China Stage 2,12,China,Playoffs: Lower Round 3,EDG,XLG,China,China,2,0,3,EDG,1,False,True,,0.4426896386695381,3.0,False,XLG ban Sunset; EDG ban Icebox; XLG pick Lotus; EDG pick Corrode; XLG ban Ascent; EDG ban Haven; Bind remains,https://www.vlr.gg/527587/edward-gaming-vs-xi-lai-gaming-vct-2025-china-stage-2-lr3
530928,2025-08-22,2025-08-22 11:00:00,2498,2025 EMEA Stage 2,11,EMEA,Playoffs: Upper Semifinals,TH,BBL,EMEA,EMEA,0,2,3,BBL,0,False,True,11.0,0.6631709270992644,3.0,False,BBL ban Bind; TH ban Corrode; BBL pick Icebox; TH pick Ascent; BBL ban Lotus; TH ban Sunset; Haven remains,https://www.vlr.gg/530928/team-heretics-vs-bbl-esports-vct-2025-emea-stage-2-ubsf
530929,2025-08-22,2025-08-22 13:20:00,2498,2025 EMEA Stage 2,11,EMEA,Playoffs: Upper Semifinals,TL,GX,EMEA,EMEA,2,1,3,TL,1,False,True,11.0,0.726287688442211,3.0,False,GX ban Bind; TL ban Haven; GX pick Sunset; TL pick Corrode; GX ban Lotus; TL ban Icebox; Ascent remains,https://www.vlr.gg/530929/team-liquid-vs-giantx-vct-2025-emea-stage-2-ubsf
530906,2025-08-22,2025-08-22 17:00:00,2501,2025 Americas Stage 2,14,Americas,Playoffs: Upper Semifinals,SEN,C9,Americas,Americas,2,1,3,SEN,1,False,True,11.0,0.7378160644492302,3.0,False,SEN ban Ascent; C9 ban Sunset; SEN pick Corrode; C9 pick Icebox; SEN ban Bind; C9 ban Haven; Lotus remains,https://www.vlr.gg/530906/sentinels-vs-cloud9-vct-2025-americas-stage-2-ubsf
530907,2025-08-22,2025-08-22 20:35:00,2501,2025 Americas Stage 2,14,Americas,Playoffs: Upper Semifinals,NRG,G2,Americas,Americas,1,2,3,G2,0,False,True,11.0,0.31137167318071857,3.0,False,NRG ban Ascent; G2 ban Icebox; NRG pick Corrode; G2 pick Sunset; NRG ban Lotus; G2 ban Haven; Bind remains,https://www.vlr.gg/530907/nrg-vs-g2-esports-vct-2025-americas-stage-2-ubsf
527588,2025-08-23,2025-08-23 05:00:00,2499,2025 China Stage 2,12,China,Playoffs: Lower Final,BLG,EDG,China,China,3,1,5,BLG,1,False,True,,,,,BLG ban Corrode; EDG ban Icebox; BLG pick Bind; EDG pick Haven; BLG pick Lotus; EDG pick Ascent; Sunset remains,https://www.vlr.gg/527588/bilibili-gaming-vs-edward-gaming-vct-2025-china-stage-2-lbf
530926,2025-08-23,2025-08-23 11:00:00,2498,2025 EMEA Stage 2,11,EMEA,Playoffs: Lower Round 1,FNC,KC,EMEA,EMEA,2,1,3,FNC,1,False,True,11.0,0.7234726198823574,2.0,False,KC ban Ascent; FNC ban Sunset; KC pick Haven; FNC pick Corrode; KC ban Icebox; FNC ban Lotus; Bind remains,https://www.vlr.gg/530926/fnatic-vs-karmine-corp-vct-2025-emea-stage-2-lr1
530927,2025-08-23,2025-08-23 14:55:00,2498,2025 EMEA Stage 2,11,EMEA,Playoffs: Lower Round 1,NAVI,VIT,EMEA,EMEA,2,0,3,NAVI,1,False,True,11.0,0.47190266051067514,3.0,False,VIT ban Icebox; NAVI ban Lotus; VIT pick Haven; NAVI pick Bind; VIT ban Sunset; NAVI ban Ascent; Corrode remains,https://www.vlr.gg/530927/natus-vincere-vs-team-vitality-vct-2025-emea-stage-2-lr1
530904,2025-08-23,2025-08-23 17:00:00,2501,2025 Americas Stage 2,14,Americas,Playoffs: Lower Round 1,LEV,KRÜ,Americas,Americas,2,1,3,LEV,1,False,True,11.0,0.5533620483369226,3.0,False,LEV ban Bind; KRÜ ban Icebox; LEV pick Lotus; KRÜ pick Sunset; LEV ban Corrode; KRÜ ban Ascent; Haven remains,https://www.vlr.gg/530904/leviat-n-vs-kr-esports-vct-2025-americas-stage-2-lr1
530905,2025-08-23,2025-08-23 20:25:00,2501,2025 Americas Stage 2,14,Americas,Playoffs: Lower Round 1,100T,EG,Americas,Americas,2,0,3,100T,1,False,True,11.0,0.6197654941373534,3.0,False,100T ban Lotus; EG ban Sunset; 100T pick Bind; EG pick Corrode; 100T ban Icebox; EG ban Haven; Ascent remains,https://www.vlr.gg/530905/100-thieves-vs-evil-geniuses-vct-2025-americas-stage-2-lr1
527582,2025-08-24,2025-08-24 05:00:00,2499,2025 China Stage 2,12,China,Playoffs: Grand Final,DRG,BLG,China,China,1,3,5,BLG,0,False,True,,,,,DRG ban Bind; DRG ban Icebox; DRG pick Sunset; BLG pick Haven; DRG pick Corrode; BLG pick Lotus; Ascent remains,https://www.vlr.gg/527582/dragon-ranger-gaming-vs-bilibili-gaming-vct-2025-china-stage-2-gf
530930,2025-08-24,2025-08-24 11:00:00,2498,2025 EMEA Stage 2,11,EMEA,Playoffs: Lower Round 2,GX,FNC,EMEA,EMEA,2,0,3,GX,1,False,True,11.0,0.2509363727217703,2.0,False,FNC ban Ascent; GX ban Bind; FNC pick Lotus; GX pick Sunset; FNC ban Haven; GX ban Icebox; Corrode remains,https://www.vlr.gg/530930/giantx-vs-fnatic-vct-2025-emea-stage-2-lr2
530931,2025-08-24,2025-08-24 13:25:00,2498,2025 EMEA Stage 2,11,EMEA,Playoffs: Lower Round 2,TH,NAVI,EMEA,EMEA,0,2,3,NAVI,0,False,True,11.0,0.6794316409634379,3.0,False,NAVI ban Lotus; TH ban Corrode; NAVI pick Icebox; TH pick Haven; NAVI ban Ascent; TH ban Sunset; Bind remains,https://www.vlr.gg/530931/team-heretics-vs-natus-vincere-vct-2025-emea-stage-2-lr2
530908,2025-08-24,2025-08-24 17:00:00,2501,2025 Americas Stage 2,14,Americas,Playoffs: Lower Round 2,NRG,LEV,Americas,Americas,2,0,3,NRG,1,False,True,11.0,0.6281407035175879,3.0,False,LEV ban Corrode; NRG ban Bind; LEV pick Ascent; NRG pick Icebox; LEV ban Lotus; NRG ban Sunset; Haven remains,https://www.vlr.gg/530908/nrg-vs-leviat-n-vct-2025-americas-stage-2-lr2
530909,2025-08-24,2025-08-24 18:50:00,2501,2025 Americas Stage 2,14,Americas,Playoffs: Lower Round 2,C9,100T,Americas,Americas,2,0,3,C9,1,False,True,11.0,0.5533620483369226,3.0,False,100T ban Lotus; C9 ban Bind; 100T pick Haven; C9 pick Icebox; 100T ban Ascent; C9 ban Sunset; Corrode remains,https://www.vlr.gg/530909/cloud9-vs-100-thieves-vct-2025-americas-stage-2-lr2
530932,2025-08-29,2025-08-29 11:00:00,2498,2025 EMEA Stage 2,11,EMEA,Playoffs: Upper Final,BBL,TL,EMEA,EMEA,1,2,3,TL,0,False,True,11.0,0.4835287548855388,3.0,False,BBL ban Corrode; TL ban Icebox; BBL pick Ascent; TL pick Sunset; BBL ban Haven; TL ban Lotus; Bind remains,https://www.vlr.gg/530932/bbl-esports-vs-team-liquid-vct-2025-emea-stage-2-ubf
530933,2025-08-29,2025-08-29 14:40:00,2498,2025 EMEA Stage 2,11,EMEA,Playoffs: Lower Round 3,GX,NAVI,EMEA,EMEA,2,1,3,GX,1,False,True,11.0,0.38735343383584586,3.0,False,NAVI ban Lotus; GX ban Bind; NAVI pick Icebox; GX pick Sunset; NAVI ban Ascent; GX ban Corrode; Haven remains,https://www.vlr.gg/530933/giantx-vs-natus-vincere-vct-2025-emea-stage-2-lr3
530910,2025-08-29,2025-08-29 17:00:00,2501,2025 Americas Stage 2,14,Americas,Playoffs: Upper Final,SEN,G2,Americas,Americas,0,2,3,G2,0,False,True,11.0,0.4595068365081221,3.0,False,G2 ban Corrode; SEN ban Ascent; G2 pick Bind; SEN pick Sunset; G2 ban Lotus; SEN ban Icebox; Haven remains,https://www.vlr.gg/530910/sentinels-vs-g2-esports-vct-2025-americas-stage-2-ubf
530911,2025-08-29,2025-08-29 19:30:00,2501,2025 Americas Stage 2,14,Americas,Playoffs: Lower Round 3,NRG,C9,Americas,Americas,2,1,3,NRG,1,False,True,11.0,0.6736581458014712,3.0,False,NRG ban Bind; C9 ban Icebox; NRG pick Haven; C9 pick Corrode; NRG ban Sunset; C9 ban Ascent; Lotus remains,https://www.vlr.gg/530911/nrg-vs-cloud9-vct-2025-americas-stage-2-lr3
530514,2025-08-30,2025-08-30 01:00:00,2500,2025 Pacific Stage 2,13,Pacific,Showmatch: Main Event,WOR,GOA,Pacific,Pacific,1,0,1,WOR,1,False,True,11.0,,,,,https://www.vlr.gg/530514/team-world-vs-glory-once-again-vct-2025-pacific-stage-2-main-event
530364,2025-08-30,2025-08-30 02:00:00,2500,2025 Pacific Stage 2,13,Pacific,Playoffs: Lower Final,TLN,RRQ,Pacific,Pacific,2,3,5,RRQ,0,False,True,11.0,0.5055062546776437,3.0,False,TLN ban Ascent; RRQ ban Lotus; TLN pick Bind; RRQ pick Haven; TLN pick Corrode; RRQ pick Icebox; Sunset remains,https://www.vlr.gg/530364/talon-vs-rex-regum-qeon-vct-2025-pacific-stage-2-lf
530934,2025-08-30,2025-08-30 12:00:00,2498,2025 EMEA Stage 2,11,EMEA,Playoffs: Lower Final,BBL,GX,EMEA,EMEA,0,3,5,GX,0,False,True,11.0,0.6726590699978767,3.0,False,BBL ban Corrode; GX ban Icebox; BBL pick Ascent; GX pick Sunset; BBL pick Bind; GX pick Lotus; Haven remains,https://www.vlr.gg/530934/bbl-esports-vs-giantx-vct-2025-emea-stage-2-lbf
536985,2025-08-30,2025-08-30 17:00:00,2501,2025 Americas Stage 2,14,Americas,Showmatch: Override,ALP,OME,Americas,Americas,1,0,1,ALP,1,False,True,11.0,,,,,https://www.vlr.gg/536985/team-alpha-vs-team-omega-vct-2025-americas-stage-2-override
530912,2025-08-30,2025-08-30 18:00:00,2501,2025 Americas Stage 2,14,Americas,Playoffs: Lower Final,SEN,NRG,Americas,Americas,1,3,5,NRG,0,False,True,11.0,0.5690160969683584,2.0,False,SEN ban Ascent; NRG ban Bind; SEN pick Lotus; NRG pick Icebox; SEN pick Sunset; NRG pick Corrode; Haven remains,https://www.vlr.gg/530912/sentinels-vs-nrg-vct-2025-americas-stage-2-lbf
530365,2025-08-31,2025-08-31 01:50:00,2500,2025 Pacific Stage 2,13,Pacific,Playoffs: Grand Final,PRX,RRQ,Pacific,Pacific,3,1,5,PRX,1,False,True,11.0,0.7558115782162845,3.0,False,PRX ban Corrode; PRX ban Icebox; PRX pick Bind; RRQ pick Ascent; PRX pick Lotus; RRQ pick Haven; Sunset remains,https://www.vlr.gg/530365/paper-rex-vs-rex-regum-qeon-vct-2025-pacific-stage-2-gf
538583,2025-08-31,2025-08-31 11:00:00,2498,2025 EMEA Stage 2,11,EMEA,Showmatch: Main Event,FRA,EMEA,EMEA,EMEA,0,1,1,EMEA,0,False,True,11.0,,,,,https://www.vlr.gg/538583/team-france-vs-team-emea-vct-2025-emea-stage-2-main-event
530935,2025-08-31,2025-08-31 12:00:00,2498,2025 EMEA Stage 2,11,EMEA,Playoffs: Grand Final,TL,GX,EMEA,EMEA,3,0,5,TL,1,False,True,11.0,0.6197654941373534,3.0,False,TL ban Icebox; TL ban Haven; TL pick Bind; GX pick Lotus; TL pick Sunset; GX pick Ascent; Corrode remains,https://www.vlr.gg/530935/team-liquid-vs-giantx-vct-2025-emea-stage-2-gf
530913,2025-08-31,2025-08-31 17:00:00,2501,2025 Americas Stage 2,14,Americas,Playoffs: Grand Final,G2,NRG,Americas,Americas,3,0,5,G2,1,False,True,11.0,0.683564883239728,3.0,False,G2 ban Corrode; G2 ban Icebox; G2 pick Bind; NRG pick Lotus; G2 pick Ascent; NRG pick Haven; Sunset remains,https://www.vlr.gg/530913/g2-esports-vs-nrg-vct-2025-americas-stage-2-gf
542195,2025-09-12,2025-09-12 09:00:00,2283,2025 Champions Paris,15,International,Group Stage: Opening (A),PRX,XLG,Pacific,China,2,0,3,PRX,1,True,True,11.05,0.8300430725053839,4.0,False,XLG ban Lotus; PRX ban Abyss; XLG pick Bind; PRX pick Sunset; XLG ban Corrode; PRX ban Haven; Ascent remains,https://www.vlr.gg/542195/paper-rex-vs-xi-lai-gaming-valorant-champions-2025-opening-a
542196,2025-09-12,2025-09-12 11:25:00,2283,2025 Champions Paris,15,International,Group Stage: Opening (A),GX,SEN,EMEA,Americas,2,1,3,GX,1,True,True,11.05,0.41655248979460247,4.0,False,SEN ban Ascent; GX ban Lotus; SEN pick Corrode; GX pick Sunset; SEN ban Bind; GX ban Abyss; Haven remains,https://www.vlr.gg/542196/giantx-vs-sentinels-valorant-champions-2025-opening-a
542207,2025-09-13,2025-09-13 09:00:00,2283,2025 Champions Paris,15,International,Group Stage: Opening (C),NRG,EDG,Americas,China,2,0,3,NRG,1,True,True,11.05,0.6056918719232836,4.0,False,EDG ban Lotus; NRG ban Sunset; EDG pick Abyss; NRG pick Corrode; EDG ban Ascent; NRG ban Bind; Haven remains,https://www.vlr.gg/542207/nrg-vs-edward-gaming-valorant-champions-2025-opening-c
542205,2025-09-13,2025-09-13 11:55:00,2283,2025 Champions Paris,15,International,Group Stage: Opening (C),TL,KRX,EMEA,Pacific,0,2,3,KRX,0,True,True,11.05,0.6575776726530496,4.0,False,KRX ban Sunset; TL ban Haven; KRX pick Abyss; TL pick Bind; KRX ban Corrode; TL ban Ascent; Lotus remains,https://www.vlr.gg/542205/team-liquid-vs-drx-valorant-champions-2025-opening-c
542212,2025-09-14,2025-09-14 09:00:00,2283,2025 Champions Paris,15,International,Group Stage: Opening (D),DRG,T1,China,Pacific,0,2,3,T1,0,True,True,11.05,0.3802345058626466,3.0,False,DRG ban Bind; T1 ban Haven; DRG pick Lotus; T1 pick Sunset; DRG ban Abyss; T1 ban Corrode; Ascent remains,https://www.vlr.gg/542212/dragon-ranger-gaming-vs-t1-valorant-champions-2025-opening-d
542211,2025-09-14,2025-09-14 12:20:00,2283,2025 Champions Paris,15,International,Group Stage: Opening (D),G2,TH,Americas,EMEA,0,2,3,TH,0,True,True,11.05,0.6618343037941028,4.0,False,TH ban Abyss; G2 ban Sunset; TH pick Corrode; G2 pick Lotus; TH ban Bind; G2 ban Ascent; Haven remains,https://www.vlr.gg/542211/g2-esports-vs-team-heretics-valorant-champions-2025-opening-d
542200,2025-09-15,2025-09-15 09:00:00,2283,2025 Champions Paris,15,International,Group Stage: Opening (B),BLG,MIBR,China,Americas,0,2,3,MIBR,0,True,True,11.05,0.6027144268350298,3.0,False,BLG ban Abyss; MIBR ban Lotus; BLG pick Haven; MIBR pick Corrode; BLG ban Ascent; MIBR ban Bind; Sunset remains,https://www.vlr.gg/542200/bilibili-gaming-vs-mibr-valorant-champions-2025-opening-b
542201,2025-09-15,2025-09-15 11:10:00,2283,2025 Champions Paris,15,International,Group Stage: Opening (B),RRQ,FNC,Pacific,EMEA,0,2,3,FNC,0,True,True,11.05,0.3802345058626466,4.0,False,FNC ban Sunset; RRQ ban Bind; FNC pick Ascent; RRQ pick Abyss; FNC ban Haven; RRQ ban Lotus; Corrode remains,https://www.vlr.gg/542201/rex-regum-qeon-vs-fnatic-valorant-champions-2025-opening-b
542197,2025-09-17,2025-09-17 09:00:00,2283,2025 Champions Paris,15,International,Group Stage: Winner's (A),PRX,GX,Pacific,EMEA,2,1,3,PRX,1,True,True,11.05,0.7437185929648241,4.0,False,GX ban Bind; PRX ban Corrode; GX pick Ascent; PRX pick Lotus; GX ban Abyss; PRX ban Haven; Sunset remains,https://www.vlr.gg/542197/paper-rex-vs-giantx-valorant-champions-2025-winners-a
542208,2025-09-17,2025-09-17 12:10:00,2283,2025 Champions Paris,15,International,Group Stage: Winner's (C),KRX,NRG,Pacific,Americas,1,2,3,NRG,0,True,True,11.05,0.5232573122020359,3.0,False,KRX ban Sunset; NRG ban Abyss; KRX pick Haven; NRG pick Corrode; KRX ban Ascent; NRG ban Bind; Lotus remains,https://www.vlr.gg/542208/drx-vs-nrg-valorant-champions-2025-winners-c
542213,2025-09-18,2025-09-18 09:00:00,2283,2025 Champions Paris,15,International,Group Stage: Winner's (D),TH,T1,EMEA,Pacific,2,0,3,TH,1,True,True,11.05,0.6349345796581978,4.0,False,TH ban Abyss; T1 ban Haven; TH pick Lotus; T1 pick Sunset; TH ban Bind; T1 ban Corrode; Ascent remains,https://www.vlr.gg/542213/team-heretics-vs-t1-valorant-champions-2025-winners-d
542202,2025-09-18,2025-09-18 11:25:00,2283,2025 Champions Paris,15,International,Group Stage: Winner's (B),MIBR,FNC,Americas,EMEA,1,2,3,FNC,0,True,True,11.05,0.3263418541985288,4.0,False,FNC ban Sunset; MIBR ban Lotus; FNC pick Bind; MIBR pick Abyss; FNC ban Corrode; MIBR ban Ascent; Haven remains,https://www.vlr.gg/542202/mibr-vs-fnatic-valorant-champions-2025-winners-b
542209,2025-09-19,2025-09-19 09:00:00,2283,2025 Champions Paris,15,International,Group Stage: Elimination (C),TL,EDG,EMEA,China,2,1,3,TL,1,True,True,11.05,0.6281407035175879,4.0,False,TL ban Haven; EDG ban Lotus; TL pick Sunset; EDG pick Abyss; TL ban Corrode; EDG ban Ascent; Bind remains,https://www.vlr.gg/542209/team-liquid-vs-edward-gaming-valorant-champions-2025-elim-c
542198,2025-09-19,2025-09-19 12:30:00,2283,2025 Champions Paris,15,International,Group Stage: Elimination (A),XLG,SEN,China,Americas,2,1,3,XLG,1,True,True,11.05,0.24464427400158684,4.0,False,XLG ban Corrode; SEN ban Ascent; XLG pick Abyss; SEN pick Lotus; XLG ban Sunset; SEN ban Bind; Haven remains,https://www.vlr.gg/542198/xi-lai-gaming-vs-sentinels-valorant-champions-2025-elim-a
542203,2025-09-20,2025-09-20 09:00:00,2283,2025 Champions Paris,15,International,Group Stage: Elimination (B),BLG,RRQ,China,Pacific,1,2,3,RRQ,0,True,True,11.05,0.4116150372113735,4.0,False,RRQ ban Bind; BLG ban Corrode; RRQ pick Sunset; BLG pick Lotus; RRQ ban Ascent; BLG ban Haven; Abyss remains,https://www.vlr.gg/542203/bilibili-gaming-vs-rex-regum-qeon-valorant-champions-2025-elim-b
542214,2025-09-20,2025-09-20 12:00:00,2283,2025 Champions Paris,15,International,Group Stage: Elimination (D),G2,DRG,Americas,China,2,0,3,G2,1,True,True,11.05,0.8226975585894072,4.0,False,DRG ban Bind; G2 ban Corrode; DRG pick Lotus; G2 pick Abyss; DRG ban Haven; G2 ban Sunset; Ascent remains,https://www.vlr.gg/542214/g2-esports-vs-dragon-ranger-gaming-valorant-champions-2025-elim-d
542210,2025-09-21,2025-09-21 09:00:00,2283,2025 Champions Paris,15,International,Group Stage: Decider (C),KRX,TL,Pacific,EMEA,2,0,3,KRX,1,True,True,11.05,0.4659920204035251,4.0,False,TL ban Haven; KRX ban Sunset; TL pick Corrode; KRX pick Abyss; TL ban Lotus; KRX ban Ascent; Bind remains,https://www.vlr.gg/542210/drx-vs-team-liquid-valorant-champions-2025-decider-c
542199,2025-09-21,2025-09-21 11:20:00,2283,2025 Champions Paris,15,International,Group Stage: Decider (A),GX,XLG,EMEA,China,2,0,3,GX,1,True,True,11.05,0.6197654941373534,4.0,False,XLG ban Sunset; GX ban Abyss; XLG pick Bind; GX pick Ascent; XLG ban Corrode; GX ban Haven; Lotus remains,https://www.vlr.gg/542199/giantx-vs-xi-lai-gaming-valorant-champions-2025-decider-a
542215,2025-09-22,2025-09-22 09:00:00,2283,2025 Champions Paris,15,International,Group Stage: Decider (D),T1,G2,Pacific,Americas,0,2,3,G2,0,True,True,11.05,0.25008859023193,4.0,False,G2 ban Bind; T1 ban Abyss; G2 pick Lotus; T1 pick Corrode; G2 ban Ascent; T1 ban Haven; Sunset remains,https://www.vlr.gg/542215/t1-vs-g2-esports-valorant-champions-2025-decider-d
542204,2025-09-22,2025-09-22 11:15:00,2283,2025 Champions Paris,15,International,Group Stage: Decider (B),MIBR,RRQ,Americas,Pacific,2,0,3,MIBR,1,True,True,11.05,0.5374407543145971,4.0,False,RRQ ban Bind; MIBR ban Lotus; RRQ pick Corrode; MIBR pick Abyss; RRQ ban Sunset; MIBR ban Ascent; Haven remains,https://www.vlr.gg/542204/mibr-vs-rex-regum-qeon-valorant-champions-2025-decider-b
542265,2025-09-25,2025-09-25 09:00:00,2283,2025 Champions Paris,15,International,Playoffs: Upper Quarterfinals,PRX,G2,Pacific,Americas,2,1,3,PRX,1,True,True,11.05,0.5453654869447706,4.0,False,PRX ban Abyss; G2 ban Bind; PRX pick Lotus; G2 pick Corrode; PRX ban Haven; G2 ban Sunset; Ascent remains,https://www.vlr.gg/542265/paper-rex-vs-g2-esports-valorant-champions-2025-ubqf
542264,2025-09-25,2025-09-25 12:50:00,2283,2025 Champions Paris,15,International,Playoffs: Upper Quarterfinals,FNC,KRX,EMEA,Pacific,2,1,3,FNC,1,True,True,11.05,0.5883849627886265,4.0,False,KRX ban Sunset; FNC ban Abyss; KRX pick Haven; FNC pick Ascent; KRX ban Bind; FNC ban Corrode; Lotus remains,https://www.vlr.gg/542264/fnatic-vs-drx-valorant-champions-2025-ubqf
542266,2025-09-26,2025-09-26 09:00:00,2283,2025 Champions Paris,15,International,Playoffs: Upper Quarterfinals,TH,MIBR,EMEA,Americas,0,2,3,MIBR,0,True,True,11.05,0.6044050037421149,4.0,False,MIBR ban Lotus; TH ban Abyss; MIBR pick Corrode; TH pick Sunset; MIBR ban Ascent; TH ban Bind; Haven remains,https://www.vlr.gg/542266/team-heretics-vs-mibr-valorant-champions-2025-ubqf
542267,2025-09-26,2025-09-26 11:35:00,2283,2025 Champions Paris,15,International,Playoffs: Upper Quarterfinals,NRG,GX,Americas,EMEA,2,0,3,NRG,1,True,True,11.05,0.6116106850039672,4.0,False,GX ban Corrode; NRG ban Sunset; GX pick Haven; NRG pick Lotus; GX ban Bind; NRG ban Ascent; Abyss remains,https://www.vlr.gg/542267/nrg-vs-giantx-valorant-champions-2025-ubqf
542273,2025-09-27,2025-09-27 09:00:00,2283,2025 Champions Paris,15,International,Playoffs: Lower Round 1,KRX,G2,Pacific,Americas,2,1,3,KRX,1,True,True,11.05,0.29296607105003925,4.0,False,G2 ban Haven; KRX ban Sunset; G2 pick Lotus; KRX pick Abyss; G2 ban Ascent; KRX ban Corrode; Bind remains,https://www.vlr.gg/542273/drx-vs-g2-esports-valorant-champions-2025-lr1
542274,2025-09-27,2025-09-27 12:20:00,2283,2025 Champions Paris,15,International,Playoffs: Lower Round 1,TH,GX,EMEA,EMEA,2,1,3,TH,1,True,True,11.05,0.6990231573971166,4.0,False,GX ban Corrode; TH ban Abyss; GX pick Ascent; TH pick Lotus; GX ban Haven; TH ban Sunset; Bind remains,https://www.vlr.gg/542274/team-heretics-vs-giantx-valorant-champions-2025-lr1
542268,2025-09-28,2025-09-28 09:00:00,2283,2025 Champions Paris,15,International,Playoffs: Upper Semifinals,FNC,PRX,EMEA,Pacific,2,1,3,FNC,1,True,True,11.05,0.3064552866261474,4.0,False,PRX ban Abyss; FNC ban Sunset; PRX pick Bind; FNC pick Haven; PRX ban Ascent; FNC ban Corrode; Lotus remains,https://www.vlr.gg/542268/fnatic-vs-paper-rex-valorant-champions-2025-ubsf
542269,2025-09-28,2025-09-28 12:20:00,2283,2025 Champions Paris,15,International,Playoffs: Upper Semifinals,MIBR,NRG,Americas,Americas,1,2,3,NRG,0,True,True,11.05,0.4595068365081221,4.0,False,MIBR ban Lotus; NRG ban Sunset; MIBR pick Abyss; NRG pick Haven; MIBR ban Ascent; NRG ban Bind; Corrode remains,https://www.vlr.gg/542269/mibr-vs-nrg-valorant-champions-2025-ubsf
542277,2025-09-29,2025-09-29 09:00:00,2283,2025 Champions Paris,15,International,Playoffs: Lower Round 2,PRX,TH,Pacific,EMEA,2,1,3,PRX,1,True,True,11.05,0.6281407035175879,4.0,False,TH ban Sunset; PRX ban Haven; TH pick Ascent; PRX pick Bind; TH ban Abyss; PRX ban Corrode; Lotus remains,https://www.vlr.gg/542277/paper-rex-vs-team-heretics-valorant-champions-2025-lr2
542276,2025-09-29,2025-09-29 12:20:00,2283,2025 Champions Paris,15,International,Playoffs: Lower Round 2,MIBR,KRX,Americas,Pacific,1,2,3,KRX,0,True,True,11.05,0.5322613268608415,4.0,False,MIBR ban Abyss; KRX ban Corrode; MIBR pick Sunset; KRX pick Ascent; MIBR ban Haven; KRX ban Lotus; Bind remains,https://www.vlr.gg/542276/mibr-vs-drx-valorant-champions-2025-lr2
542270,2025-10-03,2025-10-03 07:00:00,2283,2025 Champions Paris,15,International,Playoffs: Upper Final,FNC,NRG,EMEA,Americas,0,2,3,NRG,0,True,True,11.05,0.5903917881332127,4.0,False,FNC ban Corrode; NRG ban Haven; FNC pick Ascent; NRG pick Abyss; FNC ban Sunset; NRG ban Bind; Lotus remains,https://www.vlr.gg/542270/fnatic-vs-nrg-valorant-champions-2025-ubf
542278,2025-10-03,2025-10-03 09:35:00,2283,2025 Champions Paris,15,International,Playoffs: Lower Round 3,KRX,PRX,Pacific,Pacific,2,0,3,KRX,1,True,True,11.05,0.37185929648241206,4.0,False,KRX ban Sunset; PRX ban Abyss; KRX pick Ascent; PRX pick Lotus; KRX ban Bind; PRX ban Haven; Corrode remains,https://www.vlr.gg/542278/drx-vs-paper-rex-valorant-champions-2025-lr3
542279,2025-10-04,2025-10-04 07:00:00,2283,2025 Champions Paris,15,International,Playoffs: Lower Final,FNC,KRX,EMEA,Pacific,3,1,5,FNC,1,True,True,11.05,0.48545931007568377,4.0,False,FNC ban Abyss; KRX ban Lotus; FNC pick Sunset; KRX pick Corrode; FNC pick Haven; KRX pick Bind; Ascent remains,https://www.vlr.gg/542279/fnatic-vs-drx-valorant-champions-2025-lbf
542272,2025-10-05,2025-10-05 07:00:00,2283,2025 Champions Paris,15,International,Playoffs: Grand Final,NRG,FNC,Americas,EMEA,3,2,5,NRG,1,True,True,11.05,0.5025125628140702,4.0,False,NRG ban Haven; NRG ban Bind; NRG pick Corrode; FNC pick Lotus; NRG pick Abyss; FNC pick Ascent; Sunset remains,https://www.vlr.gg/542272/nrg-vs-fnatic-valorant-champions-2025-gf
596399,2026-01-15,2026-01-15 17:00:00,2682,2026 Americas Kickoff,16,Americas,Main Event: Upper Round 1,ENVY,EG,Americas,Americas,2,1,3,ENVY,1,False,True,12.0,0.4792510597203705,4.0,False,ENVY ban Haven; EG ban Breeze; ENVY pick Abyss; EG pick Corrode; ENVY ban Pearl; EG ban Split; Bind remains,https://www.vlr.gg/596399/envy-vs-evil-geniuses-vct-2026-americas-kickoff-ur1
596398,2026-01-15,2026-01-15 20:10:00,2682,2026 Americas Kickoff,16,Americas,Main Event: Upper Round 1,LOUD,C9,Americas,Americas,0,2,3,C9,0,False,True,12.0,0.42614306098393206,3.0,False,C9 ban Breeze; LOUD ban Split; C9 pick Haven; LOUD pick Abyss; C9 ban Corrode; LOUD ban Pearl; Bind remains,https://www.vlr.gg/596398/loud-vs-cloud9-vct-2026-americas-kickoff-ur1
596400,2026-01-16,2026-01-16 17:00:00,2682,2026 Americas Kickoff,16,Americas,Main Event: Upper Round 1,KRÜ,FUR,Americas,Americas,1,2,3,FUR,0,False,True,12.0,0.3263418541985288,4.0,False,KRÜ ban Haven; FUR ban Split; KRÜ pick Pearl; FUR pick Breeze; KRÜ ban Bind; FUR ban Corrode; Abyss remains,https://www.vlr.gg/596400/kr-esports-vs-furia-vct-2026-americas-kickoff-ur1
596401,2026-01-16,2026-01-16 20:05:00,2682,2026 Americas Kickoff,16,Americas,Main Event: Upper Round 1,100T,LEV,Americas,Americas,2,1,3,100T,1,False,True,12.0,0.5404931634918779,4.0,False,LEV ban Abyss; 100T ban Corrode; LEV pick Bind; 100T pick Pearl; LEV ban Breeze; 100T ban Haven; Split remains,https://www.vlr.gg/596401/100-thieves-vs-leviat-n-vct-2026-americas-kickoff-ur1
596402,2026-01-17,2026-01-17 17:00:00,2682,2026 Americas Kickoff,16,Americas,Main Event: Upper Round 2,NRG,C9,Americas,Americas,2,0,3,NRG,1,False,True,12.0,0.6736581458014712,4.0,False,C9 ban Corrode; NRG ban Haven; C9 pick Pearl; NRG pick Breeze; C9 ban Abyss; NRG ban Split; Bind remains,https://www.vlr.gg/596402/nrg-vs-cloud9-vct-2026-americas-kickoff-ur2
596403,2026-01-17,2026-01-17 19:00:00,2682,2026 Americas Kickoff,16,Americas,Main Event: Upper Round 2,MIBR,ENVY,Americas,Americas,2,0,3,MIBR,1,False,True,12.0,0.74991140976807,4.0,False,ENVY ban Haven; MIBR ban Split; ENVY pick Abyss; MIBR pick Corrode; ENVY ban Breeze; MIBR ban Pearl; Bind remains,https://www.vlr.gg/596403/mibr-vs-envy-vct-2026-americas-kickoff-ur2
596404,2026-01-18,2026-01-18 17:00:00,2682,2026 Americas Kickoff,16,Americas,Main Event: Upper Round 2,SEN,FUR,Americas,Americas,0,2,3,FUR,0,False,True,12.0,0.7448709713983451,4.0,False,SEN ban Haven; FUR ban Pearl; SEN pick Split; FUR pick Breeze; SEN ban Bind; FUR ban Corrode; Abyss remains,https://www.vlr.gg/596404/sentinels-vs-furia-vct-2026-americas-kickoff-ur2
596405,2026-01-18,2026-01-18 19:20:00,2682,2026 Americas Kickoff,16,Americas,Main Event: Upper Round 2,G2,100T,Americas,Americas,2,1,3,G2,1,False,True,12.0,0.7151140316969461,3.0,False,100T ban Abyss; G2 ban Breeze; 100T pick Bind; G2 pick Corrode; 100T ban Haven; G2 ban Pearl; Split remains,https://www.vlr.gg/596405/g2-esports-vs-100-thieves-vct-2026-americas-kickoff-ur2
594740,2026-01-20,2026-01-20 11:00:00,2684,2026 EMEA Kickoff,18,EMEA,Main Event: Upper Round 1,NAVI,KC,EMEA,EMEA,2,0,3,NAVI,1,False,True,12.0,0.44919978041467834,4.0,False,NAVI ban Corrode; KC ban Pearl; NAVI pick Split; KC pick Haven; NAVI ban Abyss; KC ban Breeze; Bind remains,https://www.vlr.gg/594740/natus-vincere-vs-karmine-corp-vct-2026-emea-kickoff-ur1
594741,2026-01-20,2026-01-20 13:35:00,2684,2026 EMEA Kickoff,18,EMEA,Main Event: Upper Round 1,FUT,M8,EMEA,EMEA,0,2,3,M8,0,False,True,12.0,0.4849554710322638,4.0,False,FUT ban Haven; M8 ban Breeze; FUT pick Abyss; M8 pick Split; FUT ban Pearl; M8 ban Bind; Corrode remains,https://www.vlr.gg/594741/fut-esports-vs-gentle-mates-vct-2026-emea-kickoff-ur1
594742,2026-01-21,2026-01-21 11:00:00,2684,2026 EMEA Kickoff,18,EMEA,Main Event: Upper Round 1,PCF,BBL,EMEA,EMEA,1,2,3,BBL,0,False,True,12.0,0.33596554199569284,3.0,False,BBL ban Corrode; PCF ban Haven; BBL pick Breeze; PCF pick Abyss; BBL ban Bind; PCF ban Split; Pearl remains,https://www.vlr.gg/594742/pcific-esports-vs-bbl-esports-vct-2026-emea-kickoff-ur1
594743,2026-01-21,2026-01-21 14:20:00,2684,2026 EMEA Kickoff,18,EMEA,Main Event: Upper Round 1,ULF,VIT,EMEA,EMEA,0,2,3,VIT,0,False,True,12.0,0.1624790619765496,3.0,False,VIT ban Split; ULF ban Bind; VIT pick Breeze; ULF pick Corrode; VIT ban Haven; ULF ban Pearl; Abyss remains,https://www.vlr.gg/594743/ulf-esports-vs-team-vitality-vct-2026-emea-kickoff-ur1
595630,2026-01-22,2026-01-22 03:00:00,2683,2026 Pacific Kickoff,17,Pacific,Main Event: Upper Round 1,NS,TS,Pacific,Pacific,2,0,3,NS,1,False,True,12.0,0.6455890563930764,3.0,False,TS ban Corrode; NS ban Pearl; TS pick Haven; NS pick Split; TS ban Abyss; NS ban Bind; Breeze remains,https://www.vlr.gg/595630/nongshim-redforce-vs-team-secret-vct-2026-pacific-kickoff-ur1
598923,2026-01-22,2026-01-22 04:00:00,2685,2026 China Kickoff,19,China,Main Event: Upper Round 1,TE,WOL,China,China,1,2,3,WOL,0,False,True,,0.4877932251262994,4.0,False,TE ban Breeze; WOL ban Corrode; TE pick Abyss; WOL pick Haven; TE ban Pearl; WOL ban Split; Bind remains,https://www.vlr.gg/598923/trace-esports-vs-wolves-esports-vct-2026-china-kickoff-ur1
595631,2026-01-22,2026-01-22 05:10:00,2683,2026 Pacific Kickoff,17,Pacific,Main Event: Upper Round 1,ZETA,FS,Pacific,Pacific,0,2,3,FS,0,False,True,12.0,0.27371231155778897,2.0,False,FS ban Haven; ZETA ban Pearl; FS pick Corrode; ZETA pick Split; FS ban Abyss; ZETA ban Bind; Breeze remains,https://www.vlr.gg/595631/zeta-division-vs-full-sense-vct-2026-pacific-kickoff-ur1
598924,2026-01-22,2026-01-22 07:25:00,2685,2026 China Kickoff,19,China,Main Event: Upper Round 1,FPX,TYL,China,China,0,2,3,TYL,0,False,True,,0.6150376367433878,4.0,False,TYL ban Bind; FPX ban Split; TYL pick Pearl; FPX pick Haven; TYL ban Breeze; FPX ban Corrode; Abyss remains,https://www.vlr.gg/598924/funplus-phoenix-vs-tyloo-vct-2026-china-kickoff-ur1
594744,2026-01-22,2026-01-22 11:00:00,2684,2026 EMEA Kickoff,18,EMEA,Main Event: Upper Round 2,TH,NAVI,EMEA,EMEA,1,2,3,NAVI,0,False,True,12.0,0.6188942021937646,4.0,False,NAVI ban Corrode; TH ban Abyss; NAVI pick Bind; TH pick Haven; NAVI ban Breeze; TH ban Pearl; Split remains,https://www.vlr.gg/594744/team-heretics-vs-natus-vincere-vct-2026-emea-kickoff-ur2
594745,2026-01-22,2026-01-22 14:30:00,2684,2026 EMEA Kickoff,18,EMEA,Main Event: Upper Round 2,GX,M8,EMEA,EMEA,0,2,3,M8,0,False,True,12.0,0.5725190434200602,4.0,False,M8 ban Breeze; GX ban Corrode; M8 pick Pearl; GX pick Bind; M8 ban Haven; GX ban Abyss; Split remains,https://www.vlr.gg/594745/giantx-vs-gentle-mates-vct-2026-emea-kickoff-ur2
595632,2026-01-23,2026-01-23 03:00:00,2683,2026 Pacific Kickoff,17,Pacific,Main Event: Upper Round 1,VL,GE,Pacific,Pacific,0,2,3,GE,0,False,True,12.0,0.6120899178789527,4.0,False,VL ban Corrode; GE ban Bind; VL pick Split; GE pick Abyss; VL ban Breeze; GE ban Pearl; Haven remains,https://www.vlr.gg/595632/varrel-vs-global-esports-vct-2026-pacific-kickoff-ur1
598921,2026-01-23,2026-01-23 04:00:00,2685,2026 China Kickoff,19,China,Main Event: Upper Round 1,AG,NOVA,China,China,2,0,3,AG,1,False,True,,0.38735343383584586,4.0,False,AG ban Breeze; NOVA ban Bind; AG pick Split; NOVA pick Pearl; AG ban Haven; NOVA ban Abyss; Corrode remains,https://www.vlr.gg/598921/all-gamers-vs-nova-esports-vct-2026-china-kickoff-ur1
595633,2026-01-23,2026-01-23 05:10:00,2683,2026 Pacific Kickoff,17,Pacific,Main Event: Upper Round 1,DFM,GEN,Pacific,Pacific,2,0,3,DFM,1,False,True,12.0,0.20220435441265117,4.0,False,GEN ban Bind; DFM ban Breeze; GEN pick Abyss; DFM pick Pearl; GEN ban Corrode; DFM ban Split; Haven remains,https://www.vlr.gg/595633/detonation-focusme-vs-gen-g-vct-2026-pacific-kickoff-ur1
598922,2026-01-23,2026-01-23 06:55:00,2685,2026 China Kickoff,19,China,Main Event: Upper Round 1,JDG,TEC,China,China,2,1,3,JDG,1,False,True,,,,,TEC ban Pearl; JDG ban Split; TEC pick Corrode; JDG pick Haven; TEC ban Breeze; JDG ban Bind; Abyss remains,https://www.vlr.gg/598922/jdg-esports-vs-titan-esports-club-vct-2026-china-kickoff-ur1
594746,2026-01-23,2026-01-23 11:00:00,2684,2026 EMEA Kickoff,18,EMEA,Main Event: Upper Round 2,FNC,BBL,EMEA,EMEA,0,2,3,BBL,0,False,True,12.0,0.7094849246231156,3.0,False,BBL ban Bind; FNC ban Pearl; BBL pick Breeze; FNC pick Haven; BBL ban Corrode; FNC ban Split; Abyss remains,https://www.vlr.gg/594746/fnatic-vs-bbl-esports-vct-2026-emea-kickoff-ur2
594747,2026-01-23,2026-01-23 13:25:00,2684,2026 EMEA Kickoff,18,EMEA,Main Event: Upper Round 2,TL,VIT,EMEA,EMEA,1,2,3,VIT,0,False,True,12.0,0.3543798083739168,4.0,False,VIT ban Split; TL ban Haven; VIT pick Breeze; TL pick Pearl; VIT ban Bind; TL ban Abyss; Corrode remains,https://www.vlr.gg/594747/team-liquid-vs-team-vitality-vct-2026-emea-kickoff-ur2
596409,2026-01-23,2026-01-23 17:00:00,2682,2026 Americas Kickoff,16,Americas,Main Event: Middle Round 1,LOUD,100T,Americas,Americas,1,2,3,100T,0,False,True,12.0,0.31137167318071857,4.0,False,LOUD ban Split; 100T ban Abyss; LOUD pick Breeze; 100T pick Pearl; LOUD ban Corrode; 100T ban Haven; Bind remains,https://www.vlr.gg/596409/loud-vs-100-thieves-vct-2026-americas-kickoff-mr1
596410,2026-01-23,2026-01-23 20:10:00,2682,2026 Americas Kickoff,16,Americas,Main Event: Middle Round 1,EG,SEN,Americas,Americas,0,2,3,SEN,0,False,True,12.0,0.3263418541985288,4.0,False,EG ban Breeze; SEN ban Haven; EG pick Abyss; SEN pick Pearl; EG ban Split; SEN ban Bind; Corrode remains,https://www.vlr.gg/596410/evil-geniuses-vs-sentinels-vct-2026-americas-kickoff-mr1
595634,2026-01-24,2026-01-24 03:00:00,2683,2026 Pacific Kickoff,17,Pacific,Main Event: Upper Round 2,T1,NS,Pacific,Pacific,1,2,3,NS,0,False,True,12.0,0.6685735489853948,4.0,False,NS ban Pearl; T1 ban Bind; NS pick Split; T1 pick Haven; NS ban Breeze; T1 ban Abyss; Corrode remains,https://www.vlr.gg/595634/t1-vs-nongshim-redforce-vct-2026-pacific-kickoff-ur2
598927,2026-01-24,2026-01-24 04:00:00,2685,2026 China Kickoff,19,China,Main Event: Upper Round 2,XLG,WOL,China,China,2,0,3,XLG,1,False,True,,0.5883849627886265,3.0,False,WOL ban Corrode; XLG ban Split; WOL pick Breeze; XLG pick Abyss; WOL ban Pearl; XLG ban Haven; Bind remains,https://www.vlr.gg/598927/xi-lai-gaming-vs-wolves-esports-vct-2026-china-kickoff-ur2
595635,2026-01-24,2026-01-24 05:55:00,2683,2026 Pacific Kickoff,17,Pacific,Main Event: Upper Round 2,KRX,FS,Pacific,Pacific,1,2,3,FS,0,False,True,12.0,0.5304806862595808,3.0,False,FS ban Abyss; KRX ban Corrode; FS pick Breeze; KRX pick Pearl; FS ban Haven; KRX ban Bind; Split remains,https://www.vlr.gg/595635/drx-vs-full-sense-vct-2026-pacific-kickoff-ur2
598928,2026-01-24,2026-01-24 06:35:00,2685,2026 China Kickoff,19,China,Main Event: Upper Round 2,EDG,TYL,China,China,2,0,3,EDG,1,False,True,,0.6688463019028892,4.0,False,TYL ban Breeze; EDG ban Split; TYL pick Abyss; EDG pick Bind; TYL ban Corrode; EDG ban Haven; Pearl remains,https://www.vlr.gg/598928/edward-gaming-vs-tyloo-vct-2026-china-kickoff-ur2
596411,2026-01-24,2026-01-24 17:00:00,2682,2026 Americas Kickoff,16,Americas,Main Event: Middle Round 1,KRÜ,ENVY,Americas,Americas,1,2,3,ENVY,0,False,True,12.0,0.37379677120976385,4.0,False,ENVY ban Haven; KRÜ ban Corrode; ENVY pick Abyss; KRÜ pick Pearl; ENVY ban Split; KRÜ ban Bind; Breeze remains,https://www.vlr.gg/596411/kr-esports-vs-envy-vct-2026-americas-kickoff-mr1
596412,2026-01-24,2026-01-24 20:05:00,2682,2026 Americas Kickoff,16,Americas,Main Event: Middle Round 1,LEV,C9,Americas,Americas,0,2,3,C9,0,False,True,12.0,0.6697394759132017,4.0,False,LEV ban Abyss; C9 ban Corrode; LEV pick Pearl; C9 pick Split; LEV ban Breeze; C9 ban Bind; Haven remains,https://www.vlr.gg/596412/leviat-n-vs-cloud9-vct-2026-americas-kickoff-mr1
595636,2026-01-25,2026-01-25 03:00:00,2683,2026 Pacific Kickoff,17,Pacific,Main Event: Upper Round 2,PRX,GE,Pacific,Pacific,2,1,3,PRX,1,False,True,12.0,0.7747068676716917,4.0,False,GE ban Pearl; PRX ban Abyss; GE pick Breeze; PRX pick Split; GE ban Haven; PRX ban Corrode; Bind remains,https://www.vlr.gg/595636/paper-rex-vs-global-esports-vct-2026-pacific-kickoff-ur2
598925,2026-01-25,2026-01-25 04:00:00,2685,2026 China Kickoff,19,China,Main Event: Upper Round 2,BLG,AG,China,China,0,2,3,AG,0,False,True,,0.6631709270992644,3.0,False,AG ban Breeze; BLG ban Corrode; AG pick Split; BLG pick Abyss; AG ban Haven; BLG ban Pearl; Bind remains,https://www.vlr.gg/598925/bilibili-gaming-vs-all-gamers-vct-2026-china-kickoff-ur2
595637,2026-01-25,2026-01-25 06:00:00,2683,2026 Pacific Kickoff,17,Pacific,Main Event: Upper Round 2,RRQ,DFM,Pacific,Pacific,2,0,3,RRQ,1,False,True,12.0,0.6219008952044993,4.0,False,DFM ban Pearl; RRQ ban Abyss; DFM pick Haven; RRQ pick Corrode; DFM ban Breeze; RRQ ban Split; Bind remains,https://www.vlr.gg/595637/rex-regum-qeon-vs-detonation-focusme-vct-2026-pacific-kickoff-ur2
598926,2026-01-25,2026-01-25 06:30:00,2685,2026 China Kickoff,19,China,Main Event: Upper Round 2,DRG,JDG,China,China,2,1,3,DRG,1,False,True,,0.6116106850039672,4.0,False,DRG ban Haven; JDG ban Pearl; DRG pick Abyss; JDG pick Breeze; DRG ban Split; JDG ban Bind; Corrode remains,https://www.vlr.gg/598926/dragon-ranger-gaming-vs-jdg-esports-vct-2026-china-kickoff-ur2
596413,2026-01-25,2026-01-25 17:00:00,2682,2026 Americas Kickoff,16,Americas,Main Event: Middle Round 2,100T,SEN,Americas,Americas,2,0,3,100T,1,False,True,12.0,0.5150761481296838,4.0,False,100T ban Abyss; SEN ban Haven; 100T pick Corrode; SEN pick Split; 100T ban Breeze; SEN ban Bind; Pearl remains,https://www.vlr.gg/596413/100-thieves-vs-sentinels-vct-2026-americas-kickoff-mr2
596414,2026-01-25,2026-01-25 20:00:00,2682,2026 Americas Kickoff,16,Americas,Main Event: Middle Round 2,ENVY,C9,Americas,Americas,1,2,3,C9,0,False,True,12.0,0.40407164025254494,3.0,False,C9 ban Corrode; ENVY ban Haven; C9 pick Pearl; ENVY pick Breeze; C9 ban Bind; ENVY ban Abyss; Split remains,https://www.vlr.gg/596414/envy-vs-cloud9-vct-2026-americas-kickoff-mr2
594751,2026-01-27,2026-01-27 11:00:00,2684,2026 EMEA Kickoff,18,EMEA,Main Event: Middle Round 1,KC,TL,EMEA,EMEA,1,2,3,TL,0,False,True,12.0,0.3883893149960328,3.0,False,KC ban Pearl; TL ban Haven; KC pick Abyss; TL pick Split; KC ban Corrode; TL ban Bind; Breeze remains,https://www.vlr.gg/594751/karmine-corp-vs-team-liquid-vct-2026-emea-kickoff-mr1
594752,2026-01-27,2026-01-27 14:20:00,2684,2026 EMEA Kickoff,18,EMEA,Main Event: Middle Round 1,FUT,FNC,EMEA,EMEA,1,2,3,FNC,0,False,True,12.0,0.2848859683030539,4.0,False,FUT ban Bind; FNC ban Pearl; FUT pick Abyss; FNC pick Corrode; FUT ban Haven; FNC ban Breeze; Split remains,https://www.vlr.gg/594752/fut-esports-vs-fnatic-vct-2026-emea-kickoff-mr1
598932,2026-01-28,2026-01-28 04:00:00,2685,2026 China Kickoff,19,China,Main Event: Middle Round 1,NOVA,TYL,China,China,0,2,3,TYL,0,False,True,,0.3802345058626466,4.0,False,TYL ban Pearl; NOVA ban Bind; TYL pick Split; NOVA pick Corrode; TYL ban Abyss; NOVA ban Haven; Breeze remains,https://www.vlr.gg/598932/nova-esports-vs-tyloo-vct-2026-china-kickoff-mr1
598933,2026-01-28,2026-01-28 06:00:00,2685,2026 China Kickoff,19,China,Main Event: Middle Round 1,TEC,WOL,China,China,2,1,3,TEC,1,False,True,,,,,TEC ban Pearl; WOL ban Corrode; TEC pick Breeze; WOL pick Bind; TEC ban Abyss; WOL ban Split; Haven remains,https://www.vlr.gg/598933/titan-esports-club-vs-wolves-esports-vct-2026-china-kickoff-mr1
594753,2026-01-28,2026-01-28 11:00:00,2684,2026 EMEA Kickoff,18,EMEA,Main Event: Middle Round 1,PCF,GX,EMEA,EMEA,1,2,3,GX,0,False,True,12.0,0.23799324491309015,4.0,False,PCF ban Haven; GX ban Corrode; PCF pick Abyss; GX pick Bind; PCF ban Pearl; GX ban Breeze; Split remains,https://www.vlr.gg/594753/pcific-esports-vs-giantx-vct-2026-emea-kickoff-mr1
594754,2026-01-28,2026-01-28 14:35:00,2684,2026 EMEA Kickoff,18,EMEA,Main Event: Middle Round 1,ULF,TH,EMEA,EMEA,0,2,3,TH,0,False,True,12.0,0.11879704000686286,4.0,False,ULF ban Corrode; TH ban Pearl; ULF pick Haven; TH pick Bind; ULF ban Abyss; TH ban Split; Breeze remains,https://www.vlr.gg/594754/ulf-esports-vs-team-heretics-vct-2026-emea-kickoff-mr1
595641,2026-01-29,2026-01-29 03:00:00,2683,2026 Pacific Kickoff,17,Pacific,Main Event: Middle Round 1,TS,DFM,Pacific,Pacific,0,2,3,DFM,0,False,True,12.0,0.3802345058626466,3.0,False,TS ban Corrode; DFM ban Haven; TS pick Split; DFM pick Bind; TS ban Abyss; DFM ban Pearl; Breeze remains,https://www.vlr.gg/595641/team-secret-vs-detonation-focusme-vct-2026-pacific-kickoff-mr1
598934,2026-01-29,2026-01-29 04:00:00,2685,2026 China Kickoff,19,China,Main Event: Middle Round 1,TE,JDG,China,China,2,1,3,TE,1,False,True,,0.5222742928123765,3.0,False,TE ban Breeze; JDG ban Abyss; TE pick Split; JDG pick Pearl; TE ban Bind; JDG ban Haven; Corrode remains,https://www.vlr.gg/598934/trace-esports-vs-jdg-esports-vct-2026-china-kickoff-mr1
595642,2026-01-29,2026-01-29 05:00:00,2683,2026 Pacific Kickoff,17,Pacific,Main Event: Middle Round 1,ZETA,GE,Pacific,Pacific,0,2,3,GE,0,False,True,12.0,0.21872781989041257,4.0,False,ZETA ban Pearl; GE ban Corrode; ZETA pick Haven; GE pick Abyss; ZETA ban Bind; GE ban Breeze; Split remains,https://www.vlr.gg/595642/zeta-division-vs-global-esports-vct-2026-pacific-kickoff-mr1
598935,2026-01-29,2026-01-29 07:10:00,2685,2026 China Kickoff,19,China,Main Event: Middle Round 1,FPX,BLG,China,China,0,2,3,BLG,0,False,True,,,,,BLG ban Corrode; FPX ban Split; BLG pick Pearl; FPX pick Bind; BLG ban Haven; FPX ban Abyss; Breeze remains,https://www.vlr.gg/598935/funplus-phoenix-vs-bilibili-gaming-vct-2026-china-kickoff-mr1
594748,2026-01-29,2026-01-29 11:00:00,2684,2026 EMEA Kickoff,18,EMEA,Main Event: Upper Round 3,NAVI,M8,EMEA,EMEA,0,2,3,M8,0,False,True,12.0,0.6044050037421149,4.0,False,M8 ban Breeze; NAVI ban Corrode; M8 pick Abyss; NAVI pick Bind; M8 ban Haven; NAVI ban Pearl; Split remains,https://www.vlr.gg/594748/natus-vincere-vs-gentle-mates-vct-2026-emea-kickoff-ur3
594749,2026-01-29,2026-01-29 13:20:00,2684,2026 EMEA Kickoff,18,EMEA,Main Event: Upper Round 3,BBL,VIT,EMEA,EMEA,2,0,3,BBL,1,False,True,12.0,0.39559499625788513,4.0,False,BBL ban Bind; VIT ban Pearl; BBL pick Haven; VIT pick Abyss; BBL ban Corrode; VIT ban Split; Breeze remains,https://www.vlr.gg/594749/bbl-esports-vs-team-vitality-vct-2026-emea-kickoff-ur3
595643,2026-01-30,2026-01-30 03:00:00,2683,2026 Pacific Kickoff,17,Pacific,Main Event: Middle Round 1,VL,KRX,Pacific,Pacific,1,2,3,KRX,0,False,True,12.0,0.3036245079059309,4.0,False,VL ban Abyss; KRX ban Pearl; VL pick Corrode; KRX pick Split; VL ban Breeze; KRX ban Haven; Bind remains,https://www.vlr.gg/595643/varrel-vs-drx-vct-2026-pacific-kickoff-mr1
598936,2026-01-30,2026-01-30 04:00:00,2685,2026 China Kickoff,19,China,Main Event: Middle Round 2,TYL,TEC,China,China,2,1,3,TYL,1,False,True,,0.6689501761538448,4.0,False,TYL ban Haven; TEC ban Pearl; TYL pick Corrode; TEC pick Breeze; TYL ban Bind; TEC ban Abyss; Split remains,https://www.vlr.gg/598936/tyloo-vs-titan-esports-club-vct-2026-china-kickoff-mr2
595644,2026-01-30,2026-01-30 06:25:00,2683,2026 Pacific Kickoff,17,Pacific,Main Event: Middle Round 1,GEN,T1,Pacific,Pacific,1,2,3,T1,0,False,True,12.0,0.4600527891985178,4.0,False,GEN ban Pearl; T1 ban Abyss; GEN pick Breeze; T1 pick Bind; GEN ban Split; T1 ban Corrode; Haven remains,https://www.vlr.gg/595644/gen-g-vs-t1-vct-2026-pacific-kickoff-mr1
598937,2026-01-30,2026-01-30 07:25:00,2685,2026 China Kickoff,19,China,Main Event: Middle Round 2,TE,BLG,China,China,0,2,3,BLG,0,False,True,,,,,TE ban Pearl; BLG ban Corrode; TE pick Abyss; BLG pick Breeze; TE ban Bind; BLG ban Split; Haven remains,https://www.vlr.gg/598937/trace-esports-vs-bilibili-gaming-vct-2026-china-kickoff-mr2
594755,2026-01-30,2026-01-30 11:00:00,2684,2026 EMEA Kickoff,18,EMEA,Main Event: Middle Round 2,TL,FNC,EMEA,EMEA,0,2,3,FNC,0,False,True,12.0,0.4116150372113735,4.0,False,FNC ban Pearl; TL ban Haven; FNC pick Corrode; TL pick Split; FNC ban Bind; TL ban Abyss; Breeze remains,https://www.vlr.gg/594755/team-liquid-vs-fnatic-vct-2026-emea-kickoff-mr2
594756,2026-01-30,2026-01-30 13:20:00,2684,2026 EMEA Kickoff,18,EMEA,Main Event: Middle Round 2,GX,TH,EMEA,EMEA,2,0,3,GX,1,False,True,12.0,0.4426896386695381,4.0,False,GX ban Corrode; TH ban Pearl; GX pick Abyss; TH pick Haven; GX ban Split; TH ban Bind; Breeze remains,https://www.vlr.gg/594756/giantx-vs-team-heretics-vct-2026-emea-kickoff-mr2
596406,2026-01-30,2026-01-30 17:00:00,2682,2026 Americas Kickoff,16,Americas,Main Event: Upper Round 3,NRG,MIBR,Americas,Americas,1,2,3,MIBR,0,False,True,12.0,0.5465130530702291,4.0,False,MIBR ban Pearl; NRG ban Haven; MIBR pick Abyss; NRG pick Split; MIBR ban Corrode; NRG ban Bind; Breeze remains,https://www.vlr.gg/596406/nrg-vs-mibr-vct-2026-americas-kickoff-ur3
596407,2026-01-30,2026-01-30 20:55:00,2682,2026 Americas Kickoff,16,Americas,Main Event: Upper Round 3,FUR,G2,Americas,Americas,2,1,3,FUR,1,False,True,12.0,0.24464427400158684,4.0,False,FUR ban Pearl; G2 ban Breeze; FUR pick Abyss; G2 pick Bind; FUR ban Haven; G2 ban Corrode; Split remains,https://www.vlr.gg/596407/furia-vs-g2-esports-vct-2026-americas-kickoff-ur3
595638,2026-01-31,2026-01-31 03:00:00,2683,2026 Pacific Kickoff,17,Pacific,Main Event: Upper Round 3,NS,FS,Pacific,Pacific,2,0,3,NS,1,False,True,12.0,0.4131769960915689,3.0,False,FS ban Haven; NS ban Pearl; FS pick Split; NS pick Bind; FS ban Abyss; NS ban Breeze; Corrode remains,https://www.vlr.gg/595638/nongshim-redforce-vs-full-sense-vct-2026-pacific-kickoff-ur3
598942,2026-01-31,2026-01-31 04:00:00,2685,2026 China Kickoff,19,China,Main Event: Lower Round 1,NOVA,WOL,China,China,1,2,3,WOL,0,False,True,,0.3963323109051753,4.0,False,NOVA ban Bind; WOL ban Corrode; NOVA pick Abyss; WOL pick Haven; NOVA ban Split; WOL ban Breeze; Pearl remains,https://www.vlr.gg/598942/nova-esports-vs-wolves-esports-vct-2026-china-kickoff-lr1
595639,2026-01-31,2026-01-31 05:10:00,2683,2026 Pacific Kickoff,17,Pacific,Main Event: Upper Round 3,PRX,RRQ,Pacific,Pacific,0,2,3,RRQ,0,False,True,12.0,0.6424429841515269,3.0,False,PRX ban Abyss; RRQ ban Split; PRX pick Bind; RRQ pick Pearl; PRX ban Corrode; RRQ ban Haven; Breeze remains,https://www.vlr.gg/595639/paper-rex-vs-rex-regum-qeon-vct-2026-pacific-kickoff-ur3
598929,2026-01-31,2026-01-31 07:10:00,2685,2026 China Kickoff,19,China,Main Event: Upper Round 3,AG,DRG,China,China,2,1,3,AG,1,False,True,,0.4437487047907571,4.0,False,DRG ban Haven; AG ban Breeze; DRG pick Corrode; AG pick Bind; DRG ban Split; AG ban Pearl; Abyss remains,https://www.vlr.gg/598929/all-gamers-vs-dragon-ranger-gaming-vct-2026-china-kickoff-ur3
596419,2026-01-31,2026-01-31 17:00:00,2682,2026 Americas Kickoff,16,Americas,Main Event: Lower Round 1,LOUD,EG,Americas,Americas,0,2,3,EG,0,False,True,12.0,0.4777257071876235,4.0,False,EG ban Breeze; LOUD ban Split; EG pick Haven; LOUD pick Abyss; EG ban Bind; LOUD ban Pearl; Corrode remains,https://www.vlr.gg/596419/loud-vs-evil-geniuses-vct-2026-americas-kickoff-lr1
596420,2026-01-31,2026-01-31 19:45:00,2682,2026 Americas Kickoff,16,Americas,Main Event: Lower Round 1,KRÜ,LEV,Americas,Americas,0,2,3,LEV,0,False,True,12.0,0.29836869469241867,4.0,False,LEV ban Breeze; KRÜ ban Corrode; LEV pick Bind; KRÜ pick Split; LEV ban Pearl; KRÜ ban Haven; Abyss remains,https://www.vlr.gg/596420/kr-esports-vs-leviat-n-vct-2026-americas-kickoff-lr1
595645,2026-02-01,2026-02-01 03:00:00,2683,2026 Pacific Kickoff,17,Pacific,Main Event: Middle Round 2,DFM,GE,Pacific,Pacific,2,1,3,DFM,1,False,True,12.0,0.4426896386695381,3.0,False,GE ban Abyss; DFM ban Corrode; GE pick Breeze; DFM pick Pearl; GE ban Bind; DFM ban Haven; Split remains,https://www.vlr.gg/595645/detonation-focusme-vs-global-esports-vct-2026-pacific-kickoff-mr2
598943,2026-02-01,2026-02-01 04:00:00,2685,2026 China Kickoff,19,China,Main Event: Lower Round 1,JDG,FPX,China,China,2,1,3,JDG,1,False,True,,,,,JDG ban Breeze; FPX ban Split; JDG pick Pearl; FPX pick Bind; JDG ban Corrode; FPX ban Abyss; Haven remains,https://www.vlr.gg/598943/jdg-esports-vs-funplus-phoenix-vct-2026-china-kickoff-lr1
595646,2026-02-01,2026-02-01 06:05:00,2683,2026 Pacific Kickoff,17,Pacific,Main Event: Middle Round 2,KRX,T1,Pacific,Pacific,0,2,3,T1,0,False,True,12.0,0.42605558279200884,4.0,False,KRX ban Pearl; T1 ban Abyss; KRX pick Split; T1 pick Bind; KRX ban Haven; T1 ban Corrode; Breeze remains,https://www.vlr.gg/595646/drx-vs-t1-vct-2026-pacific-kickoff-mr2
598930,2026-02-01,2026-02-01 07:00:00,2685,2026 China Kickoff,19,China,Main Event: Upper Round 3,XLG,EDG,China,China,2,0,3,XLG,1,False,True,,0.4007402303229264,4.0,False,EDG ban Breeze; XLG ban Corrode; EDG pick Split; XLG pick Pearl; EDG ban Abyss; XLG ban Haven; Bind remains,https://www.vlr.gg/598930/xi-lai-gaming-vs-edward-gaming-vct-2026-china-kickoff-ur3
596415,2026-02-01,2026-02-01 17:00:00,2682,2026 Americas Kickoff,16,Americas,Main Event: Middle Round 3,NRG,100T,Americas,Americas,2,0,3,NRG,1,False,True,12.0,0.634638710795356,4.0,False,100T ban Abyss; NRG ban Bind; 100T pick Haven; NRG pick Corrode; 100T ban Pearl; NRG ban Breeze; Split remains,https://www.vlr.gg/596415/nrg-vs-100-thieves-vct-2026-americas-kickoff-mr3
596416,2026-02-01,2026-02-01 19:25:00,2682,2026 Americas Kickoff,16,Americas,Main Event: Middle Round 3,G2,C9,Americas,Americas,2,0,3,G2,1,False,True,12.0,0.563423176488503,3.0,False,C9 ban Pearl; G2 ban Abyss; C9 pick Corrode; G2 pick Bind; C9 ban Haven; G2 ban Breeze; Split remains,https://www.vlr.gg/596416/g2-esports-vs-cloud9-vct-2026-americas-kickoff-mr3
598944,2026-02-03,2026-02-03 04:00:00,2685,2026 China Kickoff,19,China,Main Event: Lower Round 2,TE,WOL,China,China,2,1,3,TE,1,False,True,,0.45911074247444417,4.0,False,TE ban Pearl; WOL ban Corrode; TE pick Abyss; WOL pick Bind; TE ban Haven; WOL ban Breeze; Split remains,https://www.vlr.gg/598944/trace-esports-vs-wolves-esports-vct-2026-china-kickoff-lr2
598938,2026-02-03,2026-02-03 07:30:00,2685,2026 China Kickoff,19,China,Main Event: Middle Round 3,DRG,TYL,China,China,2,1,3,DRG,1,False,True,,0.586534695610046,4.0,False,DRG ban Haven; TYL ban Abyss; DRG pick Corrode; TYL pick Split; DRG ban Bind; TYL ban Breeze; Pearl remains,https://www.vlr.gg/598938/dragon-ranger-gaming-vs-tyloo-vct-2026-china-kickoff-mr3
594761,2026-02-03,2026-02-03 11:00:00,2684,2026 EMEA Kickoff,18,EMEA,Main Event: Lower Round 1,KC,FUT,EMEA,EMEA,2,1,3,KC,1,False,True,12.0,0.6037695223757111,4.0,False,KC ban Corrode; FUT ban Abyss; KC pick Haven; FUT pick Split; KC ban Breeze; FUT ban Bind; Pearl remains,https://www.vlr.gg/594761/karmine-corp-vs-fut-esports-vct-2026-emea-kickoff-lr1
594762,2026-02-03,2026-02-03 14:35:00,2684,2026 EMEA Kickoff,18,EMEA,Main Event: Lower Round 1,PCF,ULF,EMEA,EMEA,0,2,3,ULF,0,False,True,12.0,0.6504291318054792,4.0,False,ULF ban Corrode; PCF ban Haven; ULF pick Split; PCF pick Abyss; ULF ban Pearl; PCF ban Bind; Breeze remains,https://www.vlr.gg/594762/pcific-esports-vs-ulf-esports-vct-2026-emea-kickoff-lr1
598945,2026-02-04,2026-02-04 04:00:00,2685,2026 China Kickoff,19,China,Main Event: Lower Round 2,TEC,JDG,China,China,1,2,3,JDG,0,False,True,,,,,JDG ban Breeze; TEC ban Pearl; JDG pick Bind; TEC pick Haven; JDG ban Corrode; TEC ban Abyss; Split remains,https://www.vlr.gg/598945/titan-esports-club-vs-jdg-esports-vct-2026-china-kickoff-lr2
598939,2026-02-04,2026-02-04 07:20:00,2685,2026 China Kickoff,19,China,Main Event: Middle Round 3,EDG,BLG,China,China,1,2,3,BLG,0,False,True,,,,,BLG ban Corrode; EDG ban Pearl; BLG pick Abyss; EDG pick Haven; BLG ban Bind; EDG ban Split; Breeze remains,https://www.vlr.gg/598939/edward-gaming-vs-bilibili-gaming-vct-2026-china-kickoff-mr3
594757,2026-02-04,2026-02-04 11:00:00,2684,2026 EMEA Kickoff,18,EMEA,Main Event: Middle Round 3,NAVI,FNC,EMEA,EMEA,1,2,3,FNC,0,False,True,12.0,0.33596554199569284,4.0,False,NAVI ban Corrode; FNC ban Pearl; NAVI pick Split; FNC pick Breeze; NAVI ban Abyss; FNC ban Haven; Bind remains,https://www.vlr.gg/594757/natus-vincere-vs-fnatic-vct-2026-emea-kickoff-mr3
594758,2026-02-04,2026-02-04 15:00:00,2684,2026 EMEA Kickoff,18,EMEA,Main Event: Middle Round 3,VIT,GX,EMEA,EMEA,2,0,3,VIT,1,False,True,12.0,0.5600290609674881,3.0,False,GX ban Corrode; VIT ban Pearl; GX pick Abyss; VIT pick Breeze; GX ban Split; VIT ban Bind; Haven remains,https://www.vlr.gg/594758/team-vitality-vs-giantx-vct-2026-emea-kickoff-mr3
595651,2026-02-05,2026-02-05 03:00:00,2683,2026 Pacific Kickoff,17,Pacific,Main Event: Lower Round 1,TS,ZETA,Pacific,Pacific,1,2,3,ZETA,0,False,True,12.0,0.47179077204202835,4.0,False,ZETA ban Pearl; TS ban Corrode; ZETA pick Bind; TS pick Split; ZETA ban Breeze; TS ban Haven; Abyss remains,https://www.vlr.gg/595651/team-secret-vs-zeta-division-vct-2026-pacific-kickoff-lr1
598946,2026-02-05,2026-02-05 04:00:00,2685,2026 China Kickoff,19,China,Main Event: Lower Round 3,TYL,TE,China,China,2,0,3,TYL,1,False,True,,0.46962712529351697,4.0,False,TYL ban Split; TE ban Pearl; TYL pick Haven; TE pick Abyss; TYL ban Corrode; TE ban Bind; Breeze remains,https://www.vlr.gg/598946/tyloo-vs-trace-esports-vct-2026-china-kickoff-lr3
595652,2026-02-05,2026-02-05 05:45:00,2683,2026 Pacific Kickoff,17,Pacific,Main Event: Lower Round 1,VL,GEN,Pacific,Pacific,1,2,3,GEN,0,False,True,12.0,0.3062326558163956,4.0,False,GEN ban Corrode; VL ban Abyss; GEN pick Breeze; VL pick Pearl; GEN ban Split; VL ban Bind; Haven remains,https://www.vlr.gg/595652/varrel-vs-gen-g-vct-2026-pacific-kickoff-lr1
598947,2026-02-05,2026-02-05 06:25:00,2685,2026 China Kickoff,19,China,Main Event: Lower Round 3,EDG,JDG,China,China,2,1,3,EDG,1,False,True,,0.6886283268192814,3.0,False,JDG ban Breeze; EDG ban Pearl; JDG pick Abyss; EDG pick Haven; JDG ban Bind; EDG ban Split; Corrode remains,https://www.vlr.gg/598947/edward-gaming-vs-jdg-esports-vct-2026-china-kickoff-lr3
594763,2026-02-05,2026-02-05 11:00:00,2684,2026 EMEA Kickoff,18,EMEA,Main Event: Lower Round 2,TH,KC,EMEA,EMEA,2,1,3,TH,1,False,True,12.0,0.6281407035175879,4.0,False,KC ban Breeze; TH ban Pearl; KC pick Abyss; TH pick Haven; KC ban Split; TH ban Bind; Corrode remains,https://www.vlr.gg/594763/team-heretics-vs-karmine-corp-vct-2026-emea-kickoff-lr2
594764,2026-02-05,2026-02-05 14:00:00,2684,2026 EMEA Kickoff,18,EMEA,Main Event: Lower Round 2,TL,ULF,EMEA,EMEA,2,1,3,TL,1,False,True,12.0,0.7945711463299403,4.0,False,ULF ban Corrode; TL ban Haven; ULF pick Split; TL pick Breeze; ULF ban Bind; TL ban Abyss; Pearl remains,https://www.vlr.gg/594764/team-liquid-vs-ulf-esports-vct-2026-emea-kickoff-lr2
595647,2026-02-06,2026-02-06 03:00:00,2683,2026 Pacific Kickoff,17,Pacific,Main Event: Middle Round 3,FS,DFM,Pacific,Pacific,1,2,3,DFM,0,False,True,12.0,0.6451724270205992,3.0,False,DFM ban Corrode; FS ban Bind; DFM pick Pearl; FS pick Split; DFM ban Breeze; FS ban Abyss; Haven remains,https://www.vlr.gg/595647/full-sense-vs-detonation-focusme-vct-2026-pacific-kickoff-mr3
598940,2026-02-06,2026-02-06 04:00:00,2685,2026 China Kickoff,19,China,Main Event: Middle Round 4,DRG,BLG,China,China,0,2,3,BLG,0,False,True,,,,,DRG ban Haven; BLG ban Corrode; DRG pick Split; BLG pick Abyss; DRG ban Bind; BLG ban Pearl; Breeze remains,https://www.vlr.gg/598940/dragon-ranger-gaming-vs-bilibili-gaming-vct-2026-china-kickoff-mr4
595648,2026-02-06,2026-02-06 06:00:00,2683,2026 Pacific Kickoff,17,Pacific,Main Event: Middle Round 3,PRX,T1,Pacific,Pacific,1,2,3,T1,0,False,True,12.0,0.5508002195853217,4.0,False,T1 ban Haven; PRX ban Abyss; T1 pick Pearl; PRX pick Breeze; T1 ban Corrode; PRX ban Split; Bind remains,https://www.vlr.gg/595648/paper-rex-vs-t1-vct-2026-pacific-kickoff-mr3
598948,2026-02-06,2026-02-06 06:00:00,2685,2026 China Kickoff,19,China,Main Event: Lower Round 4,TYL,EDG,China,China,1,2,3,EDG,0,False,True,,0.38433891310858936,3.0,False,EDG ban Breeze; TYL ban Abyss; EDG pick Bind; TYL pick Haven; EDG ban Split; TYL ban Pearl; Corrode remains,https://www.vlr.gg/598948/tyloo-vs-edward-gaming-vct-2026-china-kickoff-lr4
594765,2026-02-06,2026-02-06 11:00:00,2684,2026 EMEA Kickoff,18,EMEA,Main Event: Lower Round 3,NAVI,TH,EMEA,EMEA,0,2,3,TH,0,False,True,12.0,0.4777257071876235,4.0,False,TH ban Split; NAVI ban Corrode; TH pick Haven; NAVI pick Breeze; TH ban Pearl; NAVI ban Abyss; Bind remains,https://www.vlr.gg/594765/natus-vincere-vs-team-heretics-vct-2026-emea-kickoff-lr3
594766,2026-02-06,2026-02-06 13:00:00,2684,2026 EMEA Kickoff,18,EMEA,Main Event: Lower Round 3,GX,TL,EMEA,EMEA,1,2,3,TL,0,False,True,12.0,0.4987508756431852,4.0,False,TL ban Haven; GX ban Corrode; TL pick Breeze; GX pick Pearl; TL ban Split; GX ban Abyss; Bind remains,https://www.vlr.gg/594766/giantx-vs-team-liquid-vct-2026-emea-kickoff-lr3
596421,2026-02-06,2026-02-06 17:00:00,2682,2026 Americas Kickoff,16,Americas,Main Event: Lower Round 2,ENVY,EG,Americas,Americas,0,2,3,EG,0,False,True,12.0,0.554102465398074,4.0,False,EG ban Breeze; ENVY ban Haven; EG pick Pearl; ENVY pick Corrode; EG ban Abyss; ENVY ban Split; Bind remains,https://www.vlr.gg/596421/envy-vs-evil-geniuses-vct-2026-americas-kickoff-lr2
596422,2026-02-06,2026-02-06 19:30:00,2682,2026 Americas Kickoff,16,Americas,Main Event: Lower Round 2,SEN,LEV,Americas,Americas,0,2,3,LEV,0,False,True,12.0,0.5551820457599352,4.0,False,SEN ban Haven; LEV ban Split; SEN pick Corrode; LEV pick Bind; SEN ban Split; LEV ban Breeze; Abyss remains,https://www.vlr.gg/596422/sentinels-vs-leviat-n-vct-2026-americas-kickoff-lr2
598949,2026-02-07,2026-02-07 02:00:00,2685,2026 China Kickoff,19,China,Main Event: Lower Round 5,DRG,EDG,China,China,1,2,3,EDG,0,False,True,,0.3718592964824121,3.0,False,EDG ban Breeze; DRG ban Abyss; EDG pick Split; DRG pick Pearl; EDG ban Bind; DRG ban Haven; Corrode remains,https://www.vlr.gg/598949/dragon-ranger-gaming-vs-edward-gaming-vct-2026-china-kickoff-lr5
595653,2026-02-07,2026-02-07 03:00:00,2683,2026 Pacific Kickoff,17,Pacific,Main Event: Lower Round 2,KRX,ZETA,Pacific,Pacific,2,1,3,KRX,1,False,True,12.0,0.7747068676716917,3.0,False,ZETA ban Abyss; KRX ban Pearl; ZETA pick Haven; KRX pick Bind; ZETA ban Breeze; KRX ban Corrode; Split remains,https://www.vlr.gg/595653/drx-vs-zeta-division-vct-2026-pacific-kickoff-lr2
598931,2026-02-07,2026-02-07 05:10:00,2685,2026 China Kickoff,19,China,Main Event: Upper Final,AG,XLG,China,China,3,2,5,AG,1,False,True,,0.27750693767344176,3.0,False,XLG ban Corrode; AG ban Breeze; XLG pick Pearl; AG pick Split; XLG pick Bind; AG pick Abyss; Haven remains,https://www.vlr.gg/598931/all-gamers-vs-xi-lai-gaming-vct-2026-china-kickoff-ubf
595654,2026-02-07,2026-02-07 06:00:00,2683,2026 Pacific Kickoff,17,Pacific,Main Event: Lower Round 2,GE,GEN,Pacific,Pacific,2,1,3,GE,1,False,True,12.0,0.40271681897532663,4.0,False,GEN ban Corrode; GE ban Pearl; GEN pick Breeze; GE pick Abyss; GEN ban Split; GE ban Bind; Haven remains,https://www.vlr.gg/595654/global-esports-vs-gen-g-vct-2026-pacific-kickoff-lr2
596423,2026-02-07,2026-02-07 15:00:00,2682,2026 Americas Kickoff,16,Americas,Main Event: Lower Round 3,100T,EG,Americas,Americas,2,0,3,100T,1,False,True,12.0,0.6593249937631419,3.0,False,EG ban Breeze; 100T ban Abyss; EG pick Haven; 100T pick Bind; EG ban Pearl; 100T ban Corrode; Split remains,https://www.vlr.gg/596423/100-thieves-vs-evil-geniuses-vct-2026-americas-kickoff-lr3
596424,2026-02-07,2026-02-07 18:20:00,2682,2026 Americas Kickoff,16,Americas,Main Event: Lower Round 3,C9,LEV,Americas,Americas,2,0,3,C9,1,False,True,12.0,0.46482412060301503,3.0,False,LEV ban Pearl; C9 ban Corrode; LEV pick Bind; C9 pick Breeze; LEV ban Split; C9 ban Haven; Abyss remains,https://www.vlr.gg/596424/cloud9-vs-leviat-n-vct-2026-americas-kickoff-lr3
596417,2026-02-07,2026-02-07 20:25:00,2682,2026 Americas Kickoff,16,Americas,Main Event: Middle Round 4,NRG,G2,Americas,Americas,0,2,3,G2,0,False,True,12.0,0.4504590329761383,4.0,False,NRG ban Bind; G2 ban Abyss; NRG pick Pearl; G2 pick Split; NRG ban Breeze; G2 ban Corrode; Haven remains,https://www.vlr.gg/596417/nrg-vs-g2-esports-vct-2026-americas-kickoff-mr4
595655,2026-02-08,2026-02-08 03:00:00,2683,2026 Pacific Kickoff,17,Pacific,Main Event: Lower Round 3,FS,KRX,Pacific,Pacific,0,2,3,KRX,0,False,True,12.0,0.49199549660872677,3.0,False,FS ban Haven; KRX ban Pearl; FS pick Corrode; KRX pick Abyss; FS ban Bind; KRX ban Breeze; Split remains,https://www.vlr.gg/595655/full-sense-vs-drx-vct-2026-pacific-kickoff-lr3
598941,2026-02-08,2026-02-08 04:00:00,2685,2026 China Kickoff,19,China,Main Event: Middle Final,XLG,BLG,China,China,3,2,5,XLG,1,False,True,,0.5703363442981779,4.0,False,BLG ban Haven; XLG ban Corrode; BLG pick Abyss; XLG pick Bind; BLG pick Breeze; XLG pick Pearl; Split remains,https://www.vlr.gg/598941/xi-lai-gaming-vs-bilibili-gaming-vct-2026-china-kickoff-mbf
595656,2026-02-08,2026-02-08 05:00:00,2683,2026 Pacific Kickoff,17,Pacific,Main Event: Lower Round 3,PRX,GE,Pacific,Pacific,2,1,3,PRX,1,False,True,12.0,0.6787200055700833,4.0,False,GE ban Bind; PRX ban Abyss; GE pick Corrode; PRX pick Breeze; GE ban Haven; PRX ban Pearl; Split remains,https://www.vlr.gg/595656/paper-rex-vs-global-esports-vct-2026-pacific-kickoff-lr3
598950,2026-02-09,2026-02-09 04:00:00,2685,2026 China Kickoff,19,China,Main Event: Lower Final,BLG,EDG,China,China,1,3,5,EDG,0,False,True,,0.4531480934082176,3.0,False,BLG ban Corrode; EDG ban Breeze; BLG pick Pearl; EDG pick Haven; BLG pick Abyss; EDG pick Split; Bind remains,https://www.vlr.gg/598950/bilibili-gaming-vs-edward-gaming-vct-2026-china-kickoff-lbf
595657,2026-02-12,2026-02-12 03:00:00,2683,2026 Pacific Kickoff,17,Pacific,Main Event: Lower Round 4,KRX,PRX,Pacific,Pacific,1,2,3,PRX,0,False,True,12.0,0.4078433387319592,4.0,False,PRX ban Abyss; KRX ban Pearl; PRX pick Haven; KRX pick Corrode; PRX ban Bind; KRX ban Split; Breeze remains,https://www.vlr.gg/595657/drx-vs-paper-rex-vct-2026-pacific-kickoff-lr4
594767,2026-02-12,2026-02-12 12:00:00,2684,2026 EMEA Kickoff,18,EMEA,Main Event: Lower Round 4,TH,TL,EMEA,EMEA,0,2,3,TL,0,False,True,12.0,0.5958051125191173,4.0,False,TL ban Haven; TH ban Pearl; TL pick Abyss; TH pick Bind; TL ban Corrode; TH ban Split; Breeze remains,https://www.vlr.gg/594767/team-heretics-vs-team-liquid-vct-2026-emea-kickoff-lr4
595649,2026-02-13,2026-02-13 02:00:00,2683,2026 Pacific Kickoff,17,Pacific,Main Event: Middle Round 4,DFM,T1,Pacific,Pacific,0,2,3,T1,0,False,True,12.0,0.3214246414554526,4.0,False,DFM ban Corrode; T1 ban Haven; DFM pick Pearl; T1 pick Split; DFM ban Breeze; T1 ban Abyss; Bind remains,https://www.vlr.gg/595649/detonation-focusme-vs-t1-vct-2026-pacific-kickoff-mr4
595640,2026-02-13,2026-02-13 04:00:00,2683,2026 Pacific Kickoff,17,Pacific,Main Event: Upper Final,NS,RRQ,Pacific,Pacific,3,2,5,NS,1,False,True,12.0,0.4437487047907571,4.0,False,RRQ ban Split; NS ban Pearl; RRQ pick Corrode; NS pick Bind; RRQ pick Haven; NS pick Abyss; Breeze remains,https://www.vlr.gg/595640/nongshim-redforce-vs-rex-regum-qeon-vct-2026-pacific-kickoff-ubf
594759,2026-02-13,2026-02-13 08:00:00,2684,2026 EMEA Kickoff,18,EMEA,Main Event: Middle Round 4,FNC,VIT,EMEA,EMEA,2,0,3,FNC,1,False,True,12.0,0.4572961495901066,4.0,False,VIT ban Split; FNC ban Breeze; VIT pick Abyss; FNC pick Bind; VIT ban Haven; FNC ban Pearl; Corrode remains,https://www.vlr.gg/594759/fnatic-vs-team-vitality-vct-2026-emea-kickoff-mr4
594750,2026-02-13,2026-02-13 10:15:00,2684,2026 EMEA Kickoff,18,EMEA,Main Event: Upper Final,M8,BBL,EMEA,EMEA,2,3,5,BBL,0,False,True,12.0,0.5094170378486698,4.0,False,BBL ban Bind; M8 ban Breeze; BBL pick Haven; M8 pick Abyss; BBL pick Pearl; M8 pick Split; Corrode remains,https://www.vlr.gg/594750/gentle-mates-vs-bbl-esports-vct-2026-emea-kickoff-ubf
596425,2026-02-13,2026-02-13 15:00:00,2682,2026 Americas Kickoff,16,Americas,Main Event: Lower Round 4,100T,C9,Americas,Americas,2,1,3,100T,1,False,True,12.0,0.5485079952813355,4.0,False,C9 ban Bind; 100T ban Haven; C9 pick Pearl; 100T pick Split; C9 ban Corrode; 100T ban Breeze; Abyss remains,https://www.vlr.gg/596425/100-thieves-vs-cloud9-vct-2026-americas-kickoff-lr4
596408,2026-02-13,2026-02-13 18:30:00,2682,2026 Americas Kickoff,16,Americas,Main Event: Upper Final,MIBR,FUR,Americas,Americas,2,3,5,FUR,0,False,True,12.0,0.7478387231659622,4.0,False,MIBR ban Pearl; FUR ban Corrode; MIBR pick Bind; FUR pick Abyss; MIBR pick Haven; FUR pick Breeze; Split remains,https://www.vlr.gg/596408/mibr-vs-furia-vct-2026-americas-kickoff-ubf
595658,2026-02-14,2026-02-14 02:00:00,2683,2026 Pacific Kickoff,17,Pacific,Main Event: Lower Round 5,DFM,PRX,Pacific,Pacific,0,2,3,PRX,0,False,True,12.0,0.2821142084902749,4.0,False,PRX ban Abyss; DFM ban Corrode; PRX pick Haven; DFM pick Split; PRX ban Pearl; DFM ban Breeze; Bind remains,https://www.vlr.gg/595658/detonation-focusme-vs-paper-rex-vct-2026-pacific-kickoff-lr5
595650,2026-02-14,2026-02-14 04:00:00,2683,2026 Pacific Kickoff,17,Pacific,Main Event: Middle Final,RRQ,T1,Pacific,Pacific,0,3,5,T1,0,False,True,12.0,0.42964218866085935,4.0,False,RRQ ban Split; T1 ban Corrode; RRQ pick Pearl; T1 pick Breeze; RRQ pick Abyss; T1 pick Haven; Bind remains,https://www.vlr.gg/595650/rex-regum-qeon-vs-t1-vct-2026-pacific-kickoff-mbf
594768,2026-02-14,2026-02-14 08:00:00,2684,2026 EMEA Kickoff,18,EMEA,Main Event: Lower Round 5,VIT,TL,EMEA,EMEA,1,2,3,TL,0,False,True,12.0,0.5958051125191173,3.0,False,VIT ban Split; TL ban Haven; VIT pick Corrode; TL pick Bind; VIT ban Pearl; TL ban Abyss; Breeze remains,https://www.vlr.gg/594768/team-vitality-vs-team-liquid-vct-2026-emea-kickoff-lr5
594760,2026-02-14,2026-02-14 11:10:00,2684,2026 EMEA Kickoff,18,EMEA,Main Event: Middle Final,M8,FNC,EMEA,EMEA,3,2,5,M8,1,False,True,12.0,0.3521394853053144,3.0,False,M8 ban Breeze; FNC ban Pearl; M8 pick Abyss; FNC pick Corrode; M8 pick Split; FNC pick Bind; Haven remains,https://www.vlr.gg/594760/gentle-mates-vs-fnatic-vct-2026-emea-kickoff-mbf
596426,2026-02-14,2026-02-14 15:00:00,2682,2026 Americas Kickoff,16,Americas,Main Event: Lower Round 5,NRG,100T,Americas,Americas,2,0,3,NRG,1,False,True,12.0,0.6156610868914106,3.0,False,100T ban Haven; NRG ban Bind; 100T pick Pearl; NRG pick Abyss; 100T ban Corrode; NRG ban Breeze; Split remains,https://www.vlr.gg/596426/nrg-vs-100-thieves-vct-2026-americas-kickoff-lr5
596418,2026-02-14,2026-02-14 17:20:00,2682,2026 Americas Kickoff,16,Americas,Main Event: Middle Final,MIBR,G2,Americas,Americas,0,3,5,G2,0,False,True,12.0,0.4595068365081221,4.0,False,MIBR ban Pearl; G2 ban Abyss; MIBR pick Breeze; G2 pick Haven; MIBR pick Corrode; G2 pick Split; Bind remains,https://www.vlr.gg/596418/mibr-vs-g2-esports-vct-2026-americas-kickoff-mbf
595659,2026-02-15,2026-02-15 02:00:00,2683,2026 Pacific Kickoff,17,Pacific,Main Event: Lower Final,RRQ,PRX,Pacific,Pacific,1,3,5,PRX,0,False,True,12.0,0.3381190945097434,4.0,False,PRX ban Abyss; RRQ ban Split; PRX pick Haven; RRQ pick Corrode; PRX pick Breeze; RRQ pick Pearl; Bind remains,https://www.vlr.gg/595659/rex-regum-qeon-vs-paper-rex-vct-2026-pacific-kickoff-lbf
594769,2026-02-15,2026-02-15 12:00:00,2684,2026 EMEA Kickoff,18,EMEA,Main Event: Lower Final,FNC,TL,EMEA,EMEA,0,3,5,TL,0,False,True,12.0,0.5462431203637235,4.0,False,FNC ban Pearl; TL ban Haven; FNC pick Corrode; TL pick Bind; FNC pick Abyss; TL pick Breeze; Split remains,https://www.vlr.gg/594769/fnatic-vs-team-liquid-vct-2026-emea-kickoff-lbf
596427,2026-02-15,2026-02-15 17:00:00,2682,2026 Americas Kickoff,16,Americas,Main Event: Lower Final,MIBR,NRG,Americas,Americas,2,3,5,NRG,0,False,True,12.0,0.3963068558054875,4.0,False,MIBR ban Pearl; NRG ban Breeze; MIBR pick Bind; NRG pick Corrode; MIBR pick Split; NRG pick Abyss; Haven remains,https://www.vlr.gg/596427/mibr-vs-nrg-vct-2026-americas-kickoff-lbf
625788,2026-02-28,2026-02-28 12:00:00,2760,2026 Masters Santiago,20,International,Swiss Stage: Round 1,M8,EDG,EMEA,China,2,0,3,M8,1,True,True,12.03,0.5815981176655516,4.0,False,EDG ban Split; M8 ban Breeze; EDG pick Haven; M8 pick Pearl; EDG ban Bind; M8 ban Corrode; Abyss remains,https://www.vlr.gg/625788/gentle-mates-vs-edward-gaming-valorant-masters-santiago-2026-r1
625791,2026-02-28,2026-02-28 14:30:00,2760,2026 Masters Santiago,20,International,Swiss Stage: Round 1,XLG,NRG,China,Americas,0,2,3,NRG,0,True,True,12.03,0.31137167318071857,4.0,False,NRG ban Bind; XLG ban Corrode; NRG pick Haven; XLG pick Abyss; NRG ban Split; XLG ban Breeze; Pearl remains,https://www.vlr.gg/625791/xi-lai-gaming-vs-nrg-valorant-masters-santiago-2026-r1
625790,2026-03-01,2026-03-01 12:00:00,2760,2026 Masters Santiago,20,International,Swiss Stage: Round 1,G2,PRX,Americas,Pacific,0,2,3,PRX,0,True,True,12.03,0.534007979596475,4.0,False,PRX ban Abyss; G2 ban Haven; PRX pick Split; G2 pick Corrode; PRX ban Pearl; G2 ban Bind; Breeze remains,https://www.vlr.gg/625790/g2-esports-vs-paper-rex-valorant-masters-santiago-2026-r1
625789,2026-03-01,2026-03-01 14:05:00,2760,2026 Masters Santiago,20,International,Swiss Stage: Round 1,T1,TL,Pacific,EMEA,0,2,3,TL,0,True,True,12.03,0.6010019890196636,4.0,False,TL ban Pearl; T1 ban Bind; TL pick Breeze; T1 pick Split; TL ban Abyss; T1 ban Corrode; Haven remains,https://www.vlr.gg/625789/t1-vs-team-liquid-valorant-masters-santiago-2026-r1
626529,2026-03-02,2026-03-02 13:00:00,2760,2026 Masters Santiago,20,International,Swiss Stage: Round 2 (1-0),PRX,NRG,Pacific,Americas,2,1,3,PRX,1,True,True,12.03,0.5327890767552951,4.0,False,PRX ban Abyss; NRG ban Bind; PRX pick Split; NRG pick Pearl; PRX ban Corrode; NRG ban Breeze; Haven remains,https://www.vlr.gg/626529/paper-rex-vs-nrg-valorant-masters-santiago-2026-r2-1-0
626530,2026-03-02,2026-03-02 16:30:00,2760,2026 Masters Santiago,20,International,Swiss Stage: Round 2 (1-0),M8,TL,EMEA,EMEA,2,0,3,M8,1,True,True,12.03,0.4469462698105913,3.0,False,M8 ban Breeze; TL ban Abyss; M8 pick Pearl; TL pick Bind; M8 ban Corrode; TL ban Haven; Split remains,https://www.vlr.gg/626530/gentle-mates-vs-team-liquid-valorant-masters-santiago-2026-r2-1-0
626532,2026-03-03,2026-03-03 13:00:00,2760,2026 Masters Santiago,20,International,Swiss Stage: Round 2 (0-1),EDG,T1,China,Pacific,0,2,3,T1,0,True,True,12.03,0.331188315679115,4.0,False,T1 ban Corrode; EDG ban Breeze; T1 pick Bind; EDG pick Haven; T1 ban Abyss; EDG ban Pearl; Split remains,https://www.vlr.gg/626532/edward-gaming-vs-t1-valorant-masters-santiago-2026-r2-0-1
626533,2026-03-03,2026-03-03 15:10:00,2760,2026 Masters Santiago,20,International,Swiss Stage: Round 2 (0-1),XLG,G2,China,Americas,0,2,3,G2,0,True,True,12.03,0.22171104929157492,4.0,False,XLG ban Corrode; G2 ban Pearl; XLG pick Abyss; G2 pick Haven; XLG ban Split; G2 ban Bind; Breeze remains,https://www.vlr.gg/626533/xi-lai-gaming-vs-g2-esports-valorant-masters-santiago-2026-r2-0-1
626535,2026-03-04,2026-03-04 13:00:00,2760,2026 Masters Santiago,20,International,Swiss Stage: Round 3,NRG,TL,Americas,EMEA,2,0,3,NRG,1,True,True,12.03,0.6281407035175879,3.0,False,TL ban Haven; NRG ban Bind; TL pick Breeze; NRG pick Abyss; TL ban Corrode; NRG ban Split; Pearl remains,https://www.vlr.gg/626535/nrg-vs-team-liquid-valorant-masters-santiago-2026-r3
626534,2026-03-04,2026-03-04 15:20:00,2760,2026 Masters Santiago,20,International,Swiss Stage: Round 3,G2,T1,Americas,Pacific,2,0,3,G2,1,True,True,12.03,0.5052436093511032,4.0,False,T1 ban Corrode; G2 ban Bind; T1 pick Breeze; G2 pick Haven; T1 ban Abyss; G2 ban Pearl; Split remains,https://www.vlr.gg/626534/g2-esports-vs-t1-valorant-masters-santiago-2026-r3
626539,2026-03-06,2026-03-06 13:00:00,2760,2026 Masters Santiago,20,International,Playoffs: Upper Quarterfinals,FUR,PRX,Americas,Pacific,1,2,3,PRX,0,True,True,12.03,0.2848436513593473,4.0,False,PRX ban Abyss; FUR ban Bind; PRX pick Haven; FUR pick Breeze; PRX ban Corrode; FUR ban Pearl; Split remains,https://www.vlr.gg/626539/furia-vs-paper-rex-valorant-masters-santiago-2026-ubqf
626537,2026-03-06,2026-03-06 16:00:00,2760,2026 Masters Santiago,20,International,Playoffs: Upper Quarterfinals,NS,M8,Pacific,EMEA,2,0,3,NS,1,True,True,12.03,0.4437487047907571,4.0,False,M8 ban Breeze; NS ban Pearl; M8 pick Haven; NS pick Corrode; M8 ban Split; NS ban Abyss; Bind remains,https://www.vlr.gg/626537/nongshim-redforce-vs-gentle-mates-valorant-masters-santiago-2026-ubqf
626540,2026-03-07,2026-03-07 12:00:00,2760,2026 Masters Santiago,20,International,Playoffs: Upper Quarterfinals,BBL,NRG,EMEA,Americas,1,2,3,NRG,0,True,True,12.03,0.3801243057392225,4.0,False,BBL ban Bind; NRG ban Haven; BBL pick Pearl; NRG pick Abyss; BBL ban Corrode; NRG ban Breeze; Split remains,https://www.vlr.gg/626540/bbl-esports-vs-nrg-valorant-masters-santiago-2026-ubqf
626538,2026-03-07,2026-03-07 15:30:00,2760,2026 Masters Santiago,20,International,Playoffs: Upper Quarterfinals,AG,G2,China,Americas,0,2,3,G2,0,True,True,12.03,0.2054288536700597,3.0,False,AG ban Haven; G2 ban Pearl; AG pick Split; G2 pick Abyss; AG ban Breeze; G2 ban Corrode; Bind remains,https://www.vlr.gg/626538/all-gamers-vs-g2-esports-valorant-masters-santiago-2026-ubqf
626546,2026-03-08,2026-03-08 13:00:00,2760,2026 Masters Santiago,20,International,Playoffs: Lower Round 1,FUR,BBL,Americas,EMEA,1,2,3,BBL,0,True,True,12.03,0.41714271040738293,4.0,False,FUR ban Pearl; BBL ban Bind; FUR pick Haven; BBL pick Breeze; FUR ban Corrode; BBL ban Split; Abyss remains,https://www.vlr.gg/626546/furia-vs-bbl-esports-valorant-masters-santiago-2026-lr1
626545,2026-03-08,2026-03-08 16:30:00,2760,2026 Masters Santiago,20,International,Playoffs: Lower Round 1,M8,AG,EMEA,China,1,2,3,AG,0,True,True,12.03,0.8140703517587939,3.0,False,M8 ban Breeze; AG ban Haven; M8 pick Pearl; AG pick Split; M8 ban Corrode; AG ban Abyss; Bind remains,https://www.vlr.gg/626545/gentle-mates-vs-all-gamers-valorant-masters-santiago-2026-lr1
626541,2026-03-09,2026-03-09 14:00:00,2760,2026 Masters Santiago,20,International,Playoffs: Upper Semifinals,NS,G2,Pacific,Americas,2,1,3,NS,1,True,True,12.03,0.40419488748088267,4.0,False,G2 ban Bind; NS ban Pearl; G2 pick Abyss; NS pick Corrode; G2 ban Breeze; NS ban Haven; Split remains,https://www.vlr.gg/626541/nongshim-redforce-vs-g2-esports-valorant-masters-santiago-2026-ubsf
626542,2026-03-09,2026-03-09 17:20:00,2760,2026 Masters Santiago,20,International,Playoffs: Upper Semifinals,PRX,NRG,Pacific,Americas,0,2,3,NRG,0,True,True,12.03,0.5487038112679575,4.0,False,NRG ban Haven; PRX ban Abyss; NRG pick Pearl; PRX pick Bind; NRG ban Breeze; PRX ban Corrode; Split remains,https://www.vlr.gg/626542/paper-rex-vs-nrg-valorant-masters-santiago-2026-ubsf
626548,2026-03-10,2026-03-10 14:00:00,2760,2026 Masters Santiago,20,International,Playoffs: Lower Round 2,G2,BBL,Americas,EMEA,2,0,3,G2,1,True,True,12.03,0.5883849627886265,4.0,False,BBL ban Bind; G2 ban Pearl; BBL pick Haven; G2 pick Breeze; BBL ban Corrode; G2 ban Split; Abyss remains,https://www.vlr.gg/626548/g2-esports-vs-bbl-esports-valorant-masters-santiago-2026-lr2
626547,2026-03-10,2026-03-10 16:10:00,2760,2026 Masters Santiago,20,International,Playoffs: Lower Round 2,PRX,AG,Pacific,China,2,1,3,PRX,1,True,True,12.03,0.8049053362765852,4.0,False,AG ban Haven; PRX ban Abyss; AG pick Corrode; PRX pick Pearl; AG ban Breeze; PRX ban Bind; Split remains,https://www.vlr.gg/626547/paper-rex-vs-all-gamers-valorant-masters-santiago-2026-lr2
626543,2026-03-13,2026-03-13 13:00:00,2760,2026 Masters Santiago,20,International,Playoffs: Upper Final,NS,NRG,Pacific,Americas,2,0,3,NS,1,True,True,12.03,0.4426896386695381,4.0,False,NS ban Pearl; NRG ban Corrode; NS pick Bind; NRG pick Abyss; NS ban Breeze; NRG ban Split; Haven remains,https://www.vlr.gg/626543/nongshim-redforce-vs-nrg-valorant-masters-santiago-2026-ubf
626549,2026-03-13,2026-03-13 15:25:00,2760,2026 Masters Santiago,20,International,Playoffs: Lower Round 3,PRX,G2,Pacific,Americas,2,1,3,PRX,1,True,True,12.03,0.5282092279579716,3.0,False,PRX ban Abyss; G2 ban Split; PRX pick Haven; G2 pick Breeze; PRX ban Pearl; G2 ban Bind; Corrode remains,https://www.vlr.gg/626549/paper-rex-vs-g2-esports-valorant-masters-santiago-2026-lr3
626550,2026-03-14,2026-03-14 13:00:00,2760,2026 Masters Santiago,20,International,Playoffs: Lower Final,NRG,PRX,Americas,Pacific,1,3,5,PRX,0,True,True,12.03,0.45948856611081634,4.0,False,NRG ban Bind; PRX ban Abyss; NRG pick Pearl; PRX pick Split; NRG pick Corrode; PRX pick Breeze; Haven remains,https://www.vlr.gg/626550/nrg-vs-paper-rex-valorant-masters-santiago-2026-lbf
626544,2026-03-15,2026-03-15 14:00:00,2760,2026 Masters Santiago,20,International,Playoffs: Grand Final,NS,PRX,Pacific,Pacific,3,0,5,NS,1,True,True,12.03,0.4568544242584572,4.0,False,NS ban Pearl; NS ban Breeze; NS pick Corrode; PRX pick Split; NS pick Abyss; PRX pick Haven; Bind remains,https://www.vlr.gg/626544/nongshim-redforce-vs-paper-rex-valorant-masters-santiago-2026-gf
642914,2026-03-31,2026-03-31 05:00:00,2864,2026 China Stage 1,24,China,Group Stage: Week 1,TEC,AG,China,China,1,2,3,AG,0,False,True,,0.331188315679115,3.0,False,TEC ban Split; AG ban Haven; TEC pick Lotus; AG pick Bind; TEC ban Pearl; AG ban Fracture; Breeze remains,https://www.vlr.gg/642914/titan-esports-club-vs-all-gamers-vct-2026-china-stage-1-w1
642915,2026-03-31,2026-03-31 08:30:00,2864,2026 China Stage 1,24,China,Group Stage: Week 1,NOVA,EDG,China,China,0,2,3,EDG,0,False,True,,0.24413846067991996,4.0,False,EDG ban Pearl; NOVA ban Split; EDG pick Fracture; NOVA pick Breeze; EDG ban Lotus; NOVA ban Bind; Haven remains,https://www.vlr.gg/642915/nova-esports-vs-edward-gaming-vct-2026-china-stage-1-w1
642916,2026-04-01,2026-04-01 05:00:00,2864,2026 China Stage 1,24,China,Group Stage: Week 1,JDG,FPX,China,China,2,1,3,JDG,1,False,True,,,,,JDG ban Breeze; FPX ban Haven; JDG pick Lotus; FPX pick Pearl; JDG ban Fracture; FPX ban Bind; Split remains,https://www.vlr.gg/642916/jdg-esports-vs-funplus-phoenix-vct-2026-china-stage-1-w1
642917,2026-04-01,2026-04-01 08:10:00,2864,2026 China Stage 1,24,China,Group Stage: Week 1,DRG,XLG,China,China,0,2,3,XLG,0,False,True,,0.4059209891843867,4.0,False,DRG ban Fracture; XLG ban Pearl; DRG pick Lotus; XLG pick Bind; DRG ban Haven; XLG ban Split; Breeze remains,https://www.vlr.gg/642917/dragon-ranger-gaming-vs-xi-lai-gaming-vct-2026-china-stage-1-w1
644709,2026-04-01,2026-04-01 11:00:00,2863,2026 EMEA Stage 1,23,EMEA,Group Stage: Week 1,FNC,EF,EMEA,EMEA,2,1,3,FNC,1,False,True,12.05,0.7878940778733862,4.0,False,EF ban Fracture; FNC ban Pearl; EF pick Breeze; FNC pick Bind; EF ban Haven; FNC ban Split; Lotus remains,https://www.vlr.gg/644709/fnatic-vs-eternal-fire-vct-2026-emea-stage-1-w1
644710,2026-04-01,2026-04-01 14:35:00,2863,2026 EMEA Stage 1,23,EMEA,Group Stage: Week 1,TL,KC,EMEA,EMEA,2,0,3,TL,1,False,True,12.05,0.6546818600042466,4.0,False,KC ban Split; TL ban Lotus; KC pick Haven; TL pick Pearl; KC ban Breeze; TL ban Bind; Fracture remains,https://www.vlr.gg/644710/team-liquid-vs-karmine-corp-vct-2026-emea-stage-1-w1
642918,2026-04-02,2026-04-02 05:00:00,2864,2026 China Stage 1,24,China,Group Stage: Week 1,WOL,TE,China,China,0,2,3,TE,0,False,True,,0.4447436870560191,4.0,False,WOL ban Split; TE ban Pearl; WOL pick Lotus; TE pick Bind; WOL ban Haven; TE ban Breeze; Fracture remains,https://www.vlr.gg/642918/wolves-esports-vs-trace-esports-vct-2026-china-stage-1-w1
642919,2026-04-02,2026-04-02 07:30:00,2864,2026 China Stage 1,24,China,Group Stage: Week 1,BLG,TYL,China,China,1,2,3,TYL,0,False,True,,0.7094849246231156,3.0,False,TYL ban Lotus; BLG ban Split; TYL pick Bind; BLG pick Pearl; TYL ban Haven; BLG ban Fracture; Breeze remains,https://www.vlr.gg/642919/bilibili-gaming-vs-tyloo-vct-2026-china-stage-1-w1
644711,2026-04-02,2026-04-02 11:00:00,2863,2026 EMEA Stage 1,23,EMEA,Group Stage: Week 1,VIT,GX,EMEA,EMEA,2,0,3,VIT,1,False,True,12.05,0.7096965011537875,4.0,False,VIT ban Fracture; GX ban Lotus; VIT pick Haven; GX pick Pearl; VIT ban Bind; GX ban Split; Breeze remains,https://www.vlr.gg/644711/team-vitality-vs-giantx-vct-2026-emea-stage-1-w1
644712,2026-04-02,2026-04-02 13:05:00,2863,2026 EMEA Stage 1,23,EMEA,Group Stage: Week 1,M8,FUT,EMEA,EMEA,1,2,3,FUT,0,False,True,12.05,0.6424218256796737,4.0,False,M8 ban Breeze; FUT ban Fracture; M8 pick Pearl; FUT pick Bind; M8 ban Lotus; FUT ban Split; Haven remains,https://www.vlr.gg/644712/gentle-mates-vs-fut-esports-vct-2026-emea-stage-1-w1
644652,2026-04-03,2026-04-03 04:00:00,2775,2026 Pacific Stage 1,21,Pacific,Group Stage: Week 1,GEN,GE,Pacific,Pacific,0,2,3,GE,0,False,True,12.05,0.5745116449444542,4.0,False,GE ban Pearl; GEN ban Lotus; GE pick Bind; GEN pick Split; GE ban Fracture; GEN ban Breeze; Haven remains,https://www.vlr.gg/644652/gen-g-vs-global-esports-vct-2026-pacific-stage-1-w1
642920,2026-04-03,2026-04-03 05:00:00,2864,2026 China Stage 1,24,China,Group Stage: Week 1,DRG,NOVA,China,China,2,0,3,DRG,1,False,True,,0.7042789706106288,3.0,False,DRG ban Fracture; NOVA ban Split; DRG pick Breeze; NOVA pick Haven; DRG ban Pearl; NOVA ban Bind; Lotus remains,https://www.vlr.gg/642920/dragon-ranger-gaming-vs-nova-esports-vct-2026-china-stage-1-w1
644653,2026-04-03,2026-04-03 06:15:00,2775,2026 Pacific Stage 1,21,Pacific,Group Stage: Week 1,T1,VL,Pacific,Pacific,2,0,3,T1,1,False,True,12.05,0.7096965011537875,4.0,False,T1 ban Breeze; VL ban Bind; T1 pick Haven; VL pick Pearl; T1 ban Fracture; VL ban Split; Lotus remains,https://www.vlr.gg/644653/t1-vs-varrel-vct-2026-pacific-stage-1-w1
642921,2026-04-03,2026-04-03 07:10:00,2864,2026 China Stage 1,24,China,Group Stage: Week 1,FPX,AG,China,China,2,0,3,FPX,1,False,True,,0.3386707925826878,4.0,False,AG ban Fracture; FPX ban Breeze; AG pick Split; FPX pick Pearl; AG ban Bind; FPX ban Lotus; Haven remains,https://www.vlr.gg/642921/funplus-phoenix-vs-all-gamers-vct-2026-china-stage-1-w1
644713,2026-04-03,2026-04-03 11:00:00,2863,2026 EMEA Stage 1,23,EMEA,Group Stage: Week 1,TH,NAVI,EMEA,EMEA,1,2,3,NAVI,0,False,True,12.05,0.6778996535845296,4.0,False,NAVI ban Haven; TH ban Split; NAVI pick Pearl; TH pick Lotus; NAVI ban Breeze; TH ban Fracture; Bind remains,https://www.vlr.gg/644713/team-heretics-vs-natus-vincere-vct-2026-emea-stage-1-w1
644714,2026-04-03,2026-04-03 14:55:00,2863,2026 EMEA Stage 1,23,EMEA,Group Stage: Week 1,BBL,PCF,EMEA,EMEA,2,0,3,BBL,1,False,True,12.05,0.7779619385442619,4.0,False,PCF ban Haven; BBL ban Fracture; PCF pick Split; BBL pick Breeze; PCF ban Lotus; BBL ban Bind; Pearl remains,https://www.vlr.gg/644714/bbl-esports-vs-pcific-esports-vct-2026-emea-stage-1-w1
644654,2026-04-04,2026-04-04 04:00:00,2775,2026 Pacific Stage 1,21,Pacific,Group Stage: Week 1,NS,PRX,Pacific,Pacific,1,2,3,PRX,0,False,True,12.05,0.5583593889102475,4.0,False,PRX ban Bind; NS ban Breeze; PRX pick Fracture; NS pick Split; PRX ban Pearl; NS ban Haven; Lotus remains,https://www.vlr.gg/644654/nongshim-redforce-vs-paper-rex-vct-2026-pacific-stage-1-w1
642922,2026-04-04,2026-04-04 05:00:00,2864,2026 China Stage 1,24,China,Group Stage: Week 1,TYL,TEC,China,China,2,0,3,TYL,1,False,True,,0.6886283268192814,4.0,False,TYL ban Lotus; TEC ban Bind; TYL pick Split; TEC pick Fracture; TYL ban Haven; TEC ban Pearl; Breeze remains,https://www.vlr.gg/642922/tyloo-vs-titan-esports-club-vct-2026-china-stage-1-w1
644655,2026-04-04,2026-04-04 07:10:00,2775,2026 Pacific Stage 1,21,Pacific,Group Stage: Week 1,FS,DFM,Pacific,Pacific,2,0,3,FS,1,False,True,12.05,0.5810301507537687,3.0,False,DFM ban Breeze; FS ban Lotus; DFM pick Pearl; FS pick Bind; DFM ban Haven; FS ban Fracture; Split remains,https://www.vlr.gg/644655/full-sense-vs-detonation-focusme-vct-2026-pacific-stage-1-w1
642923,2026-04-04,2026-04-04 07:30:00,2864,2026 China Stage 1,24,China,Group Stage: Week 1,WOL,EDG,China,China,0,2,3,EDG,0,False,True,,0.21828617366084235,4.0,False,EDG ban Pearl; WOL ban Split; EDG pick Fracture; WOL pick Lotus; EDG ban Breeze; WOL ban Haven; Bind remains,https://www.vlr.gg/642923/wolves-esports-vs-edward-gaming-vct-2026-china-stage-1-w1
644656,2026-04-05,2026-04-05 04:00:00,2775,2026 Pacific Stage 1,21,Pacific,Group Stage: Week 1,TS,KRX,Pacific,Pacific,0,2,3,KRX,0,False,True,12.05,0.19161022503823466,3.0,False,TS ban Haven; KRX ban Bind; TS pick Pearl; KRX pick Fracture; TS ban Breeze; KRX ban Lotus; Split remains,https://www.vlr.gg/644656/team-secret-vs-drx-vct-2026-pacific-stage-1-w1
642924,2026-04-05,2026-04-05 05:00:00,2864,2026 China Stage 1,24,China,Group Stage: Week 1,TE,XLG,China,China,1,2,3,XLG,0,False,True,,0.2621839355507698,4.0,False,TE ban Pearl; XLG ban Split; TE pick Breeze; XLG pick Lotus; TE ban Fracture; XLG ban Haven; Bind remains,https://www.vlr.gg/642924/trace-esports-vs-xi-lai-gaming-vct-2026-china-stage-1-w1
644657,2026-04-05,2026-04-05 06:30:00,2775,2026 Pacific Stage 1,21,Pacific,Group Stage: Week 1,RRQ,ZETA,Pacific,Pacific,2,1,3,RRQ,1,False,True,12.05,0.7946291950694442,4.0,False,ZETA ban Pearl; RRQ ban Breeze; ZETA pick Split; RRQ pick Fracture; ZETA ban Lotus; RRQ ban Bind; Haven remains,https://www.vlr.gg/644657/rex-regum-qeon-vs-zeta-division-vct-2026-pacific-stage-1-w1
642925,2026-04-05,2026-04-05 08:25:00,2864,2026 China Stage 1,24,China,Group Stage: Week 1,BLG,JDG,China,China,2,0,3,BLG,1,False,True,,,,,JDG ban Pearl; BLG ban Split; JDG pick Haven; BLG pick Fracture; JDG ban Breeze; BLG ban Bind; Lotus remains,https://www.vlr.gg/642925/bilibili-gaming-vs-jdg-esports-vct-2026-china-stage-1-w1
642927,2026-04-07,2026-04-07 05:00:00,2864,2026 China Stage 1,24,China,Group Stage: Week 2,FPX,TYL,China,China,2,1,3,FPX,1,False,True,,0.41505462415321437,4.0,False,"Due to server glitches, Map 2 stats are incomplete.",https://www.vlr.gg/642927/funplus-phoenix-vs-tyloo-vct-2026-china-stage-1-w2
642928,2026-04-07,2026-04-07 08:30:00,2864,2026 China Stage 1,24,China,Group Stage: Week 2,TEC,BLG,China,China,2,0,3,TEC,1,False,True,,,,,BLG ban Split; TEC ban Pearl; BLG pick Fracture; TEC pick Breeze; BLG ban Bind; TEC ban Haven; Lotus remains,https://www.vlr.gg/642928/titan-esports-club-vs-bilibili-gaming-vct-2026-china-stage-1-w2
642929,2026-04-08,2026-04-08 05:00:00,2864,2026 China Stage 1,24,China,Group Stage: Week 2,XLG,NOVA,China,China,2,0,3,XLG,1,False,True,,0.8227619929220034,4.0,False,NOVA ban Breeze; XLG ban Pearl; NOVA pick Haven; XLG pick Bind; NOVA ban Fracture; XLG ban Lotus; Split remains,https://www.vlr.gg/642929/xi-lai-gaming-vs-nova-esports-vct-2026-china-stage-1-w2
642930,2026-04-08,2026-04-08 07:30:00,2864,2026 China Stage 1,24,China,Group Stage: Week 2,EDG,TE,China,China,2,0,3,EDG,1,False,True,,0.7042789706106288,4.0,False,TE ban Fracture; EDG ban Pearl; TE pick Lotus; EDG pick Haven; TE ban Breeze; EDG ban Split; Bind remains,https://www.vlr.gg/642930/edward-gaming-vs-trace-esports-vct-2026-china-stage-1-w2
644716,2026-04-08,2026-04-08 11:00:00,2863,2026 EMEA Stage 1,23,EMEA,Group Stage: Week 2,PCF,GX,EMEA,EMEA,1,2,3,GX,0,False,True,12.06,0.3113338862883338,4.0,False,GX ban Fracture; PCF ban Breeze; GX pick Haven; PCF pick Pearl; GX ban Lotus; PCF ban Bind; Split remains,https://www.vlr.gg/644716/pcific-esports-vs-giantx-vct-2026-emea-stage-1-w2
644717,2026-04-08,2026-04-08 14:25:00,2863,2026 EMEA Stage 1,23,EMEA,Group Stage: Week 2,BBL,EF,EMEA,EMEA,0,2,3,EF,0,False,True,12.06,0.6821260280641965,4.0,False,BBL ban Bind; EF ban Haven; BBL pick Pearl; EF pick Split; BBL ban Lotus; EF ban Breeze; Fracture remains,https://www.vlr.gg/644717/bbl-esports-vs-eternal-fire-vct-2026-emea-stage-1-w2
642931,2026-04-09,2026-04-09 05:00:00,2864,2026 China Stage 1,24,China,Group Stage: Week 2,JDG,AG,China,China,0,2,3,AG,0,False,True,,0.5001891176311667,3.0,False,JDG ban Breeze; AG ban Fracture; JDG pick Lotus; AG pick Haven; JDG ban Pearl; AG ban Split; Bind remains,https://www.vlr.gg/642931/jdg-esports-vs-all-gamers-vct-2026-china-stage-1-w2
642932,2026-04-09,2026-04-09 07:25:00,2864,2026 China Stage 1,24,China,Group Stage: Week 2,DRG,WOL,China,China,2,1,3,DRG,1,False,True,,0.6455890563930764,4.0,False,DRG ban Fracture; WOL ban Split; DRG pick Breeze; WOL pick Pearl; DRG ban Bind; WOL ban Haven; Lotus remains,https://www.vlr.gg/642932/dragon-ranger-gaming-vs-wolves-esports-vct-2026-china-stage-1-w2
644718,2026-04-09,2026-04-09 11:00:00,2863,2026 EMEA Stage 1,23,EMEA,Group Stage: Week 2,FNC,VIT,EMEA,EMEA,2,0,3,FNC,1,False,True,12.06,0.47071098712554715,4.0,False,FNC ban Pearl; VIT ban Fracture; FNC pick Split; VIT pick Breeze; FNC ban Haven; VIT ban Lotus; Bind remains,https://www.vlr.gg/644718/fnatic-vs-team-vitality-vct-2026-emea-stage-1-w2
644719,2026-04-09,2026-04-09 13:30:00,2863,2026 EMEA Stage 1,23,EMEA,Group Stage: Week 2,TL,TH,EMEA,EMEA,2,0,3,TL,1,False,True,12.06,0.6056918719232836,4.0,False,TH ban Split; TL ban Haven; TH pick Pearl; TL pick Bind; TH ban Lotus; TL ban Breeze; Fracture remains,https://www.vlr.gg/644719/team-liquid-vs-team-heretics-vct-2026-emea-stage-1-w2
644658,2026-04-10,2026-04-10 04:00:00,2775,2026 Pacific Stage 1,21,Pacific,Group Stage: Week 2,DFM,T1,Pacific,Pacific,0,2,3,T1,0,False,True,12.05,0.20200397803932713,4.0,False,DFM ban Breeze; T1 ban Haven; DFM pick Pearl; T1 pick Lotus; DFM ban Bind; T1 ban Fracture; Split remains,https://www.vlr.gg/644658/detonation-focusme-vs-t1-vct-2026-pacific-stage-1-w2
642933,2026-04-10,2026-04-10 05:00:00,2864,2026 China Stage 1,24,China,Group Stage: Week 2,NOVA,TE,China,China,0,2,3,TE,0,False,True,,0.27934244867749614,4.0,False,NOVA ban Breeze; TE ban Pearl; NOVA pick Lotus; TE pick Split; NOVA ban Fracture; TE ban Haven; Bind remains,https://www.vlr.gg/642933/nova-esports-vs-trace-esports-vct-2026-china-stage-1-w2
644659,2026-04-10,2026-04-10 06:35:00,2775,2026 Pacific Stage 1,21,Pacific,Group Stage: Week 2,NS,KRX,Pacific,Pacific,1,2,3,KRX,0,False,True,12.05,0.6859296482412061,3.0,False,NS ban Pearl; KRX ban Bind; NS pick Haven; KRX pick Fracture; NS ban Breeze; KRX ban Split; Lotus remains,https://www.vlr.gg/644659/nongshim-redforce-vs-drx-vct-2026-pacific-stage-1-w2
642934,2026-04-10,2026-04-10 07:30:00,2864,2026 China Stage 1,24,China,Group Stage: Week 2,FPX,BLG,China,China,1,2,3,BLG,0,False,True,,,,,BLG ban Split; FPX ban Haven; BLG pick Lotus; FPX pick Fracture; BLG ban Bind; FPX ban Breeze; Pearl remains,https://www.vlr.gg/642934/funplus-phoenix-vs-bilibili-gaming-vct-2026-china-stage-1-w2
644720,2026-04-10,2026-04-10 11:00:00,2863,2026 EMEA Stage 1,23,EMEA,Group Stage: Week 2,FUT,NAVI,EMEA,EMEA,2,1,3,FUT,1,False,True,12.06,0.47920012433300524,3.0,False,NAVI ban Haven; FUT ban Pearl; NAVI pick Fracture; FUT pick Bind; NAVI ban Breeze; FUT ban Lotus; Split remains,https://www.vlr.gg/644720/fut-esports-vs-natus-vincere-vct-2026-emea-stage-1-w2
644721,2026-04-10,2026-04-10 14:20:00,2863,2026 EMEA Stage 1,23,EMEA,Group Stage: Week 2,M8,KC,EMEA,EMEA,2,1,3,M8,1,False,True,12.06,0.6056404593206247,4.0,False,KC ban Split; M8 ban Bind; KC pick Fracture; M8 pick Haven; KC ban Breeze; M8 ban Lotus; Pearl remains,https://www.vlr.gg/644721/gentle-mates-vs-karmine-corp-vct-2026-emea-stage-1-w2
645474,2026-04-10,2026-04-10 17:00:00,2860,2026 Americas Stage 1,22,Americas,Group Stage: Week 1,SEN,KRÜ,Americas,Americas,0,2,3,KRÜ,0,False,True,12.06,0.5054502848139966,4.0,False,KRÜ ban Fracture; SEN ban Pearl; KRÜ pick Lotus; SEN pick Breeze; KRÜ ban Haven; SEN ban Split; Bind remains,https://www.vlr.gg/645474/sentinels-vs-kr-esports-vct-2026-americas-stage-1-w1
645475,2026-04-10,2026-04-10 19:40:00,2860,2026 Americas Stage 1,22,Americas,Group Stage: Week 1,G2,MIBR,Americas,Americas,0,2,3,MIBR,0,False,True,12.06,0.5992895512042974,3.0,False,G2 ban Fracture; MIBR ban Haven; G2 pick Lotus; MIBR pick Split; G2 ban Breeze; MIBR ban Pearl; Bind remains,https://www.vlr.gg/645475/g2-esports-vs-mibr-vct-2026-americas-stage-1-w1
644660,2026-04-11,2026-04-11 04:00:00,2775,2026 Pacific Stage 1,21,Pacific,Group Stage: Week 2,TS,GE,Pacific,Pacific,0,2,3,GE,0,False,True,12.05,0.20200397803932713,4.0,False,GE ban Fracture; TS ban Haven; GE pick Split; TS pick Lotus; GE ban Pearl; TS ban Bind; Breeze remains,https://www.vlr.gg/644660/team-secret-vs-global-esports-vct-2026-pacific-stage-1-w2
642935,2026-04-11,2026-04-11 05:00:00,2864,2026 China Stage 1,24,China,Group Stage: Week 2,AG,TYL,China,China,1,2,3,TYL,0,False,True,,0.497252405439751,4.0,False,TYL ban Lotus; AG ban Fracture; TYL pick Bind; AG pick Haven; TYL ban Pearl; AG ban Split; Breeze remains,https://www.vlr.gg/642935/all-gamers-vs-tyloo-vct-2026-china-stage-1-w2
644661,2026-04-11,2026-04-11 06:25:00,2775,2026 Pacific Stage 1,21,Pacific,Group Stage: Week 2,RRQ,VL,Pacific,Pacific,2,0,3,RRQ,1,False,True,12.05,0.6593249937631419,3.0,False,VL ban Pearl; RRQ ban Breeze; VL pick Bind; RRQ pick Split; VL ban Lotus; RRQ ban Haven; Fracture remains,https://www.vlr.gg/644661/rex-regum-qeon-vs-varrel-vct-2026-pacific-stage-1-w2
642936,2026-04-11,2026-04-11 08:15:00,2864,2026 China Stage 1,24,China,Group Stage: Week 2,EDG,DRG,China,China,2,1,3,EDG,1,False,True,,0.6836018426819145,4.0,False,DRG ban Fracture; EDG ban Pearl; DRG pick Breeze; EDG pick Lotus; DRG ban Bind; EDG ban Haven; Split remains,https://www.vlr.gg/642936/edward-gaming-vs-dragon-ranger-gaming-vct-2026-china-stage-1-w2
645476,2026-04-11,2026-04-11 17:00:00,2860,2026 Americas Stage 1,22,Americas,Group Stage: Week 1,100T,EG,Americas,Americas,2,0,3,100T,1,False,True,12.06,0.6785753585445474,4.0,False,EG ban Bind; 100T ban Fracture; EG pick Haven; 100T pick Breeze; EG ban Lotus; 100T ban Pearl; Split remains,https://www.vlr.gg/645476/100-thieves-vs-evil-geniuses-vct-2026-americas-stage-1-w1
645477,2026-04-11,2026-04-11 20:35:00,2860,2026 Americas Stage 1,22,Americas,Group Stage: Week 1,ENVY,LOUD,Americas,Americas,1,2,3,LOUD,0,False,True,12.06,0.6550458474390402,4.0,False,ENVY ban Split; LOUD ban Fracture; ENVY pick Lotus; LOUD pick Pearl; ENVY ban Haven; LOUD ban Bind; Breeze remains,https://www.vlr.gg/645477/envy-vs-loud-vct-2026-americas-stage-1-w1
644662,2026-04-12,2026-04-12 04:00:00,2775,2026 Pacific Stage 1,21,Pacific,Group Stage: Week 2,FS,ZETA,Pacific,Pacific,2,0,3,FS,1,False,True,12.05,0.7320064891386063,2.0,False,FS ban Breeze; ZETA ban Pearl; FS pick Fracture; ZETA pick Split; FS ban Haven; ZETA ban Lotus; Bind remains,https://www.vlr.gg/644662/full-sense-vs-zeta-division-vct-2026-pacific-stage-1-w2
642937,2026-04-12,2026-04-12 05:00:00,2864,2026 China Stage 1,24,China,Group Stage: Week 2,JDG,TEC,China,China,2,0,3,JDG,1,False,True,,,,,TEC ban Lotus; JDG ban Breeze; TEC pick Fracture; JDG pick Haven; TEC ban Bind; JDG ban Pearl; Split remains,https://www.vlr.gg/642937/jdg-esports-vs-titan-esports-club-vct-2026-china-stage-1-w2
644663,2026-04-12,2026-04-12 05:50:00,2775,2026 Pacific Stage 1,21,Pacific,Group Stage: Week 2,GEN,PRX,Pacific,Pacific,2,1,3,GEN,1,False,True,12.05,0.2554287136163911,4.0,False,GEN ban Split; PRX ban Pearl; GEN pick Haven; PRX pick Fracture; GEN ban Breeze; PRX ban Bind; Lotus remains,https://www.vlr.gg/644663/gen-g-vs-paper-rex-vct-2026-pacific-stage-1-w2
642938,2026-04-12,2026-04-12 07:35:00,2864,2026 China Stage 1,24,China,Group Stage: Week 2,XLG,WOL,China,China,2,1,3,XLG,1,False,True,,0.7747068676716917,4.0,False,WOL ban Breeze; XLG ban Pearl; WOL pick Fracture; XLG pick Bind; WOL ban Haven; XLG ban Split; Lotus remains,https://www.vlr.gg/642938/xi-lai-gaming-vs-wolves-esports-vct-2026-china-stage-1-w2
645478,2026-04-12,2026-04-12 17:00:00,2860,2026 Americas Stage 1,22,Americas,Group Stage: Week 1,C9,LEV,Americas,Americas,0,2,3,LEV,0,False,True,12.06,0.590463329865185,4.0,False,C9 ban Fracture; LEV ban Lotus; C9 pick Pearl; LEV pick Haven; C9 ban Breeze; LEV ban Bind; Split remains,https://www.vlr.gg/645478/cloud9-vs-leviat-n-vct-2026-americas-stage-1-w1
645479,2026-04-12,2026-04-12 19:05:00,2860,2026 Americas Stage 1,22,Americas,Group Stage: Week 1,FUR,NRG,Americas,Americas,2,0,3,FUR,1,False,True,12.06,0.31318685076927283,4.0,False,NRG ban Haven; FUR ban Bind; NRG pick Pearl; FUR pick Split; NRG ban Breeze; FUR ban Lotus; Fracture remains,https://www.vlr.gg/645479/furia-vs-nrg-vct-2026-americas-stage-1-w1
642939,2026-04-14,2026-04-14 05:00:00,2864,2026 China Stage 1,24,China,Group Stage: Week 3,TYL,JDG,China,China,0,2,3,JDG,0,False,True,,,,,TYL ban Lotus; JDG ban Breeze; TYL pick Bind; JDG pick Haven; TYL ban Fracture; JDG ban Pearl; Split remains,https://www.vlr.gg/642939/tyloo-vs-jdg-esports-vct-2026-china-stage-1-w3
642940,2026-04-14,2026-04-14 07:55:00,2864,2026 China Stage 1,24,China,Group Stage: Week 3,TE,DRG,China,China,1,2,3,DRG,0,False,True,,0.42222209290032486,4.0,False,DRG ban Fracture; TE ban Pearl; DRG pick Lotus; TE pick Bind; DRG ban Split; TE ban Haven; Breeze remains,https://www.vlr.gg/642940/trace-esports-vs-dragon-ranger-gaming-vct-2026-china-stage-1-w3
642941,2026-04-15,2026-04-15 05:00:00,2864,2026 China Stage 1,24,China,Group Stage: Week 3,TEC,FPX,China,China,2,0,3,TEC,1,False,True,,,,,FPX ban Lotus; TEC ban Pearl; FPX pick Fracture; TEC pick Split; FPX ban Haven; TEC ban Breeze; Bind remains,https://www.vlr.gg/642941/titan-esports-club-vs-funplus-phoenix-vct-2026-china-stage-1-w3
642942,2026-04-15,2026-04-15 07:05:00,2864,2026 China Stage 1,24,China,Group Stage: Week 3,AG,BLG,China,China,2,1,3,AG,1,False,True,,0.3648428673780129,4.0,False,AG ban Fracture; BLG ban Split; AG pick Lotus; BLG pick Pearl; AG ban Breeze; BLG ban Haven; Bind remains,https://www.vlr.gg/642942/all-gamers-vs-bilibili-gaming-vct-2026-china-stage-1-w3
644722,2026-04-15,2026-04-15 11:00:00,2863,2026 EMEA Stage 1,23,EMEA,Group Stage: Week 3,BBL,GX,EMEA,EMEA,1,2,3,GX,0,False,True,12.06,0.6531163279081977,4.0,False,BBL ban Bind; GX ban Fracture; BBL pick Haven; GX pick Lotus; BBL ban Pearl; GX ban Breeze; Split remains,https://www.vlr.gg/644722/bbl-esports-vs-giantx-vct-2026-emea-stage-1-w3
644723,2026-04-15,2026-04-15 14:20:00,2863,2026 EMEA Stage 1,23,EMEA,Group Stage: Week 3,M8,NAVI,EMEA,EMEA,2,0,3,M8,1,False,True,12.06,0.585054701570389,4.0,False,M8 ban Bind; NAVI ban Haven; M8 pick Pearl; NAVI pick Lotus; M8 ban Breeze; NAVI ban Fracture; Split remains,https://www.vlr.gg/644723/gentle-mates-vs-natus-vincere-vct-2026-emea-stage-1-w3
642943,2026-04-16,2026-04-16 05:00:00,2864,2026 China Stage 1,24,China,Group Stage: Week 3,NOVA,WOL,China,China,2,0,3,NOVA,1,False,True,,0.4113487792947036,4.0,False,NOVA ban Pearl; WOL ban Haven; NOVA pick Lotus; WOL pick Fracture; NOVA ban Breeze; WOL ban Split; Bind remains,https://www.vlr.gg/642943/nova-esports-vs-wolves-esports-vct-2026-china-stage-1-w3
642944,2026-04-16,2026-04-16 07:15:00,2864,2026 China Stage 1,24,China,Group Stage: Week 3,EDG,XLG,China,China,1,2,3,XLG,0,False,True,,0.5431455757415429,4.0,False,XLG ban Fracture; EDG ban Pearl; XLG pick Lotus; EDG pick Haven; XLG ban Breeze; EDG ban Bind; Split remains,https://www.vlr.gg/642944/edward-gaming-vs-xi-lai-gaming-vct-2026-china-stage-1-w3
644724,2026-04-16,2026-04-16 11:00:00,2863,2026 EMEA Stage 1,23,EMEA,Group Stage: Week 3,EF,VIT,EMEA,EMEA,2,0,3,EF,1,False,True,12.06,0.2589549418401198,4.0,False,EF ban Haven; VIT ban Fracture; EF pick Bind; VIT pick Lotus; EF ban Pearl; VIT ban Split; Breeze remains,https://www.vlr.gg/644724/eternal-fire-vs-team-vitality-vct-2026-emea-stage-1-w3
644725,2026-04-16,2026-04-16 13:30:00,2863,2026 EMEA Stage 1,23,EMEA,Group Stage: Week 3,KC,TH,EMEA,EMEA,1,2,3,TH,0,False,True,12.06,0.43485906992464174,4.0,False,TH ban Bind; KC ban Pearl; TH pick Haven; KC pick Lotus; TH ban Split; KC ban Breeze; Fracture remains,https://www.vlr.gg/644725/karmine-corp-vs-team-heretics-vct-2026-emea-stage-1-w3
644665,2026-04-17,2026-04-17 04:00:00,2775,2026 Pacific Stage 1,21,Pacific,Group Stage: Week 3,FS,VL,Pacific,Pacific,2,0,3,FS,1,False,True,12.05,0.7096551459588015,3.0,False,FS ban Breeze; VL ban Pearl; FS pick Haven; VL pick Lotus; FS ban Fracture; VL ban Split; Bind remains,https://www.vlr.gg/644665/full-sense-vs-varrel-vct-2026-pacific-stage-1-w3
644666,2026-04-17,2026-04-17 06:20:00,2775,2026 Pacific Stage 1,21,Pacific,Group Stage: Week 3,TS,PRX,Pacific,Pacific,0,2,3,PRX,0,False,True,12.05,0.12707161269227474,4.0,False,TS ban Haven; PRX ban Pearl; TS pick Breeze; PRX pick Split; TS ban Bind; PRX ban Lotus; Fracture remains,https://www.vlr.gg/644666/team-secret-vs-paper-rex-vct-2026-pacific-stage-1-w3
644726,2026-04-17,2026-04-17 11:00:00,2863,2026 EMEA Stage 1,23,EMEA,Group Stage: Week 3,FUT,TL,EMEA,EMEA,2,0,3,FUT,1,False,True,12.06,0.3344231509514446,4.0,False,TL ban Split; FUT ban Pearl; TL pick Breeze; FUT pick Haven; TL ban Fracture; FUT ban Bind; Lotus remains,https://www.vlr.gg/644726/fut-esports-vs-team-liquid-vct-2026-emea-stage-1-w3
644727,2026-04-17,2026-04-17 13:40:00,2863,2026 EMEA Stage 1,23,EMEA,Group Stage: Week 3,PCF,FNC,EMEA,EMEA,0,2,3,FNC,0,False,True,12.06,0.1624790619765496,3.0,False,PCF ban Breeze; FNC ban Pearl; PCF pick Split; FNC pick Lotus; PCF ban Bind; FNC ban Fracture; Haven remains,https://www.vlr.gg/644727/pcific-esports-vs-fnatic-vct-2026-emea-stage-1-w3
645480,2026-04-17,2026-04-17 17:00:00,2860,2026 Americas Stage 1,22,Americas,Group Stage: Week 2,C9,ENVY,Americas,Americas,1,2,3,ENVY,0,False,True,12.06,0.6281407035175879,3.0,False,C9 ban Fracture; ENVY ban Breeze; C9 pick Split; ENVY pick Pearl; C9 ban Lotus; ENVY ban Bind; Haven remains,https://www.vlr.gg/645480/cloud9-vs-envy-vct-2026-americas-stage-1-w2
645481,2026-04-17,2026-04-17 20:05:00,2860,2026 Americas Stage 1,22,Americas,Group Stage: Week 2,FUR,EG,Americas,Americas,2,1,3,FUR,1,False,True,12.06,0.7560114622700278,4.0,False,FUR ban Bind; EG ban Split; FUR pick Haven; EG pick Pearl; FUR ban Fracture; EG ban Breeze; Lotus remains,https://www.vlr.gg/645481/furia-vs-evil-geniuses-vct-2026-americas-stage-1-w2
644667,2026-04-18,2026-04-18 04:00:00,2775,2026 Pacific Stage 1,21,Pacific,Group Stage: Week 3,KRX,GE,Pacific,Pacific,2,0,3,KRX,1,False,True,12.05,0.5222742928123765,3.0,False,KRX ban Bind; GE ban Pearl; KRX pick Fracture; GE pick Haven; KRX ban Split; GE ban Breeze; Lotus remains,https://www.vlr.gg/644667/kiwoom-drx-vs-global-esports-vct-2026-pacific-stage-1-w3
642947,2026-04-18,2026-04-18 05:00:00,2864,2026 China Stage 1,24,China,Group Stage: Seeding,TYL,DRG,China,China,2,0,3,TYL,1,False,True,,0.539039736497614,4.0,False,DRG ban Bind; TYL ban Lotus; DRG pick Haven; TYL pick Breeze; DRG ban Pearl; TYL ban Fracture; Split remains,https://www.vlr.gg/642947/tyloo-vs-dragon-ranger-gaming-vct-2026-china-stage-1-seeding
644668,2026-04-18,2026-04-18 06:20:00,2775,2026 Pacific Stage 1,21,Pacific,Group Stage: Week 3,ZETA,DFM,Pacific,Pacific,1,2,3,DFM,0,False,True,12.05,0.41714271040738293,4.0,False,ZETA ban Fracture; DFM ban Haven; ZETA pick Bind; DFM pick Lotus; ZETA ban Breeze; DFM ban Split; Pearl remains,https://www.vlr.gg/644668/zeta-division-vs-detonation-focusme-vct-2026-pacific-stage-1-w3
642946,2026-04-18,2026-04-18 07:15:00,2864,2026 China Stage 1,24,China,Group Stage: Seeding,JDG,EDG,China,China,1,2,3,EDG,0,False,True,,0.3061940165880923,4.0,False,EDG ban Pearl; JDG ban Breeze; EDG pick Fracture; JDG pick Haven; EDG ban Split; JDG ban Lotus; Bind remains,https://www.vlr.gg/642946/jdg-esports-vs-edward-gaming-vct-2026-china-stage-1-seeding
645482,2026-04-18,2026-04-18 17:00:00,2860,2026 Americas Stage 1,22,Americas,Group Stage: Week 2,G2,LEV,Americas,Americas,1,2,3,LEV,0,False,True,12.06,0.6649818360933544,4.0,False,G2 ban Fracture; LEV ban Lotus; G2 pick Breeze; LEV pick Split; G2 ban Pearl; LEV ban Haven; Bind remains,https://www.vlr.gg/645482/g2-esports-vs-leviat-n-vct-2026-americas-stage-1-w2
645483,2026-04-18,2026-04-18 20:30:00,2860,2026 Americas Stage 1,22,Americas,Group Stage: Week 2,MIBR,LOUD,Americas,Americas,2,0,3,MIBR,1,False,True,12.06,0.8300430725053839,4.0,False,LOUD ban Fracture; MIBR ban Pearl; LOUD pick Haven; MIBR pick Split; LOUD ban Bind; MIBR ban Lotus; Breeze remains,https://www.vlr.gg/645483/mibr-vs-loud-vct-2026-americas-stage-1-w2
644669,2026-04-19,2026-04-19 04:00:00,2775,2026 Pacific Stage 1,21,Pacific,Group Stage: Week 3,RRQ,T1,Pacific,Pacific,0,2,3,T1,0,False,True,12.05,0.36536128920464395,4.0,False,RRQ ban Split; T1 ban Fracture; RRQ pick Pearl; T1 pick Bind; RRQ ban Haven; T1 ban Breeze; Lotus remains,https://www.vlr.gg/644669/rex-regum-qeon-vs-t1-vct-2026-pacific-stage-1-w3
642948,2026-04-19,2026-04-19 05:00:00,2864,2026 China Stage 1,24,China,Group Stage: Seeding,TEC,TE,China,China,1,2,3,TE,0,False,True,,0.40974119975026313,4.0,False,TEC ban Haven; TE ban Pearl; TEC pick Fracture; TE pick Split; TEC ban Bind; TE ban Lotus; Breeze remains,https://www.vlr.gg/642948/titan-esports-club-vs-trace-esports-vct-2026-china-stage-1-seeding
644670,2026-04-19,2026-04-19 06:25:00,2775,2026 Pacific Stage 1,21,Pacific,Group Stage: Week 3,NS,GEN,Pacific,Pacific,2,0,3,NS,1,False,True,12.05,0.6640683390420135,4.0,False,NS ban Lotus; GEN ban Bind; NS pick Pearl; GEN pick Breeze; NS ban Haven; GEN ban Fracture; Split remains,https://www.vlr.gg/644670/nongshim-redforce-vs-gen-g-vct-2026-pacific-stage-1-w3
642945,2026-04-19,2026-04-19 08:25:00,2864,2026 China Stage 1,24,China,Group Stage: Seeding,AG,XLG,China,China,1,2,3,XLG,0,False,True,,0.3311536980971108,4.0,False,AG ban Fracture; XLG ban Pearl; AG pick Lotus; XLG pick Bind; AG ban Breeze; XLG ban Haven; Split remains,https://www.vlr.gg/642945/all-gamers-vs-xi-lai-gaming-vct-2026-china-stage-1-seeding
645484,2026-04-19,2026-04-19 17:00:00,2860,2026 Americas Stage 1,22,Americas,Group Stage: Week 2,NRG,KRÜ,Americas,Americas,0,2,3,KRÜ,0,False,True,12.06,0.6537610930979594,4.0,False,KRÜ ban Fracture; NRG ban Bind; KRÜ pick Lotus; NRG pick Split; KRÜ ban Haven; NRG ban Breeze; Pearl remains,https://www.vlr.gg/645484/nrg-vs-kr-esports-vct-2026-americas-stage-1-w2
645485,2026-04-19,2026-04-19 19:20:00,2860,2026 Americas Stage 1,22,Americas,Group Stage: Week 2,100T,SEN,Americas,Americas,0,2,3,SEN,0,False,True,12.06,0.6679827709978464,3.0,False,100T ban Lotus; SEN ban Pearl; 100T pick Haven; SEN pick Split; 100T ban Fracture; SEN ban Breeze; Bind remains,https://www.vlr.gg/645485/100-thieves-vs-sentinels-vct-2026-americas-stage-1-w2
644728,2026-04-22,2026-04-22 11:00:00,2863,2026 EMEA Stage 1,23,EMEA,Group Stage: Week 4,EF,PCF,EMEA,EMEA,2,1,3,EF,1,False,True,12.07,0.7124682609665662,4.0,False,PCF ban Breeze; EF ban Haven; PCF pick Split; EF pick Fracture; PCF ban Bind; EF ban Pearl; Lotus remains,https://www.vlr.gg/644728/eternal-fire-vs-pcific-esports-vct-2026-emea-stage-1-w4
644729,2026-04-22,2026-04-22 14:10:00,2863,2026 EMEA Stage 1,23,EMEA,Group Stage: Week 4,NAVI,TL,EMEA,EMEA,1,2,3,TL,0,False,True,12.07,0.33596554199569284,4.0,False,TL ban Fracture; NAVI ban Haven; TL pick Bind; NAVI pick Split; TL ban Breeze; NAVI ban Pearl; Lotus remains,https://www.vlr.gg/644729/natus-vincere-vs-team-liquid-vct-2026-emea-stage-1-w4
644730,2026-04-23,2026-04-23 11:00:00,2863,2026 EMEA Stage 1,23,EMEA,Group Stage: Week 4,GX,FNC,EMEA,EMEA,1,2,3,FNC,0,False,True,12.07,0.3718592964824121,4.0,False,GX ban Fracture; FNC ban Pearl; GX pick Haven; FNC pick Bind; GX ban Lotus; FNC ban Split; Breeze remains,https://www.vlr.gg/644730/giantx-vs-fnatic-vct-2026-emea-stage-1-w4
644731,2026-04-23,2026-04-23 14:00:00,2863,2026 EMEA Stage 1,23,EMEA,Group Stage: Week 4,KC,FUT,EMEA,EMEA,1,2,3,FUT,0,False,True,12.07,0.3718592964824121,4.0,False,KC ban Split; FUT ban Pearl; KC pick Haven; FUT pick Lotus; KC ban Breeze; FUT ban Fracture; Bind remains,https://www.vlr.gg/644731/karmine-corp-vs-fut-esports-vct-2026-emea-stage-1-w4
644671,2026-04-24,2026-04-24 04:00:00,2775,2026 Pacific Stage 1,21,Pacific,Group Stage: Week 4,RRQ,FS,Pacific,Pacific,2,1,3,RRQ,1,False,True,12.06,0.44059158350996686,3.0,False,RRQ ban Split; FS ban Breeze; RRQ pick Pearl; FS pick Haven; RRQ ban Bind; FS ban Lotus; Fracture remains,https://www.vlr.gg/644671/rex-regum-qeon-vs-full-sense-vct-2026-pacific-stage-1-w4
644672,2026-04-24,2026-04-24 07:00:00,2775,2026 Pacific Stage 1,21,Pacific,Group Stage: Week 4,PRX,GE,Pacific,Pacific,2,0,3,PRX,1,False,True,12.06,0.6763313924117943,4.0,False,GE ban Fracture; PRX ban Bind; GE pick Split; PRX pick Pearl; GE ban Lotus; PRX ban Breeze; Haven remains,https://www.vlr.gg/644672/paper-rex-vs-global-esports-vct-2026-pacific-stage-1-w4
644732,2026-04-24,2026-04-24 11:00:00,2863,2026 EMEA Stage 1,23,EMEA,Group Stage: Week 4,M8,TH,EMEA,EMEA,0,2,3,TH,0,False,True,12.07,0.5886512207052964,3.0,False,M8 ban Breeze; TH ban Pearl; M8 pick Fracture; TH pick Lotus; M8 ban Bind; TH ban Split; Haven remains,https://www.vlr.gg/644732/gentle-mates-vs-team-heretics-vct-2026-emea-stage-1-w4
644733,2026-04-24,2026-04-24 13:10:00,2863,2026 EMEA Stage 1,23,EMEA,Group Stage: Week 4,BBL,VIT,EMEA,EMEA,2,1,3,BBL,1,False,True,12.07,0.4226023081769704,4.0,False,VIT ban Fracture; BBL ban Bind; VIT pick Lotus; BBL pick Haven; VIT ban Pearl; BBL ban Split; Breeze remains,https://www.vlr.gg/644733/bbl-esports-vs-team-vitality-vct-2026-emea-stage-1-w4
645486,2026-04-24,2026-04-24 17:00:00,2860,2026 Americas Stage 1,22,Americas,Group Stage: Week 3,LEV,ENVY,Americas,Americas,2,0,3,LEV,1,False,True,12.07,0.6810701208921377,4.0,False,ENVY ban Split; LEV ban Lotus; ENVY pick Bind; LEV pick Fracture; ENVY ban Breeze; LEV ban Pearl; Haven remains,https://www.vlr.gg/645486/leviat-n-vs-envy-vct-2026-americas-stage-1-w3
645487,2026-04-24,2026-04-24 18:40:00,2860,2026 Americas Stage 1,22,Americas,Group Stage: Week 3,G2,LOUD,Americas,Americas,2,0,3,G2,1,False,True,12.07,0.8227619929220034,4.0,False,G2 ban Fracture; LOUD ban Bind; G2 pick Haven; LOUD pick Pearl; G2 ban Lotus; LOUD ban Split; Breeze remains,https://www.vlr.gg/645487/g2-esports-vs-loud-vct-2026-americas-stage-1-w3
644673,2026-04-25,2026-04-25 04:00:00,2775,2026 Pacific Stage 1,21,Pacific,Group Stage: Week 4,GEN,KRX,Pacific,Pacific,1,2,3,KRX,0,False,True,12.06,0.3263418541985288,3.0,False,GEN ban Fracture; KRX ban Bind; GEN pick Haven; KRX pick Pearl; GEN ban Breeze; KRX ban Split; Lotus remains,https://www.vlr.gg/644673/gen-g-vs-kiwoom-drx-vct-2026-pacific-stage-1-w4
644674,2026-04-25,2026-04-25 07:35:00,2775,2026 Pacific Stage 1,21,Pacific,Group Stage: Week 4,DFM,VL,Pacific,Pacific,2,1,3,DFM,1,False,True,12.06,0.5703363442981779,4.0,False,DFM ban Breeze; VL ban Pearl; DFM pick Lotus; VL pick Haven; DFM ban Bind; VL ban Split; Fracture remains,https://www.vlr.gg/644674/detonation-focusme-vs-varrel-vct-2026-pacific-stage-1-w4
645488,2026-04-25,2026-04-25 17:00:00,2860,2026 Americas Stage 1,22,Americas,Group Stage: Week 3,FUR,KRÜ,Americas,Americas,0,2,3,KRÜ,0,False,True,12.07,0.5132731721434398,4.0,False,KRÜ ban Fracture; FUR ban Bind; KRÜ pick Lotus; FUR pick Haven; KRÜ ban Pearl; FUR ban Breeze; Split remains,https://www.vlr.gg/645488/furia-vs-kr-esports-vct-2026-americas-stage-1-w3
645489,2026-04-25,2026-04-25 19:05:00,2860,2026 Americas Stage 1,22,Americas,Group Stage: Week 3,NRG,100T,Americas,Americas,2,1,3,NRG,1,False,True,12.07,0.6082628331531073,4.0,False,NRG ban Bind; 100T ban Fracture; NRG pick Pearl; 100T pick Lotus; NRG ban Split; 100T ban Haven; Breeze remains,https://www.vlr.gg/645489/nrg-vs-100-thieves-vct-2026-americas-stage-1-w3
644675,2026-04-26,2026-04-26 04:00:00,2775,2026 Pacific Stage 1,21,Pacific,Group Stage: Week 4,T1,ZETA,Pacific,Pacific,2,0,3,T1,1,False,True,12.06,0.864807770246177,4.0,False,ZETA ban Pearl; T1 ban Fracture; ZETA pick Haven; T1 pick Lotus; ZETA ban Bind; T1 ban Breeze; Split remains,https://www.vlr.gg/644675/t1-vs-zeta-division-vct-2026-pacific-stage-1-w4
644676,2026-04-26,2026-04-26 06:05:00,2775,2026 Pacific Stage 1,21,Pacific,Group Stage: Week 4,NS,TS,Pacific,Pacific,2,1,3,NS,1,False,True,12.06,0.864807770246177,4.0,False,NS ban Lotus; TS ban Haven; NS pick Breeze; TS pick Fracture; NS ban Split; TS ban Bind; Pearl remains,https://www.vlr.gg/644676/nongshim-redforce-vs-team-secret-vct-2026-pacific-stage-1-w4
645490,2026-04-26,2026-04-26 17:00:00,2860,2026 Americas Stage 1,22,Americas,Group Stage: Week 3,EG,SEN,Americas,Americas,0,2,3,SEN,0,False,True,12.07,0.34989633482095794,4.0,False,EG ban Breeze; SEN ban Fracture; EG pick Haven; SEN pick Bind; EG ban Split; SEN ban Lotus; Pearl remains,https://www.vlr.gg/645490/evil-geniuses-vs-sentinels-vct-2026-americas-stage-1-w3
645491,2026-04-26,2026-04-26 19:25:00,2860,2026 Americas Stage 1,22,Americas,Group Stage: Week 3,MIBR,C9,Americas,Americas,0,2,3,C9,0,False,True,12.07,0.7969107496698281,4.0,False,C9 ban Pearl; MIBR ban Fracture; C9 pick Breeze; MIBR pick Split; C9 ban Lotus; MIBR ban Haven; Bind remains,https://www.vlr.gg/645491/mibr-vs-cloud9-vct-2026-americas-stage-1-w3
644734,2026-04-29,2026-04-29 11:00:00,2863,2026 EMEA Stage 1,23,EMEA,Group Stage: Week 5,TH,FUT,EMEA,EMEA,2,0,3,TH,1,False,True,12.07,0.4971523138455949,4.0,False,TH ban Bind; FUT ban Fracture; TH pick Lotus; FUT pick Split; TH ban Breeze; FUT ban Pearl; Haven remains,https://www.vlr.gg/644734/team-heretics-vs-fut-esports-vct-2026-emea-stage-1-w5
644735,2026-04-29,2026-04-29 13:10:00,2863,2026 EMEA Stage 1,23,EMEA,Group Stage: Week 5,VIT,PCF,EMEA,EMEA,2,0,3,VIT,1,False,True,12.07,0.8157319850483946,4.0,False,VIT ban Fracture; PCF ban Breeze; VIT pick Haven; PCF pick Split; VIT ban Bind; PCF ban Lotus; Pearl remains,https://www.vlr.gg/644735/team-vitality-vs-pcific-esports-vct-2026-emea-stage-1-w5
644736,2026-04-30,2026-04-30 11:00:00,2863,2026 EMEA Stage 1,23,EMEA,Group Stage: Week 5,NAVI,KC,EMEA,EMEA,2,0,3,NAVI,1,False,True,12.07,0.586534695610046,4.0,False,KC ban Split; NAVI ban Haven; KC pick Lotus; NAVI pick Breeze; KC ban Bind; NAVI ban Pearl; Fracture remains,https://www.vlr.gg/644736/natus-vincere-vs-karmine-corp-vct-2026-emea-stage-1-w5
644737,2026-04-30,2026-04-30 13:10:00,2863,2026 EMEA Stage 1,23,EMEA,Group Stage: Week 5,BBL,FNC,EMEA,EMEA,0,2,3,FNC,0,False,True,12.07,0.44827511748655935,4.0,False,BBL ban Bind; FNC ban Pearl; BBL pick Haven; FNC pick Fracture; BBL ban Split; FNC ban Breeze; Lotus remains,https://www.vlr.gg/644737/bbl-esports-vs-fnatic-vct-2026-emea-stage-1-w5
644677,2026-05-01,2026-05-01 04:00:00,2775,2026 Pacific Stage 1,21,Pacific,Group Stage: Week 5,GEN,TS,Pacific,Pacific,1,2,3,TS,0,False,True,12.06,0.7547085189243349,4.0,False,TS ban Haven; GEN ban Fracture; TS pick Split; GEN pick Lotus; TS ban Pearl; GEN ban Bind; Breeze remains,https://www.vlr.gg/644677/gen-g-vs-team-secret-vct-2026-pacific-stage-1-w5
659474,2026-05-01,2026-05-01 05:00:00,2864,2026 China Stage 1,24,China,Playoffs: Upper Quarterfinals,XLG,TEC,China,China,2,0,3,XLG,1,False,True,,0.7779619385442619,4.0,False,TEC ban Haven; XLG ban Fracture; TEC pick Breeze; XLG pick Lotus; TEC ban Ascent; XLG ban Pearl; Split remains,https://www.vlr.gg/659474/xi-lai-gaming-vs-titan-esports-club-vct-2026-china-stage-1-ubqf
644678,2026-05-01,2026-05-01 07:20:00,2775,2026 Pacific Stage 1,21,Pacific,Group Stage: Week 5,VL,ZETA,Pacific,Pacific,1,2,3,ZETA,0,False,True,12.06,0.6110190307278691,4.0,False,VL ban Split; ZETA ban Pearl; VL pick Bind; ZETA pick Breeze; VL ban Haven; ZETA ban Lotus; Fracture remains,https://www.vlr.gg/644678/varrel-vs-zeta-division-vct-2026-pacific-stage-1-w5
659475,2026-05-01,2026-05-01 07:20:00,2864,2026 China Stage 1,24,China,Playoffs: Upper Quarterfinals,JDG,TYL,China,China,2,1,3,JDG,1,False,True,,,,,JDG ban Breeze; TYL ban Lotus; JDG pick Haven; TYL pick Fracture; JDG ban Split; TYL ban Ascent; Pearl remains,https://www.vlr.gg/659475/jdg-esports-vs-tyloo-vct-2026-china-stage-1-ubqf
644738,2026-05-01,2026-05-01 11:00:00,2863,2026 EMEA Stage 1,23,EMEA,Group Stage: Week 5,GX,EF,EMEA,EMEA,0,2,3,EF,0,False,True,12.07,0.4686162718478727,4.0,False,GX ban Fracture; EF ban Haven; GX pick Split; EF pick Breeze; GX ban Bind; EF ban Pearl; Lotus remains,https://www.vlr.gg/644738/giantx-vs-eternal-fire-vct-2026-emea-stage-1-w5
644739,2026-05-01,2026-05-01 13:05:00,2863,2026 EMEA Stage 1,23,EMEA,Group Stage: Week 5,M8,TL,EMEA,EMEA,0,2,3,TL,0,False,True,12.07,0.4225787321701677,4.0,False,M8 ban Breeze; TL ban Pearl; M8 pick Split; TL pick Lotus; M8 ban Fracture; TL ban Bind; Haven remains,https://www.vlr.gg/644739/gentle-mates-vs-team-liquid-vct-2026-emea-stage-1-w5
645492,2026-05-01,2026-05-01 17:00:00,2860,2026 Americas Stage 1,22,Americas,Group Stage: Week 4,EG,NRG,Americas,Americas,0,2,3,NRG,0,False,True,12.07,0.22529313232830828,4.0,False,EG ban Breeze; NRG ban Bind; EG pick Fracture; NRG pick Pearl; EG ban Lotus; NRG ban Split; Haven remains,https://www.vlr.gg/645492/evil-geniuses-vs-nrg-vct-2026-americas-stage-1-w4
645493,2026-05-01,2026-05-01 19:20:00,2860,2026 Americas Stage 1,22,Americas,Group Stage: Week 4,LEV,MIBR,Americas,Americas,0,2,3,MIBR,0,False,True,12.07,0.49334585012976984,4.0,False,MIBR ban Pearl; LEV ban Lotus; MIBR pick Breeze; LEV pick Haven; MIBR ban Fracture; LEV ban Split; Bind remains,https://www.vlr.gg/645493/leviat-n-vs-mibr-vct-2026-americas-stage-1-w4
644679,2026-05-02,2026-05-02 04:00:00,2775,2026 Pacific Stage 1,21,Pacific,Group Stage: Week 5,T1,FS,Pacific,Pacific,2,1,3,T1,1,False,True,12.06,0.6593249937631419,3.0,False,FS ban Lotus; T1 ban Fracture; FS pick Pearl; T1 pick Bind; FS ban Split; T1 ban Haven; Breeze remains,https://www.vlr.gg/644679/t1-vs-full-sense-vct-2026-pacific-stage-1-w5
659476,2026-05-02,2026-05-02 05:00:00,2864,2026 China Stage 1,24,China,Playoffs: Upper Quarterfinals,AG,TE,China,China,2,0,3,AG,1,False,True,,0.5485843785142114,4.0,False,TE ban Haven; AG ban Breeze; TE pick Split; AG pick Lotus; TE ban Pearl; AG ban Ascent; Fracture remains,https://www.vlr.gg/659476/all-gamers-vs-trace-esports-vct-2026-china-stage-1-ubqf
644680,2026-05-02,2026-05-02 07:10:00,2775,2026 Pacific Stage 1,21,Pacific,Group Stage: Week 5,NS,GE,Pacific,Pacific,1,2,3,GE,0,False,True,12.06,0.7517092666298257,4.0,False,NS ban Fracture; GE ban Pearl; NS pick Breeze; GE pick Bind; NS ban Split; GE ban Lotus; Haven remains,https://www.vlr.gg/644680/nongshim-redforce-vs-global-esports-vct-2026-pacific-stage-1-w5
659477,2026-05-02,2026-05-02 07:10:00,2864,2026 China Stage 1,24,China,Playoffs: Upper Quarterfinals,EDG,DRG,China,China,2,1,3,EDG,1,False,True,,0.6886283268192814,3.0,False,DRG ban Fracture; EDG ban Pearl; DRG pick Lotus; EDG pick Split; DRG ban Haven; EDG ban Ascent; Breeze remains,https://www.vlr.gg/659477/edward-gaming-vs-dragon-ranger-gaming-vct-2026-china-stage-1-ubqf
645494,2026-05-02,2026-05-02 17:00:00,2860,2026 Americas Stage 1,22,Americas,Group Stage: Week 4,KRÜ,100T,Americas,Americas,1,2,3,100T,0,False,True,12.07,0.6643869165321191,4.0,False,100T ban Lotus; KRÜ ban Fracture; 100T pick Bind; KRÜ pick Haven; 100T ban Breeze; KRÜ ban Pearl; Split remains,https://www.vlr.gg/645494/kr-esports-vs-100-thieves-vct-2026-americas-stage-1-w4
645495,2026-05-02,2026-05-02 20:00:00,2860,2026 Americas Stage 1,22,Americas,Group Stage: Week 4,FUR,SEN,Americas,Americas,2,1,3,FUR,1,False,True,12.07,0.563423176488503,4.0,False,FUR ban Bind; SEN ban Pearl; FUR pick Split; SEN pick Breeze; FUR ban Lotus; SEN ban Fracture; Haven remains,https://www.vlr.gg/645495/furia-vs-sentinels-vct-2026-americas-stage-1-w4
644681,2026-05-03,2026-05-03 04:00:00,2775,2026 Pacific Stage 1,21,Pacific,Group Stage: Week 5,PRX,KRX,Pacific,Pacific,2,0,3,PRX,1,False,True,12.06,0.6345795701084866,2.0,False,PRX ban Pearl; KRX ban Bind; PRX pick Breeze; KRX pick Lotus; PRX ban Haven; KRX ban Split; Fracture remains,https://www.vlr.gg/644681/paper-rex-vs-kiwoom-drx-vct-2026-pacific-stage-1-w5
659482,2026-05-03,2026-05-03 05:00:00,2864,2026 China Stage 1,24,China,Playoffs: Lower Round 1,TEC,TYL,China,China,1,2,3,TYL,0,False,True,,0.3036245079059309,4.0,False,TEC ban Breeze; TYL ban Lotus; TEC pick Pearl; TYL pick Fracture; TEC ban Haven; TYL ban Ascent; Split remains,https://www.vlr.gg/659482/titan-esports-club-vs-tyloo-vct-2026-china-stage-1-lr1
644682,2026-05-03,2026-05-03 06:00:00,2775,2026 Pacific Stage 1,21,Pacific,Group Stage: Week 5,RRQ,DFM,Pacific,Pacific,2,1,3,RRQ,1,False,True,12.06,0.6736581458014712,4.0,False,DFM ban Bind; RRQ ban Split; DFM pick Haven; RRQ pick Lotus; DFM ban Pearl; RRQ ban Breeze; Fracture remains,https://www.vlr.gg/644682/rex-regum-qeon-vs-detonation-focusme-vct-2026-pacific-stage-1-w5
659483,2026-05-03,2026-05-03 08:30:00,2864,2026 China Stage 1,24,China,Playoffs: Lower Round 1,TE,DRG,China,China,0,2,3,DRG,0,False,True,,0.4116150372113735,4.0,False,TE ban Haven; DRG ban Fracture; TE pick Ascent; DRG pick Lotus; TE ban Pearl; DRG ban Split; Breeze remains,https://www.vlr.gg/659483/trace-esports-vs-dragon-ranger-gaming-vct-2026-china-stage-1-lr1
645496,2026-05-03,2026-05-03 17:00:00,2860,2026 Americas Stage 1,22,Americas,Group Stage: Week 4,LOUD,C9,Americas,Americas,2,1,3,LOUD,1,False,True,12.07,0.43645457333616433,4.0,False,LOUD ban Bind; C9 ban Pearl; LOUD pick Lotus; C9 pick Split; LOUD ban Fracture; C9 ban Haven; Breeze remains,https://www.vlr.gg/645496/loud-vs-cloud9-vct-2026-americas-stage-1-w4
645497,2026-05-03,2026-05-03 20:00:00,2860,2026 Americas Stage 1,22,Americas,Group Stage: Week 4,G2,ENVY,Americas,Americas,2,0,3,G2,1,False,True,12.07,0.8083897749617653,4.0,False,G2 ban Fracture; ENVY ban Breeze; G2 pick Haven; ENVY pick Lotus; G2 ban Split; ENVY ban Bind; Pearl remains,https://www.vlr.gg/645497/g2-esports-vs-envy-vct-2026-americas-stage-1-w4
659478,2026-05-04,2026-05-04 05:00:00,2864,2026 China Stage 1,24,China,Playoffs: Upper Semifinals,XLG,JDG,China,China,2,0,3,XLG,1,False,True,,0.6937673441836044,4.0,False,XLG ban Fracture; JDG ban Breeze; XLG pick Lotus; JDG pick Pearl; XLG ban Bind; JDG ban Split; Haven remains,https://www.vlr.gg/659478/xi-lai-gaming-vs-jdg-esports-vct-2026-china-stage-1-ubsf
659479,2026-05-04,2026-05-04 07:00:00,2864,2026 China Stage 1,24,China,Playoffs: Upper Semifinals,AG,EDG,China,China,0,2,3,EDG,0,False,True,,0.4078673622891529,4.0,False,EDG ban Pearl; AG ban Breeze; EDG pick Fracture; AG pick Lotus; EDG ban Ascent; AG ban Haven; Split remains,https://www.vlr.gg/659479/all-gamers-vs-edward-gaming-vct-2026-china-stage-1-ubsf
659485,2026-05-05,2026-05-05 05:00:00,2864,2026 China Stage 1,24,China,Playoffs: Lower Round 2,JDG,DRG,China,China,0,2,3,DRG,0,False,True,,0.4153155715685346,3.0,False,JDG ban Breeze; DRG ban Fracture; JDG pick Haven; DRG pick Lotus; JDG ban Split; DRG ban Pearl; Ascent remains,https://www.vlr.gg/659485/jdg-esports-vs-dragon-ranger-gaming-vct-2026-china-stage-1-lr2
659484,2026-05-05,2026-05-05 07:00:00,2864,2026 China Stage 1,24,China,Playoffs: Lower Round 2,AG,TYL,China,China,2,1,3,AG,1,False,True,,0.47804722640274117,4.0,False,TYL ban Lotus; AG ban Breeze; TYL pick Fracture; AG pick Haven; TYL ban Pearl; AG ban Ascent; Split remains,https://www.vlr.gg/659484/all-gamers-vs-tyloo-vct-2026-china-stage-1-lr2
666488,2026-05-07,2026-05-07 04:00:00,2775,2026 Pacific Stage 1,21,Pacific,Playoffs: Upper Round 1,RRQ,GE,Pacific,Pacific,0,2,3,GE,0,False,True,12.08,0.5081226237005132,3.0,False,GE ban Fracture; RRQ ban Split; GE pick Breeze; RRQ pick Pearl; GE ban Lotus; RRQ ban Haven; Ascent remains,https://www.vlr.gg/666488/rex-regum-qeon-vs-global-esports-vct-2026-pacific-stage-1-ur1
666489,2026-05-07,2026-05-07 06:35:00,2775,2026 Pacific Stage 1,21,Pacific,Playoffs: Upper Round 1,KRX,FS,Pacific,Pacific,0,2,3,FS,0,False,True,12.08,0.6044050037421149,3.0,False,FS ban Ascent; KRX ban Pearl; FS pick Lotus; KRX pick Fracture; FS ban Split; KRX ban Haven; Breeze remains,https://www.vlr.gg/666489/kiwoom-drx-vs-full-sense-vct-2026-pacific-stage-1-ur1
660381,2026-05-07,2026-05-07 11:00:00,2863,2026 EMEA Stage 1,23,EMEA,Playoffs: Upper Round 1,EF,TH,EMEA,EMEA,2,1,3,EF,1,False,True,12.08,0.35352441792537,4.0,False,TH ban Split; EF ban Haven; TH pick Fracture; EF pick Pearl; TH ban Ascent; EF ban Breeze; Lotus remains,https://www.vlr.gg/660381/eternal-fire-vs-team-heretics-vct-2026-emea-stage-1-ur1
660382,2026-05-07,2026-05-07 13:55:00,2863,2026 EMEA Stage 1,23,EMEA,Playoffs: Upper Round 1,TL,VIT,EMEA,EMEA,1,2,3,VIT,0,False,True,12.08,0.5634588285342055,4.0,False,VIT ban Fracture; TL ban Haven; VIT pick Pearl; TL pick Ascent; VIT ban Breeze; TL ban Split; Lotus remains,https://www.vlr.gg/660382/team-liquid-vs-team-vitality-vct-2026-emea-stage-1-ur1
666490,2026-05-08,2026-05-08 04:00:00,2775,2026 Pacific Stage 1,21,Pacific,Playoffs: Upper Semifinals,PRX,GE,Pacific,Pacific,1,2,3,GE,0,False,True,12.08,0.7376947616145036,4.0,False,GE ban Fracture; PRX ban Haven; GE pick Breeze; PRX pick Lotus; GE ban Split; PRX ban Ascent; Pearl remains,https://www.vlr.gg/666490/paper-rex-vs-global-esports-vct-2026-pacific-stage-1-ubsf
659480,2026-05-08,2026-05-08 05:00:00,2864,2026 China Stage 1,24,China,Playoffs: Upper Final,XLG,EDG,China,China,0,2,3,EDG,0,False,True,,0.5068144391890783,4.0,False,XLG ban Fracture; EDG ban Lotus; XLG pick Split; EDG pick Breeze; XLG ban Ascent; EDG ban Pearl; Haven remains,https://www.vlr.gg/659480/xi-lai-gaming-vs-edward-gaming-vct-2026-china-stage-1-ubf
659486,2026-05-08,2026-05-08 07:10:00,2864,2026 China Stage 1,24,China,Playoffs: Lower Round 3,AG,DRG,China,China,1,2,3,DRG,0,False,True,,0.5081226237005132,4.0,False,DRG ban Fracture; AG ban Breeze; DRG pick Lotus; AG pick Split; DRG ban Pearl; AG ban Ascent; Haven remains,https://www.vlr.gg/659486/all-gamers-vs-dragon-ranger-gaming-vct-2026-china-stage-1-lr3
666491,2026-05-08,2026-05-08 07:15:00,2775,2026 Pacific Stage 1,21,Pacific,Playoffs: Upper Semifinals,T1,FS,Pacific,Pacific,0,2,3,FS,0,False,True,12.08,0.6715023882664204,3.0,False,FS ban Ascent; T1 ban Fracture; FS pick Pearl; T1 pick Lotus; FS ban Split; T1 ban Haven; Breeze remains,https://www.vlr.gg/666491/t1-vs-full-sense-vct-2026-pacific-stage-1-ubsf
660383,2026-05-08,2026-05-08 11:00:00,2863,2026 EMEA Stage 1,23,EMEA,Playoffs: Upper Semifinals,FUT,EF,EMEA,EMEA,2,1,3,FUT,1,False,True,12.08,0.5167264186545374,4.0,False,EF ban Haven; FUT ban Fracture; EF pick Pearl; FUT pick Ascent; EF ban Breeze; FUT ban Lotus; Split remains,https://www.vlr.gg/660383/fut-esports-vs-eternal-fire-vct-2026-emea-stage-1-ubsf
660384,2026-05-08,2026-05-08 13:55:00,2863,2026 EMEA Stage 1,23,EMEA,Playoffs: Upper Semifinals,FNC,VIT,EMEA,EMEA,0,2,3,VIT,0,False,True,12.08,0.5917569356799406,4.0,False,FNC ban Pearl; VIT ban Fracture; FNC pick Breeze; VIT pick Haven; FNC ban Ascent; VIT ban Split; Lotus remains,https://www.vlr.gg/660384/fnatic-vs-team-vitality-vct-2026-emea-stage-1-ubsf
645498,2026-05-08,2026-05-08 17:00:00,2860,2026 Americas Stage 1,22,Americas,Group Stage: Week 5,KRÜ,EG,Americas,Americas,2,1,3,KRÜ,1,False,True,12.07,0.8607854085241018,4.0,False,EG ban Breeze; KRÜ ban Fracture; EG pick Haven; KRÜ pick Lotus; EG ban Split; KRÜ ban Pearl; Bind remains,https://www.vlr.gg/645498/kr-esports-vs-evil-geniuses-vct-2026-americas-stage-1-w5
645499,2026-05-08,2026-05-08 20:20:00,2860,2026 Americas Stage 1,22,Americas,Group Stage: Week 5,FUR,100T,Americas,Americas,1,2,3,100T,0,False,True,12.07,0.5418673246308254,4.0,False,100T ban Split; FUR ban Bind; 100T pick Pearl; FUR pick Haven; 100T ban Lotus; FUR ban Fracture; Breeze remains,https://www.vlr.gg/645499/furia-vs-100-thieves-vct-2026-americas-stage-1-w5
666494,2026-05-09,2026-05-09 04:00:00,2775,2026 Pacific Stage 1,21,Pacific,Playoffs: Lower Round 1,RRQ,DFM,Pacific,Pacific,2,1,3,RRQ,1,False,True,12.08,0.62184524411768,4.0,False,DFM ban Fracture; RRQ ban Split; DFM pick Ascent; RRQ pick Breeze; DFM ban Pearl; RRQ ban Haven; Lotus remains,https://www.vlr.gg/666494/rex-regum-qeon-vs-detonation-focusme-vct-2026-pacific-stage-1-lr1
659487,2026-05-09,2026-05-09 05:00:00,2864,2026 China Stage 1,24,China,Playoffs: Lower Final,XLG,DRG,China,China,3,1,5,XLG,1,False,True,,0.6593581590042769,4.0,False,DRG ban Fracture; XLG ban Ascent; DRG pick Lotus; XLG pick Breeze; DRG pick Haven; XLG pick Split; Pearl remains,https://www.vlr.gg/659487/xi-lai-gaming-vs-dragon-ranger-gaming-vct-2026-china-stage-1-lbf
666495,2026-05-09,2026-05-09 07:30:00,2775,2026 Pacific Stage 1,21,Pacific,Playoffs: Lower Round 1,KRX,NS,Pacific,Pacific,2,1,3,KRX,1,False,True,12.08,0.3890354560306787,2.0,False,NS ban Fracture; KRX ban Breeze; NS pick Pearl; KRX pick Split; NS ban Lotus; KRX ban Ascent; Haven remains,https://www.vlr.gg/666495/kiwoom-drx-vs-nongshim-redforce-vct-2026-pacific-stage-1-lr1
660387,2026-05-09,2026-05-09 11:00:00,2863,2026 EMEA Stage 1,23,EMEA,Playoffs: Lower Round 1,TH,BBL,EMEA,EMEA,2,0,3,TH,1,False,True,12.08,0.6076132295464248,3.0,False,BBL ban Fracture; TH ban Pearl; BBL pick Breeze; TH pick Ascent; BBL ban Split; TH ban Haven; Lotus remains,https://www.vlr.gg/660387/team-heretics-vs-bbl-esports-vct-2026-emea-stage-1-lr1
660388,2026-05-09,2026-05-09 13:30:00,2863,2026 EMEA Stage 1,23,EMEA,Playoffs: Lower Round 1,TL,M8,EMEA,EMEA,1,2,3,M8,0,False,True,12.08,0.6421041478417914,4.0,False,M8 ban Breeze; TL ban Pearl; M8 pick Split; TL pick Ascent; M8 ban Lotus; TL ban Haven; Fracture remains,https://www.vlr.gg/660388/team-liquid-vs-gentle-mates-vct-2026-emea-stage-1-lr1
645500,2026-05-09,2026-05-09 17:00:00,2860,2026 Americas Stage 1,22,Americas,Group Stage: Week 5,G2,C9,Americas,Americas,2,0,3,G2,1,False,True,12.07,0.8083897749617653,4.0,False,G2 ban Fracture; C9 ban Pearl; G2 pick Lotus; C9 pick Split; G2 ban Bind; C9 ban Haven; Breeze remains,https://www.vlr.gg/645500/g2-esports-vs-cloud9-vct-2026-americas-stage-1-w5
645501,2026-05-09,2026-05-09 19:10:00,2860,2026 Americas Stage 1,22,Americas,Group Stage: Week 5,ENVY,MIBR,Americas,Americas,2,0,3,ENVY,1,False,True,12.07,0.1438741325675999,4.0,False,ENVY ban Split; MIBR ban Pearl; ENVY pick Haven; MIBR pick Bind; ENVY ban Fracture; MIBR ban Lotus; Breeze remains,https://www.vlr.gg/645501/envy-vs-mibr-vct-2026-americas-stage-1-w5
666496,2026-05-10,2026-05-10 04:00:00,2775,2026 Pacific Stage 1,21,Pacific,Playoffs: Lower Round 2,T1,RRQ,Pacific,Pacific,2,1,3,T1,1,False,True,12.08,0.6736581458014712,4.0,False,RRQ ban Split; T1 ban Fracture; RRQ pick Haven; T1 pick Lotus; RRQ ban Pearl; T1 ban Ascent; Breeze remains,https://www.vlr.gg/666496/t1-vs-rex-regum-qeon-vct-2026-pacific-stage-1-lr2
659481,2026-05-10,2026-05-10 05:00:00,2864,2026 China Stage 1,24,China,Playoffs: Grand Final,EDG,XLG,China,China,3,2,5,EDG,1,False,True,,0.6136358859476889,4.0,False,EDG ban Lotus; EDG ban Ascent; EDG pick Fracture; XLG pick Split; EDG pick Breeze; XLG pick Haven; Pearl remains,https://www.vlr.gg/659481/edward-gaming-vs-xi-lai-gaming-vct-2026-china-stage-1-gf
666497,2026-05-10,2026-05-10 07:30:00,2775,2026 Pacific Stage 1,21,Pacific,Playoffs: Lower Round 2,PRX,KRX,Pacific,Pacific,2,1,3,PRX,1,False,True,12.08,0.683564883239728,3.0,False,KRX ban Lotus; PRX ban Pearl; KRX pick Ascent; PRX pick Breeze; KRX ban Fracture; PRX ban Haven; Split remains,https://www.vlr.gg/666497/paper-rex-vs-kiwoom-drx-vct-2026-pacific-stage-1-lr2
660389,2026-05-10,2026-05-10 11:00:00,2863,2026 EMEA Stage 1,23,EMEA,Playoffs: Lower Round 2,FNC,TH,EMEA,EMEA,1,2,3,TH,0,False,True,12.08,0.5508840881029495,4.0,False,TH ban Haven; FNC ban Pearl; TH pick Fracture; FNC pick Lotus; TH ban Split; FNC ban Breeze; Ascent remains,https://www.vlr.gg/660389/fnatic-vs-team-heretics-vct-2026-emea-stage-1-lr2
660390,2026-05-10,2026-05-10 14:35:00,2863,2026 EMEA Stage 1,23,EMEA,Playoffs: Lower Round 2,EF,M8,EMEA,EMEA,2,0,3,EF,1,False,True,12.08,0.47078340420048953,4.0,False,M8 ban Breeze; EF ban Haven; M8 pick Ascent; EF pick Lotus; M8 ban Split; EF ban Fracture; Pearl remains,https://www.vlr.gg/660390/eternal-fire-vs-gentle-mates-vct-2026-emea-stage-1-lr2
645502,2026-05-10,2026-05-10 17:00:00,2860,2026 Americas Stage 1,22,Americas,Group Stage: Week 5,LOUD,LEV,Americas,Americas,2,1,3,LOUD,1,False,True,12.07,0.29641149644082043,4.0,False,LEV ban Lotus; LOUD ban Fracture; LEV pick Bind; LOUD pick Breeze; LEV ban Pearl; LOUD ban Split; Haven remains,https://www.vlr.gg/645502/loud-vs-leviat-n-vct-2026-americas-stage-1-w5
645503,2026-05-10,2026-05-10 20:10:00,2860,2026 Americas Stage 1,22,Americas,Group Stage: Week 5,SEN,NRG,Americas,Americas,1,2,3,NRG,0,False,True,12.07,0.4002269411574,3.0,False,NRG ban Bind; SEN ban Pearl; NRG pick Fracture; SEN pick Breeze; NRG ban Split; SEN ban Haven; Lotus remains,https://www.vlr.gg/645503/sentinels-vs-nrg-vct-2026-americas-stage-1-w5
660369,2026-05-14,2026-05-14 17:00:00,2860,2026 Americas Stage 1,22,Americas,Playoffs: Upper Round 1,FUR,LEV,Americas,Americas,1,2,3,LEV,0,False,True,12.08,0.5094170378486698,4.0,False,LEV ban Lotus; FUR ban Fracture; LEV pick Breeze; FUR pick Split; LEV ban Haven; FUR ban Ascent; Pearl remains,https://www.vlr.gg/660369/furia-vs-leviat-n-vct-2026-americas-stage-1-ur1
660370,2026-05-14,2026-05-14 19:55:00,2860,2026 Americas Stage 1,22,Americas,Playoffs: Upper Round 1,G2,100T,Americas,Americas,2,0,3,G2,1,False,True,12.08,0.6374930403272763,4.0,False,100T ban Haven; G2 ban Fracture; 100T pick Pearl; G2 pick Lotus; 100T ban Split; G2 ban Ascent; Breeze remains,https://www.vlr.gg/660370/g2-esports-vs-100-thieves-vct-2026-americas-stage-1-ur1
666492,2026-05-15,2026-05-15 06:00:00,2775,2026 Pacific Stage 1,21,Pacific,Playoffs: Upper Final,GE,FS,Pacific,Pacific,0,2,3,FS,0,False,True,12.08,0.4331202396066596,2.0,False,FS ban Ascent; GE ban Fracture; FS pick Split; GE pick Breeze; FS ban Haven; GE ban Pearl; Lotus remains,https://www.vlr.gg/666492/global-esports-vs-full-sense-vct-2026-pacific-stage-1-ubf
666498,2026-05-15,2026-05-15 08:20:00,2775,2026 Pacific Stage 1,21,Pacific,Playoffs: Lower Round 3,T1,PRX,Pacific,Pacific,1,2,3,PRX,0,False,True,12.08,0.4295777778408323,4.0,False,PRX ban Pearl; T1 ban Fracture; PRX pick Split; T1 pick Ascent; PRX ban Haven; T1 ban Lotus; Breeze remains,https://www.vlr.gg/666498/t1-vs-paper-rex-vct-2026-pacific-stage-1-lr3
660385,2026-05-15,2026-05-15 11:00:00,2863,2026 EMEA Stage 1,23,EMEA,Playoffs: Upper Final,FUT,VIT,EMEA,EMEA,1,2,3,VIT,0,False,True,12.08,0.39420527668056715,4.0,False,VIT ban Fracture; FUT ban Breeze; VIT pick Pearl; FUT pick Ascent; VIT ban Haven; FUT ban Lotus; Split remains,https://www.vlr.gg/660385/fut-esports-vs-team-vitality-vct-2026-emea-stage-1-ubf
660391,2026-05-15,2026-05-15 14:45:00,2863,2026 EMEA Stage 1,23,EMEA,Playoffs: Lower Round 3,TH,EF,EMEA,EMEA,2,1,3,TH,1,False,True,12.08,0.5829031153092294,4.0,False,EF ban Haven; TH ban Pearl; EF pick Lotus; TH pick Fracture; EF ban Split; TH ban Breeze; Ascent remains,https://www.vlr.gg/660391/team-heretics-vs-eternal-fire-vct-2026-emea-stage-1-lr3
660371,2026-05-15,2026-05-15 17:00:00,2860,2026 Americas Stage 1,22,Americas,Playoffs: Upper Semifinals,MIBR,LEV,Americas,Americas,1,2,3,LEV,0,False,True,12.08,0.5232573122020359,4.0,False,MIBR ban Pearl; LEV ban Lotus; MIBR pick Split; LEV pick Fracture; MIBR ban Haven; LEV ban Breeze; Ascent remains,https://www.vlr.gg/660371/mibr-vs-leviat-n-vct-2026-americas-stage-1-ubsf
660372,2026-05-15,2026-05-15 20:00:00,2860,2026 Americas Stage 1,22,Americas,Playoffs: Upper Semifinals,KRÜ,G2,Americas,Americas,0,2,3,G2,0,False,True,12.08,0.361058955618907,4.0,False,KRÜ ban Pearl; G2 ban Fracture; KRÜ pick Lotus; G2 pick Breeze; KRÜ ban Ascent; G2 ban Split; Haven remains,https://www.vlr.gg/660372/kr-esports-vs-g2-esports-vct-2026-americas-stage-1-ubsf
666499,2026-05-16,2026-05-16 06:00:00,2775,2026 Pacific Stage 1,21,Pacific,Playoffs: Lower Final,GE,PRX,Pacific,Pacific,0,3,5,PRX,0,False,True,12.08,0.27934244867749614,3.0,False,GE ban Fracture; PRX ban Pearl; GE pick Haven; PRX pick Lotus; GE pick Ascent; PRX pick Split; Breeze remains,https://www.vlr.gg/666499/global-esports-vs-paper-rex-vct-2026-pacific-stage-1-lbf
660392,2026-05-16,2026-05-16 12:00:00,2863,2026 EMEA Stage 1,23,EMEA,Playoffs: Lower Final,FUT,TH,EMEA,EMEA,1,3,5,TH,0,False,True,12.08,0.3863641140523111,4.0,False,FUT ban Fracture; TH ban Pearl; FUT pick Haven; TH pick Lotus; FUT pick Ascent; TH pick Breeze; Split remains,https://www.vlr.gg/660392/fut-esports-vs-team-heretics-vct-2026-emea-stage-1-lbf
660375,2026-05-16,2026-05-16 17:00:00,2860,2026 Americas Stage 1,22,Americas,Playoffs: Lower Round 1,FUR,NRG,Americas,Americas,0,2,3,NRG,0,False,True,12.08,0.36542042989151335,4.0,False,NRG ban Split; FUR ban Fracture; NRG pick Lotus; FUR pick Haven; NRG ban Pearl; FUR ban Breeze; Ascent remains,https://www.vlr.gg/660375/furia-vs-nrg-vct-2026-americas-stage-1-lr1
660376,2026-05-16,2026-05-16 19:15:00,2860,2026 Americas Stage 1,22,Americas,Playoffs: Lower Round 1,100T,LOUD,Americas,Americas,2,0,3,100T,1,False,True,12.08,0.5738569390160679,4.0,False,LOUD ban Fracture; 100T ban Lotus; LOUD pick Breeze; 100T pick Split; LOUD ban Ascent; 100T ban Pearl; Haven remains,https://www.vlr.gg/660376/100-thieves-vs-loud-vct-2026-americas-stage-1-lr1
666493,2026-05-17,2026-05-17 06:00:00,2775,2026 Pacific Stage 1,21,Pacific,Playoffs: Grand Final,FS,PRX,Pacific,Pacific,0,3,5,PRX,0,False,True,12.08,0.33596554199569284,3.0,False,FS ban Ascent; FS ban Split; FS pick Pearl; PRX pick Lotus; FS pick Fracture; PRX pick Haven; Breeze remains,https://www.vlr.gg/666493/full-sense-vs-paper-rex-vct-2026-pacific-stage-1-gf
660386,2026-05-17,2026-05-17 12:00:00,2863,2026 EMEA Stage 1,23,EMEA,Playoffs: Grand Final,VIT,TH,EMEA,EMEA,2,3,5,TH,0,False,True,12.08,0.5256896728540663,3.0,False,VIT ban Fracture; VIT ban Ascent; VIT pick Breeze; TH pick Lotus; VIT pick Pearl; TH pick Split; Haven remains,https://www.vlr.gg/660386/team-vitality-vs-team-heretics-vct-2026-emea-stage-1-gf
660377,2026-05-17,2026-05-17 17:00:00,2860,2026 Americas Stage 1,22,Americas,Playoffs: Lower Round 2,KRÜ,NRG,Americas,Americas,0,2,3,NRG,0,False,True,12.08,0.3675862304720884,4.0,False,NRG ban Split; KRÜ ban Pearl; NRG pick Breeze; KRÜ pick Haven; NRG ban Lotus; KRÜ ban Fracture; Ascent remains,https://www.vlr.gg/660377/kr-esports-vs-nrg-vct-2026-americas-stage-1-lr2
660378,2026-05-17,2026-05-17 19:10:00,2860,2026 Americas Stage 1,22,Americas,Playoffs: Lower Round 2,MIBR,100T,Americas,Americas,0,2,3,100T,0,False,True,12.08,0.5246874780843045,4.0,False,MIBR ban Pearl; 100T ban Lotus; MIBR pick Fracture; 100T pick Breeze; MIBR ban Haven; 100T ban Split; Ascent remains,https://www.vlr.gg/660378/mibr-vs-100-thieves-vct-2026-americas-stage-1-lr2
660373,2026-05-22,2026-05-22 17:00:00,2860,2026 Americas Stage 1,22,Americas,Playoffs: Upper Final,LEV,G2,Americas,Americas,2,1,3,LEV,1,False,True,12.08,0.3468836720918022,3.0,False,LEV ban Lotus; G2 ban Fracture; LEV pick Ascent; G2 pick Pearl; LEV ban Breeze; G2 ban Haven; Split remains,https://www.vlr.gg/660373/leviat-n-vs-g2-esports-vct-2026-americas-stage-1-ubf
660379,2026-05-22,2026-05-22 20:05:00,2860,2026 Americas Stage 1,22,Americas,Playoffs: Lower Round 3,NRG,100T,Americas,Americas,2,0,3,NRG,1,False,True,12.08,0.6502308559181331,4.0,False,NRG ban Split; 100T ban Lotus; NRG pick Fracture; 100T pick Breeze; NRG ban Ascent; 100T ban Haven; Pearl remains,https://www.vlr.gg/660379/nrg-vs-100-thieves-vct-2026-americas-stage-1-lr3
660380,2026-05-23,2026-05-23 17:00:00,2860,2026 Americas Stage 1,22,Americas,Playoffs: Lower Final,G2,NRG,Americas,Americas,3,2,5,G2,1,False,True,12.08,0.5136178128210112,4.0,False,G2 ban Fracture; NRG ban Split; G2 pick Lotus; NRG pick Breeze; G2 pick Pearl; NRG pick Haven; Ascent remains,https://www.vlr.gg/660380/g2-esports-vs-nrg-vct-2026-americas-stage-1-lbf
660374,2026-05-24,2026-05-24 17:00:00,2860,2026 Americas Stage 1,22,Americas,Playoffs: Grand Final,LEV,G2,Americas,Americas,2,3,5,G2,0,False,True,12.08,0.4579264471411868,4.0,False,LEV ban Lotus; LEV ban Breeze; LEV pick Fracture; G2 pick Haven; LEV pick Ascent; G2 pick Pearl; Split remains,https://www.vlr.gg/660374/leviat-n-vs-g2-esports-vct-2026-americas-stage-1-gf
684613,2026-06-06,2026-06-06 10:00:00,2765,2026 Masters London,25,International,Swiss Stage: Round 1,XLG,NRG,China,Americas,0,2,3,NRG,0,True,True,12.10,0.3062326558163956,4.0,False,NRG ban Split; XLG ban Breeze; NRG pick Pearl; XLG pick Lotus; NRG ban Ascent; XLG ban Haven; Fracture remains,https://www.vlr.gg/684613/xi-lai-gaming-vs-nrg-valorant-masters-london-2026-r1
684610,2026-06-06,2026-06-06 12:30:00,2765,2026 Masters London,25,International,Swiss Stage: Round 1,VIT,DRG,EMEA,China,2,0,3,VIT,1,True,True,12.10,0.8049053362765852,4.0,False,DRG ban Pearl; VIT ban Ascent; DRG pick Lotus; VIT pick Breeze; DRG ban Split; VIT ban Fracture; Haven remains,https://www.vlr.gg/684610/team-vitality-vs-dragon-ranger-gaming-valorant-masters-london-2026-r1
684611,2026-06-07,2026-06-07 10:00:00,2765,2026 Masters London,25,International,Swiss Stage: Round 1,FS,FUT,Pacific,EMEA,0,2,3,FUT,0,True,True,12.10,0.594907208633736,4.0,False,FS ban Ascent; FUT ban Breeze; FS pick Fracture; FUT pick Haven; FS ban Split; FUT ban Pearl; Lotus remains,https://www.vlr.gg/684611/full-sense-vs-fut-esports-valorant-masters-london-2026-r1
684612,2026-06-07,2026-06-07 12:00:00,2765,2026 Masters London,25,International,Swiss Stage: Round 1,LEV,GE,Americas,Pacific,2,1,3,LEV,1,True,True,12.10,0.5738569390160679,3.0,False,GE ban Ascent; LEV ban Breeze; GE pick Pearl; LEV pick Fracture; GE ban Haven; LEV ban Lotus; Split remains,https://www.vlr.gg/684612/leviat-n-vs-global-esports-valorant-masters-london-2026-r1
684614,2026-06-08,2026-06-08 10:00:00,2765,2026 Masters London,25,International,Swiss Stage: Round 2 (1-0),VIT,FUT,EMEA,EMEA,2,1,3,VIT,1,True,True,12.10,0.62184524411768,4.0,False,VIT ban Ascent; FUT ban Breeze; VIT pick Pearl; FUT pick Haven; VIT ban Split; FUT ban Lotus; Fracture remains,https://www.vlr.gg/684614/team-vitality-vs-fut-esports-valorant-masters-london-2026-r2-1-0
684615,2026-06-08,2026-06-08 13:15:00,2765,2026 Masters London,25,International,Swiss Stage: Round 2 (1-0),NRG,LEV,Americas,Americas,1,2,3,LEV,0,True,True,12.10,0.5974869850828592,4.0,False,LEV ban Breeze; NRG ban Split; LEV pick Ascent; NRG pick Lotus; LEV ban Fracture; NRG ban Haven; Pearl remains,https://www.vlr.gg/684615/nrg-vs-leviat-n-valorant-masters-london-2026-r2-1-0
684616,2026-06-09,2026-06-09 10:00:00,2765,2026 Masters London,25,International,Swiss Stage: Round 2 (0-1),DRG,XLG,China,China,1,2,3,XLG,0,True,True,12.10,0.26794812355427944,4.0,False,DRG ban Lotus; XLG ban Ascent; DRG pick Haven; XLG pick Fracture; DRG ban Breeze; XLG ban Pearl; Split remains,https://www.vlr.gg/684616/dragon-ranger-gaming-vs-xi-lai-gaming-valorant-masters-london-2026-r2-0-1
684617,2026-06-09,2026-06-09 13:20:00,2765,2026 Masters London,25,International,Swiss Stage: Round 2 (0-1),GE,FS,Pacific,Pacific,2,1,3,GE,1,True,True,12.10,0.5334899305789669,4.0,False,GE ban Lotus; FS ban Ascent; GE pick Split; FS pick Breeze; GE ban Fracture; FS ban Haven; Pearl remains,https://www.vlr.gg/684617/global-esports-vs-full-sense-valorant-masters-london-2026-r2-0-1
684619,2026-06-10,2026-06-10 10:00:00,2765,2026 Masters London,25,International,Swiss Stage: Round 3 (1-1),FUT,NRG,EMEA,Americas,2,1,3,FUT,1,True,True,12.10,0.38816379666813844,4.0,False,NRG ban Split; FUT ban Breeze; NRG pick Lotus; FUT pick Haven; NRG ban Ascent; FUT ban Pearl; Fracture remains,https://www.vlr.gg/684619/fut-esports-vs-nrg-valorant-masters-london-2026-r3-1-1
684618,2026-06-10,2026-06-10 13:40:00,2765,2026 Masters London,25,International,Swiss Stage: Round 3 (1-1),GE,XLG,Pacific,China,1,2,3,XLG,0,True,True,12.10,0.6976553842719679,4.0,False,GE ban Fracture; XLG ban Pearl; GE pick Haven; XLG pick Lotus; GE ban Split; XLG ban Ascent; Breeze remains,https://www.vlr.gg/684618/global-esports-vs-xi-lai-gaming-valorant-masters-london-2026-r3-1-1
670466,2026-06-12,2026-06-12 10:00:00,2765,2026 Masters London,25,International,Playoffs: Upper Quarterfinals,PRX,LEV,Pacific,Americas,2,0,3,PRX,1,True,True,12.10,0.6367453706890617,3.0,False,LEV ban Breeze; PRX ban Pearl; LEV pick Ascent; PRX pick Lotus; LEV ban Fracture; PRX ban Haven; Split remains,https://www.vlr.gg/670466/paper-rex-vs-leviat-n-valorant-masters-london-2026-ubqf
670467,2026-06-12,2026-06-12 12:00:00,2765,2026 Masters London,25,International,Playoffs: Upper Quarterfinals,TH,VIT,EMEA,EMEA,0,2,3,VIT,0,True,True,12.10,0.4931953289919593,4.0,False,VIT ban Haven; TH ban Pearl; VIT pick Breeze; TH pick Lotus; VIT ban Ascent; TH ban Split; Fracture remains,https://www.vlr.gg/670467/team-heretics-vs-team-vitality-valorant-masters-london-2026-ubqf
670465,2026-06-13,2026-06-13 10:00:00,2765,2026 Masters London,25,International,Playoffs: Upper Quarterfinals,EDG,FUT,China,EMEA,2,1,3,EDG,1,True,True,12.10,0.4671599202040352,3.0,False,FUT ban Breeze; EDG ban Ascent; FUT pick Haven; EDG pick Pearl; FUT ban Lotus; EDG ban Split; Fracture remains,https://www.vlr.gg/670465/edward-gaming-vs-fut-esports-valorant-masters-london-2026-ubqf
670464,2026-06-13,2026-06-13 13:00:00,2765,2026 Masters London,25,International,Playoffs: Upper Quarterfinals,G2,XLG,Americas,China,1,2,3,XLG,0,True,True,12.10,0.8092577787929547,4.0,False,XLG ban Haven; G2 ban Fracture; XLG pick Lotus; G2 pick Ascent; XLG ban Pearl; G2 ban Breeze; Split remains,https://www.vlr.gg/670464/g2-esports-vs-xi-lai-gaming-valorant-masters-london-2026-ubqf
670473,2026-06-14,2026-06-14 10:00:00,2765,2026 Masters London,25,International,Playoffs: Lower Round 1,LEV,TH,Americas,EMEA,2,1,3,LEV,1,True,True,12.10,0.5108111581061422,4.0,False,LEV ban Breeze; TH ban Pearl; LEV pick Split; TH pick Lotus; LEV ban Fracture; TH ban Haven; Ascent remains,https://www.vlr.gg/670473/leviat-n-vs-team-heretics-valorant-masters-london-2026-lr1
670472,2026-06-14,2026-06-14 13:00:00,2765,2026 Masters London,25,International,Playoffs: Lower Round 1,G2,FUT,Americas,EMEA,0,2,3,FUT,0,True,True,12.10,0.6126465661641541,3.0,False,FUT ban Breeze; G2 ban Haven; FUT pick Ascent; G2 pick Lotus; FUT ban Pearl; G2 ban Fracture; Split remains,https://www.vlr.gg/670472/g2-esports-vs-fut-esports-valorant-masters-london-2026-lr1
670468,2026-06-15,2026-06-15 10:00:00,2765,2026 Masters London,25,International,Playoffs: Upper Semifinals,XLG,EDG,China,China,1,2,3,EDG,0,True,True,12.10,0.42614306098393206,3.0,False,XLG ban Pearl; EDG ban Ascent; XLG pick Lotus; EDG pick Breeze; XLG ban Fracture; EDG ban Haven; Split remains,https://www.vlr.gg/670468/xi-lai-gaming-vs-edward-gaming-valorant-masters-london-2026-ubsf
670469,2026-06-15,2026-06-15 13:15:00,2765,2026 Masters London,25,International,Playoffs: Upper Semifinals,PRX,VIT,Pacific,EMEA,2,1,3,PRX,1,True,True,12.10,0.6177678395509869,4.0,False,VIT ban Ascent; PRX ban Pearl; VIT pick Breeze; PRX pick Split; VIT ban Haven; PRX ban Lotus; Fracture remains,https://www.vlr.gg/670469/paper-rex-vs-team-vitality-valorant-masters-london-2026-ubsf
670475,2026-06-16,2026-06-16 10:00:00,2765,2026 Masters London,25,International,Playoffs: Lower Round 2,XLG,LEV,China,Americas,0,2,3,LEV,0,True,True,12.10,0.3406750062368581,4.0,False,LEV ban Breeze; XLG ban Pearl; LEV pick Haven; XLG pick Lotus; LEV ban Fracture; XLG ban Ascent; Split remains,https://www.vlr.gg/670475/xi-lai-gaming-vs-leviat-n-valorant-masters-london-2026-lr2
670474,2026-06-16,2026-06-16 12:05:00,2765,2026 Masters London,25,International,Playoffs: Lower Round 2,VIT,FUT,EMEA,EMEA,2,0,3,VIT,1,True,True,12.10,0.6281407035175879,4.0,False,VIT ban Haven; FUT ban Breeze; VIT pick Lotus; FUT pick Ascent; VIT ban Fracture; FUT ban Pearl; Split remains,https://www.vlr.gg/670474/team-vitality-vs-fut-esports-valorant-masters-london-2026-lr2
670470,2026-06-19,2026-06-19 09:00:00,2765,2026 Masters London,25,International,Playoffs: Upper Final,EDG,PRX,China,Pacific,1,2,3,PRX,0,True,True,12.10,0.26799351086139367,3.0,False,PRX ban Pearl; EDG ban Ascent; PRX pick Breeze; EDG pick Fracture; PRX ban Lotus; EDG ban Haven; Split remains,https://www.vlr.gg/670470/edward-gaming-vs-paper-rex-valorant-masters-london-2026-ubf
670476,2026-06-19,2026-06-19 12:35:00,2765,2026 Masters London,25,International,Playoffs: Lower Round 3,VIT,LEV,EMEA,Americas,0,2,3,LEV,0,True,True,12.10,0.5374769889049207,4.0,False,VIT ban Haven; LEV ban Breeze; VIT pick Lotus; LEV pick Split; VIT ban Ascent; LEV ban Pearl; Fracture remains,https://www.vlr.gg/670476/team-vitality-vs-leviat-n-valorant-masters-london-2026-lr3
670477,2026-06-20,2026-06-20 09:00:00,2765,2026 Masters London,25,International,Playoffs: Lower Final,EDG,LEV,China,Americas,0,3,5,LEV,0,True,True,12.10,0.34722147249502666,4.0,False,LEV ban Breeze; EDG ban Ascent; LEV pick Haven; EDG pick Pearl; LEV pick Split; EDG pick Fracture; Lotus remains,https://www.vlr.gg/670477/edward-gaming-vs-leviat-n-valorant-masters-london-2026-lbf
670471,2026-06-21,2026-06-21 10:20:00,2765,2026 Masters London,25,International,Playoffs: Grand Final,PRX,LEV,Pacific,Americas,2,3,5,LEV,0,True,True,12.10,0.6360772114540959,4.0,False,PRX ban Pearl; PRX ban Haven; PRX pick Fracture; LEV pick Split; PRX pick Breeze; LEV pick Ascent; Lotus remains,https://www.vlr.gg/670471/paper-rex-vs-leviat-n-valorant-masters-london-2026-gf
706754,2026-07-02,2026-07-02 07:00:00,2952,2026 Esports World Cup,26,International,Group Stage: Opening (A),RRQ,100T,Pacific,Americas,0,2,3,100T,0,True,True,13.0,0.3981283386425929,4.0,False,RRQ ban Split; 100T ban Lotus; RRQ pick Ascent; 100T pick Breeze; RRQ ban Fracture; 100T ban Sunset; Haven remains,https://www.vlr.gg/706754/rex-regum-qeon-vs-100-thieves-esports-world-cup-2026-opening-a
706755,2026-07-02,2026-07-02 07:00:00,2952,2026 Esports World Cup,26,International,Group Stage: Opening (A),BBL,EDG,EMEA,China,2,1,3,BBL,1,True,True,13.0,0.6178769665320064,4.0,False,BBL ban Fracture; EDG ban Haven; BBL pick Lotus; EDG pick Ascent; BBL ban Split; EDG ban Breeze; Sunset remains,https://www.vlr.gg/706755/bbl-esports-vs-edward-gaming-esports-world-cup-2026-opening-a
706759,2026-07-02,2026-07-02 11:00:00,2952,2026 Esports World Cup,26,International,Group Stage: Opening (B),VIT,KC,EMEA,EMEA,2,0,3,VIT,1,True,True,13.0,0.6861713513640759,4.0,False,KC ban Split; VIT ban Fracture; KC pick Haven; VIT pick Lotus; KC ban Breeze; VIT ban Sunset; Ascent remains,https://www.vlr.gg/706759/team-vitality-vs-karmine-corp-esports-world-cup-2026-opening-b
706760,2026-07-02,2026-07-02 11:50:00,2952,2026 Esports World Cup,26,International,Group Stage: Opening (B),NRG,PRX,Americas,Pacific,2,1,3,NRG,1,True,True,13.0,0.38417840568965045,4.0,False,PRX ban Haven; NRG ban Split; PRX pick Fracture; NRG pick Lotus; PRX ban Sunset; NRG ban Ascent; Breeze remains,https://www.vlr.gg/706760/nrg-vs-paper-rex-esports-world-cup-2026-opening-b
706769,2026-07-03,2026-07-03 07:00:00,2952,2026 Esports World Cup,26,International,Group Stage: Opening (D),MIBR,GE,Americas,Pacific,2,0,3,MIBR,1,True,True,13.0,,,,MIBR ban Sunset; GE ban Fracture; MIBR pick Lotus; GE pick Haven; MIBR ban Breeze; GE ban Split; Ascent remains,https://www.vlr.gg/706769/mibr-vs-global-esports-esports-world-cup-2026-opening-d
706770,2026-07-03,2026-07-03 07:00:00,2952,2026 Esports World Cup,26,International,Group Stage: Opening (D),AG,TH,China,EMEA,1,2,3,TH,0,True,True,13.0,0.2562814070351759,3.0,False,AG ban Breeze; TH ban Split; AG pick Haven; TH pick Ascent; AG ban Sunset; TH ban Fracture; Lotus remains,https://www.vlr.gg/706770/all-gamers-vs-team-heretics-esports-world-cup-2026-opening-d
706764,2026-07-03,2026-07-03 09:00:00,2952,2026 Esports World Cup,26,International,Group Stage: Opening (C),M8,XLG,EMEA,China,2,1,3,M8,1,True,True,13.0,0.6263737015385457,4.0,False,XLG ban Sunset; M8 ban Fracture; XLG pick Breeze; M8 pick Lotus; XLG ban Ascent; M8 ban Split; Haven remains,https://www.vlr.gg/706764/gentle-mates-vs-xi-lai-gaming-esports-world-cup-2026-opening-c
706765,2026-07-03,2026-07-03 10:30:00,2952,2026 Esports World Cup,26,International,Group Stage: Opening (C),NS,G2,Pacific,Americas,2,1,3,NS,1,True,True,13.0,0.46136673218810664,4.0,False,G2 ban Fracture; NS ban Ascent; G2 pick Breeze; NS pick Sunset; G2 ban Lotus; NS ban Haven; Split remains,https://www.vlr.gg/706765/nongshim-redforce-vs-g2-esports-esports-world-cup-2026-opening-c
706756,2026-07-04,2026-07-04 07:00:00,2952,2026 Esports World Cup,26,International,Group Stage: Winner's (A),100T,BBL,Americas,EMEA,2,1,3,100T,1,True,True,13.0,0.6017707946469399,4.0,False,BBL ban Fracture; 100T ban Sunset; BBL pick Lotus; 100T pick Split; BBL ban Breeze; 100T ban Ascent; Haven remains,https://www.vlr.gg/706756/100-thieves-vs-bbl-esports-esports-world-cup-2026-winners-a
706757,2026-07-04,2026-07-04 07:00:00,2952,2026 Esports World Cup,26,International,Group Stage: Elimination (A),RRQ,EDG,Pacific,China,0,2,3,EDG,0,True,True,13.0,0.5170365239052173,4.0,False,RRQ ban Split; EDG ban Haven; RRQ pick Ascent; EDG pick Breeze; RRQ ban Fracture; EDG ban Sunset; Lotus remains,https://www.vlr.gg/706757/rex-regum-qeon-vs-edward-gaming-esports-world-cup-2026-elim-a
706761,2026-07-04,2026-07-04 09:10:00,2952,2026 Esports World Cup,26,International,Group Stage: Winner's (B),VIT,NRG,EMEA,Americas,2,1,3,VIT,1,True,True,13.0,0.46953129035735514,4.0,False,VIT ban Fracture; NRG ban Split; VIT pick Ascent; NRG pick Lotus; VIT ban Sunset; NRG ban Haven; Breeze remains,https://www.vlr.gg/706761/team-vitality-vs-nrg-esports-world-cup-2026-winners-b
706762,2026-07-04,2026-07-04 10:30:00,2952,2026 Esports World Cup,26,International,Group Stage: Elimination (B),KC,PRX,EMEA,Pacific,2,1,3,KC,1,True,True,13.0,0.22455271526715703,4.0,False,KC ban Split; PRX ban Haven; KC pick Sunset; PRX pick Fracture; KC ban Breeze; PRX ban Ascent; Lotus remains,https://www.vlr.gg/706762/karmine-corp-vs-paper-rex-esports-world-cup-2026-elim-b
706771,2026-07-05,2026-07-05 07:00:00,2952,2026 Esports World Cup,26,International,Group Stage: Winner's (D),MIBR,TH,Americas,EMEA,0,2,3,TH,0,True,True,13.0,0.6324984296482412,4.0,False,TH ban Split; MIBR ban Sunset; TH pick Lotus; MIBR pick Ascent; TH ban Fracture; MIBR ban Haven; Breeze remains,https://www.vlr.gg/706771/mibr-vs-team-heretics-esports-world-cup-2026-winners-d
706772,2026-07-05,2026-07-05 07:00:00,2952,2026 Esports World Cup,26,International,Group Stage: Elimination (D),GE,AG,Pacific,China,0,2,3,AG,0,True,True,13.0,,,,GE ban Lotus; AG ban Breeze; GE pick Sunset; AG pick Split; GE ban Fracture; AG ban Haven; Ascent remains,https://www.vlr.gg/706772/global-esports-vs-all-gamers-esports-world-cup-2026-elim-d
706766,2026-07-05,2026-07-05 09:15:00,2952,2026 Esports World Cup,26,International,Group Stage: Winner's (C),M8,NS,EMEA,Pacific,2,1,3,M8,1,True,True,13.0,0.3689080322246151,4.0,False,M8 ban Breeze; NS ban Fracture; M8 pick Lotus; NS pick Haven; M8 ban Split; NS ban Sunset; Ascent remains,https://www.vlr.gg/706766/gentle-mates-vs-nongshim-redforce-esports-world-cup-2026-winners-c
706767,2026-07-05,2026-07-05 09:25:00,2952,2026 Esports World Cup,26,International,Group Stage: Elimination (C),XLG,G2,China,Americas,0,2,3,G2,0,True,True,13.0,0.24078726968174213,4.0,False,G2 ban Ascent; XLG ban Sunset; G2 pick Lotus; XLG pick Breeze; G2 ban Split; XLG ban Haven; Fracture remains,https://www.vlr.gg/706767/xi-lai-gaming-vs-g2-esports-esports-world-cup-2026-elim-c
706758,2026-07-06,2026-07-06 07:00:00,2952,2026 Esports World Cup,26,International,Group Stage: Decider (A),BBL,EDG,EMEA,China,2,0,3,BBL,1,True,True,13.0,0.6018716613574071,4.0,False,BBL ban Fracture; EDG ban Haven; BBL pick Lotus; EDG pick Breeze; BBL ban Split; EDG ban Ascent; Sunset remains,https://www.vlr.gg/706758/bbl-esports-vs-edward-gaming-esports-world-cup-2026-decider-a
706763,2026-07-06,2026-07-06 09:05:00,2952,2026 Esports World Cup,26,International,Group Stage: Decider (B),NRG,KC,Americas,EMEA,2,1,3,NRG,1,True,True,13.0,0.6736581458014712,3.0,False,NRG ban Sunset; KC ban Lotus; NRG pick Breeze; KC pick Fracture; NRG ban Split; KC ban Ascent; Haven remains,https://www.vlr.gg/706763/nrg-vs-karmine-corp-esports-world-cup-2026-decider-b
706773,2026-07-07,2026-07-07 07:00:00,2952,2026 Esports World Cup,26,International,Group Stage: Decider (D),MIBR,AG,Americas,China,2,1,3,MIBR,1,True,True,13.0,,,,MIBR ban Sunset; AG ban Breeze; MIBR pick Lotus; AG pick Split; MIBR ban Fracture; AG ban Haven; Ascent remains,https://www.vlr.gg/706773/mibr-vs-all-gamers-esports-world-cup-2026-decider-d
706768,2026-07-07,2026-07-07 10:15:00,2952,2026 Esports World Cup,26,International,Group Stage: Decider (C),NS,G2,Pacific,Americas,2,1,3,NS,1,True,True,13.0,0.47552650747194897,4.0,False,NS ban Fracture; G2 ban Ascent; NS pick Breeze; G2 pick Sunset; NS ban Lotus; G2 ban Split; Haven remains,https://www.vlr.gg/706768/nongshim-redforce-vs-g2-esports-esports-world-cup-2026-decider-c
701025,2026-07-09,2026-07-09 04:00:00,2978,2026 China Stage 2,30,China,Group Stage: Week 1,WOL,TEC,China,China,2,0,3,WOL,1,False,True,,0.4264800433142141,4.0,False,TEC ban Lotus; WOL ban Breeze; TEC pick Sunset; WOL pick Haven; TEC ban Split; WOL ban Summit; Ascent remains,https://www.vlr.gg/701025/wolves-esports-vs-titan-esports-club-vct-2026-china-stage-2-w1
701026,2026-07-09,2026-07-09 06:20:00,2978,2026 China Stage 2,30,China,Group Stage: Week 1,DRG,BLG,China,China,2,0,3,DRG,1,False,True,,0.5136178128210112,3.0,False,DRG ban Summit; BLG ban Sunset; DRG pick Haven; BLG pick Lotus; DRG ban Split; BLG ban Breeze; Ascent remains,https://www.vlr.gg/701026/dragon-ranger-gaming-vs-bilibili-gaming-vct-2026-china-stage-2-w1
708422,2026-07-09,2026-07-09 07:00:00,2952,2026 Esports World Cup,26,International,Playoffs: Quarterfinals,TH,BBL,EMEA,EMEA,1,2,3,BBL,0,True,True,13.0,0.5849784637473081,4.0,False,BBL ban Fracture; TH ban Split; BBL pick Breeze; TH pick Lotus; BBL ban Haven; TH ban Ascent; Sunset remains,https://www.vlr.gg/708422/team-heretics-vs-bbl-esports-esports-world-cup-2026-qf
708423,2026-07-09,2026-07-09 10:55:00,2952,2026 Esports World Cup,26,International,Playoffs: Quarterfinals,M8,NRG,EMEA,Americas,1,2,3,NRG,0,True,True,13.0,0.39822920535306006,4.0,False,NRG ban Fracture; M8 ban Breeze; NRG pick Haven; M8 pick Ascent; NRG ban Split; M8 ban Sunset; Lotus remains,https://www.vlr.gg/708423/gentle-mates-vs-nrg-esports-world-cup-2026-qf
701027,2026-07-10,2026-07-10 04:00:00,2978,2026 China Stage 2,30,China,Group Stage: Week 1,FPX,TE,China,China,2,0,3,FPX,1,False,True,,0.4671599202040352,3.0,False,TE ban Haven; FPX ban Breeze; TE pick Sunset; FPX pick Summit; TE ban Split; FPX ban Ascent; Lotus remains,https://www.vlr.gg/701027/funplus-phoenix-vs-trace-esports-vct-2026-china-stage-2-w1
701028,2026-07-10,2026-07-10 06:10:00,2978,2026 China Stage 2,30,China,Group Stage: Week 1,JDG,TYL,China,China,0,2,3,TYL,0,False,True,,0.3943595406793753,4.0,False,TYL ban Summit; JDG ban Breeze; TYL pick Split; JDG pick Sunset; TYL ban Haven; JDG ban Ascent; Lotus remains,https://www.vlr.gg/701028/jdg-esports-vs-tyloo-vct-2026-china-stage-2-w1
708421,2026-07-10,2026-07-10 07:00:00,2952,2026 Esports World Cup,26,International,Playoffs: Quarterfinals,VIT,NS,EMEA,Pacific,1,2,3,NS,0,True,True,13.0,0.5676054692064977,4.0,False,VIT ban Fracture; NS ban Lotus; VIT pick Ascent; NS pick Split; VIT ban Haven; NS ban Sunset; Breeze remains,https://www.vlr.gg/708421/team-vitality-vs-nongshim-redforce-esports-world-cup-2026-qf
708420,2026-07-10,2026-07-10 10:05:00,2952,2026 Esports World Cup,26,International,Playoffs: Quarterfinals,100T,MIBR,Americas,Americas,2,1,3,100T,1,True,True,13.0,0.46492872956716763,4.0,False,MIBR ban Sunset; 100T ban Lotus; MIBR pick Fracture; 100T pick Breeze; MIBR ban Split; 100T ban Ascent; Haven remains,https://www.vlr.gg/708420/100-thieves-vs-mibr-esports-world-cup-2026-qf
701029,2026-07-11,2026-07-11 04:00:00,2978,2026 China Stage 2,30,China,Group Stage: Week 1,DRG,TEC,China,China,2,1,3,DRG,1,False,True,,0.6861713513640759,4.0,False,TEC ban Lotus; DRG ban Summit; TEC pick Breeze; DRG pick Haven; TEC ban Split; DRG ban Ascent; Sunset remains,https://www.vlr.gg/701029/dragon-ranger-gaming-vs-titan-esports-club-vct-2026-china-stage-2-w1
708424,2026-07-11,2026-07-11 07:00:00,2952,2026 Esports World Cup,26,International,Playoffs: Semifinals,100T,NS,Americas,Pacific,2,1,3,100T,1,True,True,13.0,0.43340479838881424,4.0,False,NS ban Fracture; 100T ban Split; NS pick Sunset; 100T pick Lotus; NS ban Ascent; 100T ban Breeze; Haven remains,https://www.vlr.gg/708424/100-thieves-vs-nongshim-redforce-esports-world-cup-2026-sf
701030,2026-07-11,2026-07-11 07:35:00,2978,2026 China Stage 2,30,China,Group Stage: Week 1,BLG,WOL,China,China,2,1,3,BLG,1,False,True,,,,,WOL ban Breeze; BLG ban Sunset; WOL pick Summit; BLG pick Split; WOL ban Ascent; BLG ban Haven; Lotus remains,https://www.vlr.gg/701030/bilibili-gaming-vs-wolves-esports-vct-2026-china-stage-2-w1
708425,2026-07-11,2026-07-11 10:25:00,2952,2026 Esports World Cup,26,International,Playoffs: Semifinals,BBL,NRG,EMEA,Americas,1,2,3,NRG,0,True,True,13.0,0.39822920535306006,4.0,False,NRG ban Split; BBL ban Fracture; NRG pick Haven; BBL pick Breeze; NRG ban Sunset; BBL ban Ascent; Lotus remains,https://www.vlr.gg/708425/bbl-esports-vs-nrg-esports-world-cup-2026-sf
701031,2026-07-12,2026-07-12 04:00:00,2978,2026 China Stage 2,30,China,Group Stage: Week 1,NOVA,FPX,China,China,2,0,3,NOVA,1,False,True,,0.4426896386695381,3.0,False,NOVA ban Summit; FPX ban Haven; NOVA pick Lotus; FPX pick Sunset; NOVA ban Breeze; FPX ban Ascent; Split remains,https://www.vlr.gg/701031/nova-esports-vs-funplus-phoenix-vct-2026-china-stage-2-w1
701032,2026-07-12,2026-07-12 06:10:00,2978,2026 China Stage 2,30,China,Group Stage: Week 1,TYL,TE,China,China,2,0,3,TYL,1,False,True,,0.6616797258837246,4.0,False,TE ban Haven; TYL ban Summit; TE pick Breeze; TYL pick Sunset; TE ban Split; TYL ban Ascent; Lotus remains,https://www.vlr.gg/701032/tyloo-vs-trace-esports-vct-2026-china-stage-2-w1
708427,2026-07-12,2026-07-12 07:00:00,2952,2026 Esports World Cup,26,International,Playoffs: Consolation Final,NS,BBL,Pacific,EMEA,2,0,3,NS,1,True,True,13.0,0.5404931634918779,3.0,False,NS ban Sunset; BBL ban Fracture; NS pick Breeze; BBL pick Lotus; NS ban Ascent; BBL ban Split; Haven remains,https://www.vlr.gg/708427/nongshim-redforce-vs-bbl-esports-esports-world-cup-2026-cf
708426,2026-07-12,2026-07-12 09:45:00,2952,2026 Esports World Cup,26,International,Playoffs: Grand Final,100T,NRG,Americas,Americas,3,1,5,100T,1,True,True,13.0,0.434453012792825,4.0,False,NRG ban Fracture; 100T ban Lotus; NRG pick Breeze; 100T pick Sunset; NRG pick Haven; 100T pick Ascent; Split remains,https://www.vlr.gg/708426/100-thieves-vs-nrg-esports-world-cup-2026-gf
701036,2026-07-14,2026-07-14 05:00:00,2978,2026 China Stage 2,30,China,Group Stage: Week 2,WOL,AG,China,China,0,2,3,AG,0,False,True,,0.28471667047358007,4.0,False,AG ban Sunset; WOL ban Breeze; AG pick Lotus; WOL pick Ascent; AG ban Summit; WOL ban Split; Haven remains,https://www.vlr.gg/701036/wolves-esports-vs-all-gamers-vct-2026-china-stage-2-w2
701037,2026-07-14,2026-07-14 07:15:00,2978,2026 China Stage 2,30,China,Group Stage: Week 2,XLG,TEC,China,China,1,2,3,TEC,0,False,True,,,,,XLG ban Sunset; TEC ban Lotus; XLG pick Summit; TEC pick Ascent; XLG ban Haven; TEC ban Split; Breeze remains,https://www.vlr.gg/701037/xi-lai-gaming-vs-titan-esports-club-vct-2026-china-stage-2-w2
701038,2026-07-15,2026-07-15 05:00:00,2978,2026 China Stage 2,30,China,Group Stage: Week 2,JDG,FPX,China,China,0,2,3,FPX,0,False,True,,0.4416073875872871,4.0,False,JDG ban Summit; FPX ban Haven; JDG pick Breeze; FPX pick Ascent; JDG ban Lotus; FPX ban Sunset; Split remains,https://www.vlr.gg/701038/jdg-esports-vs-funplus-phoenix-vct-2026-china-stage-2-w2
701039,2026-07-15,2026-07-15 07:20:00,2978,2026 China Stage 2,30,China,Group Stage: Week 2,EDG,TYL,China,China,1,2,3,TYL,0,False,True,,0.6545226130653267,4.0,False,EDG ban Split; TYL ban Summit; EDG pick Sunset; TYL pick Breeze; EDG ban Haven; TYL ban Ascent; Lotus remains,https://www.vlr.gg/701039/edward-gaming-vs-tyloo-vct-2026-china-stage-2-w2
712803,2026-07-15,2026-07-15 11:00:00,2976,2026 EMEA Stage 2,28,EMEA,Group Stage: Week 1,FUT,NAVI,EMEA,EMEA,0,2,3,NAVI,0,False,True,13.01,0.5992597696770736,4.0,False,NAVI ban Haven; FUT ban Breeze; NAVI pick Split; FUT pick Ascent; NAVI ban Lotus; FUT ban Summit; Sunset remains,https://www.vlr.gg/712803/fut-esports-vs-natus-vincere-vct-2026-emea-stage-2-w1
712804,2026-07-15,2026-07-15 13:10:00,2976,2026 EMEA Stage 2,28,EMEA,Group Stage: Week 1,TL,EF,EMEA,EMEA,0,2,3,EF,0,False,True,13.01,0.3739671511922026,4.0,False,TL ban Sunset; EF ban Summit; TL pick Split; EF pick Lotus; TL ban Ascent; EF ban Breeze; Haven remains,https://www.vlr.gg/712804/team-liquid-vs-eternal-fire-vct-2026-emea-stage-2-w1
698884,2026-07-16,2026-07-16 04:00:00,2776,2026 Pacific Stage 2,27,Pacific,Group Stage: Week 1,GEN,ZETA,Pacific,Pacific,2,0,3,GEN,1,False,True,13.01,0.762057954895758,4.0,False,ZETA ban Summit; GEN ban Breeze; ZETA pick Ascent; GEN pick Sunset; ZETA ban Lotus; GEN ban Split; Haven remains,https://www.vlr.gg/698884/gen-g-vs-zeta-division-vct-2026-pacific-stage-2-w1
701040,2026-07-16,2026-07-16 05:00:00,2978,2026 China Stage 2,30,China,Group Stage: Week 2,AG,BLG,China,China,1,2,3,BLG,0,False,True,,,,,BLG ban Split; AG ban Breeze; BLG pick Summit; AG pick Haven; BLG ban Ascent; AG ban Lotus; Sunset remains,https://www.vlr.gg/701040/all-gamers-vs-bilibili-gaming-vct-2026-china-stage-2-w2
698885,2026-07-16,2026-07-16 07:05:00,2776,2026 Pacific Stage 2,27,Pacific,Group Stage: Week 1,TS,VL,Pacific,Pacific,1,2,3,VL,0,False,True,13.01,0.48064344066702236,3.0,False,VL ban Breeze; TS ban Lotus; VL pick Split; TS pick Haven; VL ban Sunset; TS ban Ascent; Summit remains,https://www.vlr.gg/698885/team-secret-vs-varrel-vct-2026-pacific-stage-2-w1
701041,2026-07-16,2026-07-16 08:25:00,2978,2026 China Stage 2,30,China,Group Stage: Week 2,XLG,DRG,China,China,2,0,3,XLG,1,False,True,,0.5738569390160679,4.0,False,XLG ban Sunset; DRG ban Summit; XLG pick Lotus; DRG pick Haven; XLG ban Split; DRG ban Ascent; Breeze remains,https://www.vlr.gg/701041/xi-lai-gaming-vs-dragon-ranger-gaming-vct-2026-china-stage-2-w2
712805,2026-07-16,2026-07-16 11:00:00,2976,2026 EMEA Stage 2,28,EMEA,Group Stage: Week 1,FNC,GX,EMEA,EMEA,2,0,3,FNC,1,False,True,13.01,0.7497650855905543,4.0,False,GX ban Summit; FNC ban Haven; GX pick Ascent; FNC pick Sunset; GX ban Breeze; FNC ban Lotus; Split remains,https://www.vlr.gg/712805/fnatic-vs-giantx-vct-2026-emea-stage-2-w1
712806,2026-07-16,2026-07-16 13:35:00,2976,2026 EMEA Stage 2,28,EMEA,Group Stage: Week 1,PCF,M8,EMEA,EMEA,1,2,3,M8,0,False,True,13.01,0.24693980198776921,4.0,False,PCF ban Haven; M8 ban Summit; PCF pick Split; M8 pick Sunset; PCF ban Lotus; M8 ban Breeze; Ascent remains,https://www.vlr.gg/712806/pcific-esports-vs-gentle-mates-vct-2026-emea-stage-2-w1
706349,2026-07-16,2026-07-16 17:00:00,2977,2026 Americas Stage 2,29,Americas,Group Stage: Week 1,LEV,FUR,Americas,Americas,2,1,3,LEV,1,False,True,13.01,0.735186937437877,4.0,False,LEV ban Breeze; FUR ban Lotus; LEV pick Haven; FUR pick Sunset; LEV ban Summit; FUR ban Ascent; Split remains,https://www.vlr.gg/706349/leviat-n-vs-furia-vct-2026-americas-stage-2-w1
706350,2026-07-16,2026-07-16 20:20:00,2977,2026 Americas Stage 2,29,Americas,Group Stage: Week 1,SEN,C9,Americas,Americas,2,1,3,SEN,1,False,True,13.01,0.5517637500641637,4.0,False,C9 ban Breeze; SEN ban Split; C9 pick Summit; SEN pick Haven; C9 ban Ascent; SEN ban Sunset; Lotus remains,https://www.vlr.gg/706350/sentinels-vs-cloud9-vct-2026-americas-stage-2-w1
701042,2026-07-17,2026-07-17 03:00:00,2978,2026 China Stage 2,30,China,Group Stage: Week 2,NOVA,JDG,China,China,2,1,3,NOVA,1,False,True,,0.7069670582847152,4.0,False,JDG ban Summit; NOVA ban Haven; JDG pick Split; NOVA pick Lotus; JDG ban Ascent; NOVA ban Sunset; Breeze remains,https://www.vlr.gg/701042/nova-esports-vs-jdg-esports-vct-2026-china-stage-2-w2
698886,2026-07-17,2026-07-17 04:00:00,2776,2026 Pacific Stage 2,27,Pacific,Group Stage: Week 1,FS,NS,Pacific,Pacific,2,1,3,FS,1,False,True,13.01,0.3631438442211055,3.0,False,FS ban Breeze; NS ban Summit; FS pick Haven; NS pick Split; FS ban Lotus; NS ban Sunset; Ascent remains,https://www.vlr.gg/698886/full-sense-vs-nongshim-redforce-vct-2026-pacific-stage-2-w1
701043,2026-07-17,2026-07-17 06:00:00,2978,2026 China Stage 2,30,China,Group Stage: Week 2,TYL,FPX,China,China,2,1,3,TYL,1,False,True,,0.6570034268836943,4.0,False,FPX ban Haven; TYL ban Summit; FPX pick Ascent; TYL pick Lotus; FPX ban Sunset; TYL ban Breeze; Split remains,https://www.vlr.gg/701043/tyloo-vs-funplus-phoenix-vct-2026-china-stage-2-w2
698887,2026-07-17,2026-07-17 07:00:00,2776,2026 Pacific Stage 2,27,Pacific,Group Stage: Week 1,KRX,DFM,Pacific,Pacific,2,1,3,KRX,1,False,True,13.01,0.7072124477530543,2.0,False,DFM ban Lotus; KRX ban Ascent; DFM pick Split; KRX pick Sunset; DFM ban Breeze; KRX ban Haven; Summit remains,https://www.vlr.gg/698887/kiwoom-drx-vs-detonation-focusme-vct-2026-pacific-stage-2-w1
701044,2026-07-17,2026-07-17 09:30:00,2978,2026 China Stage 2,30,China,Group Stage: Week 2,TE,EDG,China,China,0,2,3,EDG,0,False,True,,0.18451908666137706,3.0,False,EDG ban Summit; TE ban Haven; EDG pick Breeze; TE pick Ascent; EDG ban Lotus; TE ban Split; Sunset remains,https://www.vlr.gg/701044/trace-esports-vs-edward-gaming-vct-2026-china-stage-2-w2
712807,2026-07-17,2026-07-17 11:00:00,2976,2026 EMEA Stage 2,28,EMEA,Group Stage: Week 1,KC,EF,EMEA,EMEA,2,0,3,KC,1,False,True,13.01,0.49581592111198836,4.0,False,KC ban Breeze; EF ban Summit; KC pick Sunset; EF pick Lotus; KC ban Split; EF ban Ascent; Haven remains,https://www.vlr.gg/712807/karmine-corp-vs-eternal-fire-vct-2026-emea-stage-2-w1
712808,2026-07-17,2026-07-17 13:25:00,2976,2026 EMEA Stage 2,28,EMEA,Group Stage: Week 1,VIT,NAVI,EMEA,EMEA,2,1,3,VIT,1,False,True,13.01,0.6281407035175879,4.0,False,NAVI ban Lotus; VIT ban Summit; NAVI pick Sunset; VIT pick Breeze; NAVI ban Haven; VIT ban Ascent; Split remains,https://www.vlr.gg/712808/team-vitality-vs-natus-vincere-vct-2026-emea-stage-2-w1
706351,2026-07-17,2026-07-17 17:00:00,2977,2026 Americas Stage 2,29,Americas,Group Stage: Week 1,ENVY,EG,Americas,Americas,0,2,3,EG,0,False,True,13.01,0.535175879396985,4.0,False,ENVY ban Haven; EG ban Lotus; ENVY pick Ascent; EG pick Breeze; ENVY ban Sunset; EG ban Summit; Split remains,https://www.vlr.gg/706351/envy-vs-evil-geniuses-vct-2026-americas-stage-2-w1
706352,2026-07-17,2026-07-17 19:15:00,2977,2026 Americas Stage 2,29,Americas,Group Stage: Week 1,KRÜ,LOUD,Americas,Americas,1,2,3,LOUD,0,False,True,13.01,0.6093639099452063,4.0,False,KRÜ ban Summit; LOUD ban Split; KRÜ pick Lotus; LOUD pick Breeze; KRÜ ban Haven; LOUD ban Ascent; Sunset remains,https://www.vlr.gg/706352/kr-esports-vs-loud-vct-2026-americas-stage-2-w1
698888,2026-07-18,2026-07-18 04:00:00,2776,2026 Pacific Stage 2,27,Pacific,Group Stage: Week 1,RRQ,GE,Pacific,Pacific,0,2,3,GE,0,False,True,13.01,0.4806272310365812,4.0,False,RRQ ban Split; GE ban Lotus; RRQ pick Sunset; GE pick Summit; RRQ ban Haven; GE ban Ascent; Breeze remains,https://www.vlr.gg/698888/rex-regum-qeon-vs-global-esports-vct-2026-pacific-stage-2-w1
701045,2026-07-18,2026-07-18 05:00:00,2978,2026 China Stage 2,30,China,Group Stage: Week 2,TEC,BLG,China,China,1,2,3,BLG,0,False,True,,,,,BLG ban Breeze; TEC ban Lotus; BLG pick Summit; TEC pick Split; BLG ban Ascent; TEC ban Sunset; Haven remains,https://www.vlr.gg/701045/titan-esports-club-vs-bilibili-gaming-vct-2026-china-stage-2-w2
698889,2026-07-18,2026-07-18 06:35:00,2776,2026 Pacific Stage 2,27,Pacific,Group Stage: Week 1,PRX,T1,Pacific,Pacific,1,2,3,T1,0,False,True,13.01,0.6068982495168495,4.0,False,PRX ban Haven; T1 ban Summit; PRX pick Sunset; T1 pick Ascent; PRX ban Split; T1 ban Lotus; Breeze remains,https://www.vlr.gg/698889/paper-rex-vs-t1-vct-2026-pacific-stage-2-w1
701046,2026-07-18,2026-07-18 09:00:00,2978,2026 China Stage 2,30,China,Group Stage: Week 2,AG,XLG,China,China,0,2,3,XLG,0,False,True,,0.4152230472296603,4.0,False,XLG ban Sunset; AG ban Breeze; XLG pick Summit; AG pick Haven; XLG ban Ascent; AG ban Lotus; Split remains,https://www.vlr.gg/701046/all-gamers-vs-xi-lai-gaming-vct-2026-china-stage-2-w2
712809,2026-07-18,2026-07-18 11:00:00,2976,2026 EMEA Stage 2,28,EMEA,Group Stage: Week 1,M8,FUT,EMEA,EMEA,0,2,3,FUT,0,False,True,13.01,0.5655849340158738,4.0,False,M8 ban Summit; FUT ban Breeze; M8 pick Sunset; FUT pick Haven; M8 ban Split; FUT ban Ascent; Lotus remains,https://www.vlr.gg/712809/gentle-mates-vs-fut-esports-vct-2026-emea-stage-2-w1
712810,2026-07-18,2026-07-18 13:25:00,2976,2026 EMEA Stage 2,28,EMEA,Group Stage: Week 1,TH,TL,EMEA,EMEA,0,2,3,TL,0,False,True,13.01,0.6498487614694268,4.0,False,TL ban Sunset; TH ban Summit; TL pick Breeze; TH pick Ascent; TL ban Lotus; TH ban Split; Haven remains,https://www.vlr.gg/712810/team-heretics-vs-team-liquid-vct-2026-emea-stage-2-w1
706353,2026-07-18,2026-07-18 17:00:00,2977,2026 Americas Stage 2,29,Americas,Group Stage: Week 1,G2,100T,Americas,Americas,1,2,3,100T,0,False,True,13.01,0.5715087758247482,4.0,False,100T ban Lotus; G2 ban Ascent; 100T pick Breeze; G2 pick Sunset; 100T ban Summit; G2 ban Split; Haven remains,https://www.vlr.gg/706353/g2-esports-vs-100-thieves-vct-2026-americas-stage-2-w1
706354,2026-07-18,2026-07-18 20:30:00,2977,2026 Americas Stage 2,29,Americas,Group Stage: Week 1,NRG,MIBR,Americas,Americas,2,1,3,NRG,1,False,True,13.01,0.6197654941373534,4.0,False,MIBR ban Lotus; NRG ban Split; MIBR pick Sunset; NRG pick Breeze; MIBR ban Ascent; NRG ban Haven; Summit remains,https://www.vlr.gg/706354/nrg-vs-mibr-vct-2026-americas-stage-2-w1
701047,2026-07-19,2026-07-19 03:00:00,2978,2026 China Stage 2,30,China,Group Stage: Week 2,TE,NOVA,China,China,1,2,3,NOVA,0,False,True,,0.345285670528908,4.0,False,TE ban Haven; NOVA ban Summit; TE pick Ascent; NOVA pick Sunset; TE ban Split; NOVA ban Lotus; Breeze remains,https://www.vlr.gg/701047/trace-esports-vs-nova-esports-vct-2026-china-stage-2-w2
698890,2026-07-19,2026-07-19 04:00:00,2776,2026 Pacific Stage 2,27,Pacific,Group Stage: Week 1,NS,GEN,Pacific,Pacific,1,2,3,GEN,0,False,True,13.01,0.6235686629870665,4.0,False,NS ban Summit; GEN ban Breeze; NS pick Split; GEN pick Ascent; NS ban Sunset; GEN ban Lotus; Haven remains,https://www.vlr.gg/698890/nongshim-redforce-vs-gen-g-vct-2026-pacific-stage-2-w1
701048,2026-07-19,2026-07-19 06:25:00,2978,2026 China Stage 2,30,China,Group Stage: Week 2,DRG,WOL,China,China,1,2,3,WOL,0,False,True,,0.6777561965782294,4.0,False,DRG ban Summit; WOL ban Breeze; DRG pick Sunset; WOL pick Haven; DRG ban Split; WOL ban Ascent; Lotus remains,https://www.vlr.gg/701048/dragon-ranger-gaming-vs-wolves-esports-vct-2026-china-stage-2-w2
698891,2026-07-19,2026-07-19 07:05:00,2776,2026 Pacific Stage 2,27,Pacific,Group Stage: Week 1,KRX,TS,Pacific,Pacific,0,2,3,TS,0,False,True,13.01,0.7487437185929648,3.0,False,KRX ban Split; TS ban Lotus; KRX pick Sunset; TS pick Haven; KRX ban Ascent; TS ban Breeze; Summit remains,https://www.vlr.gg/698891/kiwoom-drx-vs-team-secret-vct-2026-pacific-stage-2-w1
701049,2026-07-19,2026-07-19 09:45:00,2978,2026 China Stage 2,30,China,Group Stage: Week 2,EDG,JDG,China,China,2,0,3,EDG,1,False,True,,0.8300430725053839,4.0,False,EDG ban Lotus; JDG ban Summit; EDG pick Breeze; JDG pick Haven; EDG ban Split; JDG ban Ascent; Sunset remains,https://www.vlr.gg/701049/edward-gaming-vs-jdg-esports-vct-2026-china-stage-2-w2
712811,2026-07-19,2026-07-19 10:00:00,2976,2026 EMEA Stage 2,28,EMEA,Group Stage: Week 1,GX,KC,EMEA,EMEA,0,2,3,KC,0,False,True,13.01,0.3475429749218909,4.0,False,KC ban Breeze; GX ban Summit; KC pick Haven; GX pick Ascent; KC ban Split; GX ban Lotus; Sunset remains,https://www.vlr.gg/712811/giantx-vs-karmine-corp-vct-2026-emea-stage-2-w1
712812,2026-07-19,2026-07-19 12:05:00,2976,2026 EMEA Stage 2,28,EMEA,Group Stage: Week 1,VIT,BBL,EMEA,EMEA,0,2,3,BBL,0,False,True,13.01,0.5655754479351667,4.0,False,BBL ban Lotus; VIT ban Summit; BBL pick Haven; VIT pick Split; BBL ban Breeze; VIT ban Sunset; Ascent remains,https://www.vlr.gg/712812/team-vitality-vs-bbl-esports-vct-2026-emea-stage-2-w1
701050,2026-07-20,2026-07-20 05:00:00,2978,2026 China Stage 2,30,China,Group Stage: Week 3,TEC,AG,China,China,0,2,3,AG,0,False,True,,0.31390339497049535,4.0,False,AG ban Breeze; TEC ban Lotus; AG pick Split; TEC pick Summit; AG ban Sunset; TEC ban Haven; Ascent remains,https://www.vlr.gg/701050/titan-esports-club-vs-all-gamers-vct-2026-china-stage-2-w3
701051,2026-07-20,2026-07-20 07:25:00,2978,2026 China Stage 2,30,China,Group Stage: Week 3,BLG,XLG,China,China,2,1,3,BLG,1,False,True,,,,,XLG ban Sunset; BLG ban Breeze; XLG pick Lotus; BLG pick Summit; XLG ban Haven; BLG ban Split; Ascent remains,https://www.vlr.gg/701051/bilibili-gaming-vs-xi-lai-gaming-vct-2026-china-stage-2-w3
701052,2026-07-21,2026-07-21 05:00:00,2978,2026 China Stage 2,30,China,Group Stage: Week 3,JDG,TE,China,China,2,0,3,JDG,1,False,True,,0.5651409300753583,4.0,False,JDG ban Summit; TE ban Haven; JDG pick Lotus; TE pick Ascent; JDG ban Sunset; TE ban Breeze; Split remains,https://www.vlr.gg/701052/jdg-esports-vs-trace-esports-vct-2026-china-stage-2-w3
701053,2026-07-21,2026-07-21 07:15:00,2978,2026 China Stage 2,30,China,Group Stage: Week 3,EDG,NOVA,China,China,0,2,3,NOVA,0,False,True,,0.6585860569694836,4.0,False,EDG ban Ascent; NOVA ban Breeze; EDG pick Sunset; NOVA pick Lotus; EDG ban Haven; NOVA ban Summit; Split remains,https://www.vlr.gg/701053/edward-gaming-vs-nova-esports-vct-2026-china-stage-2-w3
701054,2026-07-22,2026-07-22 05:00:00,2978,2026 China Stage 2,30,China,Group Stage: Week 3,XLG,WOL,China,China,2,1,3,XLG,1,False,True,,0.70704883585074,4.0,False,XLG ban Sunset; WOL ban Breeze; XLG pick Summit; WOL pick Lotus; XLG ban Haven; WOL ban Ascent; Split remains,https://www.vlr.gg/701054/xi-lai-gaming-vs-wolves-esports-vct-2026-china-stage-2-w3
701055,2026-07-22,2026-07-22 08:20:00,2978,2026 China Stage 2,30,China,Group Stage: Week 3,AG,DRG,China,China,2,1,3,AG,1,False,True,,0.5738569390160679,4.0,False,AG ban Breeze; DRG ban Summit; AG pick Split; DRG pick Haven; AG ban Sunset; DRG ban Ascent; Lotus remains,https://www.vlr.gg/701055/all-gamers-vs-dragon-ranger-gaming-vct-2026-china-stage-2-w3
712814,2026-07-22,2026-07-22 11:00:00,2976,2026 EMEA Stage 2,28,EMEA,Group Stage: Week 2,FUT,PCF,EMEA,EMEA,2,1,3,FUT,1,False,True,13.01,0.7812721801095874,4.0,False,PCF ban Haven; FUT ban Breeze; PCF pick Split; FUT pick Lotus; PCF ban Summit; FUT ban Sunset; Ascent remains,https://www.vlr.gg/712814/fut-esports-vs-pcific-esports-vct-2026-emea-stage-2-w2
712815,2026-07-22,2026-07-22 14:15:00,2976,2026 EMEA Stage 2,28,EMEA,Group Stage: Week 2,FNC,KC,EMEA,EMEA,2,1,3,FNC,1,False,True,13.01,0.5420735528588132,4.0,False,KC ban Breeze; FNC ban Haven; KC pick Summit; FNC pick Ascent; KC ban Sunset; FNC ban Lotus; Split remains,https://www.vlr.gg/712815/fnatic-vs-karmine-corp-vct-2026-emea-stage-2-w2
698892,2026-07-23,2026-07-23 04:00:00,2776,2026 Pacific Stage 2,27,Pacific,Group Stage: Week 2,GE,FS,Pacific,Pacific,2,0,3,GE,1,False,True,13.01,0.4512855539835097,3.0,False,FS ban Breeze; GE ban Lotus; FS pick Ascent; GE pick Summit; FS ban Split; GE ban Haven; Sunset remains,https://www.vlr.gg/698892/global-esports-vs-full-sense-vct-2026-pacific-stage-2-w2
701056,2026-07-23,2026-07-23 05:00:00,2978,2026 China Stage 2,30,China,Group Stage: Week 3,TYL,NOVA,China,China,0,2,3,NOVA,0,False,True,,0.5374769889049207,4.0,False,TYL ban Ascent; NOVA ban Breeze; TYL pick Split; NOVA pick Summit; TYL ban Haven; NOVA ban Sunset; Lotus remains,https://www.vlr.gg/701056/tyloo-vs-nova-esports-vct-2026-china-stage-2-w3
698893,2026-07-23,2026-07-23 06:00:00,2776,2026 Pacific Stage 2,27,Pacific,Group Stage: Week 2,T1,VL,Pacific,Pacific,0,2,3,VL,0,False,True,13.01,0.7872147106771314,4.0,False,VL ban Breeze; T1 ban Summit; VL pick Split; T1 pick Haven; VL ban Ascent; T1 ban Lotus; Sunset remains,https://www.vlr.gg/698893/t1-vs-varrel-vct-2026-pacific-stage-2-w2
701057,2026-07-23,2026-07-23 07:35:00,2978,2026 China Stage 2,30,China,Group Stage: Week 3,FPX,EDG,China,China,1,2,3,EDG,0,False,True,,0.29030349884621254,4.0,False,EDG ban Summit; FPX ban Haven; EDG pick Breeze; FPX pick Ascent; EDG ban Lotus; FPX ban Sunset; Split remains,https://www.vlr.gg/701057/funplus-phoenix-vs-edward-gaming-vct-2026-china-stage-2-w3
712816,2026-07-23,2026-07-23 11:00:00,2976,2026 EMEA Stage 2,28,EMEA,Group Stage: Week 2,EF,TH,EMEA,EMEA,0,2,3,TH,0,False,True,13.01,0.41529244322880243,4.0,False,EF ban Summit; TH ban Split; EF pick Lotus; TH pick Haven; EF ban Sunset; TH ban Ascent; Breeze remains,https://www.vlr.gg/712816/eternal-fire-vs-team-heretics-vct-2026-emea-stage-2-w2
712817,2026-07-23,2026-07-23 13:15:00,2976,2026 EMEA Stage 2,28,EMEA,Group Stage: Week 2,M8,NAVI,EMEA,EMEA,2,0,3,M8,1,False,True,13.01,0.4568544242584572,4.0,False,NAVI ban Lotus; M8 ban Split; NAVI pick Sunset; M8 pick Haven; NAVI ban Breeze; M8 ban Summit; Ascent remains,https://www.vlr.gg/712817/gentle-mates-vs-natus-vincere-vct-2026-emea-stage-2-w2
706355,2026-07-23,2026-07-23 17:00:00,2977,2026 Americas Stage 2,29,Americas,Group Stage: Week 2,EG,LEV,Americas,Americas,0,2,3,LEV,0,False,True,13.01,0.22849440037653834,4.0,False,LEV ban Breeze; EG ban Lotus; LEV pick Split; EG pick Sunset; LEV ban Summit; EG ban Ascent; Haven remains,https://www.vlr.gg/706355/evil-geniuses-vs-leviat-n-vct-2026-americas-stage-2-w2
706356,2026-07-23,2026-07-23 19:05:00,2977,2026 Americas Stage 2,29,Americas,Group Stage: Week 2,ENVY,MIBR,Americas,Americas,0,2,3,MIBR,0,False,True,13.01,0.2558527782354396,4.0,False,ENVY ban Breeze; MIBR ban Summit; ENVY pick Haven; MIBR pick Sunset; ENVY ban Split; MIBR ban Ascent; Lotus remains,https://www.vlr.gg/706356/envy-vs-mibr-vct-2026-americas-stage-2-w2
698894,2026-07-24,2026-07-24 04:00:00,2776,2026 Pacific Stage 2,27,Pacific,Group Stage: Week 2,RRQ,ZETA,Pacific,Pacific,0,2,3,ZETA,0,False,True,13.01,0.7482003920791467,4.0,False,RRQ ban Split; ZETA ban Summit; RRQ pick Haven; ZETA pick Breeze; RRQ ban Ascent; ZETA ban Lotus; Sunset remains,https://www.vlr.gg/698894/rex-regum-qeon-vs-zeta-division-vct-2026-pacific-stage-2-w2
701058,2026-07-24,2026-07-24 05:00:00,2978,2026 China Stage 2,30,China,Group Stage: Seeding,TE,TEC,China,China,2,0,3,TE,1,False,True,,0.43340479838881424,4.0,False,TEC ban Lotus; TE ban Haven; TEC pick Breeze; TE pick Sunset; TEC ban Summit; TE ban Split; Ascent remains,https://www.vlr.gg/701058/trace-esports-vs-titan-esports-club-vct-2026-china-stage-2-seeding
698895,2026-07-24,2026-07-24 06:05:00,2776,2026 Pacific Stage 2,27,Pacific,Group Stage: Week 2,DFM,PRX,Pacific,Pacific,0,2,3,PRX,0,False,True,13.01,0.19509466372341477,4.0,False,PRX ban Haven; DFM ban Sunset; PRX pick Summit; DFM pick Ascent; PRX ban Breeze; DFM ban Lotus; Split remains,https://www.vlr.gg/698895/detonation-focusme-vs-paper-rex-vct-2026-pacific-stage-2-w2
701059,2026-07-24,2026-07-24 07:35:00,2978,2026 China Stage 2,30,China,Group Stage: Seeding,EDG,AG,China,China,2,0,3,EDG,1,False,True,,0.5921326377108471,4.0,False,EDG ban Lotus; AG ban Breeze; EDG pick Sunset; AG pick Haven; EDG ban Summit; AG ban Ascent; Split remains,https://www.vlr.gg/701059/edward-gaming-vs-all-gamers-vct-2026-china-stage-2-seeding
712818,2026-07-24,2026-07-24 11:00:00,2976,2026 EMEA Stage 2,28,EMEA,Group Stage: Week 2,FUT,BBL,EMEA,EMEA,2,1,3,FUT,1,False,True,13.01,0.4264441473422156,4.0,False,BBL ban Haven; FUT ban Breeze; BBL pick Lotus; FUT pick Split; BBL ban Summit; FUT ban Ascent; Sunset remains,https://www.vlr.gg/712818/fut-esports-vs-bbl-esports-vct-2026-emea-stage-2-w2
712819,2026-07-24,2026-07-24 14:20:00,2976,2026 EMEA Stage 2,28,EMEA,Group Stage: Week 2,TL,FNC,EMEA,EMEA,2,0,3,TL,1,False,True,13.01,0.4163021076127985,4.0,False,TL ban Breeze; FNC ban Sunset; TL pick Summit; FNC pick Lotus; TL ban Haven; FNC ban Ascent; Split remains,https://www.vlr.gg/712819/team-liquid-vs-fnatic-vct-2026-emea-stage-2-w2
706357,2026-07-24,2026-07-24 17:00:00,2977,2026 Americas Stage 2,29,Americas,Group Stage: Week 2,FUR,NRG,Americas,Americas,0,2,3,NRG,0,False,True,13.01,0.2621374589482848,4.0,False,NRG ban Sunset; FUR ban Lotus; NRG pick Breeze; FUR pick Summit; NRG ban Ascent; FUR ban Haven; Split remains,https://www.vlr.gg/706357/furia-vs-nrg-vct-2026-americas-stage-2-w2
706358,2026-07-24,2026-07-24 19:35:00,2977,2026 Americas Stage 2,29,Americas,Group Stage: Week 2,100T,KRÜ,Americas,Americas,2,0,3,100T,1,False,True,13.01,0.7527639508847674,4.0,False,KRÜ ban Breeze; 100T ban Lotus; KRÜ pick Split; 100T pick Ascent; KRÜ ban Sunset; 100T ban Summit; Haven remains,https://www.vlr.gg/706358/100-thieves-vs-kr-esports-vct-2026-americas-stage-2-w2
698897,2026-07-25,2026-07-25 04:00:00,2776,2026 Pacific Stage 2,27,Pacific,Group Stage: Week 2,NS,GE,Pacific,Pacific,2,1,3,NS,1,False,True,13.01,0.5756391034229501,4.0,False,GE ban Lotus; NS ban Summit; GE pick Ascent; NS pick Breeze; GE ban Haven; NS ban Split; Sunset remains,https://www.vlr.gg/698897/nongshim-redforce-vs-global-esports-vct-2026-pacific-stage-2-w2
701060,2026-07-25,2026-07-25 05:00:00,2978,2026 China Stage 2,30,China,Group Stage: Seeding,JDG,DRG,China,China,1,2,3,DRG,0,False,True,,0.38433891310858936,4.0,False,JDG ban Sunset; DRG ban Summit; JDG pick Split; DRG pick Breeze; JDG ban Lotus; DRG ban Haven; Ascent remains,https://www.vlr.gg/701060/jdg-esports-vs-dragon-ranger-gaming-vct-2026-china-stage-2-seeding
698898,2026-07-25,2026-07-25 06:45:00,2776,2026 Pacific Stage 2,27,Pacific,Group Stage: Week 2,TS,T1,Pacific,Pacific,0,2,3,T1,0,False,True,13.01,0.2502349144094457,4.0,False,T1 ban Summit; TS ban Lotus; T1 pick Ascent; TS pick Haven; T1 ban Split; TS ban Breeze; Sunset remains,https://www.vlr.gg/698898/team-secret-vs-t1-vct-2026-pacific-stage-2-w2
701061,2026-07-25,2026-07-25 08:35:00,2978,2026 China Stage 2,30,China,Group Stage: Seeding,TYL,XLG,China,China,0,2,3,XLG,0,False,True,,0.4449811790632663,4.0,False,XLG ban Sunset; TYL ban Summit; XLG pick Breeze; TYL pick Lotus; XLG ban Haven; TYL ban Ascent; Split remains,https://www.vlr.gg/701061/tyloo-vs-xi-lai-gaming-vct-2026-china-stage-2-seeding
712820,2026-07-25,2026-07-25 11:00:00,2976,2026 EMEA Stage 2,28,EMEA,Group Stage: Week 2,PCF,VIT,EMEA,EMEA,0,2,3,VIT,0,False,True,13.01,0.15853431640509252,4.0,False,VIT ban Summit; PCF ban Breeze; VIT pick Haven; PCF pick Sunset; VIT ban Split; PCF ban Lotus; Ascent remains,https://www.vlr.gg/712820/pcific-esports-vs-team-vitality-vct-2026-emea-stage-2-w2
712821,2026-07-25,2026-07-25 13:00:00,2976,2026 EMEA Stage 2,28,EMEA,Group Stage: Week 2,EF,GX,EMEA,EMEA,0,2,3,GX,0,False,True,13.01,0.6556858365903593,3.0,False,GX ban Summit; EF ban Haven; GX pick Split; EF pick Ascent; GX ban Lotus; EF ban Sunset; Breeze remains,https://www.vlr.gg/712821/eternal-fire-vs-giantx-vct-2026-emea-stage-2-w2
706359,2026-07-25,2026-07-25 17:00:00,2977,2026 Americas Stage 2,29,Americas,Group Stage: Week 2,G2,C9,Americas,Americas,2,0,3,G2,1,False,True,13.01,0.7558115782162845,4.0,False,C9 ban Lotus; G2 ban Summit; C9 pick Breeze; G2 pick Sunset; C9 ban Ascent; G2 ban Haven; Split remains,https://www.vlr.gg/706359/g2-esports-vs-cloud9-vct-2026-americas-stage-2-w2
706360,2026-07-25,2026-07-25 18:55:00,2977,2026 Americas Stage 2,29,Americas,Group Stage: Week 2,SEN,LOUD,Americas,Americas,2,0,3,SEN,1,False,True,13.01,0.5517248825134407,4.0,False,LOUD ban Split; SEN ban Sunset; LOUD pick Lotus; SEN pick Breeze; LOUD ban Haven; SEN ban Summit; Ascent remains,https://www.vlr.gg/706360/sentinels-vs-loud-vct-2026-americas-stage-2-w2
698899,2026-07-26,2026-07-26 04:00:00,2776,2026 Pacific Stage 2,27,Pacific,Group Stage: Week 2,PRX,KRX,Pacific,Pacific,2,0,3,PRX,1,False,True,13.01,0.7263320202305551,2.0,False,PRX ban Haven; KRX ban Sunset; PRX pick Summit; KRX pick Breeze; PRX ban Lotus; KRX ban Ascent; Split remains,https://www.vlr.gg/698899/paper-rex-vs-kiwoom-drx-vct-2026-pacific-stage-2-w2
701062,2026-07-26,2026-07-26 05:00:00,2978,2026 China Stage 2,30,China,Group Stage: Seeding,FPX,WOL,China,China,2,0,3,FPX,1,False,True,,0.5600493850125241,4.0,False,FPX ban Haven; WOL ban Breeze; FPX pick Sunset; WOL pick Lotus; FPX ban Split; WOL ban Ascent; Summit remains,https://www.vlr.gg/701062/funplus-phoenix-vs-wolves-esports-vct-2026-china-stage-2-seeding
698901,2026-07-26,2026-07-26 05:50:00,2776,2026 Pacific Stage 2,27,Pacific,Group Stage: Week 2,GEN,RRQ,Pacific,Pacific,2,1,3,GEN,1,False,True,13.01,0.6501036651790421,4.0,False,RRQ ban Split; GEN ban Ascent; RRQ pick Haven; GEN pick Summit; RRQ ban Lotus; GEN ban Breeze; Sunset remains,https://www.vlr.gg/698901/gen-g-vs-rex-regum-qeon-vct-2026-pacific-stage-2-w2
701063,2026-07-26,2026-07-26 07:30:00,2978,2026 China Stage 2,30,China,Group Stage: Seeding,NOVA,BLG,China,China,2,0,3,NOVA,1,False,True,,0.5107957369263901,3.0,False,BLG ban Split; NOVA ban Summit; BLG pick Breeze; NOVA pick Ascent; BLG ban Sunset; NOVA ban Haven; Lotus remains,https://www.vlr.gg/701063/nova-esports-vs-bilibili-gaming-vct-2026-china-stage-2-seeding
712822,2026-07-26,2026-07-26 11:00:00,2976,2026 EMEA Stage 2,28,EMEA,Group Stage: Week 2,BBL,NAVI,EMEA,EMEA,2,1,3,BBL,1,False,True,13.01,0.6156880895706602,4.0,False,BBL ban Split; NAVI ban Lotus; BBL pick Haven; NAVI pick Ascent; BBL ban Summit; NAVI ban Breeze; Sunset remains,https://www.vlr.gg/712822/bbl-esports-vs-natus-vincere-vct-2026-emea-stage-2-w2
712823,2026-07-26,2026-07-26 14:10:00,2976,2026 EMEA Stage 2,28,EMEA,Group Stage: Week 2,TH,KC,EMEA,EMEA,0,2,3,KC,0,False,True,13.01,0.5562512952092429,4.0,False,KC ban Breeze; TH ban Split; KC pick Sunset; TH pick Lotus; KC ban Summit; TH ban Ascent; Haven remains,https://www.vlr.gg/712823/team-heretics-vs-karmine-corp-vct-2026-emea-stage-2-w2
706361,2026-07-26,2026-07-26 17:00:00,2977,2026 Americas Stage 2,29,Americas,Group Stage: Week 2,ENVY,LEV,Americas,Americas,0,2,3,LEV,0,False,True,13.01,0.14301755164949648,4.0,False,LEV ban Breeze; ENVY ban Lotus; LEV pick Split; ENVY pick Summit; LEV ban Haven; ENVY ban Sunset; Ascent remains,https://www.vlr.gg/706361/envy-vs-leviat-n-vct-2026-americas-stage-2-w2
706362,2026-07-26,2026-07-26 19:00:00,2977,2026 Americas Stage 2,29,Americas,Group Stage: Week 2,FUR,MIBR,Americas,Americas,0,2,3,MIBR,0,False,True,13.01,0.25270398999127885,4.0,False,MIBR ban Summit; FUR ban Lotus; MIBR pick Haven; FUR pick Breeze; MIBR ban Ascent; FUR ban Split; Sunset remains,https://www.vlr.gg/706362/furia-vs-mibr-vct-2026-americas-stage-2-w2
712824,2026-07-29,2026-07-29 11:00:00,2976,2026 EMEA Stage 2,28,EMEA,Group Stage: Week 3,GX,TL,EMEA,EMEA,0,2,3,TL,0,False,True,13.01,0.2848859683030539,4.0,False,TL ban Sunset; GX ban Summit; TL pick Breeze; GX pick Split; TL ban Lotus; GX ban Haven; Ascent remains,https://www.vlr.gg/712824/giantx-vs-team-liquid-vct-2026-emea-stage-2-w3
712825,2026-07-29,2026-07-29 13:15:00,2976,2026 EMEA Stage 2,28,EMEA,Group Stage: Week 3,M8,VIT,EMEA,EMEA,1,2,3,VIT,0,False,True,13.01,0.40000217610370314,4.0,False,M8 ban Breeze; VIT ban Summit; M8 pick Haven; VIT pick Split; M8 ban Lotus; VIT ban Sunset; Ascent remains,https://www.vlr.gg/712825/gentle-mates-vs-team-vitality-vct-2026-emea-stage-2-w3
698902,2026-07-30,2026-07-30 04:00:00,2776,2026 Pacific Stage 2,27,Pacific,Group Stage: Week 3,VL,DFM,Pacific,Pacific,1,2,3,DFM,0,False,True,13.01,0.5497833916298189,4.0,False,VL ban Breeze; DFM ban Split; VL pick Lotus; DFM pick Ascent; VL ban Sunset; DFM ban Summit; Haven remains,https://www.vlr.gg/698902/varrel-vs-detonation-focusme-vct-2026-pacific-stage-2-w3
698903,2026-07-30,2026-07-30 07:15:00,2776,2026 Pacific Stage 2,27,Pacific,Group Stage: Week 3,FS,ZETA,Pacific,Pacific,1,2,3,ZETA,0,False,True,13.01,0.7431910935894944,3.0,False,ZETA ban Summit; FS ban Breeze; ZETA pick Split; FS pick Sunset; ZETA ban Lotus; FS ban Ascent; Haven remains,https://www.vlr.gg/698903/full-sense-vs-zeta-division-vct-2026-pacific-stage-2-w3
712826,2026-07-30,2026-07-30 11:00:00,2976,2026 EMEA Stage 2,28,EMEA,Group Stage: Week 3,NAVI,PCF,EMEA,EMEA,2,0,3,NAVI,1,False,True,13.01,0.7349112767939182,4.0,False,NAVI ban Lotus; PCF ban Haven; NAVI pick Ascent; PCF pick Summit; NAVI ban Split; PCF ban Breeze; Sunset remains,https://www.vlr.gg/712826/natus-vincere-vs-pcific-esports-vct-2026-emea-stage-2-w3
712827,2026-07-30,2026-07-30 13:35:00,2976,2026 EMEA Stage 2,28,EMEA,Group Stage: Week 3,EF,FNC,EMEA,EMEA,2,0,3,EF,1,False,True,13.01,0.3285345307958373,4.0,False,EF ban Haven; FNC ban Breeze; EF pick Summit; FNC pick Split; EF ban Ascent; FNC ban Lotus; Sunset remains,https://www.vlr.gg/712827/eternal-fire-vs-fnatic-vct-2026-emea-stage-2-w3
706364,2026-07-30,2026-07-30 17:00:00,2977,2026 Americas Stage 2,29,Americas,Group Stage: Week 3,KRÜ,G2,Americas,Americas,0,2,3,G2,0,False,True,13.01,0.22529313232830828,4.0,False,KRÜ ban Sunset; G2 ban Summit; KRÜ pick Breeze; G2 pick Lotus; KRÜ ban Ascent; G2 ban Haven; Split remains,https://www.vlr.gg/706364/kr-esports-vs-g2-esports-vct-2026-americas-stage-2-w3
706365,2026-07-30,2026-07-30 19:20:00,2977,2026 Americas Stage 2,29,Americas,Group Stage: Week 3,100T,SEN,Americas,Americas,2,1,3,100T,1,False,True,13.01,0.7407673287070272,4.0,False,100T ban Lotus; SEN ban Haven; 100T pick Sunset; SEN pick Ascent; 100T ban Summit; SEN ban Split; Breeze remains,https://www.vlr.gg/706365/100-thieves-vs-sentinels-vct-2026-americas-stage-2-w3
698904,2026-07-31,2026-07-31 04:00:00,2776,2026 Pacific Stage 2,27,Pacific,Group Stage: Week 3,TS,PRX,Pacific,Pacific,0,2,3,PRX,0,False,True,13.01,0.10610746037881735,4.0,False,PRX ban Haven; TS ban Lotus; PRX pick Summit; TS pick Ascent; PRX ban Split; TS ban Breeze; Sunset remains,https://www.vlr.gg/698904/team-secret-vs-paper-rex-vct-2026-pacific-stage-2-w3
698905,2026-07-31,2026-07-31 06:10:00,2776,2026 Pacific Stage 2,27,Pacific,Group Stage: Week 3,GE,GEN,Pacific,Pacific,1,2,3,GEN,0,False,True,13.01,0.4804975175578191,4.0,False,GE ban Lotus; GEN ban Ascent; GE pick Breeze; GEN pick Sunset; GE ban Haven; GEN ban Split; Summit remains,https://www.vlr.gg/698905/global-esports-vs-gen-g-vct-2026-pacific-stage-2-w3
712828,2026-07-31,2026-07-31 11:00:00,2976,2026 EMEA Stage 2,28,EMEA,Group Stage: Week 3,BBL,M8,EMEA,EMEA,2,1,3,BBL,1,False,True,13.01,0.5535385593571258,4.0,False,Map 3 stats are incomplete due to lobby remake.,https://www.vlr.gg/712828/bbl-esports-vs-gentle-mates-vct-2026-emea-stage-2-w3
712829,2026-07-31,2026-07-31 15:30:00,2976,2026 EMEA Stage 2,28,EMEA,Group Stage: Week 3,GX,TH,EMEA,EMEA,0,2,3,TH,0,False,True,13.01,0.23799324491309015,4.0,False,TH ban Split; GX ban Summit; TH pick Haven; GX pick Ascent; TH ban Breeze; GX ban Sunset; Lotus remains,https://www.vlr.gg/712829/giantx-vs-team-heretics-vct-2026-emea-stage-2-w3
706366,2026-07-31,2026-07-31 17:00:00,2977,2026 Americas Stage 2,29,Americas,Group Stage: Week 3,C9,LOUD,Americas,Americas,1,2,3,LOUD,0,False,True,13.01,0.45788958392779955,4.0,False,C9 ban Breeze; LOUD ban Split; C9 pick Haven; LOUD pick Sunset; C9 ban Ascent; LOUD ban Lotus; Summit remains,https://www.vlr.gg/706366/cloud9-vs-loud-vct-2026-americas-stage-2-w3
706367,2026-07-31,2026-07-31 20:25:00,2977,2026 Americas Stage 2,29,Americas,Group Stage: Week 3,EG,MIBR,Americas,Americas,0,2,3,MIBR,0,False,True,13.01,0.22849440037653834,4.0,False,MIBR ban Summit; EG ban Split; MIBR pick Haven; EG pick Ascent; MIBR ban Sunset; EG ban Lotus; Breeze remains,https://www.vlr.gg/706367/evil-geniuses-vs-mibr-vct-2026-americas-stage-2-w3
698906,2026-08-01,2026-08-01 04:00:00,2776,2026 Pacific Stage 2,27,Pacific,Group Stage: Week 3,T1,DFM,Pacific,Pacific,1,2,3,DFM,0,False,True,13.01,0.7497541325932613,4.0,False,Map 3 stats are incomplete due to lobby remake.,https://www.vlr.gg/698906/t1-vs-detonation-focusme-vct-2026-pacific-stage-2-w3
698907,2026-08-01,2026-08-01 07:25:00,2776,2026 Pacific Stage 2,27,Pacific,Group Stage: Week 3,FS,RRQ,Pacific,Pacific,1,2,3,RRQ,0,False,True,13.01,0.5849784637473081,3.0,False,FS ban Haven; RRQ ban Split; FS pick Summit; RRQ pick Ascent; FS ban Lotus; RRQ ban Breeze; Sunset remains,https://www.vlr.gg/698907/full-sense-vs-rex-regum-qeon-vct-2026-pacific-stage-2-w3
712830,2026-08-01,2026-08-01 11:00:00,2976,2026 EMEA Stage 2,28,EMEA,Group Stage: Week 3,FUT,VIT,EMEA,EMEA,1,2,3,VIT,0,False,True,13.01,0.3840958036937937,4.0,False,VIT ban Summit; FUT ban Breeze; VIT pick Lotus; FUT pick Haven; VIT ban Sunset; FUT ban Ascent; Split remains,https://www.vlr.gg/712830/fut-esports-vs-team-vitality-vct-2026-emea-stage-2-w3
712831,2026-08-01,2026-08-01 14:10:00,2976,2026 EMEA Stage 2,28,EMEA,Group Stage: Week 3,KC,TL,EMEA,EMEA,2,1,3,KC,1,False,True,13.01,0.4672071116498725,4.0,False,KC ban Breeze; TL ban Sunset; KC pick Lotus; TL pick Summit; KC ban Split; TL ban Ascent; Haven remains,https://www.vlr.gg/712831/karmine-corp-vs-team-liquid-vct-2026-emea-stage-2-w3
706368,2026-08-01,2026-08-01 17:00:00,2977,2026 Americas Stage 2,29,Americas,Group Stage: Week 3,ENVY,FUR,Americas,Americas,2,1,3,ENVY,1,False,True,13.01,0.2952008023990922,4.0,False,ENVY ban Breeze; FUR ban Lotus; ENVY pick Haven; FUR pick Sunset; ENVY ban Split; FUR ban Summit; Ascent remains,https://www.vlr.gg/706368/envy-vs-furia-vct-2026-americas-stage-2-w3
706369,2026-08-01,2026-08-01 21:00:00,2977,2026 Americas Stage 2,29,Americas,Group Stage: Week 3,LEV,NRG,Americas,Americas,1,2,3,NRG,0,False,True,13.01,0.5582995784266221,4.0,False,NRG ban Split; LEV ban Breeze; NRG pick Summit; LEV pick Sunset; NRG ban Ascent; LEV ban Lotus; Haven remains,https://www.vlr.gg/706369/leviat-n-vs-nrg-vct-2026-americas-stage-2-w3
698908,2026-08-02,2026-08-02 04:00:00,2776,2026 Pacific Stage 2,27,Pacific,Group Stage: Week 3,VL,KRX,Pacific,Pacific,2,1,3,VL,1,False,True,13.01,0.4450624940719724,2.0,False,VL ban Breeze; KRX ban Split; VL pick Summit; KRX pick Sunset; VL ban Lotus; KRX ban Ascent; Haven remains,https://www.vlr.gg/698908/varrel-vs-kiwoom-drx-vct-2026-pacific-stage-2-w3
698909,2026-08-02,2026-08-02 07:00:00,2776,2026 Pacific Stage 2,27,Pacific,Group Stage: Week 3,ZETA,NS,Pacific,Pacific,1,2,3,NS,0,False,True,13.01,0.2250778761828035,4.0,False,ZETA ban Summit; NS ban Ascent; ZETA pick Sunset; NS pick Breeze; ZETA ban Lotus; NS ban Split; Haven remains,https://www.vlr.gg/698909/zeta-division-vs-nongshim-redforce-vct-2026-pacific-stage-2-w3
712832,2026-08-02,2026-08-02 11:00:00,2976,2026 EMEA Stage 2,28,EMEA,Group Stage: Week 3,BBL,PCF,EMEA,EMEA,2,1,3,BBL,1,False,True,13.01,0.8301092483064287,4.0,False,BBL ban Summit; PCF ban Haven; BBL pick Sunset; PCF pick Lotus; BBL ban Split; PCF ban Breeze; Ascent remains,https://www.vlr.gg/712832/bbl-esports-vs-pcific-esports-vct-2026-emea-stage-2-w3
712833,2026-08-02,2026-08-02 14:25:00,2976,2026 EMEA Stage 2,28,EMEA,Group Stage: Week 3,FNC,TH,EMEA,EMEA,0,2,3,TH,0,False,True,13.01,0.4806272310365812,4.0,False,FNC ban Haven; TH ban Split; FNC pick Summit; TH pick Ascent; FNC ban Lotus; TH ban Breeze; Sunset remains,https://www.vlr.gg/712833/fnatic-vs-team-heretics-vct-2026-emea-stage-2-w3
706370,2026-08-02,2026-08-02 17:00:00,2977,2026 Americas Stage 2,29,Americas,Group Stage: Week 3,C9,KRÜ,Americas,Americas,2,0,3,C9,1,False,True,13.01,0.4276075211739448,4.0,False,KRÜ ban Sunset; C9 ban Lotus; KRÜ pick Breeze; C9 pick Split; KRÜ ban Ascent; C9 ban Summit; Haven remains,https://www.vlr.gg/706370/cloud9-vs-kr-esports-vct-2026-americas-stage-2-w3
706371,2026-08-02,2026-08-02 19:05:00,2977,2026 Americas Stage 2,29,Americas,Group Stage: Week 3,G2,SEN,Americas,Americas,2,1,3,G2,1,False,True,13.01,0.6616797258837246,4.0,False,SEN ban Sunset; G2 ban Summit; SEN pick Breeze; G2 pick Lotus; SEN ban Haven; G2 ban Ascent; Split remains,https://www.vlr.gg/706371/g2-esports-vs-sentinels-vct-2026-americas-stage-2-w3
724619,2026-08-05,2026-08-05 04:00:00,2978,2026 China Stage 2,30,China,Play-Ins: Upper Round 1,TE,AT,China,China,2,0,3,TE,1,False,True,,0.7206575513225039,5.0,False,AT ban Breeze; TE ban Haven; AT pick Sunset; TE pick Lotus; AT ban Ascent; TE ban Split; Summit remains,https://www.vlr.gg/724619/trace-esports-vs-a-team-vct-2026-china-stage-2-ur1
724620,2026-08-05,2026-08-05 06:00:00,2978,2026 China Stage 2,30,China,Play-Ins: Upper Round 1,TEC,KBG,China,China,2,1,3,TEC,1,False,True,,,,,Map 3 stats are partially unavailable due to external issues.,https://www.vlr.gg/724620/titan-esports-club-vs-keepbest-gaming-vct-2026-china-stage-2-ur1
724621,2026-08-06,2026-08-06 04:00:00,2978,2026 China Stage 2,30,China,Play-Ins: Upper Quarterfinals,FPX,JDG,China,China,1,2,3,JDG,0,False,True,,0.6174287073226215,5.0,False,JDG ban Ascent; FPX ban Haven; JDG pick Summit; FPX pick Sunset; JDG ban Breeze; FPX ban Lotus; Split remains,https://www.vlr.gg/724621/funplus-phoenix-vs-jdg-esports-vct-2026-china-stage-2-ubqf
724622,2026-08-06,2026-08-06 07:00:00,2978,2026 China Stage 2,30,China,Play-Ins: Upper Quarterfinals,WOL,DRG,China,China,1,2,3,DRG,0,False,True,,0.3902307235100233,4.0,False,WOL ban Breeze; DRG ban Sunset; WOL pick Lotus; DRG pick Haven; WOL ban Ascent; DRG ban Split; Summit remains,https://www.vlr.gg/724622/wolves-esports-vs-dragon-ranger-gaming-vct-2026-china-stage-2-ubqf
729664,2026-08-06,2026-08-06 11:00:00,2976,2026 EMEA Stage 2,28,EMEA,Play-Ins: Upper Round 1,GX,SGE,EMEA,EMEA,2,1,3,GX,1,False,True,13.02,0.5738569390160679,5.0,False,SGE ban Breeze; GX ban Haven; SGE pick Lotus; GX pick Ascent; SGE ban Split; GX ban Sunset; Summit remains,https://www.vlr.gg/729664/giantx-vs-eintracht-frankfurt-vct-2026-emea-stage-2-ur1
729665,2026-08-06,2026-08-06 14:20:00,2976,2026 EMEA Stage 2,28,EMEA,Play-Ins: Upper Round 1,NAVI,JL,EMEA,EMEA,1,2,3,JL,0,False,True,13.02,0.6044050037421149,5.0,False,JL ban Haven; NAVI ban Lotus; JL pick Breeze; NAVI pick Split; JL ban Summit; NAVI ban Sunset; Ascent remains,https://www.vlr.gg/729665/natus-vincere-vs-joblife-vct-2026-emea-stage-2-ur1
706372,2026-08-06,2026-08-06 17:00:00,2977,2026 Americas Stage 2,29,Americas,Group Stage: Week 4,EG,FUR,Americas,Americas,2,0,3,EG,1,False,True,13.01,0.4534869469297708,5.0,False,FUR ban Lotus; EG ban Split; FUR pick Summit; EG pick Breeze; FUR ban Ascent; EG ban Sunset; Haven remains,https://www.vlr.gg/706372/evil-geniuses-vs-furia-vct-2026-americas-stage-2-w4
706373,2026-08-06,2026-08-06 19:15:00,2977,2026 Americas Stage 2,29,Americas,Group Stage: Week 4,ENVY,NRG,Americas,Americas,0,2,3,NRG,0,False,True,13.01,0.14711170531556883,5.0,False,NRG ban Ascent; ENVY ban Lotus; NRG pick Breeze; ENVY pick Haven; NRG ban Sunset; ENVY ban Summit; Split remains,https://www.vlr.gg/706373/envy-vs-nrg-vct-2026-americas-stage-2-w4
698910,2026-08-07,2026-08-07 04:00:00,2776,2026 Pacific Stage 2,27,Pacific,Group Stage: Week 4,TS,DFM,Pacific,Pacific,0,2,3,DFM,0,False,True,13.01,0.3675862304720884,5.0,False,TS ban Lotus; DFM ban Haven; TS pick Breeze; DFM pick Split; TS ban Sunset; DFM ban Summit; Ascent remains,https://www.vlr.gg/698910/team-secret-vs-detonation-focusme-vct-2026-pacific-stage-2-w4
724623,2026-08-07,2026-08-07 04:00:00,2978,2026 China Stage 2,30,China,Play-Ins: Upper Quarterfinals,AG,TE,China,China,2,1,3,AG,1,False,True,,0.7151140316969461,5.0,False,TE ban Haven; AG ban Breeze; TE pick Sunset; AG pick Split; TE ban Ascent; AG ban Lotus; Summit remains,https://www.vlr.gg/724623/all-gamers-vs-trace-esports-vct-2026-china-stage-2-ubqf
698911,2026-08-07,2026-08-07 06:15:00,2776,2026 Pacific Stage 2,27,Pacific,Group Stage: Week 4,GEN,FS,Pacific,Pacific,2,1,3,GEN,1,False,True,13.01,0.5979001634028359,4.0,False,GEN ban Breeze; FS ban Summit; GEN pick Lotus; FS pick Sunset; GEN ban Ascent; FS ban Haven; Split remains,https://www.vlr.gg/698911/gen-g-vs-full-sense-vct-2026-pacific-stage-2-w4
724624,2026-08-07,2026-08-07 07:00:00,2978,2026 China Stage 2,30,China,Play-Ins: Upper Quarterfinals,EDG,TEC,China,China,1,2,3,TEC,0,False,True,,,,,EDG ban Summit; TEC ban Lotus; EDG pick Sunset; TEC pick Split; EDG ban Haven; TEC ban Breeze; Ascent remains,https://www.vlr.gg/724624/edward-gaming-vs-titan-esports-club-vct-2026-china-stage-2-ubqf
729666,2026-08-07,2026-08-07 11:00:00,2976,2026 EMEA Stage 2,28,EMEA,Play-Ins: Upper Round 1,PCF,FF,EMEA,EMEA,0,2,3,FF,0,False,True,13.02,0.4499122833100414,4.0,False,PCF ban Breeze; FF ban Lotus; PCF pick Summit; FF pick Split; PCF ban Sunset; FF ban Haven; Ascent remains,https://www.vlr.gg/729666/pcific-esports-vs-fire-flux-esports-vct-2026-emea-stage-2-ur1
729667,2026-08-07,2026-08-07 13:00:00,2976,2026 EMEA Stage 2,28,EMEA,Play-Ins: Upper Round 1,FNC,EP,EMEA,EMEA,1,2,3,EP,0,False,True,13.02,0.6556858365903593,5.0,False,EP ban Breeze; FNC ban Ascent; EP pick Lotus; FNC pick Split; EP ban Sunset; FNC ban Summit; Haven remains,https://www.vlr.gg/729667/fnatic-vs-enterprise-esports-vct-2026-emea-stage-2-ur1
706374,2026-08-07,2026-08-07 17:00:00,2977,2026 Americas Stage 2,29,Americas,Group Stage: Week 4,100T,C9,Americas,Americas,0,2,3,C9,0,False,True,13.01,0.8140703517587939,5.0,False,C9 ban Ascent; 100T ban Lotus; C9 pick Split; 100T pick Breeze; C9 ban Sunset; 100T ban Summit; Haven remains,https://www.vlr.gg/706374/100-thieves-vs-cloud9-vct-2026-americas-stage-2-w4
706375,2026-08-07,2026-08-07 19:40:00,2977,2026 Americas Stage 2,29,Americas,Group Stage: Week 4,G2,LOUD,Americas,Americas,0,2,3,LOUD,0,False,True,13.01,0.7933094325381851,4.0,False,LOUD ban Split; G2 ban Summit; LOUD pick Sunset; G2 pick Lotus; LOUD ban Breeze; G2 ban Ascent; Haven remains,https://www.vlr.gg/706375/g2-esports-vs-loud-vct-2026-americas-stage-2-w4
698912,2026-08-08,2026-08-08 04:00:00,2776,2026 Pacific Stage 2,27,Pacific,Group Stage: Week 4,KRX,T1,Pacific,Pacific,0,2,3,T1,0,False,True,13.01,0.34531813999575345,5.0,False,KRX ban Haven; T1 ban Ascent; KRX pick Lotus; T1 pick Breeze; KRX ban Sunset; T1 ban Split; Summit remains,https://www.vlr.gg/698912/kiwoom-drx-vs-t1-vct-2026-pacific-stage-2-w4
724625,2026-08-08,2026-08-08 04:00:00,2978,2026 China Stage 2,30,China,Play-Ins: Lower Round 1,AT,WOL,China,China,1,2,3,WOL,0,False,True,,0.22849440037653834,4.0,False,WOL ban Breeze; AT ban Lotus; WOL pick Haven; AT pick Ascent; WOL ban Sunset; AT ban Split; Summit remains,https://www.vlr.gg/724625/a-team-vs-wolves-esports-vct-2026-china-stage-2-lr1
698913,2026-08-08,2026-08-08 06:10:00,2776,2026 Pacific Stage 2,27,Pacific,Group Stage: Week 4,GE,ZETA,Pacific,Pacific,2,0,3,GE,1,False,True,13.01,0.6785753585445474,5.0,False,GE ban Lotus; ZETA ban Summit; GE pick Breeze; ZETA pick Split; GE ban Haven; ZETA ban Ascent; Sunset remains,https://www.vlr.gg/698913/global-esports-vs-zeta-division-vct-2026-pacific-stage-2-w4
724626,2026-08-08,2026-08-08 07:35:00,2978,2026 China Stage 2,30,China,Play-Ins: Lower Round 1,KBG,FPX,China,China,0,2,3,FPX,0,False,True,,0.31137167318071857,5.0,False,KBG ban Ascent; FPX ban Haven; KBG pick Breeze; FPX pick Sunset; KBG ban Lotus; FPX ban Split; Summit remains,https://www.vlr.gg/724626/keepbest-gaming-vs-funplus-phoenix-vct-2026-china-stage-2-lr1
729668,2026-08-08,2026-08-08 11:00:00,2976,2026 EMEA Stage 2,28,EMEA,Play-Ins: Upper Quarterfinals,FUT,GX,EMEA,EMEA,2,0,3,FUT,1,False,True,13.02,0.7151140316969461,5.0,False,GX ban Haven; FUT ban Breeze; GX pick Split; FUT pick Sunset; GX ban Ascent; FUT ban Summit; Lotus remains,https://www.vlr.gg/729668/fut-esports-vs-giantx-vct-2026-emea-stage-2-ubqf
729669,2026-08-08,2026-08-08 13:00:00,2976,2026 EMEA Stage 2,28,EMEA,Play-Ins: Upper Quarterfinals,EF,JL,EMEA,EMEA,2,1,3,EF,1,False,True,13.02,0.563423176488503,5.0,False,JL ban Summit; EF ban Haven; JL pick Lotus; EF pick Split; JL ban Sunset; EF ban Breeze; Ascent remains,https://www.vlr.gg/729669/eternal-fire-vs-joblife-vct-2026-emea-stage-2-ubqf
706376,2026-08-08,2026-08-08 17:00:00,2977,2026 Americas Stage 2,29,Americas,Group Stage: Week 4,KRÜ,SEN,Americas,Americas,2,1,3,KRÜ,1,False,True,13.01,0.28516817214908896,5.0,False,KRÜ ban Haven; SEN ban Lotus; KRÜ pick Summit; SEN pick Sunset; KRÜ ban Split; SEN ban Ascent; Breeze remains,https://www.vlr.gg/706376/kr-esports-vs-sentinels-vct-2026-americas-stage-2-w4
706377,2026-08-08,2026-08-08 20:20:00,2977,2026 Americas Stage 2,29,Americas,Group Stage: Week 4,LEV,MIBR,Americas,Americas,2,0,3,LEV,1,False,True,13.01,0.5222742928123765,5.0,False,LEV ban Breeze; MIBR ban Summit; LEV pick Split; MIBR pick Sunset; LEV ban Haven; MIBR ban Ascent; Lotus remains,https://www.vlr.gg/706377/leviat-n-vs-mibr-vct-2026-americas-stage-2-w4
698914,2026-08-09,2026-08-09 04:00:00,2776,2026 Pacific Stage 2,27,Pacific,Group Stage: Week 4,VL,PRX,Pacific,Pacific,2,0,3,VL,1,False,True,13.01,0.2353539851154506,5.0,False,VL ban Breeze; PRX ban Haven; VL pick Split; PRX pick Sunset; VL ban Summit; PRX ban Ascent; Lotus remains,https://www.vlr.gg/698914/varrel-vs-paper-rex-vct-2026-pacific-stage-2-w4
724627,2026-08-09,2026-08-09 04:00:00,2978,2026 China Stage 2,30,China,Play-Ins: Lower Round 2,EDG,WOL,China,China,2,1,3,EDG,1,False,True,,0.7096551459588015,5.0,False,WOL ban Breeze; EDG ban Lotus; WOL pick Ascent; EDG pick Sunset; WOL ban Split; EDG ban Summit; Haven remains,https://www.vlr.gg/724627/edward-gaming-vs-wolves-esports-vct-2026-china-stage-2-lr2
698915,2026-08-09,2026-08-09 06:25:00,2776,2026 Pacific Stage 2,27,Pacific,Group Stage: Week 4,NS,RRQ,Pacific,Pacific,1,2,3,RRQ,0,False,True,13.01,0.6794316409634379,5.0,False,NS ban Ascent; RRQ ban Split; NS pick Breeze; RRQ pick Sunset; NS ban Summit; RRQ ban Lotus; Haven remains,https://www.vlr.gg/698915/nongshim-redforce-vs-rex-regum-qeon-vct-2026-pacific-stage-2-w4
724628,2026-08-09,2026-08-09 07:25:00,2978,2026 China Stage 2,30,China,Play-Ins: Lower Round 2,TE,FPX,China,China,2,0,3,TE,1,False,True,,0.37185929648241206,5.0,False,FPX ban Split; TE ban Summit; FPX pick Ascent; TE pick Lotus; FPX ban Sunset; TE ban Haven; Breeze remains,https://www.vlr.gg/724628/trace-esports-vs-funplus-phoenix-vct-2026-china-stage-2-lr2
729670,2026-08-09,2026-08-09 11:00:00,2976,2026 EMEA Stage 2,28,EMEA,Play-Ins: Upper Quarterfinals,TH,FF,EMEA,EMEA,1,2,3,FF,0,False,True,13.02,0.6726590699978767,5.0,False,FF ban Haven; TH ban Split; FF pick Summit; TH pick Sunset; FF ban Lotus; TH ban Breeze; Ascent remains,https://www.vlr.gg/729670/team-heretics-vs-fire-flux-esports-vct-2026-emea-stage-2-ubqf
729671,2026-08-09,2026-08-09 14:05:00,2976,2026 EMEA Stage 2,28,EMEA,Play-Ins: Upper Quarterfinals,M8,EP,EMEA,EMEA,0,2,3,EP,0,False,True,13.02,0.5793446872370904,5.0,False,EP ban Haven; M8 ban Split; EP pick Summit; M8 pick Lotus; EP ban Sunset; M8 ban Breeze; Ascent remains,https://www.vlr.gg/729671/gentle-mates-vs-enterprise-esports-vct-2026-emea-stage-2-ubqf
706378,2026-08-09,2026-08-09 17:00:00,2977,2026 Americas Stage 2,29,Americas,Group Stage: Week 4,EG,NRG,Americas,Americas,0,2,3,NRG,0,False,True,13.01,0.21216250745251686,5.0,False,NRG ban Ascent; EG ban Split; NRG pick Lotus; EG pick Breeze; NRG ban Sunset; EG ban Summit; Haven remains,https://www.vlr.gg/706378/evil-geniuses-vs-nrg-vct-2026-americas-stage-2-w4
706379,2026-08-09,2026-08-09 18:55:00,2977,2026 Americas Stage 2,29,Americas,Group Stage: Week 4,LOUD,100T,Americas,Americas,0,2,3,100T,0,False,True,13.01,0.31103144179395004,4.0,False,LOUD ban Split; 100T ban Lotus; LOUD pick Summit; 100T pick Haven; LOUD ban Breeze; 100T ban Sunset; Ascent remains,https://www.vlr.gg/706379/loud-vs-100-thieves-vct-2026-americas-stage-2-w4
724629,2026-08-10,2026-08-10 04:00:00,2978,2026 China Stage 2,30,China,Play-Ins: Upper Semifinals,AG,JDG,China,China,2,0,3,AG,1,False,True,,0.6989836400045338,5.0,False,AG ban Breeze; JDG ban Ascent; AG pick Summit; JDG pick Sunset; AG ban Lotus; JDG ban Haven; Split remains,https://www.vlr.gg/724629/all-gamers-vs-jdg-esports-vct-2026-china-stage-2-ubsf
724630,2026-08-10,2026-08-10 06:40:00,2978,2026 China Stage 2,30,China,Play-Ins: Upper Semifinals,TEC,DRG,China,China,2,1,3,TEC,1,False,True,,,,,DRG ban Breeze; TEC ban Lotus; DRG pick Summit; TEC pick Ascent; DRG ban Split; TEC ban Sunset; Haven remains,https://www.vlr.gg/724630/titan-esports-club-vs-dragon-ranger-gaming-vct-2026-china-stage-2-ubsf
724631,2026-08-11,2026-08-11 04:00:00,2978,2026 China Stage 2,30,China,Play-Ins: Lower Round 3,JDG,EDG,China,China,2,0,3,JDG,1,False,True,,0.22029579175498343,5.0,False,EDG ban Lotus; JDG ban Ascent; EDG pick Breeze; JDG pick Summit; EDG ban Split; JDG ban Haven; Sunset remains,https://www.vlr.gg/724631/jdg-esports-vs-edward-gaming-vct-2026-china-stage-2-lr3
724632,2026-08-11,2026-08-11 06:05:00,2978,2026 China Stage 2,30,China,Play-Ins: Lower Round 3,DRG,TE,China,China,1,2,3,TE,0,False,True,,0.6174287073226215,5.0,False,TE ban Haven; DRG ban Lotus; TE pick Sunset; DRG pick Ascent; TE ban Split; DRG ban Breeze; Summit remains,https://www.vlr.gg/724632/dragon-ranger-gaming-vs-trace-esports-vct-2026-china-stage-2-lr3
724633,2026-08-12,2026-08-12 04:00:00,2978,2026 China Stage 2,30,China,Play-Ins: Upper Final,AG,TEC,China,China,1,2,3,TEC,0,False,True,,,,,TEC ban Lotus; AG ban Breeze; TEC pick Sunset; AG pick Ascent; TEC ban Split; AG ban Haven; Summit remains,https://www.vlr.gg/724633/all-gamers-vs-titan-esports-club-vct-2026-china-stage-2-ubf
724634,2026-08-12,2026-08-12 07:45:00,2978,2026 China Stage 2,30,China,Play-Ins: Lower Final,JDG,TE,China,China,0,2,3,TE,0,False,True,,0.5696072957379491,5.0,False,JDG ban Ascent; TE ban Haven; JDG pick Split; TE pick Sunset; JDG ban Lotus; TE ban Summit; Breeze remains,https://www.vlr.gg/724634/jd-gaming-vs-trace-esports-vct-2026-china-stage-2-lbf
729674,2026-08-12,2026-08-12 11:00:00,2976,2026 EMEA Stage 2,28,EMEA,Play-Ins: Lower Round 1,M8,SGE,EMEA,EMEA,0,2,3,SGE,0,False,True,13.02,0.6794316409634379,5.0,False,SGE ban Summit; M8 ban Lotus; SGE pick Split; M8 pick Haven; SGE ban Ascent; M8 ban Breeze; Sunset remains,https://www.vlr.gg/729674/gentle-mates-vs-eintracht-frankfurt-vct-2026-emea-stage-2-lr1
729675,2026-08-12,2026-08-12 13:25:00,2976,2026 EMEA Stage 2,28,EMEA,Play-Ins: Lower Round 1,TH,NAVI,EMEA,EMEA,2,1,3,TH,1,False,True,13.02,0.6391221843483149,4.0,False,NAVI ban Lotus; TH ban Split; NAVI pick Sunset; TH pick Haven; NAVI ban Ascent; TH ban Breeze; Summit remains,https://www.vlr.gg/729675/team-heretics-vs-natus-vincere-vct-2026-emea-stage-2-lr1
730535,2026-08-13,2026-08-13 04:00:00,2776,2026 Pacific Stage 2,27,Pacific,Play-Ins: Upper Round 1,KRX,ONG,Pacific,Pacific,2,0,3,KRX,1,False,True,13.02,0.563423176488503,5.0,False,KRX ban Split; ONG ban Summit; KRX pick Lotus; ONG pick Sunset; KRX ban Breeze; ONG ban Ascent; Haven remains,https://www.vlr.gg/730535/kiwoom-drx-vs-onside-gaming-vct-2026-pacific-stage-2-ur1
730536,2026-08-13,2026-08-13 06:25:00,2776,2026 Pacific Stage 2,27,Pacific,Play-Ins: Upper Round 1,RRQ,SP,Pacific,Pacific,1,2,3,SP,0,False,True,13.02,0.6794316409634379,5.0,False,RRQ ban Split; SP ban Lotus; RRQ pick Haven; SP pick Sunset; RRQ ban Ascent; SP ban Summit; Breeze remains,https://www.vlr.gg/730536/rex-regum-qeon-vs-sharper-esports-vct-2026-pacific-stage-2-ur1
729676,2026-08-13,2026-08-13 11:00:00,2976,2026 EMEA Stage 2,28,EMEA,Play-Ins: Lower Round 1,JL,PCF,EMEA,EMEA,2,1,3,JL,1,False,True,13.02,0.6736581458014712,5.0,False,PCF ban Breeze; JL ban Sunset; PCF pick Lotus; JL pick Ascent; PCF ban Summit; JL ban Haven; Split remains,https://www.vlr.gg/729676/joblife-vs-pcific-esports-vct-2026-emea-stage-2-lr1
729677,2026-08-13,2026-08-13 14:00:00,2976,2026 EMEA Stage 2,28,EMEA,Play-Ins: Lower Round 1,GX,FNC,EMEA,EMEA,0,2,3,FNC,0,False,True,13.02,0.30101635999546617,5.0,False,FNC ban Ascent; GX ban Breeze; FNC pick Sunset; GX pick Split; FNC ban Summit; GX ban Haven; Lotus remains,https://www.vlr.gg/729677/giantx-vs-fnatic-vct-2026-emea-stage-2-lr1
729742,2026-08-13,2026-08-13 17:00:00,2977,2026 Americas Stage 2,29,Americas,Play-Ins: Upper Round 1,KRÜ,BST,Americas,Americas,2,1,3,KRÜ,1,False,True,13.02,0.6501036651790421,5.0,False,BST ban Lotus; KRÜ ban Haven; BST pick Breeze; KRÜ pick Sunset; BST ban Ascent; KRÜ ban Split; Summit remains,https://www.vlr.gg/729742/kr-esports-vs-bestia-vct-2026-americas-stage-2-ur1
729743,2026-08-13,2026-08-13 19:55:00,2977,2026 Americas Stage 2,29,Americas,Play-Ins: Upper Round 1,ENVY,M80,Americas,Americas,2,0,3,ENVY,1,False,True,13.02,0.3865497960063109,4.0,False,ENVY ban Lotus; M80 ban Haven; ENVY pick Ascent; M80 pick Split; ENVY ban Breeze; M80 ban Sunset; Summit remains,https://www.vlr.gg/729743/envy-vs-m80-vct-2026-americas-stage-2-ur1
724639,2026-08-14,2026-08-14 04:00:00,2978,2026 China Stage 2,30,China,Playoffs: Upper Quarterfinals,NOVA,JDG,China,China,0,2,3,JDG,0,False,True,,0.6715023882664204,5.0,False,JDG ban Ascent; NOVA ban Haven; JDG pick Summit; NOVA pick Split; JDG ban Sunset; NOVA ban Breeze; Lotus remains,https://www.vlr.gg/724639/nova-esports-vs-jd-gaming-vct-2026-china-stage-2-ubqf
730537,2026-08-14,2026-08-14 04:00:00,2776,2026 Pacific Stage 2,27,Pacific,Play-Ins: Upper Round 1,FS,QTD,Pacific,Pacific,2,1,3,FS,1,False,True,13.02,0.6886283268192814,3.0,False,FS ban Lotus; QTD ban Sunset; FS pick Split; QTD pick Haven; FS ban Breeze; QTD ban Ascent; Summit remains,https://www.vlr.gg/730537/full-sense-vs-qt-dig-vct-2026-pacific-stage-2-ur1
724638,2026-08-14,2026-08-14 06:30:00,2978,2026 China Stage 2,30,China,Playoffs: Upper Quarterfinals,TYL,TEC,China,China,2,0,3,TYL,1,False,True,,0.6324137695279116,5.0,False,TYL ban Breeze; TEC ban Lotus; TYL pick Sunset; TEC pick Haven; TYL ban Split; TEC ban Summit; Ascent remains,https://www.vlr.gg/724638/tyloo-vs-titan-esports-club-vct-2026-china-stage-2-ubqf
730538,2026-08-14,2026-08-14 06:45:00,2776,2026 Pacific Stage 2,27,Pacific,Play-Ins: Upper Round 1,TS,XIP,Pacific,Pacific,2,0,3,TS,1,False,True,13.02,0.5165350148693832,4.0,False,TS ban Lotus; XIP ban Breeze; TS pick Summit; XIP pick Sunset; TS ban Haven; XIP ban Ascent; Split remains,https://www.vlr.gg/730538/team-secret-vs-xipto-esports-vct-2026-pacific-stage-2-ur1
729678,2026-08-14,2026-08-14 11:00:00,2976,2026 EMEA Stage 2,28,EMEA,Play-Ins: Lower Round 2,SGE,TH,EMEA,EMEA,2,0,3,SGE,1,False,True,13.02,0.3227945281965382,5.0,False,SGE ban Summit; TH ban Split; SGE pick Lotus; TH pick Haven; SGE ban Breeze; TH ban Sunset; Ascent remains,https://www.vlr.gg/729678/eintracht-frankfurt-vs-team-heretics-vct-2026-emea-stage-2-lr2
729680,2026-08-14,2026-08-14 13:30:00,2976,2026 EMEA Stage 2,28,EMEA,Play-Ins: Lower Round 2,JL,FNC,EMEA,EMEA,2,0,3,JL,1,False,True,13.02,0.36744989770989334,5.0,False,JL ban Sunset; FNC ban Ascent; JL pick Lotus; FNC pick Breeze; JL ban Summit; FNC ban Haven; Split remains,https://www.vlr.gg/729680/joblife-vs-fnatic-vct-2026-emea-stage-2-lr2
729744,2026-08-14,2026-08-14 17:00:00,2977,2026 Americas Stage 2,29,Americas,Play-Ins: Upper Round 1,FUR,2G,Americas,Americas,2,1,3,FUR,1,False,True,13.02,0.5601103659995681,4.0,False,2G ban Summit; FUR ban Lotus; 2G pick Ascent; FUR pick Split; 2G ban Breeze; FUR ban Haven; Sunset remains,https://www.vlr.gg/729744/furia-vs-2game-esports-vct-2026-americas-stage-2-ur1
729745,2026-08-14,2026-08-14 20:20:00,2977,2026 Americas Stage 2,29,Americas,Play-Ins: Upper Round 1,C9,FX,Americas,Americas,2,1,3,C9,1,False,True,13.02,0.683564883239728,4.0,False,FX ban Haven; C9 ban Summit; FX pick Lotus; C9 pick Breeze; FX ban Sunset; C9 ban Ascent; Split remains,https://www.vlr.gg/729745/cloud9-vs-fluxo-w7m-vct-2026-americas-stage-2-ur1
724641,2026-08-15,2026-08-15 04:00:00,2978,2026 China Stage 2,30,China,Playoffs: Upper Quarterfinals,BLG,TE,China,China,2,1,3,BLG,1,False,True,,,,,BLG ban Breeze; TE ban Haven; BLG pick Lotus; TE pick Sunset; BLG ban Ascent; TE ban Summit; Split remains,https://www.vlr.gg/724641/bilibili-gaming-vs-trace-esports-vct-2026-china-stage-2-ubqf
730539,2026-08-15,2026-08-15 04:00:00,2776,2026 Pacific Stage 2,27,Pacific,Play-Ins: Upper Quarterfinals,ZETA,KRX,Pacific,Pacific,1,2,3,KRX,0,False,True,13.02,0.3963323109051753,5.0,False,KRX ban Split; ZETA ban Summit; KRX pick Lotus; ZETA pick Sunset; KRX ban Breeze; ZETA ban Ascent; Haven remains,https://www.vlr.gg/730539/zeta-division-vs-kiwoom-drx-vct-2026-pacific-stage-2-ubqf
730540,2026-08-15,2026-08-15 07:20:00,2776,2026 Pacific Stage 2,27,Pacific,Play-Ins: Upper Quarterfinals,DFM,SP,Pacific,Pacific,1,2,3,SP,0,False,True,13.02,0.5992895512042974,5.0,False,SP ban Lotus; DFM ban Haven; SP pick Ascent; DFM pick Sunset; SP ban Summit; DFM ban Split; Breeze remains,https://www.vlr.gg/730540/detonation-focusme-vs-sharper-esports-vct-2026-pacific-stage-2-ubqf
724640,2026-08-15,2026-08-15 07:30:00,2978,2026 China Stage 2,30,China,Playoffs: Upper Quarterfinals,XLG,AG,China,China,2,1,3,XLG,1,False,True,,0.5846844284314654,5.0,False,AG ban Breeze; XLG ban Haven; AG pick Split; XLG pick Lotus; AG ban Ascent; XLG ban Summit; Sunset remains,https://www.vlr.gg/724640/xi-lai-gaming-vs-all-gamers-vct-2026-china-stage-2-ubqf
729673,2026-08-15,2026-08-15 11:00:00,2976,2026 EMEA Stage 2,28,EMEA,Play-Ins: Upper Semifinals,FF,EP,EMEA,EMEA,0,2,3,EP,0,False,True,13.02,0.4296636557018221,5.0,False,EP ban Breeze; FF ban Haven; EP pick Lotus; FF pick Split; EP ban Sunset; FF ban Ascent; Summit remains,https://www.vlr.gg/729673/fire-flux-esports-vs-enterprise-esports-vct-2026-emea-stage-2-ubsf
729672,2026-08-15,2026-08-15 13:30:00,2976,2026 EMEA Stage 2,28,EMEA,Play-Ins: Upper Semifinals,FUT,EF,EMEA,EMEA,2,0,3,FUT,1,False,True,13.02,0.5847075567711976,4.0,False,EF ban Haven; FUT ban Summit; EF pick Lotus; FUT pick Ascent; EF ban Sunset; FUT ban Breeze; Split remains,https://www.vlr.gg/729672/fut-esports-vs-eternal-fire-vct-2026-emea-stage-2-ubsf
729746,2026-08-15,2026-08-15 17:00:00,2977,2026 Americas Stage 2,29,Americas,Play-Ins: Upper Quarterfinals,MIBR,KRÜ,Americas,Americas,2,0,3,MIBR,1,False,True,13.02,0.7151140316969461,5.0,False,MIBR ban Summit; KRÜ ban Haven; MIBR pick Breeze; KRÜ pick Sunset; MIBR ban Split; KRÜ ban Ascent; Lotus remains,https://www.vlr.gg/729746/mibr-vs-kr-esports-vct-2026-americas-stage-2-ubqf
729747,2026-08-15,2026-08-15 19:05:00,2977,2026 Americas Stage 2,29,Americas,Play-Ins: Upper Quarterfinals,SEN,ENVY,Americas,Americas,0,2,3,ENVY,0,False,True,13.02,0.6491893429411206,5.0,False,ENVY ban Breeze; SEN ban Haven; ENVY pick Ascent; SEN pick Summit; ENVY ban Lotus; SEN ban Split; Sunset remains,https://www.vlr.gg/729747/sentinels-vs-envy-vct-2026-americas-stage-2-ubqf
724646,2026-08-16,2026-08-16 04:00:00,2978,2026 China Stage 2,30,China,Playoffs: Lower Round 1,TEC,NOVA,China,China,0,2,3,NOVA,0,False,True,,0.3963323109051753,5.0,False,TEC ban Lotus; NOVA ban Haven; TEC pick Summit; NOVA pick Sunset; TEC ban Breeze; NOVA ban Split; Ascent remains,https://www.vlr.gg/724646/titan-esports-club-vs-nova-esports-vct-2026-china-stage-2-lr1
730541,2026-08-16,2026-08-16 04:00:00,2776,2026 Pacific Stage 2,27,Pacific,Play-Ins: Upper Quarterfinals,T1,FS,Pacific,Pacific,2,0,3,T1,1,False,True,13.02,0.62184524411768,4.0,False,T1 ban Split; FS ban Haven; T1 pick Breeze; FS pick Lotus; T1 ban Summit; FS ban Sunset; Ascent remains,https://www.vlr.gg/730541/t1-vs-full-sense-vct-2026-pacific-stage-2-ubqf
730542,2026-08-16,2026-08-16 05:50:00,2776,2026 Pacific Stage 2,27,Pacific,Play-Ins: Upper Quarterfinals,NS,TS,Pacific,Pacific,2,0,3,NS,1,False,True,13.02,0.7620067550869098,5.0,False,TS ban Lotus; NS ban Ascent; TS pick Summit; NS pick Breeze; TS ban Haven; NS ban Split; Sunset remains,https://www.vlr.gg/730542/nongshim-redforce-vs-team-secret-vct-2026-pacific-stage-2-ubqf
724647,2026-08-16,2026-08-16 06:35:00,2978,2026 China Stage 2,30,China,Playoffs: Lower Round 1,AG,TE,China,China,2,1,3,AG,1,False,True,,0.6501036651790421,5.0,False,AG ban Breeze; TE ban Haven; AG pick Split; TE pick Lotus; AG ban Sunset; TE ban Summit; Ascent remains,https://www.vlr.gg/724647/all-gamers-vs-trace-esports-vct-2026-china-stage-2-lr1
729681,2026-08-16,2026-08-16 09:00:00,2976,2026 EMEA Stage 2,28,EMEA,Play-Ins: Lower Round 3,EF,SGE,EMEA,EMEA,0,2,3,SGE,0,False,True,13.02,0.5487144460164903,5.0,False,SGE ban Summit; EF ban Haven; SGE pick Lotus; EF pick Split; SGE ban Breeze; EF ban Sunset; Ascent remains,https://www.vlr.gg/729681/eternal-fire-vs-eintracht-frankfurt-vct-2026-emea-stage-2-lr3
729682,2026-08-16,2026-08-16 11:10:00,2976,2026 EMEA Stage 2,28,EMEA,Play-Ins: Lower Round 3,FF,JL,EMEA,EMEA,2,0,3,FF,1,False,True,13.02,0.4767426877979642,5.0,False,FF ban Breeze; JL ban Sunset; FF pick Split; JL pick Lotus; FF ban Ascent; JL ban Summit; Haven remains,https://www.vlr.gg/729682/fire-flux-esports-vs-joblife-vct-2026-emea-stage-2-lr3
729748,2026-08-16,2026-08-16 17:00:00,2977,2026 Americas Stage 2,29,Americas,Play-Ins: Upper Quarterfinals,G2,FUR,Americas,Americas,1,2,3,FUR,0,False,True,13.02,0.7520938023450586,5.0,False,FUR ban Lotus; G2 ban Summit; FUR pick Split; G2 pick Haven; FUR ban Ascent; G2 ban Sunset; Breeze remains,https://www.vlr.gg/729748/g2-esports-vs-furia-vct-2026-americas-stage-2-ubqf
729749,2026-08-16,2026-08-16 20:40:00,2977,2026 Americas Stage 2,29,Americas,Play-Ins: Upper Quarterfinals,EG,C9,Americas,Americas,2,1,3,EG,1,False,True,13.02,0.4264441473422156,5.0,False,C9 ban Summit; EG ban Split; C9 pick Breeze; EG pick Haven; C9 ban Ascent; EG ban Lotus; Sunset remains,https://www.vlr.gg/729749/evil-geniuses-vs-cloud9-vct-2026-americas-stage-2-ubqf
724642,2026-08-19,2026-08-19 04:00:00,2978,2026 China Stage 2,30,China,Playoffs: Upper Semifinals,TYL,JDG,China,China,1,2,3,JDG,0,False,True,,0.6451724270205992,4.0,False,TYL ban Split; JDG ban Sunset; TYL pick Breeze; JDG pick Summit; TYL ban Lotus; JDG ban Haven; Ascent remains,https://www.vlr.gg/724642/tyloo-vs-jd-gaming-vct-2026-china-stage-2-ubsf
730545,2026-08-19,2026-08-19 04:00:00,2776,2026 Pacific Stage 2,27,Pacific,Play-Ins: Lower Round 1,TS,ONG,Pacific,Pacific,0,2,3,ONG,0,False,True,13.02,0.4563460577742514,5.0,False,TS ban Lotus; ONG ban Summit; TS pick Ascent; ONG pick Split; TS ban Breeze; ONG ban Sunset; Haven remains,https://www.vlr.gg/730545/team-secret-vs-onside-gaming-vct-2026-pacific-stage-2-lr1
730546,2026-08-19,2026-08-19 06:25:00,2776,2026 Pacific Stage 2,27,Pacific,Play-Ins: Lower Round 1,FS,RRQ,Pacific,Pacific,2,1,3,FS,1,False,True,13.02,0.5208154260726771,4.0,False,FS ban Haven; RRQ ban Split; FS pick Summit; RRQ pick Sunset; FS ban Breeze; RRQ ban Ascent; Lotus remains,https://www.vlr.gg/730546/full-sense-vs-rex-regum-qeon-vct-2026-pacific-stage-2-lr1
724643,2026-08-19,2026-08-19 07:45:00,2978,2026 China Stage 2,30,China,Playoffs: Upper Semifinals,XLG,BLG,China,China,1,2,3,BLG,0,False,True,,,,,XLG ban Summit; BLG ban Breeze; XLG pick Lotus; BLG pick Split; XLG ban Ascent; BLG ban Sunset; Haven remains,https://www.vlr.gg/724643/xi-lai-gaming-vs-bilibili-gaming-vct-2026-china-stage-2-ubsf
729752,2026-08-19,2026-08-19 17:00:00,2977,2026 Americas Stage 2,29,Americas,Play-Ins: Lower Round 1,C9,BST,Americas,Americas,0,2,3,BST,0,False,True,13.02,0.7514309515491899,5.0,False,BST ban Sunset; C9 ban Summit; BST pick Lotus; C9 pick Breeze; BST ban Ascent; C9 ban Haven; Split remains,https://www.vlr.gg/729752/cloud9-vs-bestia-vct-2026-americas-stage-2-lr1
729753,2026-08-19,2026-08-19 19:20:00,2977,2026 Americas Stage 2,29,Americas,Play-Ins: Lower Round 1,G2,M80,Americas,Americas,2,0,3,G2,1,False,True,13.02,0.7437185929648241,5.0,False,M80 ban Haven; G2 ban Summit; M80 pick Breeze; G2 pick Sunset; M80 ban Ascent; G2 ban Split; Lotus remains,https://www.vlr.gg/729753/g2-esports-vs-m80-vct-2026-americas-stage-2-lr1
724649,2026-08-20,2026-08-20 04:00:00,2978,2026 China Stage 2,30,China,Playoffs: Lower Round 2,TYL,AG,China,China,2,0,3,TYL,1,False,True,,0.5025125628140702,5.0,False,AG ban Breeze; TYL ban Ascent; AG pick Split; TYL pick Sunset; AG ban Lotus; TYL ban Haven; Summit remains,https://www.vlr.gg/724649/tyloo-vs-all-gamers-vct-2026-china-stage-2-lr2
730547,2026-08-20,2026-08-20 04:00:00,2776,2026 Pacific Stage 2,27,Pacific,Play-Ins: Lower Round 1,DFM,QTD,Pacific,Pacific,2,1,3,DFM,1,False,True,13.02,0.6116106850039672,5.0,False,DFM ban Haven; QTD ban Sunset; DFM pick Ascent; QTD pick Lotus; DFM ban Split; QTD ban Summit; Breeze remains,https://www.vlr.gg/730547/detonation-focusme-vs-qt-dig-vct-2026-pacific-stage-2-lr1
724648,2026-08-20,2026-08-20 06:35:00,2978,2026 China Stage 2,30,China,Playoffs: Lower Round 2,XLG,NOVA,China,China,1,2,3,NOVA,0,False,True,,0.557310361330462,5.0,False,NOVA ban Summit; XLG ban Ascent; NOVA pick Split; XLG pick Lotus; NOVA ban Haven; XLG ban Sunset; Breeze remains,https://www.vlr.gg/724648/xi-lai-gaming-vs-nova-esports-vct-2026-china-stage-2-lr2
730548,2026-08-20,2026-08-20 07:00:00,2776,2026 Pacific Stage 2,27,Pacific,Play-Ins: Lower Round 1,ZETA,XIP,Pacific,Pacific,2,1,3,ZETA,1,False,True,13.02,0.5583523272520166,4.0,False,XIP ban Breeze; ZETA ban Summit; XIP pick Haven; ZETA pick Split; XIP ban Ascent; ZETA ban Lotus; Sunset remains,https://www.vlr.gg/730548/zeta-division-vs-xipto-esports-vct-2026-pacific-stage-2-lr1
731397,2026-08-20,2026-08-20 11:00:00,2976,2026 EMEA Stage 2,28,EMEA,Playoffs: Upper Round 1,VIT,EP,EMEA,EMEA,1,2,3,EP,0,False,True,13.04,0.6679827709978464,5.0,False,EP ban Split; VIT ban Sunset; EP pick Summit; VIT pick Abyss; EP ban Haven; VIT ban Ascent; Lotus remains,https://www.vlr.gg/731397/team-vitality-vs-enterprise-esports-vct-2026-emea-stage-2-ur1
731396,2026-08-20,2026-08-20 14:00:00,2976,2026 EMEA Stage 2,28,EMEA,Playoffs: Upper Round 1,TL,FUT,EMEA,EMEA,0,2,3,FUT,0,False,True,13.04,0.5715906722552857,5.0,False,FUT ban Abyss; TL ban Sunset; FUT pick Haven; TL pick Summit; FUT ban Lotus; TL ban Split; Ascent remains,https://www.vlr.gg/731396/team-liquid-vs-fut-esports-vct-2026-emea-stage-2-ur1
729754,2026-08-20,2026-08-20 17:00:00,2977,2026 Americas Stage 2,29,Americas,Play-Ins: Lower Round 1,SEN,2G,Americas,Americas,2,0,3,SEN,1,False,True,13.02,0.6668342742093849,4.0,False,2G ban Summit; SEN ban Ascent; 2G pick Haven; SEN pick Split; 2G ban Breeze; SEN ban Sunset; Lotus remains,https://www.vlr.gg/729754/sentinels-vs-2game-esports-vct-2026-americas-stage-2-lr1
729755,2026-08-20,2026-08-20 19:30:00,2977,2026 Americas Stage 2,29,Americas,Play-Ins: Lower Round 1,KRÜ,FX,Americas,Americas,2,0,3,KRÜ,1,False,True,13.02,0.7151563486406527,4.0,False,KRÜ ban Breeze; FX ban Summit; KRÜ pick Lotus; FX pick Ascent; KRÜ ban Split; FX ban Haven; Sunset remains,https://www.vlr.gg/729755/kr-esports-vs-fluxo-w7m-vct-2026-americas-stage-2-lr1
724644,2026-08-21,2026-08-21 04:00:00,2978,2026 China Stage 2,30,China,Playoffs: Upper Final,JDG,BLG,China,China,2,0,3,JDG,1,False,True,,0.4033351897266788,4.0,False,BLG ban Breeze; JDG ban Haven; BLG pick Lotus; JDG pick Split; BLG ban Ascent; JDG ban Sunset; Summit remains,https://www.vlr.gg/724644/jd-gaming-vs-bilibili-gaming-vct-2026-china-stage-2-ubf
730543,2026-08-21,2026-08-21 04:00:00,2776,2026 Pacific Stage 2,27,Pacific,Play-Ins: Upper Semifinals,KRX,SP,Pacific,Pacific,2,1,3,KRX,1,False,True,13.02,0.5883849627886265,5.0,False,KRX ban Split; SP ban Lotus; KRX pick Haven; SP pick Ascent; KRX ban Breeze; SP ban Summit; Sunset remains,https://www.vlr.gg/730543/kiwoom-drx-vs-sharper-esports-vct-2026-pacific-stage-2-ubsf
724650,2026-08-21,2026-08-21 06:00:00,2978,2026 China Stage 2,30,China,Playoffs: Lower Round 3,NOVA,TYL,China,China,0,2,3,TYL,0,False,True,,0.5232573122020359,5.0,False,NOVA ban Sunset; TYL ban Breeze; NOVA pick Ascent; TYL pick Summit; NOVA ban Haven; TYL ban Split; Lotus remains,https://www.vlr.gg/724650/nova-esports-vs-tyloo-vct-2026-china-stage-2-lr3
730544,2026-08-21,2026-08-21 07:25:00,2776,2026 Pacific Stage 2,27,Pacific,Play-Ins: Upper Semifinals,T1,NS,Pacific,Pacific,0,2,3,NS,0,False,True,13.02,0.5372020594352782,4.0,False,T1 ban Split; NS ban Lotus; T1 pick Ascent; NS pick Haven; T1 ban Summit; NS ban Breeze; Sunset remains,https://www.vlr.gg/730544/t1-vs-nongshim-redforce-vct-2026-pacific-stage-2-ubsf
731399,2026-08-21,2026-08-21 11:00:00,2976,2026 EMEA Stage 2,28,EMEA,Playoffs: Upper Semifinals,KC,EP,EMEA,EMEA,2,1,3,KC,1,False,True,13.04,0.5373689255526186,5.0,False,KC ban Split; EP ban Sunset; KC pick Haven; EP pick Abyss; KC ban Summit; EP ban Ascent; Lotus remains,https://www.vlr.gg/731399/karmine-corp-vs-enterprise-esports-vct-2026-emea-stage-2-ubsf
731398,2026-08-21,2026-08-21 14:15:00,2976,2026 EMEA Stage 2,28,EMEA,Playoffs: Upper Semifinals,BBL,FUT,EMEA,EMEA,1,2,3,FUT,0,False,True,13.04,0.5280486959990004,4.0,False,BBL ban Split; FUT ban Abyss; BBL pick Summit; FUT pick Haven; BBL ban Sunset; FUT ban Lotus; Ascent remains,https://www.vlr.gg/731398/bbl-esports-vs-fut-esports-vct-2026-emea-stage-2-ubsf
729750,2026-08-21,2026-08-21 17:00:00,2977,2026 Americas Stage 2,29,Americas,Play-Ins: Upper Semifinals,MIBR,ENVY,Americas,Americas,2,1,3,MIBR,1,False,True,13.02,0.726287688442211,5.0,False,MIBR ban Summit; ENVY ban Breeze; MIBR pick Sunset; ENVY pick Ascent; MIBR ban Haven; ENVY ban Lotus; Split remains,https://www.vlr.gg/729750/mibr-vs-envy-vct-2026-americas-stage-2-ubsf
729751,2026-08-21,2026-08-21 20:00:00,2977,2026 Americas Stage 2,29,Americas,Play-Ins: Upper Semifinals,FUR,EG,Americas,Americas,2,1,3,FUR,1,False,True,13.02,0.5252249950316554,5.0,False,FUR ban Lotus; EG ban Split; FUR pick Sunset; EG pick Breeze; FUR ban Ascent; EG ban Summit; Haven remains,https://www.vlr.gg/729751/furia-vs-evil-geniuses-vct-2026-americas-stage-2-ubsf
724651,2026-08-22,2026-08-22 04:00:00,2978,2026 China Stage 2,30,China,Playoffs: Lower Final,BLG,TYL,China,China,0,3,5,TYL,0,False,True,,0.4296636557018221,5.0,False,TYL ban Haven; BLG ban Breeze; TYL pick Sunset; BLG pick Summit; TYL pick Split; BLG pick Lotus; Ascent remains,https://www.vlr.gg/724651/bilibili-gaming-vs-tyloo-vct-2026-china-stage-2-lbf
730549,2026-08-22,2026-08-22 04:00:00,2776,2026 Pacific Stage 2,27,Pacific,Play-Ins: Lower Round 2,ONG,FS,Pacific,Pacific,2,0,3,ONG,1,False,True,13.02,0.38022581963010094,4.0,False,FS ban Breeze; ONG ban Summit; FS pick Sunset; ONG pick Haven; FS ban Split; ONG ban Ascent; Lotus remains,https://www.vlr.gg/730549/onside-gaming-vs-full-sense-vct-2026-pacific-stage-2-lr2
730550,2026-08-22,2026-08-22 06:10:00,2776,2026 Pacific Stage 2,27,Pacific,Play-Ins: Lower Round 2,DFM,ZETA,Pacific,Pacific,2,0,3,DFM,1,False,True,13.02,0.6116106850039672,5.0,False,DFM ban Sunset; ZETA ban Summit; DFM pick Ascent; ZETA pick Split; DFM ban Haven; ZETA ban Lotus; Breeze remains,https://www.vlr.gg/730550/detonation-focusme-vs-zeta-division-vct-2026-pacific-stage-2-lr2
731402,2026-08-22,2026-08-22 10:00:00,2976,2026 EMEA Stage 2,28,EMEA,Playoffs: Lower Round 1,TL,SGE,EMEA,EMEA,2,1,3,TL,1,False,True,13.04,0.6116106850039672,5.0,False,SGE ban Summit; TL ban Sunset; SGE pick Lotus; TL pick Split; SGE ban Abyss; TL ban Haven; Ascent remains,https://www.vlr.gg/731402/team-liquid-vs-eintracht-frankfurt-vct-2026-emea-stage-2-lr1
731403,2026-08-22,2026-08-22 12:30:00,2976,2026 EMEA Stage 2,28,EMEA,Playoffs: Lower Round 1,VIT,FF,EMEA,EMEA,1,2,3,FF,0,False,True,13.04,0.6921694565542946,5.0,False,FF ban Haven; VIT ban Sunset; FF pick Abyss; VIT pick Ascent; FF ban Summit; VIT ban Lotus; Split remains,https://www.vlr.gg/731403/team-vitality-vs-fire-flux-esports-vct-2026-emea-stage-2-lr1
729756,2026-08-22,2026-08-22 17:00:00,2977,2026 Americas Stage 2,29,Americas,Play-Ins: Lower Round 2,BST,G2,Americas,Americas,0,2,3,G2,0,False,True,13.02,0.27371231155778897,5.0,False,BST ban Sunset; G2 ban Summit; BST pick Breeze; G2 pick Ascent; BST ban Haven; G2 ban Split; Lotus remains,https://www.vlr.gg/729756/bestia-vs-g2-esports-vct-2026-americas-stage-2-lr2
729757,2026-08-22,2026-08-22 19:10:00,2977,2026 Americas Stage 2,29,Americas,Play-Ins: Lower Round 2,SEN,KRÜ,Americas,Americas,0,2,3,KRÜ,0,False,True,13.02,0.5958051125191173,5.0,False,KRÜ ban Breeze; SEN ban Lotus; KRÜ pick Ascent; SEN pick Haven; KRÜ ban Split; SEN ban Summit; Sunset remains,https://www.vlr.gg/729757/sentinels-vs-kr-esports-vct-2026-americas-stage-2-lr2
724645,2026-08-23,2026-08-23 04:00:00,2978,2026 China Stage 2,30,China,Playoffs: Grand Final,JDG,TYL,China,China,1,3,5,TYL,0,False,True,,0.4499122833100414,5.0,False,JDG ban Haven; JDG ban Sunset; JDG pick Lotus; TYL pick Split; JDG pick Breeze; TYL pick Summit; Ascent remains,https://www.vlr.gg/724645/jd-gaming-vs-tyloo-vct-2026-china-stage-2-gf
730551,2026-08-23,2026-08-23 04:00:00,2776,2026 Pacific Stage 2,27,Pacific,Play-Ins: Lower Round 3,SP,ONG,Pacific,Pacific,1,2,3,ONG,0,False,True,13.02,0.4777257071876235,5.0,False,SP ban Lotus; ONG ban Summit; SP pick Ascent; ONG pick Haven; SP ban Sunset; ONG ban Split; Breeze remains,https://www.vlr.gg/730551/sharper-esports-vs-onside-gaming-vct-2026-pacific-stage-2-lr3
730552,2026-08-23,2026-08-23 07:00:00,2776,2026 Pacific Stage 2,27,Pacific,Play-Ins: Lower Round 3,T1,DFM,Pacific,Pacific,2,0,3,T1,1,False,True,13.02,0.6156880895706602,4.0,False,DFM ban Lotus; T1 ban Split; DFM pick Ascent; T1 pick Haven; DFM ban Sunset; T1 ban Summit; Breeze remains,https://www.vlr.gg/730552/t1-vs-detonation-focusme-vct-2026-pacific-stage-2-lr3
731404,2026-08-23,2026-08-23 10:00:00,2976,2026 EMEA Stage 2,28,EMEA,Playoffs: Lower Round 2,EP,TL,EMEA,EMEA,0,2,3,TL,0,False,True,13.04,0.44332440646345506,5.0,False,EP ban Split; TL ban Sunset; EP pick Lotus; TL pick Abyss; EP ban Ascent; TL ban Haven; Summit remains,https://www.vlr.gg/731404/enterprise-esports-vs-team-liquid-vct-2026-emea-stage-2-lr2
731406,2026-08-23,2026-08-23 12:15:00,2976,2026 EMEA Stage 2,28,EMEA,Playoffs: Lower Round 2,BBL,FF,EMEA,EMEA,0,2,3,FF,0,False,True,13.04,0.5868230039084311,5.0,False,FF ban Haven; BBL ban Split; FF pick Abyss; BBL pick Summit; FF ban Ascent; BBL ban Lotus; Sunset remains,https://www.vlr.gg/731406/bbl-esports-vs-fire-flux-esports-vct-2026-emea-stage-2-lr2
729758,2026-08-23,2026-08-23 17:00:00,2977,2026 Americas Stage 2,29,Americas,Play-Ins: Lower Round 3,ENVY,G2,Americas,Americas,1,2,3,G2,0,False,True,13.02,0.31643511676027203,5.0,False,G2 ban Summit; ENVY ban Breeze; G2 pick Lotus; ENVY pick Ascent; G2 ban Split; ENVY ban Sunset; Haven remains,https://www.vlr.gg/729758/envy-vs-g2-esports-vct-2026-americas-stage-2-lr3
729759,2026-08-23,2026-08-23 20:20:00,2977,2026 Americas Stage 2,29,Americas,Play-Ins: Lower Round 3,EG,KRÜ,Americas,Americas,2,1,3,EG,1,False,True,13.02,0.4225673823663773,5.0,False,KRÜ ban Breeze; EG ban Split; KRÜ pick Lotus; EG pick Sunset; KRÜ ban Haven; EG ban Ascent; Summit remains,https://www.vlr.gg/729759/evil-geniuses-vs-kr-esports-vct-2026-americas-stage-2-lr3
742476,2026-08-26,2026-08-26 04:00:00,2776,2026 Pacific Stage 2,27,Pacific,Playoffs: Upper Round 1,PRX,NS,Pacific,Pacific,0,2,3,NS,0,False,True,13.04,0.557310361330462,5.0,False,NS ban Lotus; PRX ban Haven; NS pick Abyss; PRX pick Split; NS ban Summit; PRX ban Sunset; Ascent remains,https://www.vlr.gg/742476/paper-rex-vs-nongshim-redforce-vct-2026-pacific-stage-2-ur1
742477,2026-08-26,2026-08-26 06:15:00,2776,2026 Pacific Stage 2,27,Pacific,Playoffs: Upper Round 1,GE,KRX,Pacific,Pacific,2,1,3,GE,1,False,True,13.04,0.5342805983942701,5.0,False,KRX ban Summit; GE ban Haven; KRX pick Lotus; GE pick Ascent; KRX ban Split; GE ban Sunset; Abyss remains,https://www.vlr.gg/742477/global-esports-vs-kiwoom-drx-vct-2026-pacific-stage-2-ur1
742478,2026-08-27,2026-08-27 04:00:00,2776,2026 Pacific Stage 2,27,Pacific,Playoffs: Upper Semifinals,GEN,NS,Pacific,Pacific,1,2,3,NS,0,False,True,13.04,0.41896984924623126,5.0,False,NS ban Lotus; GEN ban Split; NS pick Ascent; GEN pick Summit; NS ban Haven; GEN ban Abyss; Sunset remains,https://www.vlr.gg/742478/gen-g-vs-nongshim-redforce-vct-2026-pacific-stage-2-ubsf
742479,2026-08-27,2026-08-27 07:10:00,2776,2026 Pacific Stage 2,27,Pacific,Playoffs: Upper Semifinals,VL,GE,Pacific,Pacific,0,2,3,GE,0,False,True,13.04,0.4657194016057299,5.0,False,VL ban Abyss; GE ban Sunset; VL pick Split; GE pick Summit; VL ban Lotus; GE ban Ascent; Haven remains,https://www.vlr.gg/742479/varrel-vs-global-esports-vct-2026-pacific-stage-2-ubsf
734302,2026-08-27,2026-08-27 17:00:00,2977,2026 Americas Stage 2,29,Americas,Playoffs: Upper Round 1,LOUD,FUR,Americas,Americas,2,0,3,LOUD,1,False,True,13.04,0.5136178128210112,5.0,False,FUR ban Lotus; LOUD ban Split; FUR pick Haven; LOUD pick Summit; FUR ban Sunset; LOUD ban Abyss; Ascent remains,https://www.vlr.gg/734302/loud-vs-furia-vct-2026-americas-stage-2-ur1
734303,2026-08-27,2026-08-27 19:10:00,2977,2026 Americas Stage 2,29,Americas,Playoffs: Upper Round 1,LEV,MIBR,Americas,Americas,2,0,3,LEV,1,False,True,13.04,0.6546818600042466,3.0,False,LEV ban Sunset; MIBR ban Summit; LEV pick Abyss; MIBR pick Haven; LEV ban Split; MIBR ban Ascent; Lotus remains,https://www.vlr.gg/734303/leviat-n-vs-mibr-vct-2026-americas-stage-2-ur1
742482,2026-08-28,2026-08-28 04:00:00,2776,2026 Pacific Stage 2,27,Pacific,Playoffs: Lower Round 1,PRX,ONG,Pacific,Pacific,2,0,3,PRX,1,False,True,13.04,0.7151140316969461,5.0,False,ONG ban Summit; PRX ban Haven; ONG pick Abyss; PRX pick Ascent; ONG ban Lotus; PRX ban Sunset; Split remains,https://www.vlr.gg/742482/paper-rex-vs-onside-gaming-vct-2026-pacific-stage-2-lr1
742483,2026-08-28,2026-08-28 06:05:00,2776,2026 Pacific Stage 2,27,Pacific,Playoffs: Lower Round 1,KRX,T1,Pacific,Pacific,0,2,3,T1,0,False,True,13.04,0.34293093840832545,4.0,False,T1 ban Summit; KRX ban Haven; T1 pick Lotus; KRX pick Abyss; T1 ban Ascent; KRX ban Split; Sunset remains,https://www.vlr.gg/742483/kiwoom-drx-vs-t1-vct-2026-pacific-stage-2-lr1
731400,2026-08-28,2026-08-28 10:00:00,2976,2026 EMEA Stage 2,28,EMEA,Playoffs: Upper Final,FUT,KC,EMEA,EMEA,0,2,3,KC,0,False,True,13.04,0.47477500496834457,5.0,False,KC ban Split; FUT ban Abyss; KC pick Lotus; FUT pick Haven; KC ban Summit; FUT ban Sunset; Ascent remains,https://www.vlr.gg/731400/fut-esports-vs-karmine-corp-vct-2026-emea-stage-2-ubf
731407,2026-08-28,2026-08-28 12:30:00,2976,2026 EMEA Stage 2,28,EMEA,Playoffs: Lower Round 3,TL,FF,EMEA,EMEA,2,0,3,TL,1,False,True,13.04,0.5468519065917824,5.0,False,FF ban Ascent; TL ban Abyss; FF pick Haven; TL pick Lotus; FF ban Summit; TL ban Sunset; Split remains,https://www.vlr.gg/731407/team-liquid-vs-fire-flux-esports-vct-2026-emea-stage-2-lr3
734304,2026-08-28,2026-08-28 17:00:00,2977,2026 Americas Stage 2,29,Americas,Playoffs: Upper Semifinals,NRG,LOUD,Americas,Americas,2,1,3,NRG,1,False,True,13.04,0.7558115782162845,5.0,False,LOUD ban Split; NRG ban Sunset; LOUD pick Ascent; NRG pick Abyss; LOUD ban Summit; NRG ban Haven; Lotus remains,https://www.vlr.gg/734304/nrg-vs-loud-vct-2026-americas-stage-2-ubsf
734305,2026-08-28,2026-08-28 20:20:00,2977,2026 Americas Stage 2,29,Americas,Playoffs: Upper Semifinals,100T,LEV,Americas,Americas,2,0,3,100T,1,False,True,13.04,0.37790578910814226,5.0,False,LEV ban Haven; 100T ban Abyss; LEV pick Lotus; 100T pick Summit; LEV ban Split; 100T ban Sunset; Ascent remains,https://www.vlr.gg/734305/100-thieves-vs-leviat-n-vct-2026-americas-stage-2-ubsf
742484,2026-08-29,2026-08-29 04:00:00,2776,2026 Pacific Stage 2,27,Pacific,Playoffs: Lower Round 2,VL,PRX,Pacific,Pacific,2,1,3,VL,1,False,True,13.04,0.2790869461177523,4.0,False,PRX ban Haven; VL ban Summit; PRX pick Lotus; VL pick Split; PRX ban Abyss; VL ban Ascent; Sunset remains,https://www.vlr.gg/742484/varrel-vs-paper-rex-vct-2026-pacific-stage-2-lr2
742485,2026-08-29,2026-08-29 07:00:00,2776,2026 Pacific Stage 2,27,Pacific,Playoffs: Lower Round 2,GEN,T1,Pacific,Pacific,0,2,3,T1,0,False,True,13.04,0.4626310744473814,5.0,False,T1 ban Summit; GEN ban Ascent; T1 pick Lotus; GEN pick Split; T1 ban Sunset; GEN ban Haven; Abyss remains,https://www.vlr.gg/742485/gen-g-vs-t1-vct-2026-pacific-stage-2-lr2
731408,2026-08-29,2026-08-29 11:00:00,2976,2026 EMEA Stage 2,28,EMEA,Playoffs: Lower Final,FUT,TL,EMEA,EMEA,0,3,5,TL,0,False,True,13.04,0.4225787321701677,5.0,False,TL ban Haven; FUT ban Abyss; TL pick Split; FUT pick Ascent; TL pick Lotus; FUT pick Sunset; Summit remains,https://www.vlr.gg/731408/fut-esports-vs-team-liquid-vct-2026-emea-stage-2-lbf
734309,2026-08-29,2026-08-29 17:00:00,2977,2026 Americas Stage 2,29,Americas,Playoffs: Lower Round 1,FUR,G2,Americas,Americas,1,2,3,G2,0,False,True,13.04,0.26799351086139367,5.0,False,FUR ban Lotus; G2 ban Split; FUR pick Haven; G2 pick Sunset; FUR ban Ascent; G2 ban Summit; Abyss remains,https://www.vlr.gg/734309/furia-vs-g2-esports-vct-2026-americas-stage-2-lr1
734310,2026-08-29,2026-08-29 20:00:00,2977,2026 Americas Stage 2,29,Americas,Playoffs: Lower Round 1,MIBR,EG,Americas,Americas,2,1,3,MIBR,1,False,True,13.04,0.726287688442211,5.0,False,MIBR ban Summit; EG ban Split; MIBR pick Lotus; EG pick Sunset; MIBR ban Abyss; EG ban Ascent; Haven remains,https://www.vlr.gg/734310/mibr-vs-evil-geniuses-vct-2026-americas-stage-2-lr1
731401,2026-08-30,2026-08-30 11:00:00,2976,2026 EMEA Stage 2,28,EMEA,Playoffs: Grand Final,KC,TL,EMEA,EMEA,3,1,5,KC,1,False,True,13.04,0.5222742928123765,5.0,False,KC ban Split; KC ban Abyss; KC pick Sunset; TL pick Ascent; KC pick Lotus; TL pick Summit; Haven remains,https://www.vlr.gg/731401/karmine-corp-vs-team-liquid-vct-2026-emea-stage-2-gf
734311,2026-08-30,2026-08-30 17:00:00,2977,2026 Americas Stage 2,29,Americas,Playoffs: Lower Round 2,LEV,G2,Americas,Americas,1,2,3,G2,0,False,True,13.04,0.64718088498086,4.0,False,LEV ban Lotus; G2 ban Haven; LEV pick Split; G2 pick Abyss; LEV ban Sunset; G2 ban Ascent; Summit remains,https://www.vlr.gg/734311/leviat-n-vs-g2-esports-vct-2026-americas-stage-2-lr2
734312,2026-08-30,2026-08-30 20:10:00,2977,2026 Americas Stage 2,29,Americas,Playoffs: Lower Round 2,LOUD,MIBR,Americas,Americas,2,0,3,LOUD,1,False,True,13.04,0.38735343383584586,5.0,False,MIBR ban Summit; LOUD ban Split; MIBR pick Lotus; LOUD pick Sunset; MIBR ban Ascent; LOUD ban Haven; Abyss remains,https://www.vlr.gg/734312/loud-vs-mibr-vct-2026-americas-stage-2-lr2
742480,2026-09-04,2026-09-04 04:00:00,2776,2026 Pacific Stage 2,27,Pacific,Playoffs: Upper Final,NS,GE,Pacific,Pacific,2,1,3,NS,1,False,True,13.04,0.6116106850039672,5.0,False,NS ban Summit; GE ban Sunset; NS pick Haven; GE pick Ascent; NS ban Split; GE ban Lotus; Abyss remains,https://www.vlr.gg/742480/nongshim-redforce-vs-global-esports-vct-2026-pacific-stage-2-ubf
742486,2026-09-04,2026-09-04 07:00:00,2776,2026 Pacific Stage 2,27,Pacific,Playoffs: Lower Round 3,VL,T1,Pacific,Pacific,0,2,3,T1,0,False,True,13.04,0.3718306181870408,4.0,False,VL ban Abyss; T1 ban Summit; VL pick Haven; T1 pick Lotus; VL ban Split; T1 ban Ascent; Sunset remains,https://www.vlr.gg/742486/varrel-vs-t1-vct-2026-pacific-stage-2-lr3
734307,2026-09-04,2026-09-04 13:00:00,2977,2026 Americas Stage 2,29,Americas,Playoffs: Upper Final,NRG,100T,Americas,Americas,0,2,3,100T,0,False,True,13.04,0.5232071564788515,4.0,False,NRG ban Split; 100T ban Lotus; NRG pick Abyss; 100T pick Sunset; NRG ban Ascent; 100T ban Haven; Summit remains,https://www.vlr.gg/734307/nrg-vs-100-thieves-vct-2026-americas-stage-2-ubf
734313,2026-09-04,2026-09-04 15:05:00,2977,2026 Americas Stage 2,29,Americas,Playoffs: Lower Round 3,G2,LOUD,Americas,Americas,0,2,3,LOUD,0,False,True,13.04,0.5774326176336226,5.0,False,G2 ban Sunset; LOUD ban Split; G2 pick Abyss; LOUD pick Summit; G2 ban Haven; LOUD ban Ascent; Lotus remains,https://www.vlr.gg/734313/g2-esports-vs-loud-vct-2026-americas-stage-2-lr3
742487,2026-09-05,2026-09-05 04:00:00,2776,2026 Pacific Stage 2,27,Pacific,Playoffs: Lower Final,GE,T1,Pacific,Pacific,3,1,5,GE,1,False,True,13.04,0.37637580615628746,5.0,False,GE ban Abyss; T1 ban Summit; GE pick Split; T1 pick Lotus; GE pick Ascent; T1 pick Haven; Sunset remains,https://www.vlr.gg/742487/global-esports-vs-t1-vct-2026-pacific-stage-2-lbf
734314,2026-09-05,2026-09-05 14:00:00,2977,2026 Americas Stage 2,29,Americas,Playoffs: Lower Final,NRG,LOUD,Americas,Americas,2,3,5,LOUD,0,False,True,13.04,0.5508945694656859,5.0,False,NRG ban Split; LOUD ban Ascent; NRG pick Abyss; LOUD pick Sunset; NRG pick Summit; LOUD pick Haven; Lotus remains,https://www.vlr.gg/734314/nrg-vs-loud-vct-2026-americas-stage-2-lbf
742481,2026-09-06,2026-09-06 04:00:00,2776,2026 Pacific Stage 2,27,Pacific,Playoffs: Grand Final,NS,GE,Pacific,Pacific,2,3,5,GE,0,False,True,13.04,0.6544058582877211,5.0,False,NS ban Summit; NS ban Ascent; NS pick Sunset; GE pick Split; NS pick Abyss; GE pick Lotus; Haven remains,https://www.vlr.gg/742481/nongshim-redforce-vs-global-esports-vct-2026-pacific-stage-2-gf
734308,2026-09-06,2026-09-06 13:00:00,2977,2026 Americas Stage 2,29,Americas,Playoffs: Grand Final,100T,LOUD,Americas,Americas,3,2,5,100T,1,False,True,13.04,0.6886283268192814,5.0,False,100T ban Abyss; 100T ban Lotus; 100T pick Split; LOUD pick Sunset; 100T pick Ascent; LOUD pick Summit; Haven remains,https://www.vlr.gg/734308/100-thieves-vs-loud-vct-2026-americas-stage-2-gf
753455,2026-09-24,2026-09-24 05:00:00,2766,2026 Champions Shanghai,31,International,Group Stage: Opening (C),TL,PRX,EMEA,Pacific,1,2,3,PRX,0,True,True,13.05,0.4078673622891529,5.0,False,PRX ban Abyss; TL ban Sunset; PRX pick Ascent; TL pick Haven; PRX ban Summit; TL ban Split; Lotus remains,https://www.vlr.gg/753455/team-liquid-vs-paper-rex-valorant-champions-2026-opening-c
753454,2026-09-24,2026-09-24 08:25:00,2766,2026 Champions Shanghai,31,International,Group Stage: Opening (C),TYL,G2,China,Americas,0,2,3,G2,0,True,True,13.05,0.3718592964824121,5.0,False,G2 ban Summit; TYL ban Abyss; G2 pick Lotus; TYL pick Sunset; G2 ban Split; TYL ban Ascent; Haven remains,https://www.vlr.gg/753454/tyloo-vs-g2-esports-valorant-champions-2026-opening-c
753460,2026-09-25,2026-09-25 05:00:00,2766,2026 Champions Shanghai,31,International,Group Stage: Opening (D),NS,NRG,Pacific,Americas,0,2,3,NRG,0,True,True,13.05,0.5158082077051926,5.0,False,NRG ban Abyss; NS ban Summit; NRG pick Lotus; NS pick Split; NRG ban Ascent; NS ban Haven; Sunset remains,https://www.vlr.gg/753460/nongshim-redforce-vs-nrg-valorant-champions-2026-opening-d
753459,2026-09-25,2026-09-25 07:25:00,2766,2026 Champions Shanghai,31,International,Group Stage: Opening (D),KC,XLG,EMEA,China,2,0,3,KC,1,True,True,13.05,0.7945711463299403,5.0,False,KC ban Split; XLG ban Haven; KC pick Sunset; XLG pick Abyss; KC ban Summit; XLG ban Lotus; Ascent remains,https://www.vlr.gg/753459/karmine-corp-vs-xi-lai-gaming-valorant-champions-2026-opening-d
753449,2026-09-26,2026-09-26 05:00:00,2766,2026 Champions Shanghai,31,International,Group Stage: Opening (B),GE,VIT,Pacific,EMEA,1,2,3,VIT,0,True,True,13.05,0.4331413163377865,5.0,False,VIT ban Sunset; GE ban Split; VIT pick Abyss; GE pick Ascent; VIT ban Haven; GE ban Lotus; Summit remains,https://www.vlr.gg/753449/global-esports-vs-team-vitality-valorant-champions-2026-opening-b
753450,2026-09-26,2026-09-26 08:30:00,2766,2026 Champions Shanghai,31,International,Group Stage: Opening (B),LOUD,EDG,Americas,China,2,0,3,LOUD,1,True,True,13.05,0.6640344580043072,5.0,False,EDG ban Ascent; LOUD ban Split; EDG pick Lotus; LOUD pick Summit; EDG ban Abyss; LOUD ban Haven; Sunset remains,https://www.vlr.gg/753450/loud-vs-edward-gaming-valorant-champions-2026-opening-b
753444,2026-09-27,2026-09-27 05:00:00,2766,2026 Champions Shanghai,31,International,Group Stage: Opening (A),100T,T1,Americas,Pacific,2,0,3,100T,1,True,True,13.05,0.683564883239728,5.0,False,T1 ban Split; 100T ban Lotus; T1 pick Summit; 100T pick Ascent; T1 ban Haven; 100T ban Abyss; Sunset remains,https://www.vlr.gg/753444/100-thieves-vs-t1-valorant-champions-2026-opening-a
753445,2026-09-27,2026-09-27 07:35:00,2766,2026 Champions Shanghai,31,International,Group Stage: Opening (A),JDG,FUT,China,EMEA,0,2,3,FUT,0,True,True,13.05,0.27371231155778897,5.0,False,FUT ban Abyss; JDG ban Haven; FUT pick Ascent; JDG pick Summit; FUT ban Lotus; JDG ban Sunset; Split remains,https://www.vlr.gg/753445/jd-gaming-vs-fut-esports-valorant-champions-2026-opening-a
753456,2026-09-29,2026-09-29 05:00:00,2766,2026 Champions Shanghai,31,International,Group Stage: Winner's (C),G2,PRX,Americas,Pacific,1,2,3,PRX,0,True,True,13.05,0.4116150372113735,5.0,False,PRX ban Abyss; G2 ban Summit; PRX pick Split; G2 pick Haven; PRX ban Ascent; G2 ban Sunset; Lotus remains,https://www.vlr.gg/753456/g2-esports-vs-paper-rex-valorant-champions-2026-winners-c
753461,2026-09-29,2026-09-29 08:30:00,2766,2026 Champions Shanghai,31,International,Group Stage: Winner's (D),KC,NRG,EMEA,Americas,1,2,3,NRG,0,True,True,13.05,0.4296636557018221,5.0,False,KC ban Split; NRG ban Sunset; KC pick Ascent; NRG pick Summit; KC ban Lotus; NRG ban Abyss; Haven remains,https://www.vlr.gg/753461/karmine-corp-vs-nrg-valorant-champions-2026-winners-d
753451,2026-09-30,2026-09-30 05:00:00,2766,2026 Champions Shanghai,31,International,Group Stage: Winner's (B),VIT,LOUD,EMEA,Americas,2,0,3,VIT,1,True,True,13.05,0.4426896386695381,5.0,False,VIT ban Sunset; LOUD ban Split; VIT pick Ascent; LOUD pick Summit; VIT ban Abyss; LOUD ban Haven; Lotus remains,https://www.vlr.gg/753451/team-vitality-vs-loud-valorant-champions-2026-winners-b
753446,2026-09-30,2026-09-30 07:55:00,2766,2026 Champions Shanghai,31,International,Group Stage: Winner's (A),100T,FUT,Americas,EMEA,2,0,3,100T,1,True,True,13.05,0.7320064891386063,5.0,False,FUT ban Abyss; 100T ban Haven; FUT pick Split; 100T pick Lotus; FUT ban Summit; 100T ban Ascent; Sunset remains,https://www.vlr.gg/753446/100-thieves-vs-fut-esports-valorant-champions-2026-winners-a
753457,2026-10-01,2026-10-01 05:00:00,2766,2026 Champions Shanghai,31,International,Group Stage: Elimination (C),TYL,TL,China,EMEA,1,2,3,TL,0,True,True,13.05,0.23799324491309015,5.0,False,TL ban Sunset; TYL ban Haven; TL pick Split; TYL pick Summit; TL ban Ascent; TYL ban Abyss; Lotus remains,https://www.vlr.gg/753457/tyloo-vs-team-liquid-valorant-champions-2026-elim-c
753462,2026-10-01,2026-10-01 08:05:00,2766,2026 Champions Shanghai,31,International,Group Stage: Elimination (D),XLG,NS,China,Pacific,0,2,3,NS,0,True,True,13.05,0.18451908666137706,5.0,False,XLG ban Haven; NS ban Lotus; XLG pick Summit; NS pick Sunset; XLG ban Ascent; NS ban Split; Abyss remains,https://www.vlr.gg/753462/xi-lai-gaming-vs-nongshim-redforce-valorant-champions-2026-elim-d
753452,2026-10-02,2026-10-02 05:00:00,2766,2026 Champions Shanghai,31,International,Group Stage: Elimination (B),GE,EDG,Pacific,China,2,0,3,GE,1,True,True,13.05,0.668811684320885,5.0,False,GE ban Split; EDG ban Ascent; GE pick Summit; EDG pick Sunset; GE ban Haven; EDG ban Abyss; Lotus remains,https://www.vlr.gg/753452/global-esports-vs-edward-gaming-valorant-champions-2026-elim-b
753447,2026-10-02,2026-10-02 07:00:00,2766,2026 Champions Shanghai,31,International,Group Stage: Elimination (A),T1,JDG,Pacific,China,2,1,3,T1,1,True,True,13.05,0.8375209380234504,5.0,False,T1 ban Split; JDG ban Ascent; T1 pick Lotus; JDG pick Abyss; T1 ban Summit; JDG ban Sunset; Haven remains,https://www.vlr.gg/753447/t1-vs-jd-gaming-valorant-champions-2026-elim-a
753458,2026-10-03,2026-10-03 05:00:00,2766,2026 Champions Shanghai,31,International,Group Stage: Decider (C),G2,TL,Americas,EMEA,2,0,3,G2,1,True,True,13.05,0.5501069774643526,4.0,False,TL ban Sunset; G2 ban Haven; TL pick Split; G2 pick Abyss; TL ban Summit; G2 ban Lotus; Ascent remains,https://www.vlr.gg/753458/g2-esports-vs-team-liquid-valorant-champions-2026-decider-c
753463,2026-10-03,2026-10-03 07:30:00,2766,2026 Champions Shanghai,31,International,Group Stage: Decider (D),KC,NS,EMEA,Pacific,1,2,3,NS,0,True,True,13.05,0.5793446872370904,5.0,False,KC ban Split; NS ban Lotus; KC pick Sunset; NS pick Summit; KC ban Abyss; NS ban Ascent; Haven remains,https://www.vlr.gg/753463/karmine-corp-vs-nongshim-redforce-valorant-champions-2026-decider-d
753453,2026-10-04,2026-10-04 05:00:00,2766,2026 Champions Shanghai,31,International,Group Stage: Decider (B),LOUD,GE,Americas,Pacific,2,0,3,LOUD,1,True,True,13.05,0.5404931634918779,5.0,False,GE ban Lotus; LOUD ban Ascent; GE pick Split; LOUD pick Sunset; GE ban Summit; LOUD ban Haven; Abyss remains,https://www.vlr.gg/753453/loud-vs-global-esports-valorant-champions-2026-decider-b
753448,2026-10-04,2026-10-04 07:25:00,2766,2026 Champions Shanghai,31,International,Group Stage: Decider (A),FUT,T1,EMEA,Pacific,0,2,3,T1,0,True,True,13.05,0.4974874371859298,5.0,False,T1 ban Split; FUT ban Lotus; T1 pick Sunset; FUT pick Ascent; T1 ban Haven; FUT ban Abyss; Summit remains,https://www.vlr.gg/753448/fut-esports-vs-t1-valorant-champions-2026-decider-a
