match_id,date,step,action,map,team,by
427991,2025-01-16,0,ban,Fracture,LOUD,LOUD
427991,2025-01-16,1,ban,Haven,EG,EG
427991,2025-01-16,2,pick,Split,LOUD,LOUD
427991,2025-01-16,3,pick,Pearl,EG,EG
427991,2025-01-16,4,ban,Abyss,LOUD,LOUD
427991,2025-01-16,5,ban,Bind,EG,EG
427991,2025-01-16,6,decider,Lotus,,decider
427992,2025-01-16,0,ban,Fracture,MIBR,MIBR
427992,2025-01-16,1,ban,Abyss,100T,100T
427992,2025-01-16,2,pick,Lotus,MIBR,MIBR
427992,2025-01-16,3,pick,Bind,100T,100T
427992,2025-01-16,4,ban,Split,MIBR,MIBR
427992,2025-01-16,5,ban,Pearl,100T,100T
427992,2025-01-16,6,decider,Haven,,decider
427994,2025-01-17,0,ban,Fracture,2G,2G
427994,2025-01-17,1,ban,Pearl,FUR,FUR
427994,2025-01-17,2,pick,Haven,2G,2G
427994,2025-01-17,3,pick,Lotus,FUR,FUR
427994,2025-01-17,4,ban,Abyss,2G,2G
427994,2025-01-17,5,ban,Split,FUR,FUR
427994,2025-01-17,6,decider,Bind,,decider
427993,2025-01-17,0,ban,Abyss,NRG,NRG
427993,2025-01-17,1,ban,Haven,C9,C9
427993,2025-01-17,2,pick,Fracture,NRG,NRG
427993,2025-01-17,3,pick,Lotus,C9,C9
427993,2025-01-17,4,ban,Pearl,NRG,NRG
427993,2025-01-17,5,ban,Split,C9,C9
427993,2025-01-17,6,decider,Bind,,decider
427995,2025-01-18,0,ban,Fracture,LOUD,LOUD
427995,2025-01-18,1,ban,Pearl,KRÜ,KRÜ
427995,2025-01-18,2,pick,Haven,LOUD,LOUD
427995,2025-01-18,3,pick,Split,KRÜ,KRÜ
427995,2025-01-18,4,ban,Abyss,LOUD,LOUD
427995,2025-01-18,5,ban,Lotus,KRÜ,KRÜ
427995,2025-01-18,6,decider,Bind,,decider
427996,2025-01-18,0,ban,Fracture,SEN,SEN
427996,2025-01-18,1,ban,Abyss,100T,100T
427996,2025-01-18,2,pick,Split,SEN,SEN
427996,2025-01-18,3,pick,Bind,100T,100T
427996,2025-01-18,4,ban,Haven,SEN,SEN
427996,2025-01-18,5,ban,Lotus,100T,100T
427996,2025-01-18,6,decider,Pearl,,decider
427998,2025-01-19,0,ban,Abyss,FUR,FUR
427998,2025-01-19,1,ban,Bind,LEV,LEV
427998,2025-01-19,2,pick,Haven,FUR,FUR
427998,2025-01-19,3,pick,Split,LEV,LEV
427998,2025-01-19,4,ban,Pearl,FUR,FUR
427998,2025-01-19,5,ban,Lotus,LEV,LEV
427998,2025-01-19,6,decider,Fracture,,decider
427997,2025-01-19,0,ban,Haven,C9,C9
427997,2025-01-19,1,ban,Fracture,G2,G2
427997,2025-01-19,2,pick,Lotus,C9,C9
427997,2025-01-19,3,pick,Abyss,G2,G2
427997,2025-01-19,4,ban,Bind,C9,C9
427997,2025-01-19,5,ban,Pearl,G2,G2
427997,2025-01-19,6,decider,Split,,decider
428003,2025-01-23,0,ban,Haven,EG,EG
428003,2025-01-23,1,ban,Split,FUR,FUR
428003,2025-01-23,2,pick,Abyss,EG,EG
428003,2025-01-23,3,pick,Fracture,FUR,FUR
428003,2025-01-23,4,ban,Bind,EG,EG
428003,2025-01-23,5,ban,Pearl,FUR,FUR
428003,2025-01-23,6,decider,Lotus,,decider
428004,2025-01-23,0,ban,Haven,C9,C9
428004,2025-01-23,1,ban,Fracture,MIBR,MIBR
428004,2025-01-23,2,pick,Lotus,C9,C9
428004,2025-01-23,3,pick,Abyss,MIBR,MIBR
428004,2025-01-23,4,ban,Bind,C9,C9
428004,2025-01-23,5,ban,Split,MIBR,MIBR
428004,2025-01-23,6,decider,Pearl,,decider
428006,2025-01-24,0,ban,Fracture,2G,2G
428006,2025-01-24,1,ban,Pearl,KRÜ,KRÜ
428006,2025-01-24,2,pick,Abyss,2G,2G
428006,2025-01-24,3,pick,Split,KRÜ,KRÜ
428006,2025-01-24,4,ban,Lotus,2G,2G
428006,2025-01-24,5,ban,Haven,KRÜ,KRÜ
428006,2025-01-24,6,decider,Bind,,decider
428005,2025-01-24,0,ban,Abyss,100T,100T
428005,2025-01-24,1,ban,Split,NRG,NRG
428005,2025-01-24,2,pick,Lotus,100T,100T
428005,2025-01-24,3,pick,Pearl,NRG,NRG
428005,2025-01-24,4,ban,Haven,100T,100T
428005,2025-01-24,5,ban,Fracture,NRG,NRG
428005,2025-01-24,6,decider,Bind,,decider
427999,2025-01-31,0,ban,Fracture,LOUD,LOUD
427999,2025-01-31,1,ban,Haven,SEN,SEN
427999,2025-01-31,2,pick,Lotus,LOUD,LOUD
427999,2025-01-31,3,pick,Pearl,SEN,SEN
427999,2025-01-31,4,ban,Abyss,LOUD,LOUD
427999,2025-01-31,5,ban,Bind,SEN,SEN
427999,2025-01-31,6,decider,Split,,decider
428000,2025-01-31,0,ban,Haven,G2,G2
428000,2025-01-31,1,ban,Bind,LEV,LEV
428000,2025-01-31,2,pick,Pearl,G2,G2
428000,2025-01-31,3,pick,Fracture,LEV,LEV
428000,2025-01-31,4,ban,Lotus,G2,G2
428000,2025-01-31,5,ban,Split,LEV,LEV
428000,2025-01-31,6,decider,Abyss,,decider
428007,2025-02-01,0,ban,Fracture,MIBR,MIBR
428007,2025-02-01,1,ban,Haven,EG,EG
428007,2025-02-01,2,pick,Abyss,MIBR,MIBR
428007,2025-02-01,3,pick,Split,EG,EG
428007,2025-02-01,4,ban,Lotus,MIBR,MIBR
428007,2025-02-01,5,ban,Bind,EG,EG
428007,2025-02-01,6,decider,Pearl,,decider
428008,2025-02-01,0,ban,Fracture,KRÜ,KRÜ
428008,2025-02-01,1,ban,Split,NRG,NRG
428008,2025-02-01,2,pick,Abyss,KRÜ,KRÜ
428008,2025-02-01,3,pick,Haven,NRG,NRG
428008,2025-02-01,4,ban,Pearl,KRÜ,KRÜ
428008,2025-02-01,5,ban,Lotus,NRG,NRG
428008,2025-02-01,6,decider,Bind,,decider
428009,2025-02-02,0,ban,Bind,LEV,LEV
428009,2025-02-02,1,ban,Fracture,MIBR,MIBR
428009,2025-02-02,2,pick,Lotus,LEV,LEV
428009,2025-02-02,3,pick,Pearl,MIBR,MIBR
428009,2025-02-02,4,ban,Abyss,LEV,LEV
428009,2025-02-02,5,ban,Haven,MIBR,MIBR
428009,2025-02-02,6,decider,Split,,decider
428010,2025-02-02,0,ban,Fracture,KRÜ,KRÜ
428010,2025-02-02,1,ban,Abyss,LOUD,LOUD
428010,2025-02-02,2,pick,Bind,KRÜ,KRÜ
428010,2025-02-02,3,pick,Haven,LOUD,LOUD
428010,2025-02-02,4,ban,Pearl,KRÜ,KRÜ
428010,2025-02-02,5,ban,Split,LOUD,LOUD
428010,2025-02-02,6,decider,Lotus,,decider
428001,2025-02-06,0,ban,Lotus,G2,G2
428001,2025-02-06,1,ban,Split,SEN,SEN
428001,2025-02-06,2,pick,Abyss,G2,G2
428001,2025-02-06,3,pick,Pearl,SEN,SEN
428001,2025-02-06,4,ban,Haven,G2,G2
428001,2025-02-06,5,ban,Bind,SEN,SEN
428001,2025-02-06,6,decider,Fracture,,decider
428011,2025-02-06,0,ban,Pearl,KRÜ,KRÜ
428011,2025-02-06,1,ban,Lotus,MIBR,MIBR
428011,2025-02-06,2,pick,Bind,KRÜ,KRÜ
428011,2025-02-06,3,pick,Abyss,MIBR,MIBR
428011,2025-02-06,4,ban,Fracture,KRÜ,KRÜ
428011,2025-02-06,5,ban,Haven,MIBR,MIBR
428011,2025-02-06,6,decider,Split,,decider
428012,2025-02-07,0,ban,Haven,SEN,SEN
428012,2025-02-07,1,ban,Fracture,MIBR,MIBR
428012,2025-02-07,2,pick,Lotus,SEN,SEN
428012,2025-02-07,3,pick,Abyss,MIBR,MIBR
428012,2025-02-07,4,pick,Pearl,SEN,SEN
428012,2025-02-07,5,pick,Split,MIBR,MIBR
428012,2025-02-07,6,decider,Bind,,decider
428002,2025-02-08,0,ban,Bind,G2,G2
428002,2025-02-08,1,ban,Lotus,G2,G2
428002,2025-02-08,2,pick,Split,G2,G2
428002,2025-02-08,3,pick,Pearl,SEN,SEN
428002,2025-02-08,4,pick,Abyss,G2,G2
428002,2025-02-08,5,pick,Fracture,SEN,SEN
428002,2025-02-08,6,decider,Haven,,decider
430838,2025-01-11,0,ban,Split,TEC,TEC
430838,2025-01-11,1,ban,Lotus,TYL,TYL
430838,2025-01-11,2,pick,Fracture,TEC,TEC
430838,2025-01-11,3,pick,Abyss,TYL,TYL
430838,2025-01-11,4,ban,Bind,TEC,TEC
430838,2025-01-11,5,ban,Haven,TYL,TYL
430838,2025-01-11,6,decider,Pearl,,decider
430837,2025-01-11,0,ban,Fracture,XLG,XLG
430837,2025-01-11,1,ban,Bind,WOL,WOL
430837,2025-01-11,2,pick,Lotus,XLG,XLG
430837,2025-01-11,3,pick,Split,WOL,WOL
430837,2025-01-11,4,ban,Pearl,XLG,XLG
430837,2025-01-11,5,ban,Haven,WOL,WOL
430837,2025-01-11,6,decider,Abyss,,decider
430839,2025-01-12,0,ban,Lotus,JDG,JDG
430839,2025-01-12,1,ban,Fracture,DRG,DRG
430839,2025-01-12,2,pick,Abyss,JDG,JDG
430839,2025-01-12,3,pick,Haven,DRG,DRG
430839,2025-01-12,4,ban,Split,JDG,JDG
430839,2025-01-12,5,ban,Pearl,DRG,DRG
430839,2025-01-12,6,decider,Bind,,decider
430840,2025-01-12,0,ban,Haven,NOVA,NOVA
430840,2025-01-12,1,ban,Fracture,AG,AG
430840,2025-01-12,2,pick,Abyss,NOVA,NOVA
430840,2025-01-12,3,pick,Bind,AG,AG
430840,2025-01-12,4,ban,Lotus,NOVA,NOVA
430840,2025-01-12,5,ban,Pearl,AG,AG
430840,2025-01-12,6,decider,Split,,decider
430842,2025-01-16,0,ban,Lotus,TEC,TEC
430842,2025-01-16,1,ban,Split,FPX,FPX
430842,2025-01-16,2,pick,Abyss,TEC,TEC
430842,2025-01-16,3,pick,Fracture,FPX,FPX
430842,2025-01-16,4,ban,Haven,TEC,TEC
430842,2025-01-16,5,ban,Bind,FPX,FPX
430842,2025-01-16,6,decider,Pearl,,decider
430841,2025-01-16,0,ban,Fracture,XLG,XLG
430841,2025-01-16,1,ban,Bind,BLG,BLG
430841,2025-01-16,2,pick,Haven,XLG,XLG
430841,2025-01-16,3,pick,Lotus,BLG,BLG
430841,2025-01-16,4,ban,Pearl,XLG,XLG
430841,2025-01-16,5,ban,Split,BLG,BLG
430841,2025-01-16,6,decider,Abyss,,decider
430843,2025-01-17,0,ban,Haven,TE,TE
430843,2025-01-17,1,ban,Fracture,DRG,DRG
430843,2025-01-17,2,pick,Pearl,TE,TE
430843,2025-01-17,3,pick,Abyss,DRG,DRG
430843,2025-01-17,4,ban,Split,TE,TE
430843,2025-01-17,5,ban,Lotus,DRG,DRG
430843,2025-01-17,6,decider,Bind,,decider
430844,2025-01-17,0,ban,Haven,NOVA,NOVA
430844,2025-01-17,1,ban,Abyss,EDG,EDG
430844,2025-01-17,2,pick,Split,NOVA,NOVA
430844,2025-01-17,3,pick,Fracture,EDG,EDG
430844,2025-01-17,4,ban,Pearl,NOVA,NOVA
430844,2025-01-17,5,ban,Lotus,EDG,EDG
430844,2025-01-17,6,decider,Bind,,decider
430851,2025-01-18,0,ban,Lotus,JDG,JDG
430851,2025-01-18,1,ban,Split,TEC,TEC
430851,2025-01-18,2,pick,Fracture,JDG,JDG
430851,2025-01-18,3,pick,Abyss,TEC,TEC
430851,2025-01-18,4,ban,Bind,JDG,JDG
430851,2025-01-18,5,ban,Haven,TEC,TEC
430851,2025-01-18,6,decider,Pearl,,decider
430853,2025-01-18,0,ban,Haven,AG,AG
430853,2025-01-18,1,ban,Fracture,XLG,XLG
430853,2025-01-18,2,pick,Abyss,AG,AG
430853,2025-01-18,3,pick,Bind,XLG,XLG
430853,2025-01-18,4,ban,Pearl,AG,AG
430853,2025-01-18,5,ban,Split,XLG,XLG
430853,2025-01-18,6,decider,Lotus,,decider
430850,2025-01-19,0,ban,Lotus,TYL,TYL
430850,2025-01-19,1,ban,Fracture,DRG,DRG
430850,2025-01-19,2,pick,Pearl,TYL,TYL
430850,2025-01-19,3,pick,Haven,DRG,DRG
430850,2025-01-19,4,ban,Split,TYL,TYL
430850,2025-01-19,5,ban,Bind,DRG,DRG
430850,2025-01-19,6,decider,Abyss,,decider
430849,2025-01-19,0,ban,Bind,WOL,WOL
430849,2025-01-19,1,ban,Haven,NOVA,NOVA
430849,2025-01-19,2,pick,Fracture,WOL,WOL
430849,2025-01-19,3,pick,Abyss,NOVA,NOVA
430849,2025-01-19,4,ban,Lotus,WOL,WOL
430849,2025-01-19,5,ban,Pearl,NOVA,NOVA
430849,2025-01-19,6,decider,Split,,decider
430845,2025-01-20,0,ban,Fracture,BLG,BLG
430845,2025-01-20,1,ban,Split,FPX,FPX
430845,2025-01-20,2,pick,Bind,BLG,BLG
430845,2025-01-20,3,pick,Lotus,FPX,FPX
430845,2025-01-20,4,ban,Pearl,BLG,BLG
430845,2025-01-20,5,ban,Haven,FPX,FPX
430845,2025-01-20,6,decider,Abyss,,decider
430846,2025-01-20,0,ban,Haven,TE,TE
430846,2025-01-20,1,ban,Abyss,EDG,EDG
430846,2025-01-20,2,pick,Lotus,TE,TE
430846,2025-01-20,3,pick,Bind,EDG,EDG
430846,2025-01-20,4,ban,Split,TE,TE
430846,2025-01-20,5,ban,Pearl,EDG,EDG
430846,2025-01-20,6,decider,Fracture,,decider
430854,2025-01-21,0,ban,Fracture,DRG,DRG
430854,2025-01-21,1,ban,Haven,NOVA,NOVA
430854,2025-01-21,2,pick,Pearl,DRG,DRG
430854,2025-01-21,3,pick,Bind,NOVA,NOVA
430854,2025-01-21,4,ban,Split,DRG,DRG
430854,2025-01-21,5,ban,Lotus,NOVA,NOVA
430854,2025-01-21,6,decider,Abyss,,decider
430855,2025-01-21,0,ban,Lotus,JDG,JDG
430855,2025-01-21,1,ban,Fracture,XLG,XLG
430855,2025-01-21,2,pick,Pearl,JDG,JDG
430855,2025-01-21,3,pick,Bind,XLG,XLG
430855,2025-01-21,4,ban,Split,JDG,JDG
430855,2025-01-21,5,ban,Abyss,XLG,XLG
430855,2025-01-21,6,decider,Haven,,decider
430856,2025-01-22,0,ban,Fracture,DRG,DRG
430856,2025-01-22,1,ban,Split,FPX,FPX
430856,2025-01-22,2,pick,Abyss,DRG,DRG
430856,2025-01-22,3,pick,Pearl,FPX,FPX
430856,2025-01-22,4,ban,Lotus,DRG,DRG
430856,2025-01-22,5,ban,Bind,FPX,FPX
430856,2025-01-22,6,decider,Haven,,decider
430857,2025-01-22,0,ban,Abyss,EDG,EDG
430857,2025-01-22,1,ban,Fracture,XLG,XLG
430857,2025-01-22,2,pick,Lotus,EDG,EDG
430857,2025-01-22,3,pick,Bind,XLG,XLG
430857,2025-01-22,4,ban,Split,EDG,EDG
430857,2025-01-22,5,ban,Pearl,XLG,XLG
430857,2025-01-22,6,decider,Haven,,decider
430847,2025-01-23,0,ban,Abyss,TE,TE
430847,2025-01-23,1,ban,Fracture,BLG,BLG
430847,2025-01-23,2,pick,Bind,TE,TE
430847,2025-01-23,3,pick,Haven,BLG,BLG
430847,2025-01-23,4,ban,Pearl,TE,TE
430847,2025-01-23,5,ban,Split,BLG,BLG
430847,2025-01-23,6,decider,Lotus,,decider
430858,2025-01-23,0,ban,Fracture,DRG,DRG
430858,2025-01-23,1,ban,Abyss,EDG,EDG
430858,2025-01-23,2,pick,Haven,DRG,DRG
430858,2025-01-23,3,pick,Pearl,EDG,EDG
430858,2025-01-23,4,ban,Bind,DRG,DRG
430858,2025-01-23,5,ban,Split,EDG,EDG
430858,2025-01-23,6,decider,Lotus,,decider
430860,2025-01-24,0,ban,Fracture,BLG,BLG
430860,2025-01-24,1,ban,Abyss,EDG,EDG
430860,2025-01-24,2,pick,Pearl,BLG,BLG
430860,2025-01-24,3,pick,Haven,EDG,EDG
430860,2025-01-24,4,pick,Lotus,BLG,BLG
430860,2025-01-24,5,pick,Bind,EDG,EDG
430860,2025-01-24,6,decider,Split,,decider
430848,2025-01-25,0,ban,Haven,TE,TE
430848,2025-01-25,1,ban,Split,TE,TE
430848,2025-01-25,2,pick,Lotus,TE,TE
430848,2025-01-25,3,pick,Bind,EDG,EDG
430848,2025-01-25,4,pick,Abyss,TE,TE
430848,2025-01-25,5,pick,Fracture,EDG,EDG
430848,2025-01-25,6,decider,Pearl,,decider
429381,2025-01-15,0,ban,Abyss,GX,GX
429381,2025-01-15,1,ban,Fracture,BBL,BBL
429381,2025-01-15,2,pick,Lotus,GX,GX
429381,2025-01-15,3,pick,Haven,BBL,BBL
429381,2025-01-15,4,ban,Split,GX,GX
429381,2025-01-15,5,ban,Bind,BBL,BBL
429381,2025-01-15,6,decider,Pearl,,decider
429380,2025-01-15,0,ban,Fracture,NAVI,NAVI
429380,2025-01-15,1,ban,Split,KC,KC
429380,2025-01-15,2,pick,Abyss,NAVI,NAVI
429380,2025-01-15,3,pick,Bind,KC,KC
429380,2025-01-15,4,ban,Haven,NAVI,NAVI
429380,2025-01-15,5,ban,Pearl,KC,KC
429380,2025-01-15,6,decider,Lotus,,decider
429379,2025-01-16,0,ban,Lotus,TL,TL
429379,2025-01-16,1,ban,Haven,MKOI,MKOI
429379,2025-01-16,2,pick,Fracture,TL,TL
429379,2025-01-16,3,pick,Abyss,MKOI,MKOI
429379,2025-01-16,4,ban,Pearl,TL,TL
429379,2025-01-16,5,ban,Split,MKOI,MKOI
429379,2025-01-16,6,decider,Bind,,decider
429382,2025-01-16,0,ban,Lotus,M8,M8
429382,2025-01-16,1,ban,Split,APK,APK
429382,2025-01-16,2,pick,Pearl,M8,M8
429382,2025-01-16,3,pick,Haven,APK,APK
429382,2025-01-16,4,ban,Fracture,M8,M8
429382,2025-01-16,5,ban,Abyss,APK,APK
429382,2025-01-16,6,decider,Bind,,decider
429385,2025-01-17,0,ban,Bind,BBL,BBL
429385,2025-01-17,1,ban,Pearl,FNC,FNC
429385,2025-01-17,2,pick,Abyss,BBL,BBL
429385,2025-01-17,3,pick,Fracture,FNC,FNC
429385,2025-01-17,4,ban,Haven,BBL,BBL
429385,2025-01-17,5,ban,Lotus,FNC,FNC
429385,2025-01-17,6,decider,Split,,decider
429384,2025-01-17,0,ban,Pearl,VIT,VIT
429384,2025-01-17,1,ban,Split,KC,KC
429384,2025-01-17,2,pick,Haven,VIT,VIT
429384,2025-01-17,3,pick,Bind,KC,KC
429384,2025-01-17,4,ban,Lotus,VIT,VIT
429384,2025-01-17,5,ban,Fracture,KC,KC
429384,2025-01-17,6,decider,Abyss,,decider
429383,2025-01-22,0,ban,Bind,FUT,FUT
429383,2025-01-22,1,ban,Lotus,TL,TL
429383,2025-01-22,2,pick,Pearl,FUT,FUT
429383,2025-01-22,3,pick,Fracture,TL,TL
429383,2025-01-22,4,ban,Abyss,FUT,FUT
429383,2025-01-22,5,ban,Haven,TL,TL
429383,2025-01-22,6,decider,Split,,decider
429386,2025-01-22,0,ban,Lotus,M8,M8
429386,2025-01-22,1,ban,Split,TH,TH
429386,2025-01-22,2,pick,Abyss,M8,M8
429386,2025-01-22,3,pick,Fracture,TH,TH
429386,2025-01-22,4,ban,Bind,M8,M8
429386,2025-01-22,5,ban,Haven,TH,TH
429386,2025-01-22,6,decider,Pearl,,decider
429393,2025-01-23,0,ban,Haven,KC,KC
429393,2025-01-23,1,ban,Abyss,GX,GX
429393,2025-01-23,2,pick,Bind,KC,KC
429393,2025-01-23,3,pick,Lotus,GX,GX
429393,2025-01-23,4,ban,Split,KC,KC
429393,2025-01-23,5,ban,Pearl,GX,GX
429393,2025-01-23,6,decider,Fracture,,decider
429392,2025-01-23,0,ban,Bind,NAVI,NAVI
429392,2025-01-23,1,ban,Abyss,FNC,FNC
429392,2025-01-23,2,pick,Pearl,NAVI,NAVI
429392,2025-01-23,3,pick,Fracture,FNC,FNC
429392,2025-01-23,4,ban,Lotus,NAVI,NAVI
429392,2025-01-23,5,ban,Split,FNC,FNC
429392,2025-01-23,6,decider,Haven,,decider
429394,2025-01-24,0,ban,Lotus,TL,TL
429394,2025-01-24,1,ban,Split,APK,APK
429394,2025-01-24,2,pick,Abyss,TL,TL
429394,2025-01-24,3,pick,Pearl,APK,APK
429394,2025-01-24,4,ban,Fracture,TL,TL
429394,2025-01-24,5,ban,Bind,APK,APK
429394,2025-01-24,6,decider,Haven,,decider
429391,2025-01-24,0,ban,Fracture,M8,M8
429391,2025-01-24,1,ban,Abyss,MKOI,MKOI
429391,2025-01-24,2,pick,Haven,M8,M8
429391,2025-01-24,3,pick,Lotus,MKOI,MKOI
429391,2025-01-24,4,ban,Split,M8,M8
429391,2025-01-24,5,ban,Bind,MKOI,MKOI
429391,2025-01-24,6,decider,Pearl,,decider
429388,2025-01-29,0,ban,Fracture,BBL,BBL
429388,2025-01-29,1,ban,Split,TH,TH
429388,2025-01-29,2,pick,Pearl,BBL,BBL
429388,2025-01-29,3,pick,Lotus,TH,TH
429388,2025-01-29,4,ban,Haven,BBL,BBL
429388,2025-01-29,5,ban,Bind,TH,TH
429388,2025-01-29,6,decider,Abyss,,decider
429387,2025-01-29,0,ban,Haven,FUT,FUT
429387,2025-01-29,1,ban,Pearl,VIT,VIT
429387,2025-01-29,2,pick,Bind,FUT,FUT
429387,2025-01-29,3,pick,Split,VIT,VIT
429387,2025-01-29,4,ban,Fracture,FUT,FUT
429387,2025-01-29,5,ban,Abyss,VIT,VIT
429387,2025-01-29,6,decider,Lotus,,decider
429395,2025-01-30,0,ban,Lotus,M8,M8
429395,2025-01-30,1,ban,Bind,FNC,FNC
429395,2025-01-30,2,pick,Abyss,M8,M8
429395,2025-01-30,3,pick,Fracture,FNC,FNC
429395,2025-01-30,4,ban,Split,M8,M8
429395,2025-01-30,5,ban,Pearl,FNC,FNC
429395,2025-01-30,6,decider,Haven,,decider
429396,2025-01-30,0,ban,Abyss,GX,GX
429396,2025-01-30,1,ban,Lotus,TL,TL
429396,2025-01-30,2,pick,Fracture,GX,GX
429396,2025-01-30,3,pick,Split,TL,TL
429396,2025-01-30,4,ban,Haven,GX,GX
429396,2025-01-30,5,ban,Pearl,TL,TL
429396,2025-01-30,6,decider,Bind,,decider
429397,2025-01-31,0,ban,Split,FUT,FUT
429397,2025-01-31,1,ban,Bind,FNC,FNC
429397,2025-01-31,2,pick,Abyss,FUT,FUT
429397,2025-01-31,3,pick,Fracture,FNC,FNC
429397,2025-01-31,4,ban,Haven,FUT,FUT
429397,2025-01-31,5,ban,Lotus,FNC,FNC
429397,2025-01-31,6,decider,Pearl,,decider
429398,2025-01-31,0,ban,Lotus,TL,TL
429398,2025-01-31,1,ban,Fracture,BBL,BBL
429398,2025-01-31,2,pick,Bind,TL,TL
429398,2025-01-31,3,pick,Pearl,BBL,BBL
429398,2025-01-31,4,ban,Abyss,TL,TL
429398,2025-01-31,5,ban,Haven,BBL,BBL
429398,2025-01-31,6,decider,Split,,decider
429389,2025-02-07,0,ban,Pearl,VIT,VIT
429389,2025-02-07,1,ban,Split,TH,TH
429389,2025-02-07,2,pick,Haven,VIT,VIT
429389,2025-02-07,3,pick,Abyss,TH,TH
429389,2025-02-07,4,ban,Lotus,VIT,VIT
429389,2025-02-07,5,ban,Fracture,TH,TH
429389,2025-02-07,6,decider,Bind,,decider
429400,2025-02-07,0,ban,Split,FUT,FUT
429400,2025-02-07,1,ban,Pearl,TL,TL
429400,2025-02-07,2,pick,Abyss,FUT,FUT
429400,2025-02-07,3,pick,Bind,TL,TL
429400,2025-02-07,4,ban,Fracture,FUT,FUT
429400,2025-02-07,5,ban,Lotus,TL,TL
429400,2025-02-07,6,decider,Haven,,decider
429401,2025-02-08,0,ban,Split,TH,TH
429401,2025-02-08,1,ban,Pearl,TL,TL
429401,2025-02-08,2,pick,Lotus,TH,TH
429401,2025-02-08,3,pick,Abyss,TL,TL
429401,2025-02-08,4,pick,Fracture,TH,TH
429401,2025-02-08,5,pick,Haven,TL,TL
429401,2025-02-08,6,decider,Bind,,decider
429390,2025-02-09,0,ban,Pearl,VIT,VIT
429390,2025-02-09,1,ban,Abyss,VIT,VIT
429390,2025-02-09,2,pick,Split,VIT,VIT
429390,2025-02-09,3,pick,Haven,TL,TL
429390,2025-02-09,4,pick,Lotus,VIT,VIT
429390,2025-02-09,5,pick,Bind,TL,TL
429390,2025-02-09,6,decider,Fracture,,decider
430514,2025-01-18,0,ban,Split,BME,BME
430514,2025-01-18,1,ban,Abyss,T1,T1
430514,2025-01-18,2,pick,Pearl,BME,BME
430514,2025-01-18,3,pick,Bind,T1,T1
430514,2025-01-18,4,ban,Haven,BME,BME
430514,2025-01-18,5,ban,Lotus,T1,T1
430514,2025-01-18,6,decider,Fracture,,decider
430515,2025-01-18,0,ban,Abyss,NS,NS
430515,2025-01-18,1,ban,Bind,ZETA,ZETA
430515,2025-01-18,2,pick,Split,NS,NS
430515,2025-01-18,3,pick,Haven,ZETA,ZETA
430515,2025-01-18,4,ban,Pearl,NS,NS
430515,2025-01-18,5,ban,Fracture,ZETA,ZETA
430515,2025-01-18,6,decider,Lotus,,decider
430516,2025-01-19,0,ban,Bind,TS,TS
430516,2025-01-19,1,ban,Haven,GE,GE
430516,2025-01-19,2,pick,Abyss,TS,TS
430516,2025-01-19,3,pick,Split,GE,GE
430516,2025-01-19,4,ban,Lotus,TS,TS
430516,2025-01-19,5,ban,Fracture,GE,GE
430516,2025-01-19,6,decider,Pearl,,decider
430517,2025-01-19,0,ban,Bind,RRQ,RRQ
430517,2025-01-19,1,ban,Fracture,DFM,DFM
430517,2025-01-19,2,pick,Abyss,RRQ,RRQ
430517,2025-01-19,3,pick,Pearl,DFM,DFM
430517,2025-01-19,4,ban,Lotus,RRQ,RRQ
430517,2025-01-19,5,ban,Split,DFM,DFM
430517,2025-01-19,6,decider,Haven,,decider
430521,2025-01-20,0,ban,Abyss,NS,NS
430521,2025-01-20,1,ban,Bind,KRX,KRX
430521,2025-01-20,2,pick,Lotus,NS,NS
430521,2025-01-20,3,pick,Pearl,KRX,KRX
430521,2025-01-20,4,ban,Split,NS,NS
430521,2025-01-20,5,ban,Haven,KRX,KRX
430521,2025-01-20,6,decider,Fracture,,decider
430518,2025-01-20,0,ban,Pearl,T1,T1
430518,2025-01-20,1,ban,Haven,PRX,PRX
430518,2025-01-20,2,pick,Bind,T1,T1
430518,2025-01-20,3,pick,Fracture,PRX,PRX
430518,2025-01-20,4,ban,Lotus,T1,T1
430518,2025-01-20,5,ban,Abyss,PRX,PRX
430518,2025-01-20,6,decider,Split,,decider
430519,2025-01-25,0,ban,Haven,GE,GE
430519,2025-01-25,1,ban,Pearl,TLN,TLN
430519,2025-01-25,2,pick,Split,GE,GE
430519,2025-01-25,3,pick,Abyss,TLN,TLN
430519,2025-01-25,4,ban,Fracture,GE,GE
430519,2025-01-25,5,ban,Bind,TLN,TLN
430519,2025-01-25,6,decider,Lotus,,decider
430520,2025-01-25,0,ban,Bind,RRQ,RRQ
430520,2025-01-25,1,ban,Split,GEN,GEN
430520,2025-01-25,2,pick,Fracture,RRQ,RRQ
430520,2025-01-25,3,pick,Lotus,GEN,GEN
430520,2025-01-25,4,ban,Pearl,RRQ,RRQ
430520,2025-01-25,5,ban,Abyss,GEN,GEN
430520,2025-01-25,6,decider,Haven,,decider
430526,2025-01-26,0,ban,Split,BME,BME
430526,2025-01-26,1,ban,Abyss,NS,NS
430526,2025-01-26,2,pick,Pearl,BME,BME
430526,2025-01-26,3,pick,Bind,NS,NS
430526,2025-01-26,4,ban,Haven,BME,BME
430526,2025-01-26,5,ban,Fracture,NS,NS
430526,2025-01-26,6,decider,Lotus,,decider
430529,2025-01-26,0,ban,Bind,ZETA,ZETA
430529,2025-01-26,1,ban,Haven,PRX,PRX
430529,2025-01-26,2,pick,Lotus,ZETA,ZETA
430529,2025-01-26,3,pick,Fracture,PRX,PRX
430529,2025-01-26,4,ban,Abyss,ZETA,ZETA
430529,2025-01-26,5,ban,Split,PRX,PRX
430529,2025-01-26,6,decider,Pearl,,decider
430527,2025-01-27,0,ban,Bind,TS,TS
430527,2025-01-27,1,ban,Split,RRQ,RRQ
430527,2025-01-27,2,pick,Lotus,TS,TS
430527,2025-01-27,3,pick,Pearl,RRQ,RRQ
430527,2025-01-27,4,ban,Fracture,TS,TS
430527,2025-01-27,5,ban,Abyss,RRQ,RRQ
430527,2025-01-27,6,decider,Haven,,decider
430528,2025-01-27,0,ban,Bind,DFM,DFM
430528,2025-01-27,1,ban,Haven,GE,GE
430528,2025-01-27,2,pick,Abyss,DFM,DFM
430528,2025-01-27,3,pick,Split,GE,GE
430528,2025-01-27,4,ban,Pearl,DFM,DFM
430528,2025-01-27,5,ban,Fracture,GE,GE
430528,2025-01-27,6,decider,Lotus,,decider
430522,2025-01-31,0,ban,Split,TLN,TLN
430522,2025-01-31,1,ban,Lotus,T1,T1
430522,2025-01-31,2,pick,Fracture,TLN,TLN
430522,2025-01-31,3,pick,Bind,T1,T1
430522,2025-01-31,4,ban,Pearl,TLN,TLN
430522,2025-01-31,5,ban,Abyss,T1,T1
430522,2025-01-31,6,decider,Haven,,decider
430523,2025-01-31,0,ban,Lotus,KRX,KRX
430523,2025-01-31,1,ban,Fracture,GEN,GEN
430523,2025-01-31,2,pick,Abyss,KRX,KRX
430523,2025-01-31,3,pick,Bind,GEN,GEN
430523,2025-01-31,4,ban,Split,KRX,KRX
430523,2025-01-31,5,ban,Pearl,GEN,GEN
430523,2025-01-31,6,decider,Haven,,decider
430530,2025-02-01,0,ban,Bind,RRQ,RRQ
430530,2025-02-01,1,ban,Abyss,NS,NS
430530,2025-02-01,2,pick,Fracture,RRQ,RRQ
430530,2025-02-01,3,pick,Lotus,NS,NS
430530,2025-02-01,4,ban,Split,RRQ,RRQ
430530,2025-02-01,5,ban,Haven,NS,NS
430530,2025-02-01,6,decider,Pearl,,decider
430531,2025-02-01,0,ban,Bind,DFM,DFM
430531,2025-02-01,1,ban,Haven,PRX,PRX
430531,2025-02-01,2,pick,Abyss,DFM,DFM
430531,2025-02-01,3,pick,Pearl,PRX,PRX
430531,2025-02-01,4,ban,Split,DFM,DFM
430531,2025-02-01,5,ban,Lotus,PRX,PRX
430531,2025-02-01,6,decider,Fracture,,decider
430532,2025-02-02,0,ban,Abyss,NS,NS
430532,2025-02-02,1,ban,Pearl,TLN,TLN
430532,2025-02-02,2,pick,Lotus,NS,NS
430532,2025-02-02,3,pick,Bind,TLN,TLN
430532,2025-02-02,4,ban,Haven,NS,NS
430532,2025-02-02,5,ban,Fracture,TLN,TLN
430532,2025-02-02,6,decider,Split,,decider
430533,2025-02-02,0,ban,Bind,DFM,DFM
430533,2025-02-02,1,ban,Fracture,GEN,GEN
430533,2025-02-02,2,pick,Abyss,DFM,DFM
430533,2025-02-02,3,pick,Lotus,GEN,GEN
430533,2025-02-02,4,ban,Split,DFM,DFM
430533,2025-02-02,5,ban,Pearl,GEN,GEN
430533,2025-02-02,6,decider,Haven,,decider
430524,2025-02-07,0,ban,Pearl,KRX,KRX
430524,2025-02-07,1,ban,Abyss,T1,T1
430524,2025-02-07,2,pick,Lotus,KRX,KRX
430524,2025-02-07,3,pick,Haven,T1,T1
430524,2025-02-07,4,ban,Bind,KRX,KRX
430524,2025-02-07,5,ban,Split,T1,T1
430524,2025-02-07,6,decider,Fracture,,decider
430534,2025-02-07,0,ban,Pearl,TLN,TLN
430534,2025-02-07,1,ban,Fracture,GEN,GEN
430534,2025-02-07,2,pick,Bind,TLN,TLN
430534,2025-02-07,3,pick,Lotus,GEN,GEN
430534,2025-02-07,4,ban,Haven,TLN,TLN
430534,2025-02-07,5,ban,Split,GEN,GEN
430534,2025-02-07,6,decider,Abyss,,decider
430535,2025-02-08,0,ban,Abyss,T1,T1
430535,2025-02-08,1,ban,Fracture,GEN,GEN
430535,2025-02-08,2,pick,Pearl,T1,T1
430535,2025-02-08,3,pick,Lotus,GEN,GEN
430535,2025-02-08,4,pick,Haven,T1,T1
430535,2025-02-08,5,pick,Split,GEN,GEN
430535,2025-02-08,6,decider,Bind,,decider
430525,2025-02-09,0,ban,Pearl,KRX,KRX
430525,2025-02-09,1,ban,Haven,KRX,KRX
430525,2025-02-09,2,pick,Abyss,KRX,KRX
430525,2025-02-09,3,pick,Lotus,T1,T1
430525,2025-02-09,4,pick,Fracture,KRX,KRX
430525,2025-02-09,5,pick,Bind,T1,T1
430525,2025-02-09,6,decider,Split,,decider
448598,2025-02-20,0,ban,Lotus,TL,TL
448598,2025-02-20,1,ban,Abyss,EDG,EDG
448598,2025-02-20,2,pick,Split,TL,TL
448598,2025-02-20,3,pick,Pearl,EDG,EDG
448598,2025-02-20,4,ban,Fracture,TL,TL
448598,2025-02-20,5,ban,Haven,EDG,EDG
448598,2025-02-20,6,decider,Bind,,decider
448600,2025-02-20,0,ban,Fracture,SEN,SEN
448600,2025-02-20,1,ban,Pearl,KRX,KRX
448600,2025-02-20,2,pick,Lotus,SEN,SEN
448600,2025-02-20,3,pick,Haven,KRX,KRX
448600,2025-02-20,4,ban,Bind,SEN,SEN
448600,2025-02-20,5,ban,Split,KRX,KRX
448600,2025-02-20,6,decider,Abyss,,decider
448599,2025-02-21,0,ban,Pearl,VIT,VIT
448599,2025-02-21,1,ban,Abyss,T1,T1
448599,2025-02-21,2,pick,Fracture,VIT,VIT
448599,2025-02-21,3,pick,Bind,T1,T1
448599,2025-02-21,4,ban,Lotus,VIT,VIT
448599,2025-02-21,5,ban,Haven,T1,T1
448599,2025-02-21,6,decider,Split,,decider
448597,2025-02-21,0,ban,Fracture,TE,TE
448597,2025-02-21,1,ban,Bind,G2,G2
448597,2025-02-21,2,pick,Lotus,TE,TE
448597,2025-02-21,3,pick,Abyss,G2,G2
448597,2025-02-21,4,ban,Haven,TE,TE
448597,2025-02-21,5,ban,Split,G2,G2
448597,2025-02-21,6,decider,Pearl,,decider
449000,2025-02-22,0,ban,Pearl,VIT,VIT
449000,2025-02-22,1,ban,Haven,KRX,KRX
449000,2025-02-22,2,pick,Bind,VIT,VIT
449000,2025-02-22,3,pick,Abyss,KRX,KRX
449000,2025-02-22,4,ban,Fracture,VIT,VIT
449000,2025-02-22,5,ban,Lotus,KRX,KRX
449000,2025-02-22,6,decider,Split,,decider
449001,2025-02-22,0,ban,Haven,G2,G2
449001,2025-02-22,1,ban,Abyss,EDG,EDG
449001,2025-02-22,2,pick,Pearl,G2,G2
449001,2025-02-22,3,pick,Bind,EDG,EDG
449001,2025-02-22,4,ban,Split,G2,G2
449001,2025-02-22,5,ban,Lotus,EDG,EDG
449001,2025-02-22,6,decider,Fracture,,decider
449002,2025-02-23,0,ban,Fracture,TE,TE
449002,2025-02-23,1,ban,Abyss,T1,T1
449002,2025-02-23,2,pick,Lotus,TE,TE
449002,2025-02-23,3,pick,Haven,T1,T1
449002,2025-02-23,4,ban,Pearl,TE,TE
449002,2025-02-23,5,ban,Bind,T1,T1
449002,2025-02-23,6,decider,Split,,decider
449003,2025-02-23,0,ban,Fracture,SEN,SEN
449003,2025-02-23,1,ban,Pearl,TL,TL
449003,2025-02-23,2,pick,Lotus,SEN,SEN
449003,2025-02-23,3,pick,Abyss,TL,TL
449003,2025-02-23,4,ban,Haven,SEN,SEN
449003,2025-02-23,5,ban,Split,TL,TL
449003,2025-02-23,6,decider,Bind,,decider
449004,2025-02-24,0,ban,Lotus,KRX,KRX
449004,2025-02-24,1,ban,Abyss,T1,T1
449004,2025-02-24,2,pick,Fracture,KRX,KRX
449004,2025-02-24,3,pick,Pearl,T1,T1
449004,2025-02-24,4,ban,Split,KRX,KRX
449004,2025-02-24,5,ban,Bind,T1,T1
449004,2025-02-24,6,decider,Haven,,decider
449005,2025-02-24,0,ban,Pearl,TL,TL
449005,2025-02-24,1,ban,Split,G2,G2
449005,2025-02-24,2,pick,Haven,TL,TL
449005,2025-02-24,3,pick,Lotus,G2,G2
449005,2025-02-24,4,ban,Fracture,TL,TL
449005,2025-02-24,5,ban,Bind,G2,G2
449005,2025-02-24,6,decider,Abyss,,decider
449008,2025-02-27,0,ban,Abyss,T1,T1
449008,2025-02-27,1,ban,Lotus,EDG,EDG
449008,2025-02-27,2,pick,Split,T1,T1
449008,2025-02-27,3,pick,Bind,EDG,EDG
449008,2025-02-27,4,ban,Fracture,T1,T1
449008,2025-02-27,5,ban,Haven,EDG,EDG
449008,2025-02-27,6,decider,Pearl,,decider
449009,2025-02-27,0,ban,Pearl,VIT,VIT
449009,2025-02-27,1,ban,Fracture,G2,G2
449009,2025-02-27,2,pick,Bind,VIT,VIT
449009,2025-02-27,3,pick,Lotus,G2,G2
449009,2025-02-27,4,ban,Abyss,VIT,VIT
449009,2025-02-27,5,ban,Split,G2,G2
449009,2025-02-27,6,decider,Haven,,decider
449010,2025-02-28,0,ban,Fracture,G2,G2
449010,2025-02-28,1,ban,Abyss,EDG,EDG
449010,2025-02-28,2,pick,Lotus,G2,G2
449010,2025-02-28,3,pick,Split,EDG,EDG
449010,2025-02-28,4,ban,Haven,G2,G2
449010,2025-02-28,5,ban,Pearl,EDG,EDG
449010,2025-02-28,6,decider,Bind,,decider
449012,2025-02-28,0,ban,Abyss,T1,T1
449012,2025-02-28,1,ban,Pearl,VIT,VIT
449012,2025-02-28,2,pick,Lotus,T1,T1
449012,2025-02-28,3,pick,Haven,VIT,VIT
449012,2025-02-28,4,ban,Fracture,T1,T1
449012,2025-02-28,5,ban,Bind,VIT,VIT
449012,2025-02-28,6,decider,Split,,decider
449013,2025-03-01,0,ban,Lotus,EDG,EDG
449013,2025-03-01,1,ban,Abyss,T1,T1
449013,2025-03-01,2,pick,Bind,EDG,EDG
449013,2025-03-01,3,pick,Haven,T1,T1
449013,2025-03-01,4,pick,Fracture,EDG,EDG
449013,2025-03-01,5,pick,Split,T1,T1
449013,2025-03-01,6,decider,Pearl,,decider
449011,2025-03-02,0,ban,Fracture,G2,G2
449011,2025-03-02,1,ban,Bind,G2,G2
449011,2025-03-02,2,pick,Lotus,G2,G2
449011,2025-03-02,3,pick,Haven,T1,T1
449011,2025-03-02,4,pick,Abyss,G2,G2
449011,2025-03-02,5,pick,Split,T1,T1
449011,2025-03-02,6,decider,Pearl,,decider
459517,2025-03-21,0,ban,Split,NRG,NRG
459517,2025-03-21,1,ban,Haven,C9,C9
459517,2025-03-21,2,pick,Lotus,NRG,NRG
459517,2025-03-21,3,pick,Fracture,C9,C9
459517,2025-03-21,4,ban,Icebox,NRG,NRG
459517,2025-03-21,5,ban,Ascent,C9,C9
459517,2025-03-21,6,decider,Pearl,,decider
459518,2025-03-21,0,ban,Ascent,KRÜ,KRÜ
459518,2025-03-21,1,ban,Icebox,LOUD,LOUD
459518,2025-03-21,2,pick,Fracture,KRÜ,KRÜ
459518,2025-03-21,3,pick,Haven,LOUD,LOUD
459518,2025-03-21,4,ban,Pearl,KRÜ,KRÜ
459518,2025-03-21,5,ban,Lotus,LOUD,LOUD
459518,2025-03-21,6,decider,Split,,decider
459519,2025-03-22,0,ban,Fracture,G2,G2
459519,2025-03-22,1,ban,Icebox,FUR,FUR
459519,2025-03-22,2,pick,Lotus,G2,G2
459519,2025-03-22,3,pick,Ascent,FUR,FUR
459519,2025-03-22,4,ban,Haven,G2,G2
459519,2025-03-22,5,ban,Pearl,FUR,FUR
459519,2025-03-22,6,decider,Split,,decider
459520,2025-03-22,0,ban,Pearl,LEV,LEV
459520,2025-03-22,1,ban,Fracture,MIBR,MIBR
459520,2025-03-22,2,pick,Split,LEV,LEV
459520,2025-03-22,3,pick,Icebox,MIBR,MIBR
459520,2025-03-22,4,ban,Lotus,LEV,LEV
459520,2025-03-22,5,ban,Haven,MIBR,MIBR
459520,2025-03-22,6,decider,Ascent,,decider
459521,2025-03-23,0,ban,Fracture,2G,2G
459521,2025-03-23,1,ban,Ascent,EG,EG
459521,2025-03-23,2,pick,Haven,2G,2G
459521,2025-03-23,3,pick,Lotus,EG,EG
459521,2025-03-23,4,ban,Pearl,2G,2G
459521,2025-03-23,5,ban,Icebox,EG,EG
459521,2025-03-23,6,decider,Split,,decider
459522,2025-03-23,0,ban,Fracture,SEN,SEN
459522,2025-03-23,1,ban,Lotus,100T,100T
459522,2025-03-23,2,pick,Pearl,SEN,SEN
459522,2025-03-23,3,pick,Haven,100T,100T
459522,2025-03-23,4,ban,Ascent,SEN,SEN
459522,2025-03-23,5,ban,Icebox,100T,100T
459522,2025-03-23,6,decider,Split,,decider
459523,2025-03-28,0,ban,Split,NRG,NRG
459523,2025-03-28,1,ban,Icebox,FUR,FUR
459523,2025-03-28,2,pick,Lotus,NRG,NRG
459523,2025-03-28,3,pick,Pearl,FUR,FUR
459523,2025-03-28,4,ban,Haven,NRG,NRG
459523,2025-03-28,5,ban,Ascent,FUR,FUR
459523,2025-03-28,6,decider,Fracture,,decider
459524,2025-03-28,0,ban,Fracture,SEN,SEN
459524,2025-03-28,1,ban,Pearl,KRÜ,KRÜ
459524,2025-03-28,2,pick,Lotus,SEN,SEN
459524,2025-03-28,3,pick,Icebox,KRÜ,KRÜ
459524,2025-03-28,4,ban,Ascent,SEN,SEN
459524,2025-03-28,5,ban,Haven,KRÜ,KRÜ
459524,2025-03-28,6,decider,Split,,decider
459525,2025-03-29,0,ban,Ascent,EG,EG
459525,2025-03-29,1,ban,Lotus,100T,100T
459525,2025-03-29,2,pick,Fracture,EG,EG
459525,2025-03-29,3,pick,Haven,100T,100T
459525,2025-03-29,4,ban,Icebox,EG,EG
459525,2025-03-29,5,ban,Pearl,100T,100T
459525,2025-03-29,6,decider,Split,,decider
459526,2025-03-29,0,ban,Lotus,MIBR,MIBR
459526,2025-03-29,1,ban,Icebox,G2,G2
459526,2025-03-29,2,pick,Pearl,MIBR,MIBR
459526,2025-03-29,3,pick,Haven,G2,G2
459526,2025-03-29,4,ban,Fracture,MIBR,MIBR
459526,2025-03-29,5,ban,Split,G2,G2
459526,2025-03-29,6,decider,Ascent,,decider
459527,2025-03-30,0,ban,Ascent,LOUD,LOUD
459527,2025-03-30,1,ban,Fracture,2G,2G
459527,2025-03-30,2,pick,Lotus,LOUD,LOUD
459527,2025-03-30,3,pick,Pearl,2G,2G
459527,2025-03-30,4,ban,Haven,LOUD,LOUD
459527,2025-03-30,5,ban,Icebox,2G,2G
459527,2025-03-30,6,decider,Split,,decider
459528,2025-03-30,0,ban,Haven,C9,C9
459528,2025-03-30,1,ban,Fracture,LEV,LEV
459528,2025-03-30,2,pick,Split,C9,C9
459528,2025-03-30,3,pick,Ascent,LEV,LEV
459528,2025-03-30,4,ban,Icebox,C9,C9
459528,2025-03-30,5,ban,Pearl,LEV,LEV
459528,2025-03-30,6,decider,Lotus,,decider
459529,2025-04-04,0,ban,Split,EG,EG
459529,2025-04-04,1,ban,Fracture,SEN,SEN
459529,2025-04-04,2,pick,Haven,EG,EG
459529,2025-04-04,3,pick,Pearl,SEN,SEN
459529,2025-04-04,4,ban,Icebox,EG,EG
459529,2025-04-04,5,ban,Ascent,SEN,SEN
459529,2025-04-04,6,decider,Lotus,,decider
459530,2025-04-04,0,ban,Lotus,100T,100T
459530,2025-04-04,1,ban,Ascent,LOUD,LOUD
459530,2025-04-04,2,pick,Haven,100T,100T
459530,2025-04-04,3,pick,Icebox,LOUD,LOUD
459530,2025-04-04,4,ban,Pearl,100T,100T
459530,2025-04-04,5,ban,Fracture,LOUD,LOUD
459530,2025-04-04,6,decider,Split,,decider
459531,2025-04-05,0,ban,Haven,KRÜ,KRÜ
459531,2025-04-05,1,ban,Fracture,2G,2G
459531,2025-04-05,2,pick,Icebox,KRÜ,KRÜ
459531,2025-04-05,3,pick,Ascent,2G,2G
459531,2025-04-05,4,ban,Split,KRÜ,KRÜ
459531,2025-04-05,5,ban,Lotus,2G,2G
459531,2025-04-05,6,decider,Pearl,,decider
459532,2025-04-05,0,ban,Split,NRG,NRG
459532,2025-04-05,1,ban,Fracture,G2,G2
459532,2025-04-05,2,pick,Lotus,NRG,NRG
459532,2025-04-05,3,pick,Ascent,G2,G2
459532,2025-04-05,4,ban,Icebox,NRG,NRG
459532,2025-04-05,5,ban,Haven,G2,G2
459532,2025-04-05,6,decider,Pearl,,decider
459533,2025-04-06,0,ban,Fracture,FUR,FUR
459533,2025-04-06,1,ban,Lotus,LEV,LEV
459533,2025-04-06,2,pick,Ascent,FUR,FUR
459533,2025-04-06,3,pick,Pearl,LEV,LEV
459533,2025-04-06,4,ban,Icebox,FUR,FUR
459533,2025-04-06,5,ban,Split,LEV,LEV
459533,2025-04-06,6,decider,Haven,,decider
459534,2025-04-06,0,ban,Fracture,MIBR,MIBR
459534,2025-04-06,1,ban,Icebox,C9,C9
459534,2025-04-06,2,pick,Pearl,MIBR,MIBR
459534,2025-04-06,3,pick,Lotus,C9,C9
459534,2025-04-06,4,ban,Split,MIBR,MIBR
459534,2025-04-06,5,ban,Ascent,C9,C9
459534,2025-04-06,6,decider,Haven,,decider
459535,2025-04-11,0,ban,Fracture,2G,2G
459535,2025-04-11,1,ban,Lotus,100T,100T
459535,2025-04-11,2,pick,Ascent,2G,2G
459535,2025-04-11,3,pick,Icebox,100T,100T
459535,2025-04-11,4,ban,Haven,2G,2G
459535,2025-04-11,5,ban,Pearl,100T,100T
459535,2025-04-11,6,decider,Split,,decider
459536,2025-04-11,0,ban,Icebox,G2,G2
459536,2025-04-11,1,ban,Ascent,LEV,LEV
459536,2025-04-11,2,pick,Lotus,G2,G2
459536,2025-04-11,3,pick,Fracture,LEV,LEV
459536,2025-04-11,4,ban,Pearl,G2,G2
459536,2025-04-11,5,ban,Split,LEV,LEV
459536,2025-04-11,6,decider,Haven,,decider
459537,2025-04-12,0,ban,Fracture,FUR,FUR
459537,2025-04-12,1,ban,Haven,C9,C9
459537,2025-04-12,2,pick,Lotus,FUR,FUR
459537,2025-04-12,3,pick,Pearl,C9,C9
459537,2025-04-12,4,ban,Icebox,FUR,FUR
459537,2025-04-12,5,ban,Ascent,C9,C9
459537,2025-04-12,6,decider,Split,,decider
459538,2025-04-12,0,ban,Fracture,SEN,SEN
459538,2025-04-12,1,ban,Pearl,LOUD,LOUD
459538,2025-04-12,2,pick,Split,SEN,SEN
459538,2025-04-12,3,pick,Lotus,LOUD,LOUD
459538,2025-04-12,4,ban,Icebox,SEN,SEN
459538,2025-04-12,5,ban,Ascent,LOUD,LOUD
459538,2025-04-12,6,decider,Haven,,decider
459539,2025-04-13,0,ban,Fracture,KRÜ,KRÜ
459539,2025-04-13,1,ban,Icebox,EG,EG
459539,2025-04-13,2,pick,Lotus,KRÜ,KRÜ
459539,2025-04-13,3,pick,Pearl,EG,EG
459539,2025-04-13,4,ban,Ascent,KRÜ,KRÜ
459539,2025-04-13,5,ban,Haven,EG,EG
459539,2025-04-13,6,decider,Split,,decider
459540,2025-04-13,0,ban,Split,NRG,NRG
459540,2025-04-13,1,ban,Fracture,MIBR,MIBR
459540,2025-04-13,2,pick,Haven,NRG,NRG
459540,2025-04-13,3,pick,Icebox,MIBR,MIBR
459540,2025-04-13,4,ban,Lotus,NRG,NRG
459540,2025-04-13,5,ban,Ascent,MIBR,MIBR
459540,2025-04-13,6,decider,Pearl,,decider
459541,2025-04-18,0,ban,Lotus,C9,C9
459541,2025-04-18,1,ban,Fracture,G2,G2
459541,2025-04-18,2,pick,Icebox,C9,C9
459541,2025-04-18,3,pick,Haven,G2,G2
459541,2025-04-18,4,ban,Split,C9,C9
459541,2025-04-18,5,ban,Ascent,G2,G2
459541,2025-04-18,6,decider,Pearl,,decider
459542,2025-04-18,0,ban,Fracture,MIBR,MIBR
459542,2025-04-18,1,ban,Pearl,FUR,FUR
459542,2025-04-18,2,pick,Icebox,MIBR,MIBR
459542,2025-04-18,3,pick,Ascent,FUR,FUR
459542,2025-04-18,4,ban,Lotus,MIBR,MIBR
459542,2025-04-18,5,ban,Haven,FUR,FUR
459542,2025-04-18,6,decider,Split,,decider
459543,2025-04-19,0,ban,Fracture,2G,2G
459543,2025-04-19,1,ban,Ascent,SEN,SEN
459543,2025-04-19,2,pick,Haven,2G,2G
459543,2025-04-19,3,pick,Pearl,SEN,SEN
459543,2025-04-19,4,ban,Lotus,2G,2G
459543,2025-04-19,5,ban,Icebox,SEN,SEN
459543,2025-04-19,6,decider,Split,,decider
459544,2025-04-19,0,ban,Lotus,100T,100T
459544,2025-04-19,1,ban,Haven,KRÜ,KRÜ
459544,2025-04-19,2,pick,Fracture,100T,100T
459544,2025-04-19,3,pick,Icebox,KRÜ,KRÜ
459544,2025-04-19,4,ban,Pearl,100T,100T
459544,2025-04-19,5,ban,Ascent,KRÜ,KRÜ
459544,2025-04-19,6,decider,Split,,decider
459545,2025-04-20,0,ban,Ascent,LOUD,LOUD
459545,2025-04-20,1,ban,Haven,EG,EG
459545,2025-04-20,2,pick,Lotus,LOUD,LOUD
459545,2025-04-20,3,pick,Pearl,EG,EG
459545,2025-04-20,4,ban,Fracture,LOUD,LOUD
459545,2025-04-20,5,ban,Icebox,EG,EG
459545,2025-04-20,6,decider,Split,,decider
459546,2025-04-20,0,ban,Split,NRG,NRG
459546,2025-04-20,1,ban,Pearl,LEV,LEV
459546,2025-04-20,2,pick,Fracture,NRG,NRG
459546,2025-04-20,3,pick,Icebox,LEV,LEV
459546,2025-04-20,4,ban,Haven,NRG,NRG
459546,2025-04-20,5,ban,Ascent,LEV,LEV
459546,2025-04-20,6,decider,Lotus,,decider
475897,2025-04-24,0,ban,Lotus,100T,100T
475897,2025-04-24,1,ban,Fracture,MIBR,MIBR
475897,2025-04-24,2,pick,Split,100T,100T
475897,2025-04-24,3,pick,Icebox,MIBR,MIBR
475897,2025-04-24,4,ban,Pearl,100T,100T
475897,2025-04-24,5,ban,Ascent,MIBR,MIBR
475897,2025-04-24,6,decider,Haven,,decider
475898,2025-04-24,0,ban,Split,C9,C9
475898,2025-04-24,1,ban,Fracture,SEN,SEN
475898,2025-04-24,2,pick,Ascent,C9,C9
475898,2025-04-24,3,pick,Pearl,SEN,SEN
475898,2025-04-24,4,ban,Haven,C9,C9
475898,2025-04-24,5,ban,Lotus,SEN,SEN
475898,2025-04-24,6,decider,Icebox,,decider
475903,2025-04-25,0,ban,Lotus,100T,100T
475903,2025-04-25,1,ban,Split,NRG,NRG
475903,2025-04-25,2,pick,Fracture,100T,100T
475903,2025-04-25,3,pick,Haven,NRG,NRG
475903,2025-04-25,4,ban,Pearl,100T,100T
475903,2025-04-25,5,ban,Ascent,NRG,NRG
475903,2025-04-25,6,decider,Icebox,,decider
475904,2025-04-25,0,ban,Haven,EG,EG
475904,2025-04-25,1,ban,Lotus,C9,C9
475904,2025-04-25,2,pick,Fracture,EG,EG
475904,2025-04-25,3,pick,Icebox,C9,C9
475904,2025-04-25,4,ban,Ascent,EG,EG
475904,2025-04-25,5,ban,Pearl,C9,C9
475904,2025-04-25,6,decider,Split,,decider
475899,2025-04-26,0,ban,Pearl,KRÜ,KRÜ
475899,2025-04-26,1,ban,Fracture,MIBR,MIBR
475899,2025-04-26,2,pick,Lotus,KRÜ,KRÜ
475899,2025-04-26,3,pick,Icebox,MIBR,MIBR
475899,2025-04-26,4,ban,Haven,KRÜ,KRÜ
475899,2025-04-26,5,ban,Split,MIBR,MIBR
475899,2025-04-26,6,decider,Ascent,,decider
475900,2025-04-26,0,ban,Fracture,SEN,SEN
475900,2025-04-26,1,ban,Haven,G2,G2
475900,2025-04-26,2,pick,Split,SEN,SEN
475900,2025-04-26,3,pick,Icebox,G2,G2
475900,2025-04-26,4,ban,Lotus,SEN,SEN
475900,2025-04-26,5,ban,Pearl,G2,G2
475900,2025-04-26,6,decider,Ascent,,decider
475906,2025-04-27,0,ban,Haven,EG,EG
475906,2025-04-27,1,ban,Pearl,KRÜ,KRÜ
475906,2025-04-27,2,pick,Lotus,EG,EG
475906,2025-04-27,3,pick,Icebox,KRÜ,KRÜ
475906,2025-04-27,4,ban,Ascent,EG,EG
475906,2025-04-27,5,ban,Fracture,KRÜ,KRÜ
475906,2025-04-27,6,decider,Split,,decider
475905,2025-04-27,0,ban,Lotus,100T,100T
475905,2025-04-27,1,ban,Fracture,G2,G2
475905,2025-04-27,2,pick,Haven,100T,100T
475905,2025-04-27,3,pick,Split,G2,G2
475905,2025-04-27,4,ban,Ascent,100T,100T
475905,2025-04-27,5,ban,Icebox,G2,G2
475905,2025-04-27,6,decider,Pearl,,decider
475901,2025-05-02,0,ban,Pearl,MIBR,MIBR
475901,2025-05-02,1,ban,Icebox,SEN,SEN
475901,2025-05-02,2,pick,Lotus,MIBR,MIBR
475901,2025-05-02,3,pick,Split,SEN,SEN
475901,2025-05-02,4,ban,Ascent,MIBR,MIBR
475901,2025-05-02,5,ban,Fracture,SEN,SEN
475901,2025-05-02,6,decider,Haven,,decider
475907,2025-05-02,0,ban,Haven,EG,EG
475907,2025-05-02,1,ban,Fracture,G2,G2
475907,2025-05-02,2,pick,Lotus,EG,EG
475907,2025-05-02,3,pick,Split,G2,G2
475907,2025-05-02,4,ban,Icebox,EG,EG
475907,2025-05-02,5,ban,Ascent,G2,G2
475907,2025-05-02,6,decider,Pearl,,decider
475908,2025-05-03,0,ban,Pearl,MIBR,MIBR
475908,2025-05-03,1,ban,Icebox,G2,G2
475908,2025-05-03,2,pick,Haven,MIBR,MIBR
475908,2025-05-03,3,pick,Lotus,G2,G2
475908,2025-05-03,4,pick,Split,MIBR,MIBR
475908,2025-05-03,5,pick,Ascent,G2,G2
475908,2025-05-03,6,decider,Fracture,,decider
475902,2025-05-04,0,ban,Fracture,SEN,SEN
475902,2025-05-04,1,ban,Lotus,SEN,SEN
475902,2025-05-04,2,pick,Haven,SEN,SEN
475902,2025-05-04,3,pick,Split,G2,G2
475902,2025-05-04,4,pick,Pearl,SEN,SEN
475902,2025-05-04,5,pick,Ascent,G2,G2
475902,2025-05-04,6,decider,Icebox,,decider
450047,2025-03-13,0,ban,Lotus,BLG,BLG
450047,2025-03-13,1,ban,Ascent,XLG,XLG
450047,2025-03-13,2,pick,Pearl,BLG,BLG
450047,2025-03-13,3,pick,Icebox,XLG,XLG
450047,2025-03-13,4,ban,Split,BLG,BLG
450047,2025-03-13,5,ban,Haven,XLG,XLG
450047,2025-03-13,6,decider,Fracture,,decider
450048,2025-03-14,0,ban,Icebox,TE,TE
450048,2025-03-14,1,ban,Fracture,AG,AG
450048,2025-03-14,2,pick,Pearl,TE,TE
450048,2025-03-14,3,pick,Lotus,AG,AG
450048,2025-03-14,4,ban,Haven,TE,TE
450048,2025-03-14,5,ban,Ascent,AG,AG
450048,2025-03-14,6,decider,Split,,decider
450049,2025-03-15,0,ban,Ascent,NOVA,NOVA
450049,2025-03-15,1,ban,Split,DRG,DRG
450049,2025-03-15,2,pick,Fracture,NOVA,NOVA
450049,2025-03-15,3,pick,Lotus,DRG,DRG
450049,2025-03-15,4,ban,Icebox,NOVA,NOVA
450049,2025-03-15,5,ban,Pearl,DRG,DRG
450049,2025-03-15,6,decider,Haven,,decider
450050,2025-03-15,0,ban,Ascent,TYL,TYL
450050,2025-03-15,1,ban,Lotus,EDG,EDG
450050,2025-03-15,2,pick,Fracture,TYL,TYL
450050,2025-03-15,3,pick,Haven,EDG,EDG
450050,2025-03-15,4,ban,Icebox,TYL,TYL
450050,2025-03-15,5,ban,Pearl,EDG,EDG
450050,2025-03-15,6,decider,Split,,decider
450051,2025-03-16,0,ban,Icebox,WOL,WOL
450051,2025-03-16,1,ban,Ascent,JDG,JDG
450051,2025-03-16,2,pick,Pearl,WOL,WOL
450051,2025-03-16,3,pick,Haven,JDG,JDG
450051,2025-03-16,4,ban,Lotus,WOL,WOL
450051,2025-03-16,5,ban,Fracture,JDG,JDG
450051,2025-03-16,6,decider,Split,,decider
450052,2025-03-16,0,ban,Pearl,TEC,TEC
450052,2025-03-16,1,ban,Fracture,FPX,FPX
450052,2025-03-16,2,pick,Icebox,TEC,TEC
450052,2025-03-16,3,pick,Haven,FPX,FPX
450052,2025-03-16,4,ban,Split,TEC,TEC
450052,2025-03-16,5,ban,Lotus,FPX,FPX
450052,2025-03-16,6,decider,Ascent,,decider
450053,2025-03-20,0,ban,Haven,NOVA,NOVA
450053,2025-03-20,1,ban,Lotus,EDG,EDG
450053,2025-03-20,2,pick,Ascent,NOVA,NOVA
450053,2025-03-20,3,pick,Fracture,EDG,EDG
450053,2025-03-20,4,ban,Icebox,NOVA,NOVA
450053,2025-03-20,5,ban,Split,EDG,EDG
450053,2025-03-20,6,decider,Pearl,,decider
450054,2025-03-21,0,ban,Ascent,TYL,TYL
450054,2025-03-21,1,ban,Fracture,FPX,FPX
450054,2025-03-21,2,pick,Pearl,TYL,TYL
450054,2025-03-21,3,pick,Icebox,FPX,FPX
450054,2025-03-21,4,ban,Lotus,TYL,TYL
450054,2025-03-21,5,ban,Split,FPX,FPX
450054,2025-03-21,6,decider,Haven,,decider
450055,2025-03-22,0,ban,Haven,XLG,XLG
450055,2025-03-22,1,ban,Icebox,AG,AG
450055,2025-03-22,2,pick,Fracture,XLG,XLG
450055,2025-03-22,3,pick,Lotus,AG,AG
450055,2025-03-22,4,ban,Ascent,XLG,XLG
450055,2025-03-22,5,ban,Split,AG,AG
450055,2025-03-22,6,decider,Pearl,,decider
450056,2025-03-22,0,ban,Icebox,TE,TE
450056,2025-03-22,1,ban,Lotus,WOL,WOL
450056,2025-03-22,2,pick,Fracture,TE,TE
450056,2025-03-22,3,pick,Pearl,WOL,WOL
450056,2025-03-22,4,ban,Haven,TE,TE
450056,2025-03-22,5,ban,Split,WOL,WOL
450056,2025-03-22,6,decider,Ascent,,decider
450057,2025-03-23,0,ban,Haven,DRG,DRG
450057,2025-03-23,1,ban,Pearl,TEC,TEC
450057,2025-03-23,2,pick,Lotus,DRG,DRG
450057,2025-03-23,3,pick,Fracture,TEC,TEC
450057,2025-03-23,4,ban,Ascent,DRG,DRG
450057,2025-03-23,5,ban,Split,TEC,TEC
450057,2025-03-23,6,decider,Icebox,,decider
450058,2025-03-23,0,ban,Ascent,JDG,JDG
450058,2025-03-23,1,ban,Split,BLG,BLG
450058,2025-03-23,2,pick,Pearl,JDG,JDG
450058,2025-03-23,3,pick,Icebox,BLG,BLG
450058,2025-03-23,4,ban,Lotus,JDG,JDG
450058,2025-03-23,5,ban,Haven,BLG,BLG
450058,2025-03-23,6,decider,Fracture,,decider
450059,2025-03-27,0,ban,Icebox,TE,TE
450059,2025-03-27,1,ban,Ascent,JDG,JDG
450059,2025-03-27,2,pick,Lotus,TE,TE
450059,2025-03-27,3,pick,Haven,JDG,JDG
450059,2025-03-27,4,ban,Pearl,TE,TE
450059,2025-03-27,5,ban,Split,JDG,JDG
450059,2025-03-27,6,decider,Fracture,,decider
450060,2025-03-28,0,ban,Ascent,XLG,XLG
450060,2025-03-28,1,ban,Lotus,WOL,WOL
450060,2025-03-28,2,pick,Fracture,XLG,XLG
450060,2025-03-28,3,pick,Icebox,WOL,WOL
450060,2025-03-28,4,ban,Pearl,XLG,XLG
450060,2025-03-28,5,ban,Split,WOL,WOL
450060,2025-03-28,6,decider,Haven,,decider
450061,2025-03-29,0,ban,Pearl,TEC,TEC
450061,2025-03-29,1,ban,Ascent,TYL,TYL
450061,2025-03-29,2,pick,Fracture,TEC,TEC
450061,2025-03-29,3,pick,Icebox,TYL,TYL
450061,2025-03-29,4,ban,Haven,TEC,TEC
450061,2025-03-29,5,ban,Lotus,TYL,TYL
450061,2025-03-29,6,decider,Split,,decider
450062,2025-03-29,0,ban,Lotus,EDG,EDG
450062,2025-03-29,1,ban,Haven,DRG,DRG
450062,2025-03-29,2,pick,Icebox,EDG,EDG
450062,2025-03-29,3,pick,Ascent,DRG,DRG
450062,2025-03-29,4,ban,Fracture,EDG,EDG
450062,2025-03-29,5,ban,Split,DRG,DRG
450062,2025-03-29,6,decider,Pearl,,decider
450063,2025-03-30,0,ban,Fracture,FPX,FPX
450063,2025-03-30,1,ban,Haven,NOVA,NOVA
450063,2025-03-30,2,pick,Icebox,FPX,FPX
450063,2025-03-30,3,pick,Split,NOVA,NOVA
450063,2025-03-30,4,ban,Lotus,FPX,FPX
450063,2025-03-30,5,ban,Pearl,NOVA,NOVA
450063,2025-03-30,6,decider,Ascent,,decider
450064,2025-03-30,0,ban,Lotus,BLG,BLG
450064,2025-03-30,1,ban,Haven,AG,AG
450064,2025-03-30,2,pick,Pearl,BLG,BLG
450064,2025-03-30,3,pick,Fracture,AG,AG
450064,2025-03-30,4,ban,Icebox,BLG,BLG
450064,2025-03-30,5,ban,Split,AG,AG
450064,2025-03-30,6,decider,Ascent,,decider
450065,2025-04-03,0,ban,Icebox,DRG,DRG
450065,2025-04-03,1,ban,Lotus,FPX,FPX
450065,2025-04-03,2,pick,Ascent,DRG,DRG
450065,2025-04-03,3,pick,Haven,FPX,FPX
450065,2025-04-03,4,ban,Split,DRG,DRG
450065,2025-04-03,5,ban,Fracture,FPX,FPX
450065,2025-04-03,6,decider,Pearl,,decider
450066,2025-04-04,0,ban,Pearl,WOL,WOL
450066,2025-04-04,1,ban,Icebox,BLG,BLG
450066,2025-04-04,2,pick,Lotus,WOL,WOL
450066,2025-04-04,3,pick,Haven,BLG,BLG
450066,2025-04-04,4,ban,Fracture,WOL,WOL
450066,2025-04-04,5,ban,Split,BLG,BLG
450066,2025-04-04,6,decider,Ascent,,decider
450067,2025-04-05,0,ban,Haven,AG,AG
450067,2025-04-05,1,ban,Ascent,JDG,JDG
450067,2025-04-05,2,pick,Split,AG,AG
450067,2025-04-05,3,pick,Pearl,JDG,JDG
450067,2025-04-05,4,ban,Icebox,AG,AG
450067,2025-04-05,5,ban,Lotus,JDG,JDG
450067,2025-04-05,6,decider,Fracture,,decider
450068,2025-04-05,0,ban,Fracture,EDG,EDG
450068,2025-04-05,1,ban,Pearl,TEC,TEC
450068,2025-04-05,2,pick,Lotus,EDG,EDG
450068,2025-04-05,3,pick,Icebox,TEC,TEC
450068,2025-04-05,4,ban,Split,EDG,EDG
450068,2025-04-05,5,ban,Ascent,TEC,TEC
450068,2025-04-05,6,decider,Haven,,decider
450069,2025-04-06,0,ban,Haven,NOVA,NOVA
450069,2025-04-06,1,ban,Ascent,TYL,TYL
450069,2025-04-06,2,pick,Split,NOVA,NOVA
450069,2025-04-06,3,pick,Icebox,TYL,TYL
450069,2025-04-06,4,ban,Fracture,NOVA,NOVA
450069,2025-04-06,5,ban,Lotus,TYL,TYL
450069,2025-04-06,6,decider,Pearl,,decider
450070,2025-04-06,0,ban,Icebox,TE,TE
450070,2025-04-06,1,ban,Ascent,XLG,XLG
450070,2025-04-06,2,pick,Split,TE,TE
450070,2025-04-06,3,pick,Lotus,XLG,XLG
450070,2025-04-06,4,ban,Haven,TE,TE
450070,2025-04-06,5,ban,Fracture,XLG,XLG
450070,2025-04-06,6,decider,Pearl,,decider
450071,2025-04-10,0,ban,Haven,XLG,XLG
450071,2025-04-10,1,ban,Ascent,JDG,JDG
450071,2025-04-10,2,pick,Lotus,XLG,XLG
450071,2025-04-10,3,pick,Icebox,JDG,JDG
450071,2025-04-10,4,ban,Split,XLG,XLG
450071,2025-04-10,5,ban,Pearl,JDG,JDG
450071,2025-04-10,6,decider,Fracture,,decider
450072,2025-04-11,0,ban,Icebox,DRG,DRG
450072,2025-04-11,1,ban,Ascent,TYL,TYL
450072,2025-04-11,2,pick,Haven,DRG,DRG
450072,2025-04-11,3,pick,Split,TYL,TYL
450072,2025-04-11,4,ban,Pearl,DRG,DRG
450072,2025-04-11,5,ban,Lotus,TYL,TYL
450072,2025-04-11,6,decider,Fracture,,decider
450073,2025-04-12,0,ban,Split,WOL,WOL
450073,2025-04-12,1,ban,Haven,AG,AG
450073,2025-04-12,2,pick,Pearl,WOL,WOL
450073,2025-04-12,3,pick,Fracture,AG,AG
450073,2025-04-12,4,ban,Ascent,WOL,WOL
450073,2025-04-12,5,ban,Icebox,AG,AG
450073,2025-04-12,6,decider,Lotus,,decider
450074,2025-04-12,0,ban,Lotus,BLG,BLG
450074,2025-04-12,1,ban,Icebox,TE,TE
450074,2025-04-12,2,pick,Haven,BLG,BLG
450074,2025-04-12,3,pick,Ascent,TE,TE
450074,2025-04-12,4,ban,Fracture,BLG,BLG
450074,2025-04-12,5,ban,Pearl,TE,TE
450074,2025-04-12,6,decider,Split,,decider
450075,2025-04-13,0,ban,Pearl,TEC,TEC
450075,2025-04-13,1,ban,Haven,NOVA,NOVA
450075,2025-04-13,2,pick,Fracture,TEC,TEC
450075,2025-04-13,3,pick,Split,NOVA,NOVA
450075,2025-04-13,4,ban,Ascent,TEC,TEC
450075,2025-04-13,5,ban,Icebox,NOVA,NOVA
450075,2025-04-13,6,decider,Lotus,,decider
450076,2025-04-13,0,ban,Lotus,EDG,EDG
450076,2025-04-13,1,ban,Haven,FPX,FPX
450076,2025-04-13,2,pick,Split,EDG,EDG
450076,2025-04-13,3,pick,Fracture,FPX,FPX
450076,2025-04-13,4,ban,Icebox,EDG,EDG
450076,2025-04-13,5,ban,Ascent,FPX,FPX
450076,2025-04-13,6,decider,Pearl,,decider
473233,2025-04-17,0,ban,Fracture,WOL,WOL
473233,2025-04-17,1,ban,Pearl,TEC,TEC
473233,2025-04-17,2,pick,Haven,TEC,TEC
473233,2025-04-17,3,pick,Icebox,WOL,WOL
473233,2025-04-17,4,ban,Lotus,TEC,TEC
473233,2025-04-17,5,ban,Ascent,WOL,WOL
473233,2025-04-17,6,decider,Split,,decider
473234,2025-04-17,0,ban,Split,XLG,XLG
473234,2025-04-17,1,ban,Haven,NOVA,NOVA
473234,2025-04-17,2,pick,Lotus,XLG,XLG
473234,2025-04-17,3,pick,Ascent,NOVA,NOVA
473234,2025-04-17,4,ban,Pearl,XLG,XLG
473234,2025-04-17,5,ban,Fracture,NOVA,NOVA
473234,2025-04-17,6,decider,Icebox,,decider
473235,2025-04-18,0,ban,Icebox,DRG,DRG
473235,2025-04-18,1,ban,Pearl,TEC,TEC
473235,2025-04-18,2,pick,Ascent,DRG,DRG
473235,2025-04-18,3,pick,Fracture,TEC,TEC
473235,2025-04-18,4,ban,Split,DRG,DRG
473235,2025-04-18,5,ban,Haven,TEC,TEC
473235,2025-04-18,6,decider,Lotus,,decider
473235,2025-04-18,7,decider,Lotus,,decider
473236,2025-04-18,0,ban,Haven,NOVA,NOVA
473236,2025-04-18,1,ban,Icebox,TE,TE
473236,2025-04-18,2,pick,Split,NOVA,NOVA
473236,2025-04-18,3,pick,Lotus,TE,TE
473236,2025-04-18,4,ban,Fracture,NOVA,NOVA
473236,2025-04-18,5,ban,Ascent,TE,TE
473236,2025-04-18,6,decider,Pearl,,decider
473237,2025-04-19,0,ban,Ascent,WOL,WOL
473237,2025-04-19,1,ban,Lotus,BLG,BLG
473237,2025-04-19,2,pick,Split,WOL,WOL
473237,2025-04-19,3,pick,Haven,BLG,BLG
473237,2025-04-19,4,ban,Fracture,WOL,WOL
473237,2025-04-19,5,ban,Pearl,BLG,BLG
473237,2025-04-19,6,decider,Icebox,,decider
473238,2025-04-19,0,ban,Split,XLG,XLG
473238,2025-04-19,1,ban,Icebox,EDG,EDG
473238,2025-04-19,2,pick,Lotus,XLG,XLG
473238,2025-04-19,3,pick,Haven,EDG,EDG
473238,2025-04-19,4,ban,Pearl,XLG,XLG
473238,2025-04-19,5,ban,Ascent,EDG,EDG
473238,2025-04-19,6,decider,Fracture,,decider
473240,2025-04-20,0,ban,Split,BLG,BLG
473240,2025-04-20,1,ban,Icebox,TE,TE
473240,2025-04-20,2,pick,Fracture,BLG,BLG
473240,2025-04-20,3,pick,Lotus,TE,TE
473240,2025-04-20,4,ban,Pearl,BLG,BLG
473240,2025-04-20,5,ban,Ascent,TE,TE
473240,2025-04-20,6,decider,Haven,,decider
473239,2025-04-20,0,ban,Icebox,DRG,DRG
473239,2025-04-20,1,ban,Fracture,EDG,EDG
473239,2025-04-20,2,pick,Lotus,DRG,DRG
473239,2025-04-20,3,pick,Split,EDG,EDG
473239,2025-04-20,4,ban,Haven,DRG,DRG
473239,2025-04-20,5,ban,Pearl,EDG,EDG
473239,2025-04-20,6,decider,Ascent,,decider
473241,2025-05-02,0,ban,Fracture,WOL,WOL
473241,2025-05-02,1,ban,Split,XLG,XLG
473241,2025-05-02,2,pick,Pearl,WOL,WOL
473241,2025-05-02,3,pick,Lotus,XLG,XLG
473241,2025-05-02,4,ban,Haven,WOL,WOL
473241,2025-05-02,5,ban,Icebox,XLG,XLG
473241,2025-05-02,6,decider,Ascent,,decider
473242,2025-05-02,0,ban,Split,BLG,BLG
473242,2025-05-02,1,ban,Ascent,EDG,EDG
473242,2025-05-02,2,pick,Fracture,BLG,BLG
473242,2025-05-02,3,pick,Icebox,EDG,EDG
473242,2025-05-02,4,ban,Haven,BLG,BLG
473242,2025-05-02,5,ban,Lotus,EDG,EDG
473242,2025-05-02,6,decider,Pearl,,decider
473243,2025-05-03,0,ban,Split,BLG,BLG
473243,2025-05-03,1,ban,Fracture,WOL,WOL
473243,2025-05-03,2,pick,Pearl,BLG,BLG
473243,2025-05-03,3,pick,Lotus,WOL,WOL
473243,2025-05-03,4,pick,Icebox,BLG,BLG
473243,2025-05-03,5,pick,Haven,WOL,WOL
473243,2025-05-03,6,decider,Ascent,,decider
473244,2025-05-04,0,ban,Split,XLG,XLG
473244,2025-05-04,1,ban,Icebox,XLG,XLG
473244,2025-05-04,2,pick,Fracture,BLG,BLG
473244,2025-05-04,3,pick,Lotus,XLG,XLG
473244,2025-05-04,4,pick,Pearl,BLG,BLG
473244,2025-05-04,5,pick,Haven,XLG,XLG
473244,2025-05-04,6,decider,Ascent,,decider
458805,2025-03-22,0,ban,Ascent,GE,GE
458805,2025-03-22,1,ban,Icebox,DFM,DFM
458805,2025-03-22,2,pick,Lotus,GE,GE
458805,2025-03-22,3,pick,Pearl,DFM,DFM
458805,2025-03-22,4,ban,Haven,GE,GE
458805,2025-03-22,5,ban,Fracture,DFM,DFM
458805,2025-03-22,6,decider,Split,,decider
458806,2025-03-22,0,ban,Icebox,ZETA,ZETA
458806,2025-03-22,1,ban,Ascent,T1,T1
458806,2025-03-22,2,pick,Fracture,ZETA,ZETA
458806,2025-03-22,3,pick,Split,T1,T1
458806,2025-03-22,4,ban,Pearl,ZETA,ZETA
458806,2025-03-22,5,ban,Lotus,T1,T1
458806,2025-03-22,6,decider,Haven,,decider
458807,2025-03-23,0,ban,Pearl,KRX,KRX
458807,2025-03-23,1,ban,Ascent,PRX,PRX
458807,2025-03-23,2,pick,Haven,KRX,KRX
458807,2025-03-23,3,pick,Icebox,PRX,PRX
458807,2025-03-23,4,ban,Fracture,KRX,KRX
458807,2025-03-23,5,ban,Split,PRX,PRX
458807,2025-03-23,6,decider,Lotus,,decider
458808,2025-03-23,0,ban,Ascent,TS,TS
458808,2025-03-23,1,ban,Lotus,TLN,TLN
458808,2025-03-23,2,pick,Pearl,TS,TS
458808,2025-03-23,3,pick,Fracture,TLN,TLN
458808,2025-03-23,4,ban,Icebox,TS,TS
458808,2025-03-23,5,ban,Split,TLN,TLN
458808,2025-03-23,6,decider,Haven,,decider
458809,2025-03-24,0,ban,Split,BME,BME
458809,2025-03-24,1,ban,Pearl,GEN,GEN
458809,2025-03-24,2,pick,Ascent,BME,BME
458809,2025-03-24,3,pick,Haven,GEN,GEN
458809,2025-03-24,4,ban,Lotus,BME,BME
458809,2025-03-24,5,ban,Icebox,GEN,GEN
458809,2025-03-24,6,decider,Fracture,,decider
458810,2025-03-24,0,ban,Lotus,RRQ,RRQ
458810,2025-03-24,1,ban,Fracture,NS,NS
458810,2025-03-24,2,pick,Ascent,RRQ,RRQ
458810,2025-03-24,3,pick,Split,NS,NS
458810,2025-03-24,4,ban,Icebox,RRQ,RRQ
458810,2025-03-24,5,ban,Haven,NS,NS
458810,2025-03-24,6,decider,Pearl,,decider
458811,2025-03-29,0,ban,Pearl,ZETA,ZETA
458811,2025-03-29,1,ban,Fracture,TS,TS
458811,2025-03-29,2,pick,Lotus,ZETA,ZETA
458811,2025-03-29,3,pick,Icebox,TS,TS
458811,2025-03-29,4,ban,Split,ZETA,ZETA
458811,2025-03-29,5,ban,Ascent,TS,TS
458811,2025-03-29,6,decider,Haven,,decider
458812,2025-03-29,0,ban,Lotus,T1,T1
458812,2025-03-29,1,ban,Haven,NS,NS
458812,2025-03-29,2,pick,Icebox,T1,T1
458812,2025-03-29,3,pick,Split,NS,NS
458812,2025-03-29,4,ban,Pearl,T1,T1
458812,2025-03-29,5,ban,Fracture,NS,NS
458812,2025-03-29,6,decider,Ascent,,decider
458813,2025-03-30,0,ban,Icebox,GEN,GEN
458813,2025-03-30,1,ban,Ascent,PRX,PRX
458813,2025-03-30,2,pick,Lotus,GEN,GEN
458813,2025-03-30,3,pick,Fracture,PRX,PRX
458813,2025-03-30,4,ban,Split,GEN,GEN
458813,2025-03-30,5,ban,Pearl,PRX,PRX
458813,2025-03-30,6,decider,Haven,,decider
458814,2025-03-30,0,ban,Pearl,KRX,KRX
458814,2025-03-30,1,ban,Icebox,DFM,DFM
458814,2025-03-30,2,pick,Lotus,KRX,KRX
458814,2025-03-30,3,pick,Ascent,DFM,DFM
458814,2025-03-30,4,ban,Split,KRX,KRX
458814,2025-03-30,5,ban,Haven,DFM,DFM
458814,2025-03-30,6,decider,Fracture,,decider
458815,2025-03-31,0,ban,Pearl,TLN,TLN
458815,2025-03-31,1,ban,Fracture,RRQ,RRQ
458815,2025-03-31,2,pick,Lotus,TLN,TLN
458815,2025-03-31,3,pick,Ascent,RRQ,RRQ
458815,2025-03-31,4,ban,Icebox,TLN,TLN
458815,2025-03-31,5,ban,Split,RRQ,RRQ
458815,2025-03-31,6,decider,Haven,,decider
458816,2025-03-31,0,ban,Ascent,GE,GE
458816,2025-03-31,1,ban,Split,BME,BME
458816,2025-03-31,2,pick,Lotus,GE,GE
458816,2025-03-31,3,pick,Haven,BME,BME
458816,2025-03-31,4,ban,Icebox,GE,GE
458816,2025-03-31,5,ban,Pearl,BME,BME
458816,2025-03-31,6,decider,Fracture,,decider
458817,2025-04-05,0,ban,Ascent,GEN,GEN
458817,2025-04-05,1,ban,Icebox,DFM,DFM
458817,2025-04-05,2,pick,Lotus,GEN,GEN
458817,2025-04-05,3,pick,Fracture,DFM,DFM
458817,2025-04-05,4,ban,Pearl,GEN,GEN
458817,2025-04-05,5,ban,Split,DFM,DFM
458817,2025-04-05,6,decider,Haven,,decider
458818,2025-04-05,0,ban,Ascent,ZETA,ZETA
458818,2025-04-05,1,ban,Lotus,RRQ,RRQ
458818,2025-04-05,2,pick,Split,ZETA,ZETA
458818,2025-04-05,3,pick,Haven,RRQ,RRQ
458818,2025-04-05,4,ban,Icebox,ZETA,ZETA
458818,2025-04-05,5,ban,Pearl,RRQ,RRQ
458818,2025-04-05,6,decider,Fracture,,decider
458819,2025-04-06,0,ban,Haven,PRX,PRX
458819,2025-04-06,1,ban,Split,BME,BME
458819,2025-04-06,2,pick,Pearl,PRX,PRX
458819,2025-04-06,3,pick,Ascent,BME,BME
458819,2025-04-06,4,ban,Icebox,PRX,PRX
458819,2025-04-06,5,ban,Lotus,BME,BME
458819,2025-04-06,6,decider,Fracture,,decider
458820,2025-04-06,0,ban,Pearl,TLN,TLN
458820,2025-04-06,1,ban,Ascent,NS,NS
458820,2025-04-06,2,pick,Haven,TLN,TLN
458820,2025-04-06,3,pick,Lotus,NS,NS
458820,2025-04-06,4,ban,Split,TLN,TLN
458820,2025-04-06,5,ban,Icebox,NS,NS
458820,2025-04-06,6,decider,Fracture,,decider
458821,2025-04-07,0,ban,Pearl,KRX,KRX
458821,2025-04-07,1,ban,Icebox,GE,GE
458821,2025-04-07,2,pick,Ascent,KRX,KRX
458821,2025-04-07,3,pick,Split,GE,GE
458821,2025-04-07,4,ban,Haven,KRX,KRX
458821,2025-04-07,5,ban,Lotus,GE,GE
458821,2025-04-07,6,decider,Fracture,,decider
458822,2025-04-07,0,ban,Pearl,T1,T1
458822,2025-04-07,1,ban,Fracture,TS,TS
458822,2025-04-07,2,pick,Haven,T1,T1
458822,2025-04-07,3,pick,Icebox,TS,TS
458822,2025-04-07,4,ban,Split,T1,T1
458822,2025-04-07,5,ban,Ascent,TS,TS
458822,2025-04-07,6,decider,Lotus,,decider
458823,2025-04-12,0,ban,Icebox,NS,NS
458823,2025-04-12,1,ban,Haven,TS,TS
458823,2025-04-12,2,pick,Pearl,NS,NS
458823,2025-04-12,3,pick,Split,TS,TS
458823,2025-04-12,4,ban,Fracture,NS,NS
458823,2025-04-12,5,ban,Ascent,TS,TS
458823,2025-04-12,6,decider,Fracture,,decider
458824,2025-04-12,0,ban,Pearl,KRX,KRX
458824,2025-04-12,1,ban,Split,BME,BME
458824,2025-04-12,2,pick,Icebox,KRX,KRX
458824,2025-04-12,3,pick,Haven,BME,BME
458824,2025-04-12,4,ban,Fracture,KRX,KRX
458824,2025-04-12,5,ban,Lotus,BME,BME
458824,2025-04-12,6,decider,Ascent,,decider
458825,2025-04-13,0,ban,Ascent,T1,T1
458825,2025-04-13,1,ban,Haven,RRQ,RRQ
458825,2025-04-13,2,pick,Pearl,T1,T1
458825,2025-04-13,3,pick,Icebox,RRQ,RRQ
458825,2025-04-13,4,ban,Fracture,T1,T1
458825,2025-04-13,5,ban,Split,RRQ,RRQ
458825,2025-04-13,6,decider,Lotus,,decider
458826,2025-04-13,0,ban,Split,GEN,GEN
458826,2025-04-13,1,ban,Lotus,GE,GE
458826,2025-04-13,2,pick,Haven,GEN,GEN
458826,2025-04-13,3,pick,Pearl,GE,GE
458826,2025-04-13,4,ban,Fracture,GEN,GEN
458826,2025-04-13,5,ban,Icebox,GE,GE
458826,2025-04-13,6,decider,Ascent,,decider
458827,2025-04-14,0,ban,Pearl,TLN,TLN
458827,2025-04-14,1,ban,Fracture,ZETA,ZETA
458827,2025-04-14,2,pick,Lotus,TLN,TLN
458827,2025-04-14,3,pick,Split,ZETA,ZETA
458827,2025-04-14,4,ban,Haven,TLN,TLN
458827,2025-04-14,5,ban,Ascent,ZETA,ZETA
458827,2025-04-14,6,decider,Icebox,,decider
458828,2025-04-14,0,ban,Icebox,DFM,DFM
458828,2025-04-14,1,ban,Haven,PRX,PRX
458828,2025-04-14,2,pick,Ascent,DFM,DFM
458828,2025-04-14,3,pick,Lotus,PRX,PRX
458828,2025-04-14,4,ban,Split,DFM,DFM
458828,2025-04-14,5,ban,Fracture,PRX,PRX
458828,2025-04-14,6,decider,Pearl,,decider
458830,2025-04-19,0,ban,Fracture,GE,GE
458830,2025-04-19,1,ban,Haven,PRX,PRX
458830,2025-04-19,2,pick,Split,GE,GE
458830,2025-04-19,3,pick,Lotus,PRX,PRX
458830,2025-04-19,4,ban,Icebox,GE,GE
458830,2025-04-19,5,ban,Ascent,PRX,PRX
458830,2025-04-19,6,decider,Pearl,,decider
458831,2025-04-19,0,ban,Pearl,TLN,TLN
458831,2025-04-19,1,ban,Fracture,T1,T1
458831,2025-04-19,2,pick,Icebox,TLN,TLN
458831,2025-04-19,3,pick,Haven,T1,T1
458831,2025-04-19,4,ban,Split,TLN,TLN
458831,2025-04-19,5,ban,Ascent,T1,T1
458831,2025-04-19,6,decider,Lotus,,decider
458832,2025-04-20,0,ban,Fracture,GEN,GEN
458832,2025-04-20,1,ban,Pearl,KRX,KRX
458832,2025-04-20,2,pick,Lotus,GEN,GEN
458832,2025-04-20,3,pick,Split,KRX,KRX
458832,2025-04-20,4,ban,Icebox,GEN,GEN
458832,2025-04-20,5,ban,Haven,KRX,KRX
458832,2025-04-20,6,decider,Ascent,,decider
458833,2025-04-20,0,ban,Haven,ZETA,ZETA
458833,2025-04-20,1,ban,Fracture,NS,NS
458833,2025-04-20,2,pick,Lotus,ZETA,ZETA
458833,2025-04-20,3,pick,Pearl,NS,NS
458833,2025-04-20,4,ban,Ascent,ZETA,ZETA
458833,2025-04-20,5,ban,Icebox,NS,NS
458833,2025-04-20,6,decider,Split,,decider
458834,2025-04-21,0,ban,Split,BME,BME
458834,2025-04-21,1,ban,Icebox,DFM,DFM
458834,2025-04-21,2,pick,Fracture,BME,BME
458834,2025-04-21,3,pick,Ascent,DFM,DFM
458834,2025-04-21,4,ban,Pearl,BME,BME
458834,2025-04-21,5,ban,Lotus,DFM,DFM
458834,2025-04-21,6,decider,Haven,,decider
458835,2025-04-21,0,ban,Pearl,RRQ,RRQ
458835,2025-04-21,1,ban,Fracture,TS,TS
458835,2025-04-21,2,pick,Haven,RRQ,RRQ
458835,2025-04-21,3,pick,Ascent,TS,TS
458835,2025-04-21,4,ban,Split,RRQ,RRQ
458835,2025-04-21,5,ban,Icebox,TS,TS
458835,2025-04-21,6,decider,Lotus,,decider
473833,2025-04-26,0,ban,Fracture,GEN,GEN
473833,2025-04-26,1,ban,Lotus,TLN,TLN
473833,2025-04-26,2,pick,Haven,GEN,GEN
473833,2025-04-26,3,pick,Icebox,TLN,TLN
473833,2025-04-26,4,ban,Ascent,GEN,GEN
473833,2025-04-26,5,ban,Split,TLN,TLN
473833,2025-04-26,6,decider,Pearl,,decider
473834,2025-04-26,0,ban,Icebox,T1,T1
473834,2025-04-26,1,ban,Pearl,KRX,KRX
473834,2025-04-26,2,pick,Lotus,T1,T1
473834,2025-04-26,3,pick,Fracture,KRX,KRX
473834,2025-04-26,4,ban,Ascent,T1,T1
473834,2025-04-26,5,ban,Split,KRX,KRX
473834,2025-04-26,6,decider,Haven,,decider
473837,2025-04-27,0,ban,Fracture,GEN,GEN
473837,2025-04-27,1,ban,Lotus,BME,BME
473837,2025-04-27,2,pick,Split,GEN,GEN
473837,2025-04-27,3,pick,Ascent,BME,BME
473837,2025-04-27,4,ban,Icebox,GEN,GEN
473837,2025-04-27,5,ban,Pearl,BME,BME
473837,2025-04-27,6,decider,Haven,,decider
473838,2025-04-27,0,ban,Pearl,KRX,KRX
473838,2025-04-27,1,ban,Split,RRQ,RRQ
473838,2025-04-27,2,pick,Fracture,KRX,KRX
473838,2025-04-27,3,pick,Icebox,RRQ,RRQ
473838,2025-04-27,4,ban,Haven,KRX,KRX
473838,2025-04-27,5,ban,Ascent,RRQ,RRQ
473838,2025-04-27,6,decider,Lotus,,decider
473835,2025-05-03,0,ban,Split,TLN,TLN
473835,2025-05-03,1,ban,Fracture,NS,NS
473835,2025-05-03,2,pick,Haven,TLN,TLN
473835,2025-05-03,3,pick,Pearl,NS,NS
473835,2025-05-03,4,ban,Lotus,TLN,TLN
473835,2025-05-03,5,ban,Icebox,NS,NS
473835,2025-05-03,6,decider,Ascent,,decider
473836,2025-05-03,0,ban,Haven,PRX,PRX
473836,2025-05-03,1,ban,Icebox,T1,T1
473836,2025-05-03,2,pick,Fracture,PRX,PRX
473836,2025-05-03,3,pick,Ascent,T1,T1
473836,2025-05-03,4,ban,Pearl,PRX,PRX
473836,2025-05-03,5,ban,Split,T1,T1
473836,2025-05-03,6,decider,Lotus,,decider
473839,2025-05-04,0,ban,Split,TLN,TLN
473839,2025-05-04,1,ban,Pearl,KRX,KRX
473839,2025-05-04,2,pick,Icebox,TLN,TLN
473839,2025-05-04,3,pick,Fracture,KRX,KRX
473839,2025-05-04,4,ban,Ascent,TLN,TLN
473839,2025-05-04,5,ban,Haven,KRX,KRX
473839,2025-05-04,6,decider,Lotus,,decider
473840,2025-05-04,0,ban,Haven,PRX,PRX
473840,2025-05-04,1,ban,Split,BME,BME
473840,2025-05-04,2,pick,Lotus,PRX,PRX
473840,2025-05-04,3,pick,Fracture,BME,BME
473840,2025-05-04,4,ban,Pearl,PRX,PRX
473840,2025-05-04,5,ban,Icebox,BME,BME
473840,2025-05-04,6,decider,Ascent,,decider
473841,2025-05-09,0,ban,Fracture,GEN,GEN
473841,2025-05-09,1,ban,Haven,RRQ,RRQ
473841,2025-05-09,2,pick,Lotus,GEN,GEN
473841,2025-05-09,3,pick,Icebox,RRQ,RRQ
473841,2025-05-09,4,ban,Pearl,GEN,GEN
473841,2025-05-09,5,ban,Ascent,RRQ,RRQ
473841,2025-05-09,6,decider,Split,,decider
473842,2025-05-09,0,ban,Haven,PRX,PRX
473842,2025-05-09,1,ban,Pearl,KRX,KRX
473842,2025-05-09,2,pick,Lotus,PRX,PRX
473842,2025-05-09,3,pick,Icebox,KRX,KRX
473842,2025-05-09,4,ban,Ascent,PRX,PRX
473842,2025-05-09,5,ban,Split,KRX,KRX
473842,2025-05-09,6,decider,Fracture,,decider
473843,2025-05-10,0,ban,Lotus,RRQ,RRQ
473843,2025-05-10,1,ban,Haven,PRX,PRX
473843,2025-05-10,2,pick,Fracture,RRQ,RRQ
473843,2025-05-10,3,pick,Split,PRX,PRX
473843,2025-05-10,4,pick,Pearl,RRQ,RRQ
473843,2025-05-10,5,pick,Icebox,PRX,PRX
473843,2025-05-10,6,decider,Ascent,,decider
473844,2025-05-11,0,ban,Fracture,GEN,GEN
473844,2025-05-11,1,ban,Pearl,GEN,GEN
473844,2025-05-11,2,pick,Haven,GEN,GEN
473844,2025-05-11,3,pick,Ascent,RRQ,RRQ
473844,2025-05-11,4,pick,Lotus,GEN,GEN
473844,2025-05-11,5,pick,Icebox,RRQ,RRQ
473844,2025-05-11,6,decider,Split,,decider
459826,2025-03-26,0,ban,Pearl,VIT,VIT
459826,2025-03-26,1,ban,Icebox,GX,GX
459826,2025-03-26,2,pick,Split,VIT,VIT
459826,2025-03-26,3,pick,Lotus,GX,GX
459826,2025-03-26,4,ban,Ascent,VIT,VIT
459826,2025-03-26,5,ban,Fracture,GX,GX
459826,2025-03-26,6,decider,Haven,,decider
459827,2025-03-26,0,ban,Haven,KC,KC
459827,2025-03-26,1,ban,Lotus,BBL,BBL
459827,2025-03-26,2,pick,Icebox,KC,KC
459827,2025-03-26,3,pick,Pearl,BBL,BBL
459827,2025-03-26,4,ban,Ascent,KC,KC
459827,2025-03-26,5,ban,Split,BBL,BBL
459827,2025-03-26,6,decider,Fracture,,decider
459828,2025-03-27,0,ban,Pearl,TH,TH
459828,2025-03-27,1,ban,Fracture,APK,APK
459828,2025-03-27,2,pick,Ascent,TH,TH
459828,2025-03-27,3,pick,Split,APK,APK
459828,2025-03-27,4,ban,Lotus,TH,TH
459828,2025-03-27,5,ban,Haven,APK,APK
459828,2025-03-27,6,decider,Icebox,,decider
459829,2025-03-27,0,ban,Fracture,FUT,FUT
459829,2025-03-27,1,ban,Haven,MKOI,MKOI
459829,2025-03-27,2,pick,Pearl,FUT,FUT
459829,2025-03-27,3,pick,Lotus,MKOI,MKOI
459829,2025-03-27,4,ban,Ascent,FUT,FUT
459829,2025-03-27,5,ban,Icebox,MKOI,MKOI
459829,2025-03-27,6,decider,Split,,decider
459830,2025-03-28,0,ban,Pearl,FNC,FNC
459830,2025-03-28,1,ban,Ascent,NAVI,NAVI
459830,2025-03-28,2,pick,Split,FNC,FNC
459830,2025-03-28,3,pick,Fracture,NAVI,NAVI
459830,2025-03-28,4,ban,Lotus,FNC,FNC
459830,2025-03-28,5,ban,Icebox,NAVI,NAVI
459830,2025-03-28,6,decider,Haven,,decider
459831,2025-03-28,0,ban,Pearl,TL,TL
459831,2025-03-28,1,ban,Ascent,M8,M8
459831,2025-03-28,2,pick,Split,TL,TL
459831,2025-03-28,3,pick,Haven,M8,M8
459831,2025-03-28,4,ban,Lotus,TL,TL
459831,2025-03-28,5,ban,Fracture,M8,M8
459831,2025-03-28,6,decider,Icebox,,decider
459832,2025-04-02,0,ban,Pearl,TL,TL
459832,2025-04-02,1,ban,Split,BBL,BBL
459832,2025-04-02,2,pick,Fracture,TL,TL
459832,2025-04-02,3,pick,Haven,BBL,BBL
459832,2025-04-02,4,ban,Icebox,TL,TL
459832,2025-04-02,5,ban,Lotus,BBL,BBL
459832,2025-04-02,6,decider,Ascent,,decider
459833,2025-04-02,0,ban,Ascent,NAVI,NAVI
459833,2025-04-02,1,ban,Fracture,APK,APK
459833,2025-04-02,2,pick,Lotus,NAVI,NAVI
459833,2025-04-02,3,pick,Haven,APK,APK
459833,2025-04-02,4,ban,Pearl,NAVI,NAVI
459833,2025-04-02,5,ban,Icebox,APK,APK
459833,2025-04-02,6,decider,Split,,decider
459834,2025-04-03,0,ban,Ascent,M8,M8
459834,2025-04-03,1,ban,Haven,FUT,FUT
459834,2025-04-03,2,pick,Icebox,M8,M8
459834,2025-04-03,3,pick,Fracture,FUT,FUT
459834,2025-04-03,4,ban,Split,M8,M8
459834,2025-04-03,5,ban,Pearl,FUT,FUT
459834,2025-04-03,6,decider,Lotus,,decider
459835,2025-04-03,0,ban,Icebox,GX,GX
459835,2025-04-03,1,ban,Pearl,TH,TH
459835,2025-04-03,2,pick,Haven,GX,GX
459835,2025-04-03,3,pick,Split,TH,TH
459835,2025-04-03,4,ban,Ascent,GX,GX
459835,2025-04-03,5,ban,Fracture,TH,TH
459835,2025-04-03,6,decider,Lotus,,decider
459836,2025-04-04,0,ban,Icebox,FNC,FNC
459836,2025-04-04,1,ban,Pearl,VIT,VIT
459836,2025-04-04,2,pick,Split,FNC,FNC
459836,2025-04-04,3,pick,Lotus,VIT,VIT
459836,2025-04-04,4,ban,Fracture,FNC,FNC
459836,2025-04-04,5,ban,Ascent,VIT,VIT
459836,2025-04-04,6,decider,Haven,,decider
459837,2025-04-04,0,ban,Pearl,MKOI,MKOI
459837,2025-04-04,1,ban,Fracture,KC,KC
459837,2025-04-04,2,pick,Lotus,MKOI,MKOI
459837,2025-04-04,3,pick,Icebox,KC,KC
459837,2025-04-04,4,ban,Haven,MKOI,MKOI
459837,2025-04-04,5,ban,Split,KC,KC
459837,2025-04-04,6,decider,Ascent,,decider
459839,2025-04-09,0,ban,Lotus,BBL,BBL
459839,2025-04-09,1,ban,Haven,MKOI,MKOI
459839,2025-04-09,2,pick,Pearl,BBL,BBL
459839,2025-04-09,3,pick,Icebox,MKOI,MKOI
459839,2025-04-09,4,ban,Fracture,BBL,BBL
459839,2025-04-09,5,ban,Ascent,MKOI,MKOI
459839,2025-04-09,6,decider,Split,,decider
459840,2025-04-09,0,ban,Ascent,NAVI,NAVI
459840,2025-04-09,1,ban,Icebox,GX,GX
459840,2025-04-09,2,pick,Fracture,NAVI,NAVI
459840,2025-04-09,3,pick,Pearl,GX,GX
459840,2025-04-09,4,ban,Lotus,NAVI,NAVI
459840,2025-04-09,5,ban,Haven,GX,GX
459840,2025-04-09,6,decider,Split,,decider
459841,2025-04-10,0,ban,Fracture,FUT,FUT
459841,2025-04-10,1,ban,Pearl,TL,TL
459841,2025-04-10,2,pick,Lotus,FUT,FUT
459841,2025-04-10,3,pick,Split,TL,TL
459841,2025-04-10,4,ban,Ascent,FUT,FUT
459841,2025-04-10,5,ban,Icebox,TL,TL
459841,2025-04-10,6,decider,Haven,,decider
459842,2025-04-10,0,ban,Fracture,TH,TH
459842,2025-04-10,1,ban,Pearl,VIT,VIT
459842,2025-04-10,2,pick,Haven,TH,TH
459842,2025-04-10,3,pick,Icebox,VIT,VIT
459842,2025-04-10,4,ban,Lotus,TH,TH
459842,2025-04-10,5,ban,Ascent,VIT,VIT
459842,2025-04-10,6,decider,Split,,decider
459843,2025-04-11,0,ban,Fracture,APK,APK
459843,2025-04-11,1,ban,Pearl,FNC,FNC
459843,2025-04-11,2,pick,Lotus,APK,APK
459843,2025-04-11,3,pick,Split,FNC,FNC
459843,2025-04-11,4,ban,Haven,APK,APK
459843,2025-04-11,5,ban,Icebox,FNC,FNC
459843,2025-04-11,6,decider,Ascent,,decider
459844,2025-04-11,0,ban,Lotus,M8,M8
459844,2025-04-11,1,ban,Fracture,KC,KC
459844,2025-04-11,2,pick,Haven,M8,M8
459844,2025-04-11,3,pick,Pearl,KC,KC
459844,2025-04-11,4,ban,Split,M8,M8
459844,2025-04-11,5,ban,Ascent,KC,KC
459844,2025-04-11,6,decider,Icebox,,decider
459845,2025-04-16,0,ban,Fracture,APK,APK
459845,2025-04-16,1,ban,Pearl,VIT,VIT
459845,2025-04-16,2,pick,Ascent,APK,APK
459845,2025-04-16,3,pick,Lotus,VIT,VIT
459845,2025-04-16,4,ban,Icebox,APK,APK
459845,2025-04-16,5,ban,Split,VIT,VIT
459845,2025-04-16,6,decider,Haven,,decider
459846,2025-04-16,0,ban,Haven,MKOI,MKOI
459846,2025-04-16,1,ban,Pearl,TL,TL
459846,2025-04-16,2,pick,Lotus,MKOI,MKOI
459846,2025-04-16,3,pick,Split,TL,TL
459846,2025-04-16,4,ban,Fracture,MKOI,MKOI
459846,2025-04-16,5,ban,Ascent,TL,TL
459846,2025-04-16,6,decider,Icebox,,decider
459847,2025-04-17,0,ban,Icebox,BBL,BBL
459847,2025-04-17,1,ban,Pearl,M8,M8
459847,2025-04-17,2,pick,Lotus,BBL,BBL
459847,2025-04-17,3,pick,Haven,M8,M8
459847,2025-04-17,4,ban,Fracture,BBL,BBL
459847,2025-04-17,5,ban,Split,M8,M8
459847,2025-04-17,6,decider,Ascent,,decider
459848,2025-04-17,0,ban,Split,GX,GX
459848,2025-04-17,1,ban,Pearl,FNC,FNC
459848,2025-04-17,2,pick,Ascent,GX,GX
459848,2025-04-17,3,pick,Lotus,FNC,FNC
459848,2025-04-17,4,ban,Icebox,GX,GX
459848,2025-04-17,5,ban,Fracture,FNC,FNC
459848,2025-04-17,6,decider,Haven,,decider
459849,2025-04-18,0,ban,Icebox,FUT,FUT
459849,2025-04-18,1,ban,Fracture,KC,KC
459849,2025-04-18,2,pick,Pearl,FUT,FUT
459849,2025-04-18,3,pick,Lotus,KC,KC
459849,2025-04-18,4,ban,Split,FUT,FUT
459849,2025-04-18,5,ban,Haven,KC,KC
459849,2025-04-18,6,decider,Ascent,,decider
459850,2025-04-18,0,ban,Fracture,TH,TH
459850,2025-04-18,1,ban,Lotus,NAVI,NAVI
459850,2025-04-18,2,pick,Haven,TH,TH
459850,2025-04-18,3,pick,Pearl,NAVI,NAVI
459850,2025-04-18,4,ban,Ascent,TH,TH
459850,2025-04-18,5,ban,Icebox,NAVI,NAVI
459850,2025-04-18,6,decider,Split,,decider
459852,2025-04-23,0,ban,Lotus,BBL,BBL
459852,2025-04-23,1,ban,Haven,FUT,FUT
459852,2025-04-23,2,pick,Ascent,BBL,BBL
459852,2025-04-23,3,pick,Icebox,FUT,FUT
459852,2025-04-23,4,ban,Pearl,BBL,BBL
459852,2025-04-23,5,ban,Split,FUT,FUT
459852,2025-04-23,6,decider,Fracture,,decider
459853,2025-04-23,0,ban,Fracture,APK,APK
459853,2025-04-23,1,ban,Split,GX,GX
459853,2025-04-23,2,pick,Lotus,APK,APK
459853,2025-04-23,3,pick,Ascent,GX,GX
459853,2025-04-23,4,ban,Haven,APK,APK
459853,2025-04-23,5,ban,Pearl,GX,GX
459853,2025-04-23,6,decider,Icebox,,decider
459854,2025-04-24,0,ban,Lotus,M8,M8
459854,2025-04-24,1,ban,Haven,MKOI,MKOI
459854,2025-04-24,2,pick,Split,M8,M8
459854,2025-04-24,3,pick,Icebox,MKOI,MKOI
459854,2025-04-24,4,ban,Ascent,M8,M8
459854,2025-04-24,5,ban,Pearl,MKOI,MKOI
459854,2025-04-24,6,decider,Fracture,,decider
459855,2025-04-24,0,ban,Pearl,VIT,VIT
459855,2025-04-24,1,ban,Lotus,NAVI,NAVI
459855,2025-04-24,2,pick,Haven,VIT,VIT
459855,2025-04-24,3,pick,Icebox,NAVI,NAVI
459855,2025-04-24,4,ban,Split,VIT,VIT
459855,2025-04-24,5,ban,Fracture,NAVI,NAVI
459855,2025-04-24,6,decider,Ascent,,decider
459857,2025-05-02,0,ban,Pearl,FNC,FNC
459857,2025-05-02,1,ban,Split,TH,TH
459857,2025-05-02,2,pick,Lotus,FNC,FNC
459857,2025-05-02,3,pick,Haven,TH,TH
459857,2025-05-02,4,ban,Ascent,FNC,FNC
459857,2025-05-02,5,ban,Fracture,TH,TH
459857,2025-05-02,6,decider,Icebox,,decider
482503,2025-05-08,0,ban,Split,BBL,BBL
482503,2025-05-08,1,ban,Pearl,NAVI,NAVI
482503,2025-05-08,2,pick,Lotus,BBL,BBL
482503,2025-05-08,3,pick,Fracture,NAVI,NAVI
482503,2025-05-08,4,ban,Icebox,BBL,BBL
482503,2025-05-08,5,ban,Haven,NAVI,NAVI
482503,2025-05-08,6,decider,Ascent,,decider
482504,2025-05-08,0,ban,Icebox,FUT,FUT
482504,2025-05-08,1,ban,Pearl,FNC,FNC
482504,2025-05-08,2,pick,Lotus,FUT,FUT
482504,2025-05-08,3,pick,Split,FNC,FNC
482504,2025-05-08,4,ban,Fracture,FUT,FUT
482504,2025-05-08,5,ban,Ascent,FNC,FNC
482504,2025-05-08,6,decider,Haven,,decider
482505,2025-05-09,0,ban,Fracture,KC,KC
482505,2025-05-09,1,ban,Pearl,NAVI,NAVI
482505,2025-05-09,2,pick,Icebox,KC,KC
482505,2025-05-09,3,pick,Split,NAVI,NAVI
482505,2025-05-09,4,ban,Lotus,KC,KC
482505,2025-05-09,5,ban,Haven,NAVI,NAVI
482505,2025-05-09,6,decider,Ascent,,decider
482506,2025-05-09,0,ban,Icebox,FUT,FUT
482506,2025-05-09,1,ban,Pearl,VIT,VIT
482506,2025-05-09,2,pick,Fracture,FUT,FUT
482506,2025-05-09,3,pick,Split,VIT,VIT
482506,2025-05-09,4,ban,Haven,FUT,FUT
482506,2025-05-09,5,ban,Lotus,VIT,VIT
482506,2025-05-09,6,decider,Ascent,,decider
482507,2025-05-10,0,ban,Lotus,BBL,BBL
482507,2025-05-10,1,ban,Fracture,TH,TH
482507,2025-05-10,2,pick,Ascent,BBL,BBL
482507,2025-05-10,3,pick,Icebox,TH,TH
482507,2025-05-10,4,ban,Split,BBL,BBL
482507,2025-05-10,5,ban,Pearl,TH,TH
482507,2025-05-10,6,decider,Haven,,decider
482508,2025-05-10,0,ban,Pearl,TL,TL
482508,2025-05-10,1,ban,Ascent,FNC,FNC
482508,2025-05-10,2,pick,Split,TL,TL
482508,2025-05-10,3,pick,Icebox,FNC,FNC
482508,2025-05-10,4,ban,Haven,TL,TL
482508,2025-05-10,5,ban,Lotus,FNC,FNC
482508,2025-05-10,6,decider,Fracture,,decider
482509,2025-05-11,0,ban,Lotus,NAVI,NAVI
482509,2025-05-11,1,ban,Pearl,TL,TL
482509,2025-05-11,2,pick,Icebox,NAVI,NAVI
482509,2025-05-11,3,pick,Split,TL,TL
482509,2025-05-11,4,ban,Fracture,NAVI,NAVI
482509,2025-05-11,5,ban,Haven,TL,TL
482509,2025-05-11,6,decider,Ascent,,decider
482515,2025-05-16,0,ban,Pearl,FNC,FNC
482515,2025-05-16,1,ban,Split,TH,TH
482515,2025-05-16,2,pick,Fracture,FNC,FNC
482515,2025-05-16,3,pick,Icebox,TH,TH
482515,2025-05-16,4,ban,Haven,FNC,FNC
482515,2025-05-16,5,ban,Ascent,TH,TH
482515,2025-05-16,6,decider,Lotus,,decider
482511,2025-05-16,0,ban,Lotus,BBL,BBL
482511,2025-05-16,1,ban,Pearl,TL,TL
482511,2025-05-16,2,pick,Haven,BBL,BBL
482511,2025-05-16,3,pick,Split,TL,TL
482511,2025-05-16,4,ban,Ascent,BBL,BBL
482511,2025-05-16,5,ban,Icebox,TL,TL
482511,2025-05-16,6,decider,Fracture,,decider
482512,2025-05-17,0,ban,Fracture,TH,TH
482512,2025-05-17,1,ban,Pearl,TL,TL
482512,2025-05-17,2,pick,Haven,TH,TH
482512,2025-05-17,3,pick,Ascent,TL,TL
482512,2025-05-17,4,pick,Icebox,TH,TH
482512,2025-05-17,5,pick,Lotus,TL,TL
482512,2025-05-17,6,decider,Split,,decider
482513,2025-05-18,0,ban,Pearl,FNC,FNC
482513,2025-05-18,1,ban,Haven,FNC,FNC
482513,2025-05-18,2,pick,Split,FNC,FNC
482513,2025-05-18,3,pick,Icebox,TH,TH
482513,2025-05-18,4,pick,Fracture,FNC,FNC
482513,2025-05-18,5,pick,Lotus,TH,TH
482513,2025-05-18,6,decider,Ascent,,decider
490309,2025-06-07,0,ban,Haven,PRX,PRX
490309,2025-06-07,1,ban,Split,TH,TH
490309,2025-06-07,2,pick,Pearl,PRX,PRX
490309,2025-06-07,3,pick,Icebox,TH,TH
490309,2025-06-07,4,ban,Ascent,PRX,PRX
490309,2025-06-07,5,ban,Sunset,TH,TH
490309,2025-06-07,6,decider,Lotus,,decider
490307,2025-06-07,0,ban,Split,BLG,BLG
490307,2025-06-07,1,ban,Pearl,TL,TL
490307,2025-06-07,2,pick,Icebox,BLG,BLG
490307,2025-06-07,3,pick,Haven,TL,TL
490307,2025-06-07,4,ban,Lotus,BLG,BLG
490307,2025-06-07,5,ban,Ascent,TL,TL
490307,2025-06-07,6,decider,Sunset,,decider
490308,2025-06-08,0,ban,Haven,WOL,WOL
490308,2025-06-08,1,ban,Sunset,SEN,SEN
490308,2025-06-08,2,pick,Split,WOL,WOL
490308,2025-06-08,3,pick,Lotus,SEN,SEN
490308,2025-06-08,4,ban,Pearl,WOL,WOL
490308,2025-06-08,5,ban,Ascent,SEN,SEN
490308,2025-06-08,6,decider,Icebox,,decider
490306,2025-06-08,0,ban,Lotus,MIBR,MIBR
490306,2025-06-08,1,ban,Icebox,GEN,GEN
490306,2025-06-08,2,pick,Sunset,MIBR,MIBR
490306,2025-06-08,3,pick,Haven,GEN,GEN
490306,2025-06-08,4,ban,Pearl,MIBR,MIBR
490306,2025-06-08,5,ban,Split,GEN,GEN
490306,2025-06-08,6,decider,Ascent,,decider
490311,2025-06-09,0,ban,Haven,BLG,BLG
490311,2025-06-09,1,ban,Ascent,SEN,SEN
490311,2025-06-09,2,pick,Icebox,BLG,BLG
490311,2025-06-09,3,pick,Sunset,SEN,SEN
490311,2025-06-09,4,ban,Pearl,BLG,BLG
490311,2025-06-09,5,ban,Split,SEN,SEN
490311,2025-06-09,6,decider,Lotus,,decider
490310,2025-06-09,0,ban,Pearl,GEN,GEN
490310,2025-06-09,1,ban,Haven,PRX,PRX
490310,2025-06-09,2,pick,Ascent,GEN,GEN
490310,2025-06-09,3,pick,Icebox,PRX,PRX
490310,2025-06-09,4,ban,Sunset,GEN,GEN
490310,2025-06-09,5,ban,Lotus,PRX,PRX
490310,2025-06-09,6,decider,Split,,decider
490312,2025-06-10,0,ban,Haven,WOL,WOL
490312,2025-06-10,1,ban,Split,TH,TH
490312,2025-06-10,2,pick,Pearl,WOL,WOL
490312,2025-06-10,3,pick,Lotus,TH,TH
490312,2025-06-10,4,ban,Sunset,WOL,WOL
490312,2025-06-10,5,ban,Icebox,TH,TH
490312,2025-06-10,6,decider,Ascent,,decider
490313,2025-06-10,0,ban,Haven,MIBR,MIBR
490313,2025-06-10,1,ban,Pearl,TL,TL
490313,2025-06-10,2,pick,Icebox,MIBR,MIBR
490313,2025-06-10,3,pick,Sunset,TL,TL
490313,2025-06-10,4,ban,Lotus,MIBR,MIBR
490313,2025-06-10,5,ban,Ascent,TL,TL
490313,2025-06-10,6,decider,Split,,decider
490315,2025-06-11,0,ban,Haven,BLG,BLG
490315,2025-06-11,1,ban,Icebox,WOL,WOL
490315,2025-06-11,2,pick,Ascent,BLG,BLG
490315,2025-06-11,3,pick,Split,WOL,WOL
490315,2025-06-11,4,ban,Lotus,BLG,BLG
490315,2025-06-11,5,ban,Sunset,WOL,WOL
490315,2025-06-11,6,decider,Pearl,,decider
490314,2025-06-11,0,ban,Haven,PRX,PRX
490314,2025-06-11,1,ban,Pearl,TL,TL
490314,2025-06-11,2,pick,Split,PRX,PRX
490314,2025-06-11,3,pick,Sunset,TL,TL
490314,2025-06-11,4,ban,Ascent,PRX,PRX
490314,2025-06-11,5,ban,Icebox,TL,TL
490314,2025-06-11,6,decider,Lotus,,decider
498622,2025-06-13,0,ban,Haven,PRX,PRX
498622,2025-06-13,1,ban,Sunset,G2,G2
498622,2025-06-13,2,pick,Split,PRX,PRX
498622,2025-06-13,3,pick,Lotus,G2,G2
498622,2025-06-13,4,ban,Ascent,PRX,PRX
498622,2025-06-13,5,ban,Pearl,G2,G2
498622,2025-06-13,6,decider,Icebox,,decider
498621,2025-06-13,0,ban,Split,XLG,XLG
498621,2025-06-13,1,ban,Haven,SEN,SEN
498621,2025-06-13,2,pick,Sunset,XLG,XLG
498621,2025-06-13,3,pick,Lotus,SEN,SEN
498621,2025-06-13,4,ban,Ascent,XLG,XLG
498621,2025-06-13,5,ban,Icebox,SEN,SEN
498621,2025-06-13,6,decider,Pearl,,decider
498623,2025-06-14,0,ban,Haven,WOL,WOL
498623,2025-06-14,1,ban,Split,RRQ,RRQ
498623,2025-06-14,2,pick,Ascent,WOL,WOL
498623,2025-06-14,3,pick,Icebox,RRQ,RRQ
498623,2025-06-14,4,ban,Sunset,WOL,WOL
498623,2025-06-14,5,ban,Pearl,RRQ,RRQ
498623,2025-06-14,6,decider,Lotus,,decider
498624,2025-06-14,0,ban,Icebox,GEN,GEN
498624,2025-06-14,1,ban,Pearl,FNC,FNC
498624,2025-06-14,2,pick,Haven,GEN,GEN
498624,2025-06-14,3,pick,Split,FNC,FNC
498624,2025-06-14,4,ban,Lotus,GEN,GEN
498624,2025-06-14,5,ban,Ascent,FNC,FNC
498624,2025-06-14,6,decider,Sunset,,decider
498629,2025-06-15,0,ban,Split,XLG,XLG
498629,2025-06-15,1,ban,Sunset,G2,G2
498629,2025-06-15,2,pick,Icebox,XLG,XLG
498629,2025-06-15,3,pick,Haven,G2,G2
498629,2025-06-15,4,ban,Lotus,XLG,XLG
498629,2025-06-15,5,ban,Ascent,G2,G2
498629,2025-06-15,6,decider,Pearl,,decider
498630,2025-06-15,0,ban,Pearl,FNC,FNC
498630,2025-06-15,1,ban,Split,RRQ,RRQ
498630,2025-06-15,2,pick,Lotus,FNC,FNC
498630,2025-06-15,3,pick,Haven,RRQ,RRQ
498630,2025-06-15,4,ban,Sunset,FNC,FNC
498630,2025-06-15,5,ban,Icebox,RRQ,RRQ
498630,2025-06-15,6,decider,Ascent,,decider
498626,2025-06-16,0,ban,Haven,WOL,WOL
498626,2025-06-16,1,ban,Pearl,GEN,GEN
498626,2025-06-16,2,pick,Split,WOL,WOL
498626,2025-06-16,3,pick,Sunset,GEN,GEN
498626,2025-06-16,4,ban,Icebox,WOL,WOL
498626,2025-06-16,5,ban,Ascent,GEN,GEN
498626,2025-06-16,6,decider,Lotus,,decider
498625,2025-06-16,0,ban,Haven,PRX,PRX
498625,2025-06-16,1,ban,Icebox,SEN,SEN
498625,2025-06-16,2,pick,Split,PRX,PRX
498625,2025-06-16,3,pick,Sunset,SEN,SEN
498625,2025-06-16,4,ban,Ascent,PRX,PRX
498625,2025-06-16,5,ban,Lotus,SEN,SEN
498625,2025-06-16,6,decider,Pearl,,decider
498631,2025-06-17,0,ban,Sunset,G2,G2
498631,2025-06-17,1,ban,Pearl,GEN,GEN
498631,2025-06-17,2,pick,Lotus,G2,G2
498631,2025-06-17,3,pick,Haven,GEN,GEN
498631,2025-06-17,4,ban,Split,G2,G2
498631,2025-06-17,5,ban,Ascent,GEN,GEN
498631,2025-06-17,6,decider,Icebox,,decider
498632,2025-06-17,0,ban,Split,SEN,SEN
498632,2025-06-17,1,ban,Pearl,FNC,FNC
498632,2025-06-17,2,pick,Sunset,SEN,SEN
498632,2025-06-17,3,pick,Ascent,FNC,FNC
498632,2025-06-17,4,ban,Haven,SEN,SEN
498632,2025-06-17,5,ban,Lotus,FNC,FNC
498632,2025-06-17,6,decider,Icebox,,decider
498627,2025-06-20,0,ban,Haven,PRX,PRX
498627,2025-06-20,1,ban,Icebox,WOL,WOL
498627,2025-06-20,2,pick,Lotus,PRX,PRX
498627,2025-06-20,3,pick,Ascent,WOL,WOL
498627,2025-06-20,4,ban,Pearl,PRX,PRX
498627,2025-06-20,5,ban,Sunset,WOL,WOL
498627,2025-06-20,6,decider,Split,,decider
498633,2025-06-20,0,ban,Ascent,G2,G2
498633,2025-06-20,1,ban,Pearl,FNC,FNC
498633,2025-06-20,2,pick,Lotus,G2,G2
498633,2025-06-20,3,pick,Split,FNC,FNC
498633,2025-06-20,4,ban,Icebox,G2,G2
498633,2025-06-20,5,ban,Sunset,FNC,FNC
498633,2025-06-20,6,decider,Haven,,decider
498634,2025-06-21,0,ban,Pearl,FNC,FNC
498634,2025-06-21,1,ban,Haven,WOL,WOL
498634,2025-06-21,2,pick,Split,FNC,FNC
498634,2025-06-21,3,pick,Icebox,WOL,WOL
498634,2025-06-21,4,pick,Lotus,FNC,FNC
498634,2025-06-21,5,pick,Ascent,WOL,WOL
498634,2025-06-21,6,decider,Sunset,,decider
498628,2025-06-22,0,ban,Haven,PRX,PRX
498628,2025-06-22,1,ban,Ascent,PRX,PRX
498628,2025-06-22,2,pick,Sunset,PRX,PRX
498628,2025-06-22,3,pick,Icebox,FNC,FNC
498628,2025-06-22,4,pick,Pearl,PRX,PRX
498628,2025-06-22,5,pick,Lotus,FNC,FNC
498628,2025-06-22,6,decider,Split,,decider
488003,2025-05-16,0,ban,Lotus,100T,100T
488003,2025-05-16,1,ban,Fracture,FUR,FUR
488003,2025-05-16,2,pick,Haven,100T,100T
488003,2025-05-16,3,pick,Icebox,FUR,FUR
488003,2025-05-16,4,ban,Pearl,100T,100T
488003,2025-05-16,5,ban,Ascent,FUR,FUR
488003,2025-05-16,6,decider,Split,,decider
488004,2025-05-16,0,ban,Split,NRG,NRG
488004,2025-05-16,1,ban,Fracture,LEV,LEV
488004,2025-05-16,2,pick,Pearl,NRG,NRG
488004,2025-05-16,3,pick,Icebox,LEV,LEV
488004,2025-05-16,4,ban,Haven,NRG,NRG
488004,2025-05-16,5,ban,Ascent,LEV,LEV
488004,2025-05-16,6,decider,Lotus,,decider
488005,2025-05-16,0,ban,Pearl,C9,C9
488005,2025-05-16,1,ban,Fracture,2G,2G
488005,2025-05-16,2,pick,Lotus,C9,C9
488005,2025-05-16,3,pick,Haven,2G,2G
488005,2025-05-16,4,ban,Split,C9,C9
488005,2025-05-16,5,ban,Icebox,2G,2G
488005,2025-05-16,6,decider,Ascent,,decider
487989,2025-05-17,0,ban,Split,FUT,FUT
487989,2025-05-17,1,ban,Pearl,VIT,VIT
487989,2025-05-17,2,pick,Fracture,FUT,FUT
487989,2025-05-17,3,pick,Haven,VIT,VIT
487989,2025-05-17,4,ban,Ascent,FUT,FUT
487989,2025-05-17,5,ban,Icebox,VIT,VIT
487989,2025-05-17,6,decider,Lotus,,decider
487990,2025-05-17,0,ban,Fracture,KC,KC
487990,2025-05-17,1,ban,Lotus,NAVI,NAVI
487990,2025-05-17,2,pick,Haven,KC,KC
487990,2025-05-17,3,pick,Icebox,NAVI,NAVI
487990,2025-05-17,4,ban,Split,KC,KC
487990,2025-05-17,5,ban,Ascent,NAVI,NAVI
487990,2025-05-17,6,decider,Pearl,,decider
487992,2025-05-17,0,ban,Fracture,APK,APK
487992,2025-05-17,1,ban,Split,GX,GX
487992,2025-05-17,2,pick,Haven,APK,APK
487992,2025-05-17,3,pick,Lotus,GX,GX
487992,2025-05-17,4,ban,Icebox,APK,APK
487992,2025-05-17,5,ban,Pearl,GX,GX
487992,2025-05-17,6,decider,Ascent,,decider
488007,2025-05-17,0,ban,Lotus,100T,100T
488007,2025-05-17,1,ban,Split,NRG,NRG
488007,2025-05-17,2,pick,Haven,100T,100T
488007,2025-05-17,3,pick,Ascent,NRG,NRG
488007,2025-05-17,4,ban,Pearl,100T,100T
488007,2025-05-17,5,ban,Icebox,NRG,NRG
488007,2025-05-17,6,decider,Fracture,,decider
488008,2025-05-17,0,ban,Icebox,C9,C9
488008,2025-05-17,1,ban,Fracture,KRÜ,KRÜ
488008,2025-05-17,2,pick,Pearl,C9,C9
488008,2025-05-17,3,pick,Split,KRÜ,KRÜ
488008,2025-05-17,4,ban,Ascent,C9,C9
488008,2025-05-17,5,ban,Haven,KRÜ,KRÜ
488008,2025-05-17,6,decider,Lotus,,decider
488010,2025-05-17,0,ban,Pearl,FUR,FUR
488010,2025-05-17,1,ban,Fracture,LEV,LEV
488010,2025-05-17,2,pick,Icebox,FUR,FUR
488010,2025-05-17,3,pick,Lotus,LEV,LEV
488010,2025-05-17,4,ban,Haven,FUR,FUR
488010,2025-05-17,5,ban,Ascent,LEV,LEV
488010,2025-05-17,6,decider,Split,,decider
487991,2025-05-18,0,ban,Icebox,FUT,FUT
487991,2025-05-18,1,ban,Fracture,KC,KC
487991,2025-05-18,2,pick,Lotus,FUT,FUT
487991,2025-05-18,3,pick,Ascent,KC,KC
487991,2025-05-18,4,ban,Split,FUT,FUT
487991,2025-05-18,5,ban,Pearl,KC,KC
487991,2025-05-18,6,decider,Haven,,decider
487994,2025-05-18,0,ban,Split,GX,GX
487994,2025-05-18,1,ban,Lotus,NAVI,NAVI
487994,2025-05-18,2,pick,Ascent,GX,GX
487994,2025-05-18,3,pick,Pearl,NAVI,NAVI
487994,2025-05-18,4,ban,Icebox,GX,GX
487994,2025-05-18,5,ban,Haven,NAVI,NAVI
487994,2025-05-18,6,decider,Fracture,,decider
487995,2025-05-18,0,ban,Pearl,VIT,VIT
487995,2025-05-18,1,ban,Lotus,M8,M8
487995,2025-05-18,2,pick,Split,VIT,VIT
487995,2025-05-18,3,pick,Icebox,M8,M8
487995,2025-05-18,4,ban,Fracture,VIT,VIT
487995,2025-05-18,5,ban,Ascent,M8,M8
487995,2025-05-18,6,decider,Haven,,decider
488009,2025-05-18,0,ban,Lotus,100T,100T
488009,2025-05-18,1,ban,Icebox,C9,C9
488009,2025-05-18,2,pick,Haven,100T,100T
488009,2025-05-18,3,pick,Split,C9,C9
488009,2025-05-18,4,ban,Ascent,100T,100T
488009,2025-05-18,5,ban,Pearl,C9,C9
488009,2025-05-18,6,decider,Fracture,,decider
488012,2025-05-18,0,ban,Icebox,LEV,LEV
488012,2025-05-18,1,ban,Lotus,KRÜ,KRÜ
488012,2025-05-18,2,pick,Haven,LEV,LEV
488012,2025-05-18,3,pick,Pearl,KRÜ,KRÜ
488012,2025-05-18,4,ban,Split,LEV,LEV
488012,2025-05-18,5,ban,Fracture,KRÜ,KRÜ
488012,2025-05-18,6,decider,Ascent,,decider
488013,2025-05-18,0,ban,Ascent,NRG,NRG
488013,2025-05-18,1,ban,Fracture,2G,2G
488013,2025-05-18,2,pick,Pearl,NRG,NRG
488013,2025-05-18,3,pick,Haven,2G,2G
488013,2025-05-18,4,ban,Split,NRG,NRG
488013,2025-05-18,5,ban,Icebox,2G,2G
488013,2025-05-18,6,decider,Lotus,,decider
487996,2025-05-19,0,ban,Pearl,M8,M8
487996,2025-05-19,1,ban,Haven,NAVI,NAVI
487996,2025-05-19,2,pick,Fracture,M8,M8
487996,2025-05-19,3,pick,Ascent,NAVI,NAVI
487996,2025-05-19,4,ban,Lotus,M8,M8
487996,2025-05-19,5,ban,Split,NAVI,NAVI
487996,2025-05-19,6,decider,Icebox,,decider
488014,2025-05-19,0,ban,Split,NRG,NRG
488014,2025-05-19,1,ban,Fracture,KRÜ,KRÜ
488014,2025-05-19,2,pick,Lotus,NRG,NRG
488014,2025-05-19,3,pick,Icebox,KRÜ,KRÜ
488014,2025-05-19,4,ban,Ascent,NRG,NRG
488014,2025-05-19,5,ban,Haven,KRÜ,KRÜ
488014,2025-05-19,6,decider,Pearl,,decider
487997,2025-05-20,0,ban,Icebox,FUT,FUT
487997,2025-05-20,1,ban,Lotus,NAVI,NAVI
487997,2025-05-20,2,pick,Pearl,FUT,FUT
487997,2025-05-20,3,pick,Ascent,NAVI,NAVI
487997,2025-05-20,4,ban,Split,FUT,FUT
487997,2025-05-20,5,ban,Fracture,NAVI,NAVI
487997,2025-05-20,6,decider,Haven,,decider
488015,2025-05-20,0,ban,Pearl,C9,C9
488015,2025-05-20,1,ban,Lotus,NRG,NRG
488015,2025-05-20,2,pick,Split,C9,C9
488015,2025-05-20,3,pick,Icebox,NRG,NRG
488015,2025-05-20,4,ban,Haven,C9,C9
488015,2025-05-20,5,ban,Ascent,NRG,NRG
488015,2025-05-20,6,decider,Fracture,,decider
487998,2025-05-23,0,ban,Lotus,FUT,FUT
487998,2025-05-23,1,ban,Pearl,TL,TL
487998,2025-05-23,2,pick,Haven,FUT,FUT
487998,2025-05-23,3,pick,Split,TL,TL
487998,2025-05-23,4,ban,Ascent,FUT,FUT
487998,2025-05-23,5,ban,Icebox,TL,TL
487998,2025-05-23,6,decider,Fracture,,decider
487999,2025-05-23,0,ban,Icebox,BBL,BBL
487999,2025-05-23,1,ban,Fracture,KC,KC
487999,2025-05-23,2,pick,Ascent,BBL,BBL
487999,2025-05-23,3,pick,Haven,KC,KC
487999,2025-05-23,4,ban,Lotus,BBL,BBL
487999,2025-05-23,5,ban,Split,KC,KC
487999,2025-05-23,6,decider,Pearl,,decider
488016,2025-05-23,0,ban,Lotus,NRG,NRG
488016,2025-05-23,1,ban,Fracture,MIBR,MIBR
488016,2025-05-23,2,pick,Split,NRG,NRG
488016,2025-05-23,3,pick,Icebox,MIBR,MIBR
488016,2025-05-23,4,ban,Ascent,NRG,NRG
488016,2025-05-23,5,ban,Pearl,MIBR,MIBR
488016,2025-05-23,6,decider,Haven,,decider
488017,2025-05-23,0,ban,Lotus,100T,100T
488017,2025-05-23,1,ban,Haven,EG,EG
488017,2025-05-23,2,pick,Icebox,100T,100T
488017,2025-05-23,3,pick,Pearl,EG,EG
488017,2025-05-23,4,ban,Fracture,100T,100T
488017,2025-05-23,5,ban,Ascent,EG,EG
488017,2025-05-23,6,decider,Split,,decider
488000,2025-05-24,0,ban,Pearl,TL,TL
488000,2025-05-24,1,ban,Fracture,BBL,BBL
488000,2025-05-24,2,pick,Lotus,TL,TL
488000,2025-05-24,3,pick,Icebox,BBL,BBL
488000,2025-05-24,4,pick,Ascent,TL,TL
488000,2025-05-24,5,pick,Haven,BBL,BBL
488000,2025-05-24,6,decider,Split,,decider
488001,2025-05-24,0,ban,Icebox,FUT,FUT
488001,2025-05-24,1,ban,Fracture,KC,KC
488001,2025-05-24,2,pick,Ascent,FUT,FUT
488001,2025-05-24,3,pick,Haven,KC,KC
488001,2025-05-24,4,ban,Lotus,FUT,FUT
488001,2025-05-24,5,ban,Split,KC,KC
488001,2025-05-24,6,decider,Pearl,,decider
488018,2025-05-24,0,ban,Lotus,100T,100T
488018,2025-05-24,1,ban,Fracture,NRG,NRG
488018,2025-05-24,2,pick,Pearl,100T,100T
488018,2025-05-24,3,pick,Split,NRG,NRG
488018,2025-05-24,4,pick,Haven,100T,100T
488018,2025-05-24,5,pick,Icebox,NRG,NRG
488018,2025-05-24,6,decider,Ascent,,decider
488019,2025-05-24,0,ban,Haven,EG,EG
488019,2025-05-24,1,ban,Fracture,MIBR,MIBR
488019,2025-05-24,2,pick,Lotus,EG,EG
488019,2025-05-24,3,pick,Icebox,MIBR,MIBR
488019,2025-05-24,4,ban,Ascent,EG,EG
488019,2025-05-24,5,ban,Pearl,MIBR,MIBR
488019,2025-05-24,6,decider,Split,,decider
488002,2025-05-25,0,ban,Pearl,TL,TL
488002,2025-05-25,1,ban,Fracture,KC,KC
488002,2025-05-25,2,pick,Split,TL,TL
488002,2025-05-25,3,pick,Icebox,KC,KC
488002,2025-05-25,4,pick,Lotus,TL,TL
488002,2025-05-25,5,pick,Haven,KC,KC
488002,2025-05-25,6,decider,Ascent,,decider
488020,2025-05-25,0,ban,Fracture,MIBR,MIBR
488020,2025-05-25,1,ban,Lotus,100T,100T
488020,2025-05-25,2,pick,Icebox,MIBR,MIBR
488020,2025-05-25,3,pick,Split,100T,100T
488020,2025-05-25,4,pick,Haven,MIBR,MIBR
488020,2025-05-25,5,pick,Ascent,100T,100T
488020,2025-05-25,6,decider,Pearl,,decider
510127,2025-07-08,0,ban,Haven,PRX,PRX
510127,2025-07-08,1,ban,Pearl,BLG,BLG
510127,2025-07-08,2,ban,Icebox,PRX,PRX
510127,2025-07-08,3,ban,Split,BLG,BLG
510127,2025-07-08,4,ban,Ascent,PRX,PRX
510127,2025-07-08,5,ban,Sunset,BLG,BLG
510127,2025-07-08,6,decider,Lotus,,decider
510128,2025-07-08,0,ban,Split,KC,KC
510128,2025-07-08,1,ban,Icebox,G2,G2
510128,2025-07-08,2,ban,Ascent,KC,KC
510128,2025-07-08,3,ban,Haven,G2,G2
510128,2025-07-08,4,ban,Pearl,KC,KC
510128,2025-07-08,5,ban,Lotus,G2,G2
510128,2025-07-08,6,decider,Sunset,,decider
510133,2025-07-08,0,ban,Sunset,BBL,BBL
510133,2025-07-08,1,ban,Pearl,SEN,SEN
510133,2025-07-08,2,ban,Lotus,BBL,BBL
510133,2025-07-08,3,ban,Ascent,SEN,SEN
510133,2025-07-08,4,ban,Split,BBL,BBL
510133,2025-07-08,5,ban,Haven,SEN,SEN
510133,2025-07-08,6,decider,Icebox,,decider
510134,2025-07-08,0,ban,Pearl,KRX,KRX
510134,2025-07-08,1,ban,Ascent,XLG,XLG
510134,2025-07-08,2,ban,Sunset,KRX,KRX
510134,2025-07-08,3,ban,Split,XLG,XLG
510134,2025-07-08,4,ban,Icebox,KRX,KRX
510134,2025-07-08,5,ban,Lotus,XLG,XLG
510134,2025-07-08,6,decider,Haven,,decider
510139,2025-07-08,0,ban,Ascent,TEC,TEC
510139,2025-07-08,1,ban,Split,RRQ,RRQ
510139,2025-07-08,2,ban,Pearl,TEC,TEC
510139,2025-07-08,3,ban,Lotus,RRQ,RRQ
510139,2025-07-08,4,ban,Haven,TEC,TEC
510139,2025-07-08,5,ban,Icebox,RRQ,RRQ
510139,2025-07-08,6,decider,Sunset,,decider
510138,2025-07-08,0,ban,Ascent,NRG,NRG
510138,2025-07-08,1,ban,Split,TH,TH
510138,2025-07-08,2,ban,Haven,NRG,NRG
510138,2025-07-08,3,ban,Pearl,TH,TH
510138,2025-07-08,4,ban,Sunset,NRG,NRG
510138,2025-07-08,5,ban,Icebox,TH,TH
510138,2025-07-08,6,decider,Lotus,,decider
510144,2025-07-08,0,ban,Split,EDG,EDG
510144,2025-07-08,1,ban,Sunset,GEN,GEN
510144,2025-07-08,2,ban,Pearl,EDG,EDG
510144,2025-07-08,3,ban,Ascent,GEN,GEN
510144,2025-07-08,4,ban,Haven,EDG,EDG
510144,2025-07-08,5,ban,Lotus,GEN,GEN
510144,2025-07-08,6,decider,Icebox,,decider
510143,2025-07-08,0,ban,Lotus,100T,100T
510143,2025-07-08,1,ban,Pearl,FNC,FNC
510143,2025-07-08,2,ban,Split,100T,100T
510143,2025-07-08,3,ban,Haven,FNC,FNC
510143,2025-07-08,4,ban,Sunset,100T,100T
510143,2025-07-08,5,ban,Ascent,FNC,FNC
510143,2025-07-08,6,decider,Icebox,,decider
510129,2025-07-08,0,ban,Haven,PRX,PRX
510129,2025-07-08,1,ban,Split,KC,KC
510129,2025-07-08,2,pick,Lotus,PRX,PRX
510129,2025-07-08,3,pick,Icebox,KC,KC
510129,2025-07-08,4,ban,Ascent,PRX,PRX
510129,2025-07-08,5,ban,Pearl,KC,KC
510129,2025-07-08,6,decider,Sunset,,decider
510135,2025-07-08,0,ban,Split,BBL,BBL
510135,2025-07-08,1,ban,Pearl,KRX,KRX
510135,2025-07-08,2,pick,Sunset,BBL,BBL
510135,2025-07-08,3,pick,Ascent,KRX,KRX
510135,2025-07-08,4,ban,Lotus,BBL,BBL
510135,2025-07-08,5,ban,Icebox,KRX,KRX
510135,2025-07-08,6,decider,Haven,,decider
510145,2025-07-08,0,ban,Split,GEN,GEN
510145,2025-07-08,1,ban,Pearl,FNC,FNC
510145,2025-07-08,2,pick,Ascent,GEN,GEN
510145,2025-07-08,3,pick,Icebox,FNC,FNC
510145,2025-07-08,4,ban,Lotus,GEN,GEN
510145,2025-07-08,5,ban,Haven,FNC,FNC
510145,2025-07-08,6,decider,Sunset,,decider
510140,2025-07-08,0,ban,Haven,NRG,NRG
510140,2025-07-08,1,ban,Lotus,RRQ,RRQ
510140,2025-07-08,2,pick,Split,NRG,NRG
510140,2025-07-08,3,pick,Pearl,RRQ,RRQ
510140,2025-07-08,4,ban,Sunset,NRG,NRG
510140,2025-07-08,5,ban,Ascent,RRQ,RRQ
510140,2025-07-08,6,decider,Icebox,,decider
510131,2025-07-09,0,ban,Split,BLG,BLG
510131,2025-07-09,1,ban,Ascent,G2,G2
510131,2025-07-09,2,pick,Sunset,BLG,BLG
510131,2025-07-09,3,pick,Pearl,G2,G2
510131,2025-07-09,4,ban,Lotus,BLG,BLG
510131,2025-07-09,5,ban,Haven,G2,G2
510131,2025-07-09,6,decider,Icebox,,decider
510136,2025-07-09,0,ban,Split,XLG,XLG
510136,2025-07-09,1,ban,Ascent,SEN,SEN
510136,2025-07-09,2,pick,Lotus,XLG,XLG
510136,2025-07-09,3,pick,Sunset,SEN,SEN
510136,2025-07-09,4,ban,Pearl,XLG,XLG
510136,2025-07-09,5,ban,Icebox,SEN,SEN
510136,2025-07-09,6,decider,Haven,,decider
510146,2025-07-09,0,ban,Lotus,100T,100T
510146,2025-07-09,1,ban,Split,EDG,EDG
510146,2025-07-09,2,pick,Haven,100T,100T
510146,2025-07-09,3,pick,Sunset,EDG,EDG
510146,2025-07-09,4,ban,Pearl,100T,100T
510146,2025-07-09,5,ban,Icebox,EDG,EDG
510146,2025-07-09,6,decider,Ascent,,decider
510141,2025-07-09,0,ban,Pearl,TEC,TEC
510141,2025-07-09,1,ban,Split,TH,TH
510141,2025-07-09,2,pick,Icebox,TEC,TEC
510141,2025-07-09,3,pick,Haven,TH,TH
510141,2025-07-09,4,ban,Ascent,TEC,TEC
510141,2025-07-09,5,ban,Lotus,TH,TH
510141,2025-07-09,6,decider,Sunset,,decider
510132,2025-07-10,0,ban,Ascent,KC,KC
510132,2025-07-10,1,ban,Haven,BLG,BLG
510132,2025-07-10,2,pick,Icebox,KC,KC
510132,2025-07-10,3,pick,Lotus,BLG,BLG
510132,2025-07-10,4,ban,Split,KC,KC
510132,2025-07-10,5,ban,Pearl,BLG,BLG
510132,2025-07-10,6,decider,Sunset,,decider
510137,2025-07-10,0,ban,Pearl,KRX,KRX
510137,2025-07-10,1,ban,Split,SEN,SEN
510137,2025-07-10,2,pick,Lotus,KRX,KRX
510137,2025-07-10,3,pick,Sunset,SEN,SEN
510137,2025-07-10,4,ban,Icebox,KRX,KRX
510137,2025-07-10,5,ban,Ascent,SEN,SEN
510137,2025-07-10,6,decider,Haven,,decider
510142,2025-07-10,0,ban,Pearl,TH,TH
510142,2025-07-10,1,ban,Lotus,RRQ,RRQ
510142,2025-07-10,2,pick,Sunset,TH,TH
510142,2025-07-10,3,pick,Icebox,RRQ,RRQ
510142,2025-07-10,4,ban,Split,TH,TH
510142,2025-07-10,5,ban,Haven,RRQ,RRQ
510142,2025-07-10,6,decider,Ascent,,decider
510147,2025-07-10,0,ban,Split,EDG,EDG
510147,2025-07-10,1,ban,Sunset,GEN,GEN
510147,2025-07-10,2,pick,Lotus,EDG,EDG
510147,2025-07-10,3,pick,Haven,GEN,GEN
510147,2025-07-10,4,ban,Pearl,EDG,EDG
510147,2025-07-10,5,ban,Ascent,GEN,GEN
510147,2025-07-10,6,decider,Icebox,,decider
510149,2025-07-11,0,ban,Split,KC,KC
510149,2025-07-11,1,ban,Pearl,FNC,FNC
510149,2025-07-11,2,pick,Sunset,KC,KC
510149,2025-07-11,3,pick,Ascent,FNC,FNC
510149,2025-07-11,4,ban,Lotus,KC,KC
510149,2025-07-11,5,ban,Haven,FNC,FNC
510149,2025-07-11,6,decider,Icebox,,decider
510150,2025-07-11,0,ban,Haven,PRX,PRX
510150,2025-07-11,1,ban,Split,SEN,SEN
510150,2025-07-11,2,pick,Icebox,PRX,PRX
510150,2025-07-11,3,pick,Sunset,SEN,SEN
510150,2025-07-11,4,ban,Ascent,PRX,PRX
510150,2025-07-11,5,ban,Pearl,SEN,SEN
510150,2025-07-11,6,decider,Lotus,,decider
510151,2025-07-11,0,ban,Pearl,GEN,GEN
510151,2025-07-11,1,ban,Haven,NRG,NRG
510151,2025-07-11,2,pick,Sunset,GEN,GEN
510151,2025-07-11,3,pick,Icebox,NRG,NRG
510151,2025-07-11,4,ban,Split,GEN,GEN
510151,2025-07-11,5,ban,Ascent,NRG,NRG
510151,2025-07-11,6,decider,Lotus,,decider
510152,2025-07-11,0,ban,Sunset,BBL,BBL
510152,2025-07-11,1,ban,Pearl,TH,TH
510152,2025-07-11,2,pick,Ascent,BBL,BBL
510152,2025-07-11,3,pick,Haven,TH,TH
510152,2025-07-11,4,ban,Lotus,BBL,BBL
510152,2025-07-11,5,ban,Split,TH,TH
510152,2025-07-11,6,decider,Icebox,,decider
510153,2025-07-12,0,ban,Haven,PRX,PRX
510153,2025-07-12,1,ban,Pearl,FNC,FNC
510153,2025-07-12,2,pick,Sunset,PRX,PRX
510153,2025-07-12,3,pick,Ascent,FNC,FNC
510153,2025-07-12,4,ban,Icebox,PRX,PRX
510153,2025-07-12,5,ban,Lotus,FNC,FNC
510153,2025-07-12,6,decider,Split,,decider
510154,2025-07-12,0,ban,Split,TH,TH
510154,2025-07-12,1,ban,Sunset,GEN,GEN
510154,2025-07-12,2,pick,Ascent,TH,TH
510154,2025-07-12,3,pick,Haven,GEN,GEN
510154,2025-07-12,4,ban,Pearl,TH,TH
510154,2025-07-12,5,ban,Icebox,GEN,GEN
510154,2025-07-12,6,decider,Lotus,,decider
510156,2025-07-13,0,ban,Haven,PRX,PRX
510156,2025-07-13,1,ban,Pearl,GEN,GEN
510156,2025-07-13,2,pick,Sunset,PRX,PRX
510156,2025-07-13,3,pick,Ascent,GEN,GEN
510156,2025-07-13,4,ban,Split,PRX,PRX
510156,2025-07-13,5,ban,Icebox,GEN,GEN
510156,2025-07-13,6,decider,Lotus,,decider
510155,2025-07-13,0,ban,Pearl,FNC,FNC
510155,2025-07-13,1,ban,Split,TH,TH
510155,2025-07-13,2,pick,Lotus,FNC,FNC
510155,2025-07-13,3,pick,Sunset,TH,TH
510155,2025-07-13,4,pick,Icebox,FNC,FNC
510155,2025-07-13,5,pick,Haven,TH,TH
510155,2025-07-13,6,decider,Ascent,,decider
511543,2025-07-16,0,ban,Lotus,NAVI,NAVI
511543,2025-07-16,1,ban,Bind,APK,APK
511543,2025-07-16,2,pick,Icebox,NAVI,NAVI
511543,2025-07-16,3,pick,Sunset,APK,APK
511543,2025-07-16,4,ban,Haven,NAVI,NAVI
511543,2025-07-16,5,ban,Ascent,APK,APK
511543,2025-07-16,6,decider,Corrode,,decider
511544,2025-07-16,0,ban,Ascent,VIT,VIT
511544,2025-07-16,1,ban,Corrode,GX,GX
511544,2025-07-16,2,pick,Sunset,VIT,VIT
511544,2025-07-16,3,pick,Bind,GX,GX
511544,2025-07-16,4,ban,Icebox,VIT,VIT
511544,2025-07-16,5,ban,Haven,GX,GX
511544,2025-07-16,6,decider,Lotus,,decider
511545,2025-07-17,0,ban,Icebox,FUT,FUT
511545,2025-07-17,1,ban,Corrode,M8,M8
511545,2025-07-17,2,pick,Bind,FUT,FUT
511545,2025-07-17,3,pick,Sunset,M8,M8
511545,2025-07-17,4,ban,Haven,FUT,FUT
511545,2025-07-17,5,ban,Ascent,M8,M8
511545,2025-07-17,6,decider,Lotus,,decider
511546,2025-07-17,0,ban,Haven,TL,TL
511546,2025-07-17,1,ban,Corrode,MKOI,MKOI
511546,2025-07-17,2,pick,Bind,TL,TL
511546,2025-07-17,3,pick,Icebox,MKOI,MKOI
511546,2025-07-17,4,ban,Sunset,TL,TL
511546,2025-07-17,5,ban,Ascent,MKOI,MKOI
511546,2025-07-17,6,decider,Lotus,,decider
511547,2025-07-18,0,ban,Bind,BBL,BBL
511547,2025-07-18,1,ban,Corrode,TH,TH
511547,2025-07-18,2,pick,Icebox,BBL,BBL
511547,2025-07-18,3,pick,Haven,TH,TH
511547,2025-07-18,4,ban,Ascent,BBL,BBL
511547,2025-07-18,5,ban,Lotus,TH,TH
511547,2025-07-18,6,decider,Sunset,,decider
511548,2025-07-18,0,ban,Ascent,KC,KC
511548,2025-07-18,1,ban,Corrode,FNC,FNC
511548,2025-07-18,2,pick,Bind,KC,KC
511548,2025-07-18,3,pick,Lotus,FNC,FNC
511548,2025-07-18,4,ban,Sunset,KC,KC
511548,2025-07-18,5,ban,Haven,FNC,FNC
511548,2025-07-18,6,decider,Icebox,,decider
511549,2025-07-23,0,ban,Ascent,KC,KC
511549,2025-07-23,1,ban,Bind,APK,APK
511549,2025-07-23,2,pick,Icebox,KC,KC
511549,2025-07-23,3,pick,Sunset,APK,APK
511549,2025-07-23,4,ban,Corrode,KC,KC
511549,2025-07-23,5,ban,Haven,APK,APK
511549,2025-07-23,6,decider,Lotus,,decider
511550,2025-07-23,0,ban,Bind,BBL,BBL
511550,2025-07-23,1,ban,Ascent,GX,GX
511550,2025-07-23,2,pick,Icebox,BBL,BBL
511550,2025-07-23,3,pick,Lotus,GX,GX
511550,2025-07-23,4,ban,Sunset,BBL,BBL
511550,2025-07-23,5,ban,Haven,GX,GX
511550,2025-07-23,6,decider,Corrode,,decider
511551,2025-07-24,0,ban,Lotus,NAVI,NAVI
511551,2025-07-24,1,ban,Icebox,TL,TL
511551,2025-07-24,2,pick,Corrode,NAVI,NAVI
511551,2025-07-24,3,pick,Sunset,TL,TL
511551,2025-07-24,4,ban,Haven,NAVI,NAVI
511551,2025-07-24,5,ban,Ascent,TL,TL
511551,2025-07-24,6,decider,Bind,,decider
511552,2025-07-24,0,ban,Sunset,M8,M8
511552,2025-07-24,1,ban,Icebox,TH,TH
511552,2025-07-24,2,pick,Corrode,M8,M8
511552,2025-07-24,3,pick,Ascent,TH,TH
511552,2025-07-24,4,ban,Haven,M8,M8
511552,2025-07-24,5,ban,Lotus,TH,TH
511552,2025-07-24,6,decider,Bind,,decider
511553,2025-07-25,0,ban,Icebox,FUT,FUT
511553,2025-07-25,1,ban,Ascent,VIT,VIT
511553,2025-07-25,2,pick,Haven,FUT,FUT
511553,2025-07-25,3,pick,Lotus,VIT,VIT
511553,2025-07-25,4,ban,Corrode,FUT,FUT
511553,2025-07-25,5,ban,Sunset,VIT,VIT
511553,2025-07-25,6,decider,Bind,,decider
511554,2025-07-25,0,ban,Corrode,FNC,FNC
511554,2025-07-25,1,ban,Bind,MKOI,MKOI
511554,2025-07-25,2,pick,Ascent,FNC,FNC
511554,2025-07-25,3,pick,Haven,MKOI,MKOI
511554,2025-07-25,4,ban,Icebox,FNC,FNC
511554,2025-07-25,5,ban,Lotus,MKOI,MKOI
511554,2025-07-25,6,decider,Sunset,,decider
511562,2025-07-30,0,ban,Icebox,FUT,FUT
511562,2025-07-30,1,ban,Ascent,GX,GX
511562,2025-07-30,2,pick,Sunset,FUT,FUT
511562,2025-07-30,3,pick,Haven,GX,GX
511562,2025-07-30,4,ban,Lotus,FUT,FUT
511562,2025-07-30,5,ban,Corrode,GX,GX
511562,2025-07-30,6,decider,Bind,,decider
511563,2025-07-30,0,ban,Bind,BBL,BBL
511563,2025-07-30,1,ban,Icebox,M8,M8
511563,2025-07-30,2,pick,Sunset,BBL,BBL
511563,2025-07-30,3,pick,Lotus,M8,M8
511563,2025-07-30,4,ban,Corrode,BBL,BBL
511563,2025-07-30,5,ban,Haven,M8,M8
511563,2025-07-30,6,decider,Ascent,,decider
511564,2025-07-31,0,ban,Bind,APK,APK
511564,2025-07-31,1,ban,Sunset,TL,TL
511564,2025-07-31,2,pick,Ascent,APK,APK
511564,2025-07-31,3,pick,Corrode,TL,TL
511564,2025-07-31,4,ban,Icebox,APK,APK
511564,2025-07-31,5,ban,Haven,TL,TL
511564,2025-07-31,6,decider,Lotus,,decider
511565,2025-07-31,0,ban,Bind,MKOI,MKOI
511565,2025-07-31,1,ban,Ascent,KC,KC
511565,2025-07-31,2,pick,Lotus,MKOI,MKOI
511565,2025-07-31,3,pick,Sunset,KC,KC
511565,2025-07-31,4,ban,Icebox,MKOI,MKOI
511565,2025-07-31,5,ban,Corrode,KC,KC
511565,2025-07-31,6,decider,Haven,,decider
511566,2025-08-01,0,ban,Lotus,NAVI,NAVI
511566,2025-08-01,1,ban,Corrode,FNC,FNC
511566,2025-08-01,2,pick,Bind,NAVI,NAVI
511566,2025-08-01,3,pick,Ascent,FNC,FNC
511566,2025-08-01,4,ban,Sunset,NAVI,NAVI
511566,2025-08-01,5,ban,Haven,FNC,FNC
511566,2025-08-01,6,decider,Icebox,,decider
511567,2025-08-01,0,ban,Icebox,TH,TH
511567,2025-08-01,1,ban,Sunset,VIT,VIT
511567,2025-08-01,2,pick,Haven,TH,TH
511567,2025-08-01,3,pick,Ascent,VIT,VIT
511567,2025-08-01,4,ban,Corrode,TH,TH
511567,2025-08-01,5,ban,Bind,VIT,VIT
511567,2025-08-01,6,decider,Lotus,,decider
511568,2025-08-06,0,ban,Corrode,TH,TH
511568,2025-08-06,1,ban,Sunset,FUT,FUT
511568,2025-08-06,2,pick,Haven,TH,TH
511568,2025-08-06,3,pick,Bind,FUT,FUT
511568,2025-08-06,4,ban,Icebox,TH,TH
511568,2025-08-06,5,ban,Lotus,FUT,FUT
511568,2025-08-06,6,decider,Ascent,,decider
511569,2025-08-06,0,ban,Sunset,MKOI,MKOI
511569,2025-08-06,1,ban,Icebox,APK,APK
511569,2025-08-06,2,pick,Lotus,MKOI,MKOI
511569,2025-08-06,3,pick,Ascent,APK,APK
511569,2025-08-06,4,ban,Corrode,MKOI,MKOI
511569,2025-08-06,5,ban,Bind,APK,APK
511569,2025-08-06,6,decider,Haven,,decider
511570,2025-08-07,0,ban,Sunset,M8,M8
511570,2025-08-07,1,ban,Lotus,GX,GX
511570,2025-08-07,2,pick,Corrode,M8,M8
511570,2025-08-07,3,pick,Ascent,GX,GX
511570,2025-08-07,4,ban,Bind,M8,M8
511570,2025-08-07,5,ban,Icebox,GX,GX
511570,2025-08-07,6,decider,Haven,,decider
511571,2025-08-07,0,ban,Icebox,KC,KC
511571,2025-08-07,1,ban,Lotus,NAVI,NAVI
511571,2025-08-07,2,pick,Sunset,KC,KC
511571,2025-08-07,3,pick,Corrode,NAVI,NAVI
511571,2025-08-07,4,ban,Ascent,KC,KC
511571,2025-08-07,5,ban,Haven,NAVI,NAVI
511571,2025-08-07,6,decider,Bind,,decider
511572,2025-08-08,0,ban,Sunset,VIT,VIT
511572,2025-08-08,1,ban,Haven,BBL,BBL
511572,2025-08-08,2,pick,Lotus,VIT,VIT
511572,2025-08-08,3,pick,Icebox,BBL,BBL
511572,2025-08-08,4,ban,Ascent,VIT,VIT
511572,2025-08-08,5,ban,Corrode,BBL,BBL
511572,2025-08-08,6,decider,Bind,,decider
511573,2025-08-08,0,ban,Icebox,TL,TL
511573,2025-08-08,1,ban,Sunset,FNC,FNC
511573,2025-08-08,2,pick,Bind,TL,TL
511573,2025-08-08,3,pick,Ascent,FNC,FNC
511573,2025-08-08,4,ban,Haven,TL,TL
511573,2025-08-08,5,ban,Lotus,FNC,FNC
511573,2025-08-08,6,decider,Corrode,,decider
511575,2025-08-13,0,ban,Sunset,MKOI,MKOI
511575,2025-08-13,1,ban,Lotus,NAVI,NAVI
511575,2025-08-13,2,pick,Icebox,MKOI,MKOI
511575,2025-08-13,3,pick,Corrode,NAVI,NAVI
511575,2025-08-13,4,ban,Bind,MKOI,MKOI
511575,2025-08-13,5,ban,Haven,NAVI,NAVI
511575,2025-08-13,6,decider,Ascent,,decider
511576,2025-08-13,0,ban,Sunset,FNC,FNC
511576,2025-08-13,1,ban,Icebox,APK,APK
511576,2025-08-13,2,pick,Bind,FNC,FNC
511576,2025-08-13,3,pick,Lotus,APK,APK
511576,2025-08-13,4,ban,Haven,FNC,FNC
511576,2025-08-13,5,ban,Corrode,APK,APK
511576,2025-08-13,6,decider,Ascent,,decider
511577,2025-08-14,0,ban,Bind,GX,GX
511577,2025-08-14,1,ban,Corrode,TH,TH
511577,2025-08-14,2,pick,Abyss,GX,GX
511577,2025-08-14,3,pick,Haven,TH,TH
511577,2025-08-14,4,ban,Icebox,GX,GX
511577,2025-08-14,5,ban,Lotus,TH,TH
511577,2025-08-14,6,decider,Ascent,,decider
511579,2025-08-14,0,ban,Haven,M8,M8
511579,2025-08-14,1,ban,Icebox,VIT,VIT
511579,2025-08-14,2,pick,Corrode,M8,M8
511579,2025-08-14,3,pick,Lotus,VIT,VIT
511579,2025-08-14,4,ban,Sunset,M8,M8
511579,2025-08-14,5,ban,Bind,VIT,VIT
511579,2025-08-14,6,decider,Ascent,,decider
511580,2025-08-15,0,ban,Corrode,BBL,BBL
511580,2025-08-15,1,ban,Icebox,FUT,FUT
511580,2025-08-15,2,pick,Sunset,BBL,BBL
511580,2025-08-15,3,pick,Ascent,FUT,FUT
511580,2025-08-15,4,ban,Bind,BBL,BBL
511580,2025-08-15,5,ban,Lotus,FUT,FUT
511580,2025-08-15,6,decider,Haven,,decider
511581,2025-08-15,0,ban,Haven,TL,TL
511581,2025-08-15,1,ban,Ascent,KC,KC
511581,2025-08-15,2,pick,Lotus,TL,TL
511581,2025-08-15,3,pick,Bind,KC,KC
511581,2025-08-15,4,ban,Icebox,TL,TL
511581,2025-08-15,5,ban,Corrode,KC,KC
511581,2025-08-15,6,decider,Sunset,,decider
530924,2025-08-21,0,ban,Sunset,FNC,FNC
530924,2025-08-21,1,ban,Lotus,BBL,BBL
530924,2025-08-21,2,pick,Corrode,FNC,FNC
530924,2025-08-21,3,pick,Ascent,BBL,BBL
530924,2025-08-21,4,ban,Icebox,FNC,FNC
530924,2025-08-21,5,ban,Bind,BBL,BBL
530924,2025-08-21,6,decider,Haven,,decider
530925,2025-08-21,0,ban,Lotus,NAVI,NAVI
530925,2025-08-21,1,ban,Icebox,GX,GX
530925,2025-08-21,2,pick,Bind,NAVI,NAVI
530925,2025-08-21,3,pick,Haven,GX,GX
530925,2025-08-21,4,ban,Sunset,NAVI,NAVI
530925,2025-08-21,5,ban,Corrode,GX,GX
530925,2025-08-21,6,decider,Ascent,,decider
530928,2025-08-22,0,ban,Bind,BBL,BBL
530928,2025-08-22,1,ban,Corrode,TH,TH
530928,2025-08-22,2,pick,Icebox,BBL,BBL
530928,2025-08-22,3,pick,Ascent,TH,TH
530928,2025-08-22,4,ban,Lotus,BBL,BBL
530928,2025-08-22,5,ban,Sunset,TH,TH
530928,2025-08-22,6,decider,Haven,,decider
530929,2025-08-22,0,ban,Bind,GX,GX
530929,2025-08-22,1,ban,Haven,TL,TL
530929,2025-08-22,2,pick,Sunset,GX,GX
530929,2025-08-22,3,pick,Corrode,TL,TL
530929,2025-08-22,4,ban,Lotus,GX,GX
530929,2025-08-22,5,ban,Icebox,TL,TL
530929,2025-08-22,6,decider,Ascent,,decider
530926,2025-08-23,0,ban,Ascent,KC,KC
530926,2025-08-23,1,ban,Sunset,FNC,FNC
530926,2025-08-23,2,pick,Haven,KC,KC
530926,2025-08-23,3,pick,Corrode,FNC,FNC
530926,2025-08-23,4,ban,Icebox,KC,KC
530926,2025-08-23,5,ban,Lotus,FNC,FNC
530926,2025-08-23,6,decider,Bind,,decider
530927,2025-08-23,0,ban,Icebox,VIT,VIT
530927,2025-08-23,1,ban,Lotus,NAVI,NAVI
530927,2025-08-23,2,pick,Haven,VIT,VIT
530927,2025-08-23,3,pick,Bind,NAVI,NAVI
530927,2025-08-23,4,ban,Sunset,VIT,VIT
530927,2025-08-23,5,ban,Ascent,NAVI,NAVI
530927,2025-08-23,6,decider,Corrode,,decider
530930,2025-08-24,0,ban,Ascent,FNC,FNC
530930,2025-08-24,1,ban,Bind,GX,GX
530930,2025-08-24,2,pick,Lotus,FNC,FNC
530930,2025-08-24,3,pick,Sunset,GX,GX
530930,2025-08-24,4,ban,Haven,FNC,FNC
530930,2025-08-24,5,ban,Icebox,GX,GX
530930,2025-08-24,6,decider,Corrode,,decider
530931,2025-08-24,0,ban,Lotus,NAVI,NAVI
530931,2025-08-24,1,ban,Corrode,TH,TH
530931,2025-08-24,2,pick,Icebox,NAVI,NAVI
530931,2025-08-24,3,pick,Haven,TH,TH
530931,2025-08-24,4,ban,Ascent,NAVI,NAVI
530931,2025-08-24,5,ban,Sunset,TH,TH
530931,2025-08-24,6,decider,Bind,,decider
530932,2025-08-29,0,ban,Corrode,BBL,BBL
530932,2025-08-29,1,ban,Icebox,TL,TL
530932,2025-08-29,2,pick,Ascent,BBL,BBL
530932,2025-08-29,3,pick,Sunset,TL,TL
530932,2025-08-29,4,ban,Haven,BBL,BBL
530932,2025-08-29,5,ban,Lotus,TL,TL
530932,2025-08-29,6,decider,Bind,,decider
530933,2025-08-29,0,ban,Lotus,NAVI,NAVI
530933,2025-08-29,1,ban,Bind,GX,GX
530933,2025-08-29,2,pick,Icebox,NAVI,NAVI
530933,2025-08-29,3,pick,Sunset,GX,GX
530933,2025-08-29,4,ban,Ascent,NAVI,NAVI
530933,2025-08-29,5,ban,Corrode,GX,GX
530933,2025-08-29,6,decider,Haven,,decider
530934,2025-08-30,0,ban,Corrode,BBL,BBL
530934,2025-08-30,1,ban,Icebox,GX,GX
530934,2025-08-30,2,pick,Ascent,BBL,BBL
530934,2025-08-30,3,pick,Sunset,GX,GX
530934,2025-08-30,4,pick,Bind,BBL,BBL
530934,2025-08-30,5,pick,Lotus,GX,GX
530934,2025-08-30,6,decider,Haven,,decider
530935,2025-08-31,0,ban,Icebox,TL,TL
530935,2025-08-31,1,ban,Haven,TL,TL
530935,2025-08-31,2,pick,Bind,TL,TL
530935,2025-08-31,3,pick,Lotus,GX,GX
530935,2025-08-31,4,pick,Sunset,TL,TL
530935,2025-08-31,5,pick,Ascent,GX,GX
530935,2025-08-31,6,decider,Corrode,,decider
506930,2025-07-03,0,ban,Bind,EDG,EDG
506930,2025-07-03,1,ban,Haven,TEC,TEC
506930,2025-07-03,2,pick,Sunset,EDG,EDG
506930,2025-07-03,3,pick,Corrode,TEC,TEC
506930,2025-07-03,4,ban,Lotus,EDG,EDG
506930,2025-07-03,5,ban,Ascent,TEC,TEC
506930,2025-07-03,6,decider,Icebox,,decider
506931,2025-07-04,0,ban,Sunset,TYL,TYL
506931,2025-07-04,1,ban,Corrode,BLG,BLG
506931,2025-07-04,2,pick,Bind,TYL,TYL
506931,2025-07-04,3,pick,Lotus,BLG,BLG
506931,2025-07-04,4,ban,Ascent,TYL,TYL
506931,2025-07-04,5,ban,Haven,BLG,BLG
506931,2025-07-04,6,decider,Icebox,,decider
506932,2025-07-05,0,ban,Corrode,XLG,XLG
506932,2025-07-05,1,ban,Bind,AG,AG
506932,2025-07-05,2,pick,Sunset,XLG,XLG
506932,2025-07-05,3,pick,Lotus,AG,AG
506932,2025-07-05,4,ban,Haven,XLG,XLG
506932,2025-07-05,5,ban,Icebox,AG,AG
506932,2025-07-05,6,decider,Ascent,,decider
506933,2025-07-05,0,ban,Lotus,FPX,FPX
506933,2025-07-05,1,ban,Haven,WOL,WOL
506933,2025-07-05,2,pick,Sunset,FPX,FPX
506933,2025-07-05,3,pick,Corrode,WOL,WOL
506933,2025-07-05,4,ban,Icebox,FPX,FPX
506933,2025-07-05,5,ban,Ascent,WOL,WOL
506933,2025-07-05,6,decider,Bind,,decider
506934,2025-07-06,0,ban,Corrode,DRG,DRG
506934,2025-07-06,1,ban,Bind,NOVA,NOVA
506934,2025-07-06,2,pick,Lotus,DRG,DRG
506934,2025-07-06,3,pick,Icebox,NOVA,NOVA
506934,2025-07-06,4,ban,Haven,DRG,DRG
506934,2025-07-06,5,ban,Sunset,NOVA,NOVA
506934,2025-07-06,6,decider,Ascent,,decider
506935,2025-07-06,0,ban,Bind,JDG,JDG
506935,2025-07-06,1,ban,Corrode,TE,TE
506935,2025-07-06,2,pick,Icebox,JDG,JDG
506935,2025-07-06,3,pick,Lotus,TE,TE
506935,2025-07-06,4,ban,Sunset,JDG,JDG
506935,2025-07-06,5,ban,Ascent,TE,TE
506935,2025-07-06,6,decider,Haven,,decider
506936,2025-07-16,0,ban,Sunset,TYL,TYL
506936,2025-07-16,1,ban,Icebox,TE,TE
506936,2025-07-16,2,pick,Corrode,TYL,TYL
506936,2025-07-16,3,pick,Bind,TE,TE
506936,2025-07-16,4,ban,Ascent,TYL,TYL
506936,2025-07-16,5,ban,Lotus,TE,TE
506936,2025-07-16,6,decider,Haven,,decider
506937,2025-07-17,0,ban,Sunset,NOVA,NOVA
506937,2025-07-17,1,ban,Icebox,FPX,FPX
506937,2025-07-17,2,pick,Haven,NOVA,NOVA
506937,2025-07-17,3,pick,Ascent,FPX,FPX
506937,2025-07-17,4,ban,Corrode,NOVA,NOVA
506937,2025-07-17,5,ban,Lotus,FPX,FPX
506937,2025-07-17,6,decider,Bind,,decider
506938,2025-07-18,0,ban,Sunset,WOL,WOL
506938,2025-07-18,1,ban,Ascent,AG,AG
506938,2025-07-18,2,pick,Bind,WOL,WOL
506938,2025-07-18,3,pick,Corrode,AG,AG
506938,2025-07-18,4,ban,Lotus,WOL,WOL
506938,2025-07-18,5,ban,Icebox,AG,AG
506938,2025-07-18,6,decider,Haven,,decider
506939,2025-07-18,0,ban,Corrode,BLG,BLG
506939,2025-07-18,1,ban,Bind,JDG,JDG
506939,2025-07-18,2,pick,Sunset,BLG,BLG
506939,2025-07-18,3,pick,Ascent,JDG,JDG
506939,2025-07-18,4,ban,Haven,BLG,BLG
506939,2025-07-18,5,ban,Lotus,JDG,JDG
506939,2025-07-18,6,decider,Icebox,,decider
506940,2025-07-19,0,ban,Sunset,TYL,TYL
506940,2025-07-19,1,ban,Corrode,TEC,TEC
506940,2025-07-19,2,pick,Haven,TYL,TYL
506940,2025-07-19,3,pick,Lotus,TEC,TEC
506940,2025-07-19,4,ban,Ascent,TYL,TYL
506940,2025-07-19,5,ban,Bind,TEC,TEC
506940,2025-07-19,6,decider,Icebox,,decider
506941,2025-07-19,0,ban,Haven,EDG,EDG
506941,2025-07-19,1,ban,Corrode,TE,TE
506941,2025-07-19,2,pick,Sunset,EDG,EDG
506941,2025-07-19,3,pick,Bind,TE,TE
506941,2025-07-19,4,ban,Ascent,EDG,EDG
506941,2025-07-19,5,ban,Lotus,TE,TE
506941,2025-07-19,6,decider,Icebox,,decider
506942,2025-07-20,0,ban,Bind,DRG,DRG
506942,2025-07-20,1,ban,Ascent,AG,AG
506942,2025-07-20,2,pick,Lotus,DRG,DRG
506942,2025-07-20,3,pick,Corrode,AG,AG
506942,2025-07-20,4,ban,Haven,DRG,DRG
506942,2025-07-20,5,ban,Icebox,AG,AG
506942,2025-07-20,6,decider,Sunset,,decider
506943,2025-07-20,0,ban,Icebox,XLG,XLG
506943,2025-07-20,1,ban,Sunset,WOL,WOL
506943,2025-07-20,2,pick,Haven,XLG,XLG
506943,2025-07-20,3,pick,Lotus,WOL,WOL
506943,2025-07-20,4,ban,Corrode,XLG,XLG
506943,2025-07-20,5,ban,Ascent,WOL,WOL
506943,2025-07-20,6,decider,Bind,,decider
506945,2025-07-23,0,ban,Corrode,BLG,BLG
506945,2025-07-23,1,ban,Sunset,TEC,TEC
506945,2025-07-23,2,pick,Bind,BLG,BLG
506945,2025-07-23,3,pick,Ascent,TEC,TEC
506945,2025-07-23,4,ban,Icebox,BLG,BLG
506945,2025-07-23,5,ban,Haven,TEC,TEC
506945,2025-07-23,6,decider,Lotus,,decider
506946,2025-07-24,0,ban,Bind,DRG,DRG
506946,2025-07-24,1,ban,Lotus,FPX,FPX
506946,2025-07-24,2,pick,Haven,DRG,DRG
506946,2025-07-24,3,pick,Ascent,FPX,FPX
506946,2025-07-24,4,ban,Corrode,DRG,DRG
506946,2025-07-24,5,ban,Icebox,FPX,FPX
506946,2025-07-24,6,decider,Sunset,,decider
506947,2025-07-25,0,ban,Sunset,NOVA,NOVA
506947,2025-07-25,1,ban,Ascent,AG,AG
506947,2025-07-25,2,pick,Haven,NOVA,NOVA
506947,2025-07-25,3,pick,Corrode,AG,AG
506947,2025-07-25,4,ban,Bind,NOVA,NOVA
506947,2025-07-25,5,ban,Icebox,AG,AG
506947,2025-07-25,6,decider,Lotus,,decider
506948,2025-07-25,0,ban,Sunset,TYL,TYL
506948,2025-07-25,1,ban,Icebox,EDG,EDG
506948,2025-07-25,2,pick,Corrode,TYL,TYL
506948,2025-07-25,3,pick,Ascent,EDG,EDG
506948,2025-07-25,4,ban,Bind,TYL,TYL
506948,2025-07-25,5,ban,Haven,EDG,EDG
506948,2025-07-25,6,decider,Lotus,,decider
506949,2025-07-26,0,ban,Bind,JDG,JDG
506949,2025-07-26,1,ban,Corrode,TEC,TEC
506949,2025-07-26,2,pick,Lotus,JDG,JDG
506949,2025-07-26,3,pick,Haven,TEC,TEC
506949,2025-07-26,4,ban,Icebox,JDG,JDG
506949,2025-07-26,5,ban,Ascent,TEC,TEC
506949,2025-07-26,6,decider,Sunset,,decider
506950,2025-07-26,0,ban,Lotus,TE,TE
506950,2025-07-26,1,ban,Corrode,BLG,BLG
506950,2025-07-26,2,pick,Haven,TE,TE
506950,2025-07-26,3,pick,Icebox,BLG,BLG
506950,2025-07-26,4,ban,Sunset,TE,TE
506950,2025-07-26,5,ban,Bind,BLG,BLG
506950,2025-07-26,6,decider,Ascent,,decider
506951,2025-07-27,0,ban,Bind,DRG,DRG
506951,2025-07-27,1,ban,Sunset,WOL,WOL
506951,2025-07-27,2,pick,Lotus,DRG,DRG
506951,2025-07-27,3,pick,Icebox,WOL,WOL
506951,2025-07-27,4,ban,Haven,DRG,DRG
506951,2025-07-27,5,ban,Corrode,WOL,WOL
506951,2025-07-27,6,decider,Ascent,,decider
506952,2025-07-27,0,ban,Corrode,XLG,XLG
506952,2025-07-27,1,ban,Lotus,FPX,FPX
506952,2025-07-27,2,pick,Haven,XLG,XLG
506952,2025-07-27,3,pick,Sunset,FPX,FPX
506952,2025-07-27,4,ban,Icebox,XLG,XLG
506952,2025-07-27,5,ban,Bind,FPX,FPX
506952,2025-07-27,6,decider,Ascent,,decider
506953,2025-07-31,0,ban,Corrode,XLG,XLG
506953,2025-07-31,1,ban,Lotus,NOVA,NOVA
506953,2025-07-31,2,pick,Sunset,XLG,XLG
506953,2025-07-31,3,pick,Haven,NOVA,NOVA
506953,2025-07-31,4,ban,Icebox,XLG,XLG
506953,2025-07-31,5,ban,Ascent,NOVA,NOVA
506953,2025-07-31,6,decider,Bind,,decider
506954,2025-07-31,0,ban,Icebox,EDG,EDG
506954,2025-07-31,1,ban,Bind,JDG,JDG
506954,2025-07-31,2,pick,Corrode,EDG,EDG
506954,2025-07-31,3,pick,Lotus,JDG,JDG
506954,2025-07-31,4,ban,Ascent,EDG,EDG
506954,2025-07-31,5,ban,Sunset,JDG,JDG
506954,2025-07-31,6,decider,Haven,,decider
506955,2025-08-01,0,ban,Ascent,AG,AG
506955,2025-08-01,1,ban,Lotus,FPX,FPX
506955,2025-08-01,2,pick,Icebox,AG,AG
506955,2025-08-01,3,pick,Bind,FPX,FPX
506955,2025-08-01,4,ban,Haven,AG,AG
506955,2025-08-01,5,ban,Corrode,FPX,FPX
506955,2025-08-01,6,decider,Sunset,,decider
506956,2025-08-01,0,ban,Corrode,TE,TE
506956,2025-08-01,1,ban,Icebox,TEC,TEC
506956,2025-08-01,2,pick,Sunset,TE,TE
506956,2025-08-01,3,pick,Haven,TEC,TEC
506956,2025-08-01,4,ban,Bind,TE,TE
506956,2025-08-01,5,ban,Ascent,TEC,TEC
506956,2025-08-01,6,decider,Lotus,,decider
506957,2025-08-02,0,ban,Lotus,NOVA,NOVA
506957,2025-08-02,1,ban,Sunset,WOL,WOL
506957,2025-08-02,2,pick,Haven,NOVA,NOVA
506957,2025-08-02,3,pick,Corrode,WOL,WOL
506957,2025-08-02,4,ban,Ascent,NOVA,NOVA
506957,2025-08-02,5,ban,Icebox,WOL,WOL
506957,2025-08-02,6,decider,Bind,,decider
506958,2025-08-02,0,ban,Bind,DRG,DRG
506958,2025-08-02,1,ban,Corrode,XLG,XLG
506958,2025-08-02,2,pick,Ascent,DRG,DRG
506958,2025-08-02,3,pick,Haven,XLG,XLG
506958,2025-08-02,4,ban,Sunset,DRG,DRG
506958,2025-08-02,5,ban,Icebox,XLG,XLG
506958,2025-08-02,6,decider,Lotus,,decider
506959,2025-08-03,0,ban,Sunset,TYL,TYL
506959,2025-08-03,1,ban,Bind,JDG,JDG
506959,2025-08-03,2,pick,Haven,TYL,TYL
506959,2025-08-03,3,pick,Ascent,JDG,JDG
506959,2025-08-03,4,ban,Lotus,TYL,TYL
506959,2025-08-03,5,ban,Icebox,JDG,JDG
506959,2025-08-03,6,decider,Corrode,,decider
506960,2025-08-03,0,ban,Ascent,BLG,BLG
506960,2025-08-03,1,ban,Icebox,EDG,EDG
506960,2025-08-03,2,pick,Lotus,BLG,BLG
506960,2025-08-03,3,pick,Sunset,EDG,EDG
506960,2025-08-03,4,ban,Bind,BLG,BLG
506960,2025-08-03,5,ban,Corrode,EDG,EDG
506960,2025-08-03,6,decider,Haven,,decider
527577,2025-08-09,0,ban,Ascent,AG,AG
527577,2025-08-09,1,ban,Sunset,TYL,TYL
527577,2025-08-09,2,pick,Lotus,AG,AG
527577,2025-08-09,3,pick,Icebox,TYL,TYL
527577,2025-08-09,4,ban,Corrode,AG,AG
527577,2025-08-09,5,ban,Bind,TYL,TYL
527577,2025-08-09,6,decider,Haven,,decider
527576,2025-08-09,0,ban,Haven,DRG,DRG
527576,2025-08-09,1,ban,Icebox,EDG,EDG
527576,2025-08-09,2,pick,Lotus,DRG,DRG
527576,2025-08-09,3,pick,Corrode,EDG,EDG
527576,2025-08-09,4,ban,Sunset,DRG,DRG
527576,2025-08-09,5,ban,Bind,EDG,EDG
527576,2025-08-09,6,decider,Ascent,,decider
527584,2025-08-10,0,ban,Ascent,AG,AG
527584,2025-08-10,1,ban,Lotus,FPX,FPX
527584,2025-08-10,2,pick,Sunset,AG,AG
527584,2025-08-10,3,pick,Haven,FPX,FPX
527584,2025-08-10,4,ban,Corrode,AG,AG
527584,2025-08-10,5,ban,Bind,FPX,FPX
527584,2025-08-10,6,decider,Icebox,,decider
527583,2025-08-10,0,ban,Corrode,TE,TE
527583,2025-08-10,1,ban,Icebox,EDG,EDG
527583,2025-08-10,2,pick,Lotus,TE,TE
527583,2025-08-10,3,pick,Sunset,EDG,EDG
527583,2025-08-10,4,ban,Haven,TE,TE
527583,2025-08-10,5,ban,Bind,EDG,EDG
527583,2025-08-10,6,decider,Ascent,,decider
527580,2025-08-20,0,ban,Corrode,BLG,BLG
527580,2025-08-20,1,ban,Sunset,TYL,TYL
527580,2025-08-20,2,pick,Bind,BLG,BLG
527580,2025-08-20,3,pick,Icebox,TYL,TYL
527580,2025-08-20,4,ban,Ascent,BLG,BLG
527580,2025-08-20,5,ban,Haven,TYL,TYL
527580,2025-08-20,6,decider,Lotus,,decider
527579,2025-08-20,0,ban,Haven,DRG,DRG
527579,2025-08-20,1,ban,Ascent,XLG,XLG
527579,2025-08-20,2,pick,Lotus,DRG,DRG
527579,2025-08-20,3,pick,Bind,XLG,XLG
527579,2025-08-20,4,ban,Icebox,DRG,DRG
527579,2025-08-20,5,ban,Corrode,XLG,XLG
527579,2025-08-20,6,decider,Sunset,,decider
527585,2025-08-21,0,ban,Sunset,TYL,TYL
527585,2025-08-21,1,ban,Icebox,EDG,EDG
527585,2025-08-21,2,pick,Haven,TYL,TYL
527585,2025-08-21,3,pick,Ascent,EDG,EDG
527585,2025-08-21,4,ban,Corrode,TYL,TYL
527585,2025-08-21,5,ban,Bind,EDG,EDG
527585,2025-08-21,6,decider,Lotus,,decider
527586,2025-08-21,0,ban,Corrode,XLG,XLG
527586,2025-08-21,1,ban,Haven,AG,AG
527586,2025-08-21,2,pick,Ascent,XLG,XLG
527586,2025-08-21,3,pick,Icebox,AG,AG
527586,2025-08-21,4,ban,Sunset,XLG,XLG
527586,2025-08-21,5,ban,Bind,AG,AG
527586,2025-08-21,6,decider,Lotus,,decider
527581,2025-08-22,0,ban,Corrode,BLG,BLG
527581,2025-08-22,1,ban,Bind,DRG,DRG
527581,2025-08-22,2,pick,Haven,BLG,BLG
527581,2025-08-22,3,pick,Lotus,DRG,DRG
527581,2025-08-22,4,ban,Ascent,BLG,BLG
527581,2025-08-22,5,ban,Icebox,DRG,DRG
527581,2025-08-22,6,decider,Sunset,,decider
527587,2025-08-22,0,ban,Sunset,XLG,XLG
527587,2025-08-22,1,ban,Icebox,EDG,EDG
527587,2025-08-22,2,pick,Lotus,XLG,XLG
527587,2025-08-22,3,pick,Corrode,EDG,EDG
527587,2025-08-22,4,ban,Ascent,XLG,XLG
527587,2025-08-22,5,ban,Haven,EDG,EDG
527587,2025-08-22,6,decider,Bind,,decider
527588,2025-08-23,0,ban,Corrode,BLG,BLG
527588,2025-08-23,1,ban,Icebox,EDG,EDG
527588,2025-08-23,2,pick,Bind,BLG,BLG
527588,2025-08-23,3,pick,Haven,EDG,EDG
527588,2025-08-23,4,pick,Lotus,BLG,BLG
527588,2025-08-23,5,pick,Ascent,EDG,EDG
527588,2025-08-23,6,decider,Sunset,,decider
527582,2025-08-24,0,ban,Bind,DRG,DRG
527582,2025-08-24,1,ban,Icebox,DRG,DRG
527582,2025-08-24,2,pick,Sunset,DRG,DRG
527582,2025-08-24,3,pick,Haven,BLG,BLG
527582,2025-08-24,4,pick,Corrode,DRG,DRG
527582,2025-08-24,5,pick,Lotus,BLG,BLG
527582,2025-08-24,6,decider,Ascent,,decider
508815,2025-07-15,0,ban,Sunset,BME,BME
508815,2025-07-15,1,ban,Ascent,TLN,TLN
508815,2025-07-15,2,pick,Bind,BME,BME
508815,2025-07-15,3,pick,Icebox,TLN,TLN
508815,2025-07-15,4,ban,Lotus,BME,BME
508815,2025-07-15,5,ban,Corrode,TLN,TLN
508815,2025-07-15,6,decider,Haven,,decider
508816,2025-07-15,0,ban,Icebox,NS,NS
508816,2025-07-15,1,ban,Bind,TS,TS
508816,2025-07-15,2,pick,Sunset,NS,NS
508816,2025-07-15,3,pick,Ascent,TS,TS
508816,2025-07-15,4,ban,Corrode,NS,NS
508816,2025-07-15,5,ban,Haven,TS,TS
508816,2025-07-15,6,decider,Lotus,,decider
508817,2025-07-16,0,ban,Icebox,T1,T1
508817,2025-07-16,1,ban,Corrode,PRX,PRX
508817,2025-07-16,2,pick,Haven,T1,T1
508817,2025-07-16,3,pick,Lotus,PRX,PRX
508817,2025-07-16,4,ban,Bind,T1,T1
508817,2025-07-16,5,ban,Ascent,PRX,PRX
508817,2025-07-16,6,decider,Sunset,,decider
508818,2025-07-16,0,ban,Sunset,KRX,KRX
508818,2025-07-16,1,ban,Bind,GEN,GEN
508818,2025-07-16,2,pick,Corrode,KRX,KRX
508818,2025-07-16,3,pick,Haven,GEN,GEN
508818,2025-07-16,4,ban,Lotus,KRX,KRX
508818,2025-07-16,5,ban,Ascent,GEN,GEN
508818,2025-07-16,6,decider,Icebox,,decider
508819,2025-07-17,0,ban,Lotus,RRQ,RRQ
508819,2025-07-17,1,ban,Sunset,GE,GE
508819,2025-07-17,2,pick,Haven,RRQ,RRQ
508819,2025-07-17,3,pick,Corrode,GE,GE
508819,2025-07-17,4,ban,Icebox,RRQ,RRQ
508819,2025-07-17,5,ban,Ascent,GE,GE
508819,2025-07-17,6,decider,Bind,,decider
508820,2025-07-17,0,ban,Ascent,ZETA,ZETA
508820,2025-07-17,1,ban,Bind,DFM,DFM
508820,2025-07-17,2,pick,Haven,ZETA,ZETA
508820,2025-07-17,3,pick,Lotus,DFM,DFM
508820,2025-07-17,4,ban,Corrode,ZETA,ZETA
508820,2025-07-17,5,ban,Sunset,DFM,DFM
508820,2025-07-17,6,decider,Icebox,,decider
508821,2025-07-18,0,ban,Sunset,KRX,KRX
508821,2025-07-18,1,ban,Corrode,NS,NS
508821,2025-07-18,2,pick,Icebox,KRX,KRX
508821,2025-07-18,3,pick,Bind,NS,NS
508821,2025-07-18,4,ban,Ascent,KRX,KRX
508821,2025-07-18,5,ban,Haven,NS,NS
508821,2025-07-18,6,decider,Lotus,,decider
508822,2025-07-18,0,ban,Bind,T1,T1
508822,2025-07-18,1,ban,Icebox,BME,BME
508822,2025-07-18,2,pick,Ascent,T1,T1
508822,2025-07-18,3,pick,Corrode,BME,BME
508822,2025-07-18,4,ban,Haven,T1,T1
508822,2025-07-18,5,ban,Lotus,BME,BME
508822,2025-07-18,6,decider,Sunset,,decider
508823,2025-07-19,0,ban,Sunset,GE,GE
508823,2025-07-19,1,ban,Haven,TS,TS
508823,2025-07-19,2,pick,Bind,GE,GE
508823,2025-07-19,3,pick,Corrode,TS,TS
508823,2025-07-19,4,ban,Ascent,GE,GE
508823,2025-07-19,5,ban,Icebox,TS,TS
508823,2025-07-19,6,decider,Lotus,,decider
508824,2025-07-19,0,ban,Corrode,PRX,PRX
508824,2025-07-19,1,ban,Bind,DFM,DFM
508824,2025-07-19,2,pick,Lotus,PRX,PRX
508824,2025-07-19,3,pick,Haven,DFM,DFM
508824,2025-07-19,4,ban,Ascent,PRX,PRX
508824,2025-07-19,5,ban,Sunset,DFM,DFM
508824,2025-07-19,6,decider,Icebox,,decider
508825,2025-07-20,0,ban,Ascent,TLN,TLN
508825,2025-07-20,1,ban,Corrode,ZETA,ZETA
508825,2025-07-20,2,pick,Icebox,TLN,TLN
508825,2025-07-20,3,pick,Bind,ZETA,ZETA
508825,2025-07-20,4,ban,Lotus,TLN,TLN
508825,2025-07-20,5,ban,Sunset,ZETA,ZETA
508825,2025-07-20,6,decider,Haven,,decider
508826,2025-07-20,0,ban,Bind,GEN,GEN
508826,2025-07-20,1,ban,Lotus,RRQ,RRQ
508826,2025-07-20,2,pick,Sunset,GEN,GEN
508826,2025-07-20,3,pick,Ascent,RRQ,RRQ
508826,2025-07-20,4,ban,Corrode,GEN,GEN
508826,2025-07-20,5,ban,Icebox,RRQ,RRQ
508826,2025-07-20,6,decider,Haven,,decider
508828,2025-07-25,0,ban,Lotus,GE,GE
508828,2025-07-25,1,ban,Bind,GEN,GEN
508828,2025-07-25,2,pick,Icebox,GE,GE
508828,2025-07-25,3,pick,Haven,GEN,GEN
508828,2025-07-25,4,ban,Sunset,GE,GE
508828,2025-07-25,5,ban,Ascent,GEN,GEN
508828,2025-07-25,6,decider,Corrode,,decider
508829,2025-07-25,0,ban,Ascent,TLN,TLN
508829,2025-07-25,1,ban,Bind,DFM,DFM
508829,2025-07-25,2,pick,Sunset,TLN,TLN
508829,2025-07-25,3,pick,Corrode,DFM,DFM
508829,2025-07-25,4,ban,Haven,TLN,TLN
508829,2025-07-25,5,ban,Lotus,DFM,DFM
508829,2025-07-25,6,decider,Icebox,,decider
508830,2025-07-26,0,ban,Ascent,ZETA,ZETA
508830,2025-07-26,1,ban,Lotus,T1,T1
508830,2025-07-26,2,pick,Corrode,ZETA,ZETA
508830,2025-07-26,3,pick,Sunset,T1,T1
508830,2025-07-26,4,ban,Icebox,ZETA,ZETA
508830,2025-07-26,5,ban,Bind,T1,T1
508830,2025-07-26,6,decider,Haven,,decider
508831,2025-07-26,0,ban,Sunset,NS,NS
508831,2025-07-26,1,ban,Lotus,RRQ,RRQ
508831,2025-07-26,2,pick,Corrode,NS,NS
508831,2025-07-26,3,pick,Haven,RRQ,RRQ
508831,2025-07-26,4,ban,Bind,NS,NS
508831,2025-07-26,5,ban,Ascent,RRQ,RRQ
508831,2025-07-26,6,decider,Icebox,,decider
508832,2025-07-27,0,ban,Sunset,KRX,KRX
508832,2025-07-27,1,ban,Haven,TS,TS
508832,2025-07-27,2,pick,Icebox,KRX,KRX
508832,2025-07-27,3,pick,Corrode,TS,TS
508832,2025-07-27,4,ban,Bind,KRX,KRX
508832,2025-07-27,5,ban,Lotus,TS,TS
508832,2025-07-27,6,decider,Ascent,,decider
508833,2025-07-27,0,ban,Icebox,BME,BME
508833,2025-07-27,1,ban,Ascent,PRX,PRX
508833,2025-07-27,2,pick,Bind,BME,BME
508833,2025-07-27,3,pick,Lotus,PRX,PRX
508833,2025-07-27,4,ban,Sunset,BME,BME
508833,2025-07-27,5,ban,Haven,PRX,PRX
508833,2025-07-27,6,decider,Corrode,,decider
508834,2025-08-01,0,ban,Sunset,GEN,GEN
508834,2025-08-01,1,ban,Haven,TS,TS
508834,2025-08-01,2,pick,Lotus,GEN,GEN
508834,2025-08-01,3,pick,Ascent,TS,TS
508834,2025-08-01,4,ban,Bind,GEN,GEN
508834,2025-08-01,5,ban,Icebox,TS,TS
508834,2025-08-01,6,decider,Corrode,,decider
508835,2025-08-01,0,ban,Ascent,TLN,TLN
508835,2025-08-01,1,ban,Icebox,T1,T1
508835,2025-08-01,2,pick,Corrode,TLN,TLN
508835,2025-08-01,3,pick,Lotus,T1,T1
508835,2025-08-01,4,ban,Haven,TLN,TLN
508835,2025-08-01,5,ban,Bind,T1,T1
508835,2025-08-01,6,decider,Sunset,,decider
508836,2025-08-02,0,ban,Icebox,BME,BME
508836,2025-08-02,1,ban,Bind,DFM,DFM
508836,2025-08-02,2,pick,Lotus,BME,BME
508836,2025-08-02,3,pick,Corrode,DFM,DFM
508836,2025-08-02,4,ban,Sunset,BME,BME
508836,2025-08-02,5,ban,Haven,DFM,DFM
508836,2025-08-02,6,decider,Ascent,,decider
508837,2025-08-02,0,ban,Lotus,RRQ,RRQ
508837,2025-08-02,1,ban,Sunset,KRX,KRX
508837,2025-08-02,2,pick,Bind,RRQ,RRQ
508837,2025-08-02,3,pick,Ascent,KRX,KRX
508837,2025-08-02,4,ban,Corrode,RRQ,RRQ
508837,2025-08-02,5,ban,Icebox,KRX,KRX
508837,2025-08-02,6,decider,Haven,,decider
508838,2025-08-03,0,ban,Sunset,GE,GE
508838,2025-08-03,1,ban,Icebox,NS,NS
508838,2025-08-03,2,pick,Corrode,GE,GE
508838,2025-08-03,3,pick,Bind,NS,NS
508838,2025-08-03,4,ban,Haven,GE,GE
508838,2025-08-03,5,ban,Lotus,NS,NS
508838,2025-08-03,6,decider,Ascent,,decider
508839,2025-08-03,0,ban,Icebox,ZETA,ZETA
508839,2025-08-03,1,ban,Ascent,PRX,PRX
508839,2025-08-03,2,pick,Lotus,ZETA,ZETA
508839,2025-08-03,3,pick,Sunset,PRX,PRX
508839,2025-08-03,4,ban,Corrode,ZETA,ZETA
508839,2025-08-03,5,ban,Bind,PRX,PRX
508839,2025-08-03,6,decider,Haven,,decider
508840,2025-08-08,0,ban,Bind,GEN,GEN
508840,2025-08-08,1,ban,Haven,NS,NS
508840,2025-08-08,2,pick,Lotus,GEN,GEN
508840,2025-08-08,3,pick,Ascent,NS,NS
508840,2025-08-08,4,ban,Sunset,GEN,GEN
508840,2025-08-08,5,ban,Icebox,NS,NS
508840,2025-08-08,6,decider,Corrode,,decider
508841,2025-08-08,0,ban,Sunset,TLN,TLN
508841,2025-08-08,1,ban,Corrode,PRX,PRX
508841,2025-08-08,2,pick,Bind,TLN,TLN
508841,2025-08-08,3,pick,Icebox,PRX,PRX
508841,2025-08-08,4,ban,Haven,TLN,TLN
508841,2025-08-08,5,ban,Ascent,PRX,PRX
508841,2025-08-08,6,decider,Lotus,,decider
508842,2025-08-09,0,ban,Sunset,KRX,KRX
508842,2025-08-09,1,ban,Bind,GE,GE
508842,2025-08-09,2,pick,Lotus,KRX,KRX
508842,2025-08-09,3,pick,Icebox,GE,GE
508842,2025-08-09,4,ban,Ascent,KRX,KRX
508842,2025-08-09,5,ban,Haven,GE,GE
508842,2025-08-09,6,decider,Corrode,,decider
508843,2025-08-09,0,ban,Icebox,BME,BME
508843,2025-08-09,1,ban,Bind,ZETA,ZETA
508843,2025-08-09,2,pick,Lotus,BME,BME
508843,2025-08-09,3,pick,Corrode,ZETA,ZETA
508843,2025-08-09,4,ban,Haven,BME,BME
508843,2025-08-09,5,ban,Sunset,ZETA,ZETA
508843,2025-08-09,6,decider,Ascent,,decider
508844,2025-08-10,0,ban,Haven,TS,TS
508844,2025-08-10,1,ban,Lotus,RRQ,RRQ
508844,2025-08-10,2,pick,Ascent,TS,TS
508844,2025-08-10,3,pick,Icebox,RRQ,RRQ
508844,2025-08-10,4,ban,Corrode,TS,TS
508844,2025-08-10,5,ban,Bind,RRQ,RRQ
508844,2025-08-10,6,decider,Sunset,,decider
508845,2025-08-10,0,ban,Bind,DFM,DFM
508845,2025-08-10,1,ban,Icebox,T1,T1
508845,2025-08-10,2,pick,Sunset,DFM,DFM
508845,2025-08-10,3,pick,Haven,T1,T1
508845,2025-08-10,4,ban,Lotus,DFM,DFM
508845,2025-08-10,5,ban,Ascent,T1,T1
508845,2025-08-10,6,decider,Corrode,,decider
530354,2025-08-13,0,ban,Icebox,NS,NS
530354,2025-08-13,1,ban,Ascent,TLN,TLN
530354,2025-08-13,2,pick,Lotus,NS,NS
530354,2025-08-13,3,pick,Corrode,TLN,TLN
530354,2025-08-13,4,ban,Haven,NS,NS
530354,2025-08-13,5,ban,Sunset,TLN,TLN
530354,2025-08-13,6,decider,Bind,,decider
530355,2025-08-13,0,ban,Icebox,T1,T1
530355,2025-08-13,1,ban,Lotus,RRQ,RRQ
530355,2025-08-13,2,pick,Bind,T1,T1
530355,2025-08-13,3,pick,Haven,RRQ,RRQ
530355,2025-08-13,4,ban,Corrode,T1,T1
530355,2025-08-13,5,ban,Ascent,RRQ,RRQ
530355,2025-08-13,6,decider,Sunset,,decider
530356,2025-08-14,0,ban,Ascent,TLN,TLN
530356,2025-08-14,1,ban,Sunset,KRX,KRX
530356,2025-08-14,2,pick,Bind,TLN,TLN
530356,2025-08-14,3,pick,Haven,KRX,KRX
530356,2025-08-14,4,ban,Corrode,TLN,TLN
530356,2025-08-14,5,ban,Icebox,KRX,KRX
530356,2025-08-14,6,decider,Lotus,,decider
530357,2025-08-14,0,ban,Icebox,T1,T1
530357,2025-08-14,1,ban,Corrode,PRX,PRX
530357,2025-08-14,2,pick,Sunset,T1,T1
530357,2025-08-14,3,pick,Bind,PRX,PRX
530357,2025-08-14,4,ban,Lotus,T1,T1
530357,2025-08-14,5,ban,Haven,PRX,PRX
530357,2025-08-14,6,decider,Ascent,,decider
530358,2025-08-15,0,ban,Bind,DFM,DFM
530358,2025-08-15,1,ban,Icebox,NS,NS
530358,2025-08-15,2,pick,Lotus,DFM,DFM
530358,2025-08-15,3,pick,Ascent,NS,NS
530358,2025-08-15,4,ban,Haven,DFM,DFM
530358,2025-08-15,5,ban,Sunset,NS,NS
530358,2025-08-15,6,decider,Corrode,,decider
530359,2025-08-15,0,ban,Icebox,GEN,GEN
530359,2025-08-15,1,ban,Lotus,RRQ,RRQ
530359,2025-08-15,2,pick,Haven,GEN,GEN
530359,2025-08-15,3,pick,Sunset,RRQ,RRQ
530359,2025-08-15,4,ban,Bind,GEN,GEN
530359,2025-08-15,5,ban,Ascent,RRQ,RRQ
530359,2025-08-15,6,decider,Corrode,,decider
530360,2025-08-16,0,ban,Sunset,NS,NS
530360,2025-08-16,1,ban,Corrode,T1,T1
530360,2025-08-16,2,pick,Lotus,NS,NS
530360,2025-08-16,3,pick,Ascent,T1,T1
530360,2025-08-16,4,ban,Bind,NS,NS
530360,2025-08-16,5,ban,Icebox,T1,T1
530360,2025-08-16,6,decider,Haven,,decider
530361,2025-08-16,0,ban,Lotus,RRQ,RRQ
530361,2025-08-16,1,ban,Sunset,KRX,KRX
530361,2025-08-16,2,pick,Icebox,RRQ,RRQ
530361,2025-08-16,3,pick,Corrode,KRX,KRX
530361,2025-08-16,4,ban,Bind,RRQ,RRQ
530361,2025-08-16,5,ban,Haven,KRX,KRX
530361,2025-08-16,6,decider,Ascent,,decider
530362,2025-08-17,0,ban,Ascent,TLN,TLN
530362,2025-08-17,1,ban,Corrode,PRX,PRX
530362,2025-08-17,2,pick,Haven,TLN,TLN
530362,2025-08-17,3,pick,Bind,PRX,PRX
530362,2025-08-17,4,ban,Sunset,TLN,TLN
530362,2025-08-17,5,ban,Icebox,PRX,PRX
530362,2025-08-17,6,decider,Lotus,,decider
530363,2025-08-17,0,ban,Icebox,T1,T1
530363,2025-08-17,1,ban,Lotus,RRQ,RRQ
530363,2025-08-17,2,pick,Ascent,T1,T1
530363,2025-08-17,3,pick,Sunset,RRQ,RRQ
530363,2025-08-17,4,ban,Corrode,T1,T1
530363,2025-08-17,5,ban,Bind,RRQ,RRQ
530363,2025-08-17,6,decider,Haven,,decider
530364,2025-08-30,0,ban,Ascent,TLN,TLN
530364,2025-08-30,1,ban,Lotus,RRQ,RRQ
530364,2025-08-30,2,pick,Bind,TLN,TLN
530364,2025-08-30,3,pick,Haven,RRQ,RRQ
530364,2025-08-30,4,pick,Corrode,TLN,TLN
530364,2025-08-30,5,pick,Icebox,RRQ,RRQ
530364,2025-08-30,6,decider,Sunset,,decider
530365,2025-08-31,0,ban,Corrode,PRX,PRX
530365,2025-08-31,1,ban,Icebox,PRX,PRX
530365,2025-08-31,2,pick,Bind,PRX,PRX
530365,2025-08-31,3,pick,Ascent,RRQ,RRQ
530365,2025-08-31,4,pick,Lotus,PRX,PRX
530365,2025-08-31,5,pick,Haven,RRQ,RRQ
530365,2025-08-31,6,decider,Sunset,,decider
509801,2025-07-18,0,ban,Lotus,FUR,FUR
509801,2025-07-18,1,ban,Icebox,C9,C9
509801,2025-07-18,2,pick,Haven,FUR,FUR
509801,2025-07-18,3,pick,Bind,C9,C9
509801,2025-07-18,4,ban,Sunset,FUR,FUR
509801,2025-07-18,5,ban,Ascent,C9,C9
509801,2025-07-18,6,decider,Corrode,,decider
509802,2025-07-18,0,ban,Corrode,LEV,LEV
509802,2025-07-18,1,ban,Lotus,LOUD,LOUD
509802,2025-07-18,2,pick,Bind,LEV,LEV
509802,2025-07-18,3,pick,Ascent,LOUD,LOUD
509802,2025-07-18,4,ban,Sunset,LEV,LEV
509802,2025-07-18,5,ban,Haven,LOUD,LOUD
509802,2025-07-18,6,decider,Icebox,,decider
509803,2025-07-19,0,ban,Icebox,2G,2G
509803,2025-07-19,1,ban,Corrode,EG,EG
509803,2025-07-19,2,pick,Sunset,2G,2G
509803,2025-07-19,3,pick,Lotus,EG,EG
509803,2025-07-19,4,ban,Bind,2G,2G
509803,2025-07-19,5,ban,Haven,EG,EG
509803,2025-07-19,6,decider,Ascent,,decider
509804,2025-07-19,0,ban,Icebox,KRÜ,KRÜ
509804,2025-07-19,1,ban,Bind,MIBR,MIBR
509804,2025-07-19,2,pick,Corrode,KRÜ,KRÜ
509804,2025-07-19,3,pick,Ascent,MIBR,MIBR
509804,2025-07-19,4,ban,Lotus,KRÜ,KRÜ
509804,2025-07-19,5,ban,Sunset,MIBR,MIBR
509804,2025-07-19,6,decider,Haven,,decider
509805,2025-07-20,0,ban,Lotus,100T,100T
509805,2025-07-20,1,ban,Haven,NRG,NRG
509805,2025-07-20,2,pick,Bind,100T,100T
509805,2025-07-20,3,pick,Sunset,NRG,NRG
509805,2025-07-20,4,ban,Icebox,100T,100T
509805,2025-07-20,5,ban,Ascent,NRG,NRG
509805,2025-07-20,6,decider,Corrode,,decider
509806,2025-07-20,0,ban,Bind,SEN,SEN
509806,2025-07-20,1,ban,Sunset,G2,G2
509806,2025-07-20,2,pick,Corrode,SEN,SEN
509806,2025-07-20,3,pick,Ascent,G2,G2
509806,2025-07-20,4,ban,Icebox,SEN,SEN
509806,2025-07-20,5,ban,Haven,G2,G2
509806,2025-07-20,6,decider,Lotus,,decider
509807,2025-07-25,0,ban,Icebox,2G,2G
509807,2025-07-25,1,ban,Sunset,G2,G2
509807,2025-07-25,2,pick,Ascent,2G,2G
509807,2025-07-25,3,pick,Haven,G2,G2
509807,2025-07-25,4,ban,Corrode,2G,2G
509807,2025-07-25,5,ban,Bind,G2,G2
509807,2025-07-25,6,decider,Lotus,,decider
509808,2025-07-25,0,ban,Ascent,SEN,SEN
509808,2025-07-25,1,ban,Lotus,FUR,FUR
509808,2025-07-25,2,pick,Sunset,SEN,SEN
509808,2025-07-25,3,pick,Icebox,FUR,FUR
509808,2025-07-25,4,ban,Bind,SEN,SEN
509808,2025-07-25,5,ban,Haven,FUR,FUR
509808,2025-07-25,6,decider,Corrode,,decider
509809,2025-07-26,0,ban,Haven,KRÜ,KRÜ
509809,2025-07-26,1,ban,Lotus,100T,100T
509809,2025-07-26,2,pick,Corrode,KRÜ,KRÜ
509809,2025-07-26,3,pick,Bind,100T,100T
509809,2025-07-26,4,ban,Icebox,KRÜ,KRÜ
509809,2025-07-26,5,ban,Ascent,100T,100T
509809,2025-07-26,6,decider,Sunset,,decider
509810,2025-07-26,0,ban,Lotus,LOUD,LOUD
509810,2025-07-26,1,ban,Sunset,NRG,NRG
509810,2025-07-26,2,pick,Haven,LOUD,LOUD
509810,2025-07-26,3,pick,Corrode,NRG,NRG
509810,2025-07-26,4,ban,Icebox,LOUD,LOUD
509810,2025-07-26,5,ban,Ascent,NRG,NRG
509810,2025-07-26,6,decider,Bind,,decider
509811,2025-07-27,0,ban,Sunset,EG,EG
509811,2025-07-27,1,ban,Icebox,C9,C9
509811,2025-07-27,2,pick,Lotus,EG,EG
509811,2025-07-27,3,pick,Haven,C9,C9
509811,2025-07-27,4,ban,Corrode,EG,EG
509811,2025-07-27,5,ban,Ascent,C9,C9
509811,2025-07-27,6,decider,Bind,,decider
509812,2025-07-27,0,ban,Ascent,MIBR,MIBR
509812,2025-07-27,1,ban,Icebox,LEV,LEV
509812,2025-07-27,2,pick,Lotus,MIBR,MIBR
509812,2025-07-27,3,pick,Sunset,LEV,LEV
509812,2025-07-27,4,ban,Haven,MIBR,MIBR
509812,2025-07-27,5,ban,Corrode,LEV,LEV
509812,2025-07-27,6,decider,Bind,,decider
509813,2025-08-01,0,ban,Lotus,FUR,FUR
509813,2025-08-01,1,ban,Icebox,2G,2G
509813,2025-08-01,2,pick,Corrode,FUR,FUR
509813,2025-08-01,3,pick,Sunset,2G,2G
509813,2025-08-01,4,ban,Haven,FUR,FUR
509813,2025-08-01,5,ban,Bind,2G,2G
509813,2025-08-01,6,decider,Ascent,,decider
509814,2025-08-01,0,ban,Sunset,NRG,NRG
509814,2025-08-01,1,ban,Corrode,LEV,LEV
509814,2025-08-01,2,pick,Lotus,NRG,NRG
509814,2025-08-01,3,pick,Haven,LEV,LEV
509814,2025-08-01,4,ban,Bind,NRG,NRG
509814,2025-08-01,5,ban,Ascent,LEV,LEV
509814,2025-08-01,6,decider,Icebox,,decider
509815,2025-08-02,0,ban,Ascent,SEN,SEN
509815,2025-08-02,1,ban,Sunset,C9,C9
509815,2025-08-02,2,pick,Lotus,SEN,SEN
509815,2025-08-02,3,pick,Haven,C9,C9
509815,2025-08-02,4,ban,Bind,SEN,SEN
509815,2025-08-02,5,ban,Icebox,C9,C9
509815,2025-08-02,6,decider,Corrode,,decider
509816,2025-08-02,0,ban,Ascent,MIBR,MIBR
509816,2025-08-02,1,ban,Lotus,100T,100T
509816,2025-08-02,2,pick,Icebox,MIBR,MIBR
509816,2025-08-02,3,pick,Bind,100T,100T
509816,2025-08-02,4,ban,Sunset,MIBR,MIBR
509816,2025-08-02,5,ban,Corrode,100T,100T
509816,2025-08-02,6,decider,Haven,,decider
509817,2025-08-03,0,ban,Lotus,G2,G2
509817,2025-08-03,1,ban,Sunset,EG,EG
509817,2025-08-03,2,pick,Corrode,G2,G2
509817,2025-08-03,3,pick,Haven,EG,EG
509817,2025-08-03,4,ban,Bind,G2,G2
509817,2025-08-03,5,ban,Icebox,EG,EG
509817,2025-08-03,6,decider,Ascent,,decider
509818,2025-08-03,0,ban,Lotus,LOUD,LOUD
509818,2025-08-03,1,ban,Sunset,KRÜ,KRÜ
509818,2025-08-03,2,pick,Haven,LOUD,LOUD
509818,2025-08-03,3,pick,Bind,KRÜ,KRÜ
509818,2025-08-03,4,ban,Icebox,LOUD,LOUD
509818,2025-08-03,5,ban,Corrode,KRÜ,KRÜ
509818,2025-08-03,6,decider,Ascent,,decider
509819,2025-08-08,0,ban,Sunset,C9,C9
509819,2025-08-08,1,ban,Icebox,2G,2G
509819,2025-08-08,2,pick,Bind,C9,C9
509819,2025-08-08,3,pick,Lotus,2G,2G
509819,2025-08-08,4,ban,Haven,C9,C9
509819,2025-08-08,5,ban,Corrode,2G,2G
509819,2025-08-08,6,decider,Ascent,,decider
509820,2025-08-08,0,ban,Icebox,NRG,NRG
509820,2025-08-08,1,ban,Corrode,MIBR,MIBR
509820,2025-08-08,2,pick,Lotus,NRG,NRG
509820,2025-08-08,3,pick,Bind,MIBR,MIBR
509820,2025-08-08,4,ban,Sunset,NRG,NRG
509820,2025-08-08,5,ban,Ascent,MIBR,MIBR
509820,2025-08-08,6,decider,Haven,,decider
509821,2025-08-09,0,ban,Ascent,SEN,SEN
509821,2025-08-09,1,ban,Sunset,EG,EG
509821,2025-08-09,2,pick,Lotus,SEN,SEN
509821,2025-08-09,3,pick,Corrode,EG,EG
509821,2025-08-09,4,ban,Icebox,SEN,SEN
509821,2025-08-09,5,ban,Haven,EG,EG
509821,2025-08-09,6,decider,Bind,,decider
509822,2025-08-09,0,ban,Icebox,LEV,LEV
509822,2025-08-09,1,ban,Sunset,KRÜ,KRÜ
509822,2025-08-09,2,pick,Bind,LEV,LEV
509822,2025-08-09,3,pick,Haven,KRÜ,KRÜ
509822,2025-08-09,4,ban,Corrode,LEV,LEV
509822,2025-08-09,5,ban,Lotus,KRÜ,KRÜ
509822,2025-08-09,6,decider,Ascent,,decider
509823,2025-08-10,0,ban,Lotus,FUR,FUR
509823,2025-08-10,1,ban,Icebox,G2,G2
509823,2025-08-10,2,pick,Corrode,FUR,FUR
509823,2025-08-10,3,pick,Ascent,G2,G2
509823,2025-08-10,4,ban,Haven,FUR,FUR
509823,2025-08-10,5,ban,Bind,G2,G2
509823,2025-08-10,6,decider,Sunset,,decider
509824,2025-08-10,0,ban,Haven,LOUD,LOUD
509824,2025-08-10,1,ban,Icebox,100T,100T
509824,2025-08-10,2,pick,Sunset,LOUD,LOUD
509824,2025-08-10,3,pick,Bind,100T,100T
509824,2025-08-10,4,ban,Corrode,LOUD,LOUD
509824,2025-08-10,5,ban,Ascent,100T,100T
509824,2025-08-10,6,decider,Lotus,,decider
509825,2025-08-15,0,ban,Icebox,KRÜ,KRÜ
509825,2025-08-15,1,ban,Bind,NRG,NRG
509825,2025-08-15,2,pick,Sunset,KRÜ,KRÜ
509825,2025-08-15,3,pick,Lotus,NRG,NRG
509825,2025-08-15,4,ban,Corrode,KRÜ,KRÜ
509825,2025-08-15,5,ban,Ascent,NRG,NRG
509825,2025-08-15,6,decider,Haven,,decider
509826,2025-08-15,0,ban,Icebox,100T,100T
509826,2025-08-15,1,ban,Bind,LEV,LEV
509826,2025-08-15,2,pick,Haven,100T,100T
509826,2025-08-15,3,pick,Sunset,LEV,LEV
509826,2025-08-15,4,ban,Ascent,100T,100T
509826,2025-08-15,5,ban,Corrode,LEV,LEV
509826,2025-08-15,6,decider,Lotus,,decider
509827,2025-08-16,0,ban,Sunset,EG,EG
509827,2025-08-16,1,ban,Lotus,FUR,FUR
509827,2025-08-16,2,pick,Corrode,EG,EG
509827,2025-08-16,3,pick,Ascent,FUR,FUR
509827,2025-08-16,4,ban,Haven,EG,EG
509827,2025-08-16,5,ban,Bind,FUR,FUR
509827,2025-08-16,6,decider,Icebox,,decider
509829,2025-08-16,0,ban,Icebox,2G,2G
509829,2025-08-16,1,ban,Ascent,SEN,SEN
509829,2025-08-16,2,pick,Sunset,2G,2G
509829,2025-08-16,3,pick,Lotus,SEN,SEN
509829,2025-08-16,4,ban,Corrode,2G,2G
509829,2025-08-16,5,ban,Bind,SEN,SEN
509829,2025-08-16,6,decider,Haven,,decider
509830,2025-08-17,0,ban,Bind,G2,G2
509830,2025-08-17,1,ban,Corrode,C9,C9
509830,2025-08-17,2,pick,Ascent,G2,G2
509830,2025-08-17,3,pick,Lotus,C9,C9
509830,2025-08-17,4,ban,Icebox,G2,G2
509830,2025-08-17,5,ban,Sunset,C9,C9
509830,2025-08-17,6,decider,Haven,,decider
509831,2025-08-17,0,ban,Corrode,MIBR,MIBR
509831,2025-08-17,1,ban,Haven,LOUD,LOUD
509831,2025-08-17,2,pick,Icebox,MIBR,MIBR
509831,2025-08-17,3,pick,Sunset,LOUD,LOUD
509831,2025-08-17,4,ban,Ascent,MIBR,MIBR
509831,2025-08-17,5,ban,Bind,LOUD,LOUD
509831,2025-08-17,6,decider,Lotus,,decider
530902,2025-08-21,0,ban,Sunset,C9,C9
530902,2025-08-21,1,ban,Bind,LEV,LEV
530902,2025-08-21,2,pick,Corrode,C9,C9
530902,2025-08-21,3,pick,Haven,LEV,LEV
530902,2025-08-21,4,ban,Ascent,C9,C9
530902,2025-08-21,5,ban,Icebox,LEV,LEV
530902,2025-08-21,6,decider,Lotus,,decider
530903,2025-08-21,0,ban,Lotus,100T,100T
530903,2025-08-21,1,ban,Bind,G2,G2
530903,2025-08-21,2,pick,Sunset,100T,100T
530903,2025-08-21,3,pick,Haven,G2,G2
530903,2025-08-21,4,ban,Ascent,100T,100T
530903,2025-08-21,5,ban,Icebox,G2,G2
530903,2025-08-21,6,decider,Corrode,,decider
530906,2025-08-22,0,ban,Ascent,SEN,SEN
530906,2025-08-22,1,ban,Sunset,C9,C9
530906,2025-08-22,2,pick,Corrode,SEN,SEN
530906,2025-08-22,3,pick,Icebox,C9,C9
530906,2025-08-22,4,ban,Bind,SEN,SEN
530906,2025-08-22,5,ban,Haven,C9,C9
530906,2025-08-22,6,decider,Lotus,,decider
530907,2025-08-22,0,ban,Ascent,NRG,NRG
530907,2025-08-22,1,ban,Icebox,G2,G2
530907,2025-08-22,2,pick,Corrode,NRG,NRG
530907,2025-08-22,3,pick,Sunset,G2,G2
530907,2025-08-22,4,ban,Lotus,NRG,NRG
530907,2025-08-22,5,ban,Haven,G2,G2
530907,2025-08-22,6,decider,Bind,,decider
530904,2025-08-23,0,ban,Bind,LEV,LEV
530904,2025-08-23,1,ban,Icebox,KRÜ,KRÜ
530904,2025-08-23,2,pick,Lotus,LEV,LEV
530904,2025-08-23,3,pick,Sunset,KRÜ,KRÜ
530904,2025-08-23,4,ban,Corrode,LEV,LEV
530904,2025-08-23,5,ban,Ascent,KRÜ,KRÜ
530904,2025-08-23,6,decider,Haven,,decider
530905,2025-08-23,0,ban,Lotus,100T,100T
530905,2025-08-23,1,ban,Sunset,EG,EG
530905,2025-08-23,2,pick,Bind,100T,100T
530905,2025-08-23,3,pick,Corrode,EG,EG
530905,2025-08-23,4,ban,Icebox,100T,100T
530905,2025-08-23,5,ban,Haven,EG,EG
530905,2025-08-23,6,decider,Ascent,,decider
530908,2025-08-24,0,ban,Corrode,LEV,LEV
530908,2025-08-24,1,ban,Bind,NRG,NRG
530908,2025-08-24,2,pick,Ascent,LEV,LEV
530908,2025-08-24,3,pick,Icebox,NRG,NRG
530908,2025-08-24,4,ban,Lotus,LEV,LEV
530908,2025-08-24,5,ban,Sunset,NRG,NRG
530908,2025-08-24,6,decider,Haven,,decider
530909,2025-08-24,0,ban,Lotus,100T,100T
530909,2025-08-24,1,ban,Bind,C9,C9
530909,2025-08-24,2,pick,Haven,100T,100T
530909,2025-08-24,3,pick,Icebox,C9,C9
530909,2025-08-24,4,ban,Ascent,100T,100T
530909,2025-08-24,5,ban,Sunset,C9,C9
530909,2025-08-24,6,decider,Corrode,,decider
530910,2025-08-29,0,ban,Corrode,G2,G2
530910,2025-08-29,1,ban,Ascent,SEN,SEN
530910,2025-08-29,2,pick,Bind,G2,G2
530910,2025-08-29,3,pick,Sunset,SEN,SEN
530910,2025-08-29,4,ban,Lotus,G2,G2
530910,2025-08-29,5,ban,Icebox,SEN,SEN
530910,2025-08-29,6,decider,Haven,,decider
530911,2025-08-29,0,ban,Bind,NRG,NRG
530911,2025-08-29,1,ban,Icebox,C9,C9
530911,2025-08-29,2,pick,Haven,NRG,NRG
530911,2025-08-29,3,pick,Corrode,C9,C9
530911,2025-08-29,4,ban,Sunset,NRG,NRG
530911,2025-08-29,5,ban,Ascent,C9,C9
530911,2025-08-29,6,decider,Lotus,,decider
530912,2025-08-30,0,ban,Ascent,SEN,SEN
530912,2025-08-30,1,ban,Bind,NRG,NRG
530912,2025-08-30,2,pick,Lotus,SEN,SEN
530912,2025-08-30,3,pick,Icebox,NRG,NRG
530912,2025-08-30,4,pick,Sunset,SEN,SEN
530912,2025-08-30,5,pick,Corrode,NRG,NRG
530912,2025-08-30,6,decider,Haven,,decider
530913,2025-08-31,0,ban,Corrode,G2,G2
530913,2025-08-31,1,ban,Icebox,G2,G2
530913,2025-08-31,2,pick,Bind,G2,G2
530913,2025-08-31,3,pick,Lotus,NRG,NRG
530913,2025-08-31,4,pick,Ascent,G2,G2
530913,2025-08-31,5,pick,Haven,NRG,NRG
530913,2025-08-31,6,decider,Sunset,,decider
542195,2025-09-12,0,ban,Lotus,XLG,XLG
542195,2025-09-12,1,ban,Abyss,PRX,PRX
542195,2025-09-12,2,pick,Bind,XLG,XLG
542195,2025-09-12,3,pick,Sunset,PRX,PRX
542195,2025-09-12,4,ban,Corrode,XLG,XLG
542195,2025-09-12,5,ban,Haven,PRX,PRX
542195,2025-09-12,6,decider,Ascent,,decider
542196,2025-09-12,0,ban,Ascent,SEN,SEN
542196,2025-09-12,1,ban,Lotus,GX,GX
542196,2025-09-12,2,pick,Corrode,SEN,SEN
542196,2025-09-12,3,pick,Sunset,GX,GX
542196,2025-09-12,4,ban,Bind,SEN,SEN
542196,2025-09-12,5,ban,Abyss,GX,GX
542196,2025-09-12,6,decider,Haven,,decider
542207,2025-09-13,0,ban,Lotus,EDG,EDG
542207,2025-09-13,1,ban,Sunset,NRG,NRG
542207,2025-09-13,2,pick,Abyss,EDG,EDG
542207,2025-09-13,3,pick,Corrode,NRG,NRG
542207,2025-09-13,4,ban,Ascent,EDG,EDG
542207,2025-09-13,5,ban,Bind,NRG,NRG
542207,2025-09-13,6,decider,Haven,,decider
542205,2025-09-13,0,ban,Sunset,KRX,KRX
542205,2025-09-13,1,ban,Haven,TL,TL
542205,2025-09-13,2,pick,Abyss,KRX,KRX
542205,2025-09-13,3,pick,Bind,TL,TL
542205,2025-09-13,4,ban,Corrode,KRX,KRX
542205,2025-09-13,5,ban,Ascent,TL,TL
542205,2025-09-13,6,decider,Lotus,,decider
542212,2025-09-14,0,ban,Bind,DRG,DRG
542212,2025-09-14,1,ban,Haven,T1,T1
542212,2025-09-14,2,pick,Lotus,DRG,DRG
542212,2025-09-14,3,pick,Sunset,T1,T1
542212,2025-09-14,4,ban,Abyss,DRG,DRG
542212,2025-09-14,5,ban,Corrode,T1,T1
542212,2025-09-14,6,decider,Ascent,,decider
542211,2025-09-14,0,ban,Abyss,TH,TH
542211,2025-09-14,1,ban,Sunset,G2,G2
542211,2025-09-14,2,pick,Corrode,TH,TH
542211,2025-09-14,3,pick,Lotus,G2,G2
542211,2025-09-14,4,ban,Bind,TH,TH
542211,2025-09-14,5,ban,Ascent,G2,G2
542211,2025-09-14,6,decider,Haven,,decider
542200,2025-09-15,0,ban,Abyss,BLG,BLG
542200,2025-09-15,1,ban,Lotus,MIBR,MIBR
542200,2025-09-15,2,pick,Haven,BLG,BLG
542200,2025-09-15,3,pick,Corrode,MIBR,MIBR
542200,2025-09-15,4,ban,Ascent,BLG,BLG
542200,2025-09-15,5,ban,Bind,MIBR,MIBR
542200,2025-09-15,6,decider,Sunset,,decider
542201,2025-09-15,0,ban,Sunset,FNC,FNC
542201,2025-09-15,1,ban,Bind,RRQ,RRQ
542201,2025-09-15,2,pick,Ascent,FNC,FNC
542201,2025-09-15,3,pick,Abyss,RRQ,RRQ
542201,2025-09-15,4,ban,Haven,FNC,FNC
542201,2025-09-15,5,ban,Lotus,RRQ,RRQ
542201,2025-09-15,6,decider,Corrode,,decider
542197,2025-09-17,0,ban,Bind,GX,GX
542197,2025-09-17,1,ban,Corrode,PRX,PRX
542197,2025-09-17,2,pick,Ascent,GX,GX
542197,2025-09-17,3,pick,Lotus,PRX,PRX
542197,2025-09-17,4,ban,Abyss,GX,GX
542197,2025-09-17,5,ban,Haven,PRX,PRX
542197,2025-09-17,6,decider,Sunset,,decider
542208,2025-09-17,0,ban,Sunset,KRX,KRX
542208,2025-09-17,1,ban,Abyss,NRG,NRG
542208,2025-09-17,2,pick,Haven,KRX,KRX
542208,2025-09-17,3,pick,Corrode,NRG,NRG
542208,2025-09-17,4,ban,Ascent,KRX,KRX
542208,2025-09-17,5,ban,Bind,NRG,NRG
542208,2025-09-17,6,decider,Lotus,,decider
542213,2025-09-18,0,ban,Abyss,TH,TH
542213,2025-09-18,1,ban,Haven,T1,T1
542213,2025-09-18,2,pick,Lotus,TH,TH
542213,2025-09-18,3,pick,Sunset,T1,T1
542213,2025-09-18,4,ban,Bind,TH,TH
542213,2025-09-18,5,ban,Corrode,T1,T1
542213,2025-09-18,6,decider,Ascent,,decider
542202,2025-09-18,0,ban,Sunset,FNC,FNC
542202,2025-09-18,1,ban,Lotus,MIBR,MIBR
542202,2025-09-18,2,pick,Bind,FNC,FNC
542202,2025-09-18,3,pick,Abyss,MIBR,MIBR
542202,2025-09-18,4,ban,Corrode,FNC,FNC
542202,2025-09-18,5,ban,Ascent,MIBR,MIBR
542202,2025-09-18,6,decider,Haven,,decider
542209,2025-09-19,0,ban,Haven,TL,TL
542209,2025-09-19,1,ban,Lotus,EDG,EDG
542209,2025-09-19,2,pick,Sunset,TL,TL
542209,2025-09-19,3,pick,Abyss,EDG,EDG
542209,2025-09-19,4,ban,Corrode,TL,TL
542209,2025-09-19,5,ban,Ascent,EDG,EDG
542209,2025-09-19,6,decider,Bind,,decider
542198,2025-09-19,0,ban,Corrode,XLG,XLG
542198,2025-09-19,1,ban,Ascent,SEN,SEN
542198,2025-09-19,2,pick,Abyss,XLG,XLG
542198,2025-09-19,3,pick,Lotus,SEN,SEN
542198,2025-09-19,4,ban,Sunset,XLG,XLG
542198,2025-09-19,5,ban,Bind,SEN,SEN
542198,2025-09-19,6,decider,Haven,,decider
542203,2025-09-20,0,ban,Bind,RRQ,RRQ
542203,2025-09-20,1,ban,Corrode,BLG,BLG
542203,2025-09-20,2,pick,Sunset,RRQ,RRQ
542203,2025-09-20,3,pick,Lotus,BLG,BLG
542203,2025-09-20,4,ban,Ascent,RRQ,RRQ
542203,2025-09-20,5,ban,Haven,BLG,BLG
542203,2025-09-20,6,decider,Abyss,,decider
542214,2025-09-20,0,ban,Bind,DRG,DRG
542214,2025-09-20,1,ban,Corrode,G2,G2
542214,2025-09-20,2,pick,Lotus,DRG,DRG
542214,2025-09-20,3,pick,Abyss,G2,G2
542214,2025-09-20,4,ban,Haven,DRG,DRG
542214,2025-09-20,5,ban,Sunset,G2,G2
542214,2025-09-20,6,decider,Ascent,,decider
542210,2025-09-21,0,ban,Haven,TL,TL
542210,2025-09-21,1,ban,Sunset,KRX,KRX
542210,2025-09-21,2,pick,Corrode,TL,TL
542210,2025-09-21,3,pick,Abyss,KRX,KRX
542210,2025-09-21,4,ban,Lotus,TL,TL
542210,2025-09-21,5,ban,Ascent,KRX,KRX
542210,2025-09-21,6,decider,Bind,,decider
542199,2025-09-21,0,ban,Sunset,XLG,XLG
542199,2025-09-21,1,ban,Abyss,GX,GX
542199,2025-09-21,2,pick,Bind,XLG,XLG
542199,2025-09-21,3,pick,Ascent,GX,GX
542199,2025-09-21,4,ban,Corrode,XLG,XLG
542199,2025-09-21,5,ban,Haven,GX,GX
542199,2025-09-21,6,decider,Lotus,,decider
542215,2025-09-22,0,ban,Bind,G2,G2
542215,2025-09-22,1,ban,Abyss,T1,T1
542215,2025-09-22,2,pick,Lotus,G2,G2
542215,2025-09-22,3,pick,Corrode,T1,T1
542215,2025-09-22,4,ban,Ascent,G2,G2
542215,2025-09-22,5,ban,Haven,T1,T1
542215,2025-09-22,6,decider,Sunset,,decider
542204,2025-09-22,0,ban,Bind,RRQ,RRQ
542204,2025-09-22,1,ban,Lotus,MIBR,MIBR
542204,2025-09-22,2,pick,Corrode,RRQ,RRQ
542204,2025-09-22,3,pick,Abyss,MIBR,MIBR
542204,2025-09-22,4,ban,Sunset,RRQ,RRQ
542204,2025-09-22,5,ban,Ascent,MIBR,MIBR
542204,2025-09-22,6,decider,Haven,,decider
542265,2025-09-25,0,ban,Abyss,PRX,PRX
542265,2025-09-25,1,ban,Bind,G2,G2
542265,2025-09-25,2,pick,Lotus,PRX,PRX
542265,2025-09-25,3,pick,Corrode,G2,G2
542265,2025-09-25,4,ban,Haven,PRX,PRX
542265,2025-09-25,5,ban,Sunset,G2,G2
542265,2025-09-25,6,decider,Ascent,,decider
542264,2025-09-25,0,ban,Sunset,KRX,KRX
542264,2025-09-25,1,ban,Abyss,FNC,FNC
542264,2025-09-25,2,pick,Haven,KRX,KRX
542264,2025-09-25,3,pick,Ascent,FNC,FNC
542264,2025-09-25,4,ban,Bind,KRX,KRX
542264,2025-09-25,5,ban,Corrode,FNC,FNC
542264,2025-09-25,6,decider,Lotus,,decider
542266,2025-09-26,0,ban,Lotus,MIBR,MIBR
542266,2025-09-26,1,ban,Abyss,TH,TH
542266,2025-09-26,2,pick,Corrode,MIBR,MIBR
542266,2025-09-26,3,pick,Sunset,TH,TH
542266,2025-09-26,4,ban,Ascent,MIBR,MIBR
542266,2025-09-26,5,ban,Bind,TH,TH
542266,2025-09-26,6,decider,Haven,,decider
542267,2025-09-26,0,ban,Corrode,GX,GX
542267,2025-09-26,1,ban,Sunset,NRG,NRG
542267,2025-09-26,2,pick,Haven,GX,GX
542267,2025-09-26,3,pick,Lotus,NRG,NRG
542267,2025-09-26,4,ban,Bind,GX,GX
542267,2025-09-26,5,ban,Ascent,NRG,NRG
542267,2025-09-26,6,decider,Abyss,,decider
542273,2025-09-27,0,ban,Haven,G2,G2
542273,2025-09-27,1,ban,Sunset,KRX,KRX
542273,2025-09-27,2,pick,Lotus,G2,G2
542273,2025-09-27,3,pick,Abyss,KRX,KRX
542273,2025-09-27,4,ban,Ascent,G2,G2
542273,2025-09-27,5,ban,Corrode,KRX,KRX
542273,2025-09-27,6,decider,Bind,,decider
542274,2025-09-27,0,ban,Corrode,GX,GX
542274,2025-09-27,1,ban,Abyss,TH,TH
542274,2025-09-27,2,pick,Ascent,GX,GX
542274,2025-09-27,3,pick,Lotus,TH,TH
542274,2025-09-27,4,ban,Haven,GX,GX
542274,2025-09-27,5,ban,Sunset,TH,TH
542274,2025-09-27,6,decider,Bind,,decider
542268,2025-09-28,0,ban,Abyss,PRX,PRX
542268,2025-09-28,1,ban,Sunset,FNC,FNC
542268,2025-09-28,2,pick,Bind,PRX,PRX
542268,2025-09-28,3,pick,Haven,FNC,FNC
542268,2025-09-28,4,ban,Ascent,PRX,PRX
542268,2025-09-28,5,ban,Corrode,FNC,FNC
542268,2025-09-28,6,decider,Lotus,,decider
542269,2025-09-28,0,ban,Lotus,MIBR,MIBR
542269,2025-09-28,1,ban,Sunset,NRG,NRG
542269,2025-09-28,2,pick,Abyss,MIBR,MIBR
542269,2025-09-28,3,pick,Haven,NRG,NRG
542269,2025-09-28,4,ban,Ascent,MIBR,MIBR
542269,2025-09-28,5,ban,Bind,NRG,NRG
542269,2025-09-28,6,decider,Corrode,,decider
542277,2025-09-29,0,ban,Sunset,TH,TH
542277,2025-09-29,1,ban,Haven,PRX,PRX
542277,2025-09-29,2,pick,Ascent,TH,TH
542277,2025-09-29,3,pick,Bind,PRX,PRX
542277,2025-09-29,4,ban,Abyss,TH,TH
542277,2025-09-29,5,ban,Corrode,PRX,PRX
542277,2025-09-29,6,decider,Lotus,,decider
542276,2025-09-29,0,ban,Abyss,MIBR,MIBR
542276,2025-09-29,1,ban,Corrode,KRX,KRX
542276,2025-09-29,2,pick,Sunset,MIBR,MIBR
542276,2025-09-29,3,pick,Ascent,KRX,KRX
542276,2025-09-29,4,ban,Haven,MIBR,MIBR
542276,2025-09-29,5,ban,Lotus,KRX,KRX
542276,2025-09-29,6,decider,Bind,,decider
542270,2025-10-03,0,ban,Corrode,FNC,FNC
542270,2025-10-03,1,ban,Haven,NRG,NRG
542270,2025-10-03,2,pick,Ascent,FNC,FNC
542270,2025-10-03,3,pick,Abyss,NRG,NRG
542270,2025-10-03,4,ban,Sunset,FNC,FNC
542270,2025-10-03,5,ban,Bind,NRG,NRG
542270,2025-10-03,6,decider,Lotus,,decider
542278,2025-10-03,0,ban,Sunset,KRX,KRX
542278,2025-10-03,1,ban,Abyss,PRX,PRX
542278,2025-10-03,2,pick,Ascent,KRX,KRX
542278,2025-10-03,3,pick,Lotus,PRX,PRX
542278,2025-10-03,4,ban,Bind,KRX,KRX
542278,2025-10-03,5,ban,Haven,PRX,PRX
542278,2025-10-03,6,decider,Corrode,,decider
542279,2025-10-04,0,ban,Abyss,FNC,FNC
542279,2025-10-04,1,ban,Lotus,KRX,KRX
542279,2025-10-04,2,pick,Sunset,FNC,FNC
542279,2025-10-04,3,pick,Corrode,KRX,KRX
542279,2025-10-04,4,pick,Haven,FNC,FNC
542279,2025-10-04,5,pick,Bind,KRX,KRX
542279,2025-10-04,6,decider,Ascent,,decider
542272,2025-10-05,0,ban,Haven,NRG,NRG
542272,2025-10-05,1,ban,Bind,NRG,NRG
542272,2025-10-05,2,pick,Corrode,NRG,NRG
542272,2025-10-05,3,pick,Lotus,FNC,FNC
542272,2025-10-05,4,pick,Abyss,NRG,NRG
542272,2025-10-05,5,pick,Ascent,FNC,FNC
542272,2025-10-05,6,decider,Sunset,,decider
596399,2026-01-15,0,ban,Haven,ENVY,ENVY
596399,2026-01-15,1,ban,Breeze,EG,EG
596399,2026-01-15,2,pick,Abyss,ENVY,ENVY
596399,2026-01-15,3,pick,Corrode,EG,EG
596399,2026-01-15,4,ban,Pearl,ENVY,ENVY
596399,2026-01-15,5,ban,Split,EG,EG
596399,2026-01-15,6,decider,Bind,,decider
596398,2026-01-15,0,ban,Breeze,C9,C9
596398,2026-01-15,1,ban,Split,LOUD,LOUD
596398,2026-01-15,2,pick,Haven,C9,C9
596398,2026-01-15,3,pick,Abyss,LOUD,LOUD
596398,2026-01-15,4,ban,Corrode,C9,C9
596398,2026-01-15,5,ban,Pearl,LOUD,LOUD
596398,2026-01-15,6,decider,Bind,,decider
596400,2026-01-16,0,ban,Haven,KRÜ,KRÜ
596400,2026-01-16,1,ban,Split,FUR,FUR
596400,2026-01-16,2,pick,Pearl,KRÜ,KRÜ
596400,2026-01-16,3,pick,Breeze,FUR,FUR
596400,2026-01-16,4,ban,Bind,KRÜ,KRÜ
596400,2026-01-16,5,ban,Corrode,FUR,FUR
596400,2026-01-16,6,decider,Abyss,,decider
596401,2026-01-16,0,ban,Abyss,LEV,LEV
596401,2026-01-16,1,ban,Corrode,100T,100T
596401,2026-01-16,2,pick,Bind,LEV,LEV
596401,2026-01-16,3,pick,Pearl,100T,100T
596401,2026-01-16,4,ban,Breeze,LEV,LEV
596401,2026-01-16,5,ban,Haven,100T,100T
596401,2026-01-16,6,decider,Split,,decider
596402,2026-01-17,0,ban,Corrode,C9,C9
596402,2026-01-17,1,ban,Haven,NRG,NRG
596402,2026-01-17,2,pick,Pearl,C9,C9
596402,2026-01-17,3,pick,Breeze,NRG,NRG
596402,2026-01-17,4,ban,Abyss,C9,C9
596402,2026-01-17,5,ban,Split,NRG,NRG
596402,2026-01-17,6,decider,Bind,,decider
596403,2026-01-17,0,ban,Haven,ENVY,ENVY
596403,2026-01-17,1,ban,Split,MIBR,MIBR
596403,2026-01-17,2,pick,Abyss,ENVY,ENVY
596403,2026-01-17,3,pick,Corrode,MIBR,MIBR
596403,2026-01-17,4,ban,Breeze,ENVY,ENVY
596403,2026-01-17,5,ban,Pearl,MIBR,MIBR
596403,2026-01-17,6,decider,Bind,,decider
596404,2026-01-18,0,ban,Haven,SEN,SEN
596404,2026-01-18,1,ban,Pearl,FUR,FUR
596404,2026-01-18,2,pick,Split,SEN,SEN
596404,2026-01-18,3,pick,Breeze,FUR,FUR
596404,2026-01-18,4,ban,Bind,SEN,SEN
596404,2026-01-18,5,ban,Corrode,FUR,FUR
596404,2026-01-18,6,decider,Abyss,,decider
596405,2026-01-18,0,ban,Abyss,100T,100T
596405,2026-01-18,1,ban,Breeze,G2,G2
596405,2026-01-18,2,pick,Bind,100T,100T
596405,2026-01-18,3,pick,Corrode,G2,G2
596405,2026-01-18,4,ban,Haven,100T,100T
596405,2026-01-18,5,ban,Pearl,G2,G2
596405,2026-01-18,6,decider,Split,,decider
596409,2026-01-23,0,ban,Split,LOUD,LOUD
596409,2026-01-23,1,ban,Abyss,100T,100T
596409,2026-01-23,2,pick,Breeze,LOUD,LOUD
596409,2026-01-23,3,pick,Pearl,100T,100T
596409,2026-01-23,4,ban,Corrode,LOUD,LOUD
596409,2026-01-23,5,ban,Haven,100T,100T
596409,2026-01-23,6,decider,Bind,,decider
596410,2026-01-23,0,ban,Breeze,EG,EG
596410,2026-01-23,1,ban,Haven,SEN,SEN
596410,2026-01-23,2,pick,Abyss,EG,EG
596410,2026-01-23,3,pick,Pearl,SEN,SEN
596410,2026-01-23,4,ban,Split,EG,EG
596410,2026-01-23,5,ban,Bind,SEN,SEN
596410,2026-01-23,6,decider,Corrode,,decider
596411,2026-01-24,0,ban,Haven,ENVY,ENVY
596411,2026-01-24,1,ban,Corrode,KRÜ,KRÜ
596411,2026-01-24,2,pick,Abyss,ENVY,ENVY
596411,2026-01-24,3,pick,Pearl,KRÜ,KRÜ
596411,2026-01-24,4,ban,Split,ENVY,ENVY
596411,2026-01-24,5,ban,Bind,KRÜ,KRÜ
596411,2026-01-24,6,decider,Breeze,,decider
596412,2026-01-24,0,ban,Abyss,LEV,LEV
596412,2026-01-24,1,ban,Corrode,C9,C9
596412,2026-01-24,2,pick,Pearl,LEV,LEV
596412,2026-01-24,3,pick,Split,C9,C9
596412,2026-01-24,4,ban,Breeze,LEV,LEV
596412,2026-01-24,5,ban,Bind,C9,C9
596412,2026-01-24,6,decider,Haven,,decider
596413,2026-01-25,0,ban,Abyss,100T,100T
596413,2026-01-25,1,ban,Haven,SEN,SEN
596413,2026-01-25,2,pick,Corrode,100T,100T
596413,2026-01-25,3,pick,Split,SEN,SEN
596413,2026-01-25,4,ban,Breeze,100T,100T
596413,2026-01-25,5,ban,Bind,SEN,SEN
596413,2026-01-25,6,decider,Pearl,,decider
596414,2026-01-25,0,ban,Corrode,C9,C9
596414,2026-01-25,1,ban,Haven,ENVY,ENVY
596414,2026-01-25,2,pick,Pearl,C9,C9
596414,2026-01-25,3,pick,Breeze,ENVY,ENVY
596414,2026-01-25,4,ban,Bind,C9,C9
596414,2026-01-25,5,ban,Abyss,ENVY,ENVY
596414,2026-01-25,6,decider,Split,,decider
596406,2026-01-30,0,ban,Pearl,MIBR,MIBR
596406,2026-01-30,1,ban,Haven,NRG,NRG
596406,2026-01-30,2,pick,Abyss,MIBR,MIBR
596406,2026-01-30,3,pick,Split,NRG,NRG
596406,2026-01-30,4,ban,Corrode,MIBR,MIBR
596406,2026-01-30,5,ban,Bind,NRG,NRG
596406,2026-01-30,6,decider,Breeze,,decider
596407,2026-01-30,0,ban,Pearl,FUR,FUR
596407,2026-01-30,1,ban,Breeze,G2,G2
596407,2026-01-30,2,pick,Abyss,FUR,FUR
596407,2026-01-30,3,pick,Bind,G2,G2
596407,2026-01-30,4,ban,Haven,FUR,FUR
596407,2026-01-30,5,ban,Corrode,G2,G2
596407,2026-01-30,6,decider,Split,,decider
596419,2026-01-31,0,ban,Breeze,EG,EG
596419,2026-01-31,1,ban,Split,LOUD,LOUD
596419,2026-01-31,2,pick,Haven,EG,EG
596419,2026-01-31,3,pick,Abyss,LOUD,LOUD
596419,2026-01-31,4,ban,Bind,EG,EG
596419,2026-01-31,5,ban,Pearl,LOUD,LOUD
596419,2026-01-31,6,decider,Corrode,,decider
596420,2026-01-31,0,ban,Breeze,LEV,LEV
596420,2026-01-31,1,ban,Corrode,KRÜ,KRÜ
596420,2026-01-31,2,pick,Bind,LEV,LEV
596420,2026-01-31,3,pick,Split,KRÜ,KRÜ
596420,2026-01-31,4,ban,Pearl,LEV,LEV
596420,2026-01-31,5,ban,Haven,KRÜ,KRÜ
596420,2026-01-31,6,decider,Abyss,,decider
596415,2026-02-01,0,ban,Abyss,100T,100T
596415,2026-02-01,1,ban,Bind,NRG,NRG
596415,2026-02-01,2,pick,Haven,100T,100T
596415,2026-02-01,3,pick,Corrode,NRG,NRG
596415,2026-02-01,4,ban,Pearl,100T,100T
596415,2026-02-01,5,ban,Breeze,NRG,NRG
596415,2026-02-01,6,decider,Split,,decider
596416,2026-02-01,0,ban,Pearl,C9,C9
596416,2026-02-01,1,ban,Abyss,G2,G2
596416,2026-02-01,2,pick,Corrode,C9,C9
596416,2026-02-01,3,pick,Bind,G2,G2
596416,2026-02-01,4,ban,Haven,C9,C9
596416,2026-02-01,5,ban,Breeze,G2,G2
596416,2026-02-01,6,decider,Split,,decider
596421,2026-02-06,0,ban,Breeze,EG,EG
596421,2026-02-06,1,ban,Haven,ENVY,ENVY
596421,2026-02-06,2,pick,Pearl,EG,EG
596421,2026-02-06,3,pick,Corrode,ENVY,ENVY
596421,2026-02-06,4,ban,Abyss,EG,EG
596421,2026-02-06,5,ban,Split,ENVY,ENVY
596421,2026-02-06,6,decider,Bind,,decider
596422,2026-02-06,0,ban,Haven,SEN,SEN
596422,2026-02-06,1,ban,Split,LEV,LEV
596422,2026-02-06,2,pick,Corrode,SEN,SEN
596422,2026-02-06,3,pick,Bind,LEV,LEV
596422,2026-02-06,4,ban,Split,SEN,SEN
596422,2026-02-06,5,ban,Breeze,LEV,LEV
596422,2026-02-06,6,decider,Abyss,,decider
596423,2026-02-07,0,ban,Breeze,EG,EG
596423,2026-02-07,1,ban,Abyss,100T,100T
596423,2026-02-07,2,pick,Haven,EG,EG
596423,2026-02-07,3,pick,Bind,100T,100T
596423,2026-02-07,4,ban,Pearl,EG,EG
596423,2026-02-07,5,ban,Corrode,100T,100T
596423,2026-02-07,6,decider,Split,,decider
596424,2026-02-07,0,ban,Pearl,LEV,LEV
596424,2026-02-07,1,ban,Corrode,C9,C9
596424,2026-02-07,2,pick,Bind,LEV,LEV
596424,2026-02-07,3,pick,Breeze,C9,C9
596424,2026-02-07,4,ban,Split,LEV,LEV
596424,2026-02-07,5,ban,Haven,C9,C9
596424,2026-02-07,6,decider,Abyss,,decider
596417,2026-02-07,0,ban,Bind,NRG,NRG
596417,2026-02-07,1,ban,Abyss,G2,G2
596417,2026-02-07,2,pick,Pearl,NRG,NRG
596417,2026-02-07,3,pick,Split,G2,G2
596417,2026-02-07,4,ban,Breeze,NRG,NRG
596417,2026-02-07,5,ban,Corrode,G2,G2
596417,2026-02-07,6,decider,Haven,,decider
596425,2026-02-13,0,ban,Bind,C9,C9
596425,2026-02-13,1,ban,Haven,100T,100T
596425,2026-02-13,2,pick,Pearl,C9,C9
596425,2026-02-13,3,pick,Split,100T,100T
596425,2026-02-13,4,ban,Corrode,C9,C9
596425,2026-02-13,5,ban,Breeze,100T,100T
596425,2026-02-13,6,decider,Abyss,,decider
596408,2026-02-13,0,ban,Pearl,MIBR,MIBR
596408,2026-02-13,1,ban,Corrode,FUR,FUR
596408,2026-02-13,2,pick,Bind,MIBR,MIBR
596408,2026-02-13,3,pick,Abyss,FUR,FUR
596408,2026-02-13,4,pick,Haven,MIBR,MIBR
596408,2026-02-13,5,pick,Breeze,FUR,FUR
596408,2026-02-13,6,decider,Split,,decider
596426,2026-02-14,0,ban,Haven,100T,100T
596426,2026-02-14,1,ban,Bind,NRG,NRG
596426,2026-02-14,2,pick,Pearl,100T,100T
596426,2026-02-14,3,pick,Abyss,NRG,NRG
596426,2026-02-14,4,ban,Corrode,100T,100T
596426,2026-02-14,5,ban,Breeze,NRG,NRG
596426,2026-02-14,6,decider,Split,,decider
596418,2026-02-14,0,ban,Pearl,MIBR,MIBR
596418,2026-02-14,1,ban,Abyss,G2,G2
596418,2026-02-14,2,pick,Breeze,MIBR,MIBR
596418,2026-02-14,3,pick,Haven,G2,G2
596418,2026-02-14,4,pick,Corrode,MIBR,MIBR
596418,2026-02-14,5,pick,Split,G2,G2
596418,2026-02-14,6,decider,Bind,,decider
596427,2026-02-15,0,ban,Pearl,MIBR,MIBR
596427,2026-02-15,1,ban,Breeze,NRG,NRG
596427,2026-02-15,2,pick,Bind,MIBR,MIBR
596427,2026-02-15,3,pick,Corrode,NRG,NRG
596427,2026-02-15,4,pick,Split,MIBR,MIBR
596427,2026-02-15,5,pick,Abyss,NRG,NRG
596427,2026-02-15,6,decider,Haven,,decider
595630,2026-01-22,0,ban,Corrode,TS,TS
595630,2026-01-22,1,ban,Pearl,NS,NS
595630,2026-01-22,2,pick,Haven,TS,TS
595630,2026-01-22,3,pick,Split,NS,NS
595630,2026-01-22,4,ban,Abyss,TS,TS
595630,2026-01-22,5,ban,Bind,NS,NS
595630,2026-01-22,6,decider,Breeze,,decider
595631,2026-01-22,0,ban,Haven,FS,FS
595631,2026-01-22,1,ban,Pearl,ZETA,ZETA
595631,2026-01-22,2,pick,Corrode,FS,FS
595631,2026-01-22,3,pick,Split,ZETA,ZETA
595631,2026-01-22,4,ban,Abyss,FS,FS
595631,2026-01-22,5,ban,Bind,ZETA,ZETA
595631,2026-01-22,6,decider,Breeze,,decider
595632,2026-01-23,0,ban,Corrode,VL,VL
595632,2026-01-23,1,ban,Bind,GE,GE
595632,2026-01-23,2,pick,Split,VL,VL
595632,2026-01-23,3,pick,Abyss,GE,GE
595632,2026-01-23,4,ban,Breeze,VL,VL
595632,2026-01-23,5,ban,Pearl,GE,GE
595632,2026-01-23,6,decider,Haven,,decider
595633,2026-01-23,0,ban,Bind,GEN,GEN
595633,2026-01-23,1,ban,Breeze,DFM,DFM
595633,2026-01-23,2,pick,Abyss,GEN,GEN
595633,2026-01-23,3,pick,Pearl,DFM,DFM
595633,2026-01-23,4,ban,Corrode,GEN,GEN
595633,2026-01-23,5,ban,Split,DFM,DFM
595633,2026-01-23,6,decider,Haven,,decider
595634,2026-01-24,0,ban,Pearl,NS,NS
595634,2026-01-24,1,ban,Bind,T1,T1
595634,2026-01-24,2,pick,Split,NS,NS
595634,2026-01-24,3,pick,Haven,T1,T1
595634,2026-01-24,4,ban,Breeze,NS,NS
595634,2026-01-24,5,ban,Abyss,T1,T1
595634,2026-01-24,6,decider,Corrode,,decider
595635,2026-01-24,0,ban,Abyss,FS,FS
595635,2026-01-24,1,ban,Corrode,KRX,KRX
595635,2026-01-24,2,pick,Breeze,FS,FS
595635,2026-01-24,3,pick,Pearl,KRX,KRX
595635,2026-01-24,4,ban,Haven,FS,FS
595635,2026-01-24,5,ban,Bind,KRX,KRX
595635,2026-01-24,6,decider,Split,,decider
595636,2026-01-25,0,ban,Pearl,GE,GE
595636,2026-01-25,1,ban,Abyss,PRX,PRX
595636,2026-01-25,2,pick,Breeze,GE,GE
595636,2026-01-25,3,pick,Split,PRX,PRX
595636,2026-01-25,4,ban,Haven,GE,GE
595636,2026-01-25,5,ban,Corrode,PRX,PRX
595636,2026-01-25,6,decider,Bind,,decider
595637,2026-01-25,0,ban,Pearl,DFM,DFM
595637,2026-01-25,1,ban,Abyss,RRQ,RRQ
595637,2026-01-25,2,pick,Haven,DFM,DFM
595637,2026-01-25,3,pick,Corrode,RRQ,RRQ
595637,2026-01-25,4,ban,Breeze,DFM,DFM
595637,2026-01-25,5,ban,Split,RRQ,RRQ
595637,2026-01-25,6,decider,Bind,,decider
595641,2026-01-29,0,ban,Corrode,TS,TS
595641,2026-01-29,1,ban,Haven,DFM,DFM
595641,2026-01-29,2,pick,Split,TS,TS
595641,2026-01-29,3,pick,Bind,DFM,DFM
595641,2026-01-29,4,ban,Abyss,TS,TS
595641,2026-01-29,5,ban,Pearl,DFM,DFM
595641,2026-01-29,6,decider,Breeze,,decider
595642,2026-01-29,0,ban,Pearl,ZETA,ZETA
595642,2026-01-29,1,ban,Corrode,GE,GE
595642,2026-01-29,2,pick,Haven,ZETA,ZETA
595642,2026-01-29,3,pick,Abyss,GE,GE
595642,2026-01-29,4,ban,Bind,ZETA,ZETA
595642,2026-01-29,5,ban,Breeze,GE,GE
595642,2026-01-29,6,decider,Split,,decider
595643,2026-01-30,0,ban,Abyss,VL,VL
595643,2026-01-30,1,ban,Pearl,KRX,KRX
595643,2026-01-30,2,pick,Corrode,VL,VL
595643,2026-01-30,3,pick,Split,KRX,KRX
595643,2026-01-30,4,ban,Breeze,VL,VL
595643,2026-01-30,5,ban,Haven,KRX,KRX
595643,2026-01-30,6,decider,Bind,,decider
595644,2026-01-30,0,ban,Pearl,GEN,GEN
595644,2026-01-30,1,ban,Abyss,T1,T1
595644,2026-01-30,2,pick,Breeze,GEN,GEN
595644,2026-01-30,3,pick,Bind,T1,T1
595644,2026-01-30,4,ban,Split,GEN,GEN
595644,2026-01-30,5,ban,Corrode,T1,T1
595644,2026-01-30,6,decider,Haven,,decider
595638,2026-01-31,0,ban,Haven,FS,FS
595638,2026-01-31,1,ban,Pearl,NS,NS
595638,2026-01-31,2,pick,Split,FS,FS
595638,2026-01-31,3,pick,Bind,NS,NS
595638,2026-01-31,4,ban,Abyss,FS,FS
595638,2026-01-31,5,ban,Breeze,NS,NS
595638,2026-01-31,6,decider,Corrode,,decider
595639,2026-01-31,0,ban,Abyss,PRX,PRX
595639,2026-01-31,1,ban,Split,RRQ,RRQ
595639,2026-01-31,2,pick,Bind,PRX,PRX
595639,2026-01-31,3,pick,Pearl,RRQ,RRQ
595639,2026-01-31,4,ban,Corrode,PRX,PRX
595639,2026-01-31,5,ban,Haven,RRQ,RRQ
595639,2026-01-31,6,decider,Breeze,,decider
595645,2026-02-01,0,ban,Abyss,GE,GE
595645,2026-02-01,1,ban,Corrode,DFM,DFM
595645,2026-02-01,2,pick,Breeze,GE,GE
595645,2026-02-01,3,pick,Pearl,DFM,DFM
595645,2026-02-01,4,ban,Bind,GE,GE
595645,2026-02-01,5,ban,Haven,DFM,DFM
595645,2026-02-01,6,decider,Split,,decider
595646,2026-02-01,0,ban,Pearl,KRX,KRX
595646,2026-02-01,1,ban,Abyss,T1,T1
595646,2026-02-01,2,pick,Split,KRX,KRX
595646,2026-02-01,3,pick,Bind,T1,T1
595646,2026-02-01,4,ban,Haven,KRX,KRX
595646,2026-02-01,5,ban,Corrode,T1,T1
595646,2026-02-01,6,decider,Breeze,,decider
595651,2026-02-05,0,ban,Pearl,ZETA,ZETA
595651,2026-02-05,1,ban,Corrode,TS,TS
595651,2026-02-05,2,pick,Bind,ZETA,ZETA
595651,2026-02-05,3,pick,Split,TS,TS
595651,2026-02-05,4,ban,Breeze,ZETA,ZETA
595651,2026-02-05,5,ban,Haven,TS,TS
595651,2026-02-05,6,decider,Abyss,,decider
595652,2026-02-05,0,ban,Corrode,GEN,GEN
595652,2026-02-05,1,ban,Abyss,VL,VL
595652,2026-02-05,2,pick,Breeze,GEN,GEN
595652,2026-02-05,3,pick,Pearl,VL,VL
595652,2026-02-05,4,ban,Split,GEN,GEN
595652,2026-02-05,5,ban,Bind,VL,VL
595652,2026-02-05,6,decider,Haven,,decider
595647,2026-02-06,0,ban,Corrode,DFM,DFM
595647,2026-02-06,1,ban,Bind,FS,FS
595647,2026-02-06,2,pick,Pearl,DFM,DFM
595647,2026-02-06,3,pick,Split,FS,FS
595647,2026-02-06,4,ban,Breeze,DFM,DFM
595647,2026-02-06,5,ban,Abyss,FS,FS
595647,2026-02-06,6,decider,Haven,,decider
595648,2026-02-06,0,ban,Haven,T1,T1
595648,2026-02-06,1,ban,Abyss,PRX,PRX
595648,2026-02-06,2,pick,Pearl,T1,T1
595648,2026-02-06,3,pick,Breeze,PRX,PRX
595648,2026-02-06,4,ban,Corrode,T1,T1
595648,2026-02-06,5,ban,Split,PRX,PRX
595648,2026-02-06,6,decider,Bind,,decider
595653,2026-02-07,0,ban,Abyss,ZETA,ZETA
595653,2026-02-07,1,ban,Pearl,KRX,KRX
595653,2026-02-07,2,pick,Haven,ZETA,ZETA
595653,2026-02-07,3,pick,Bind,KRX,KRX
595653,2026-02-07,4,ban,Breeze,ZETA,ZETA
595653,2026-02-07,5,ban,Corrode,KRX,KRX
595653,2026-02-07,6,decider,Split,,decider
595654,2026-02-07,0,ban,Corrode,GEN,GEN
595654,2026-02-07,1,ban,Pearl,GE,GE
595654,2026-02-07,2,pick,Breeze,GEN,GEN
595654,2026-02-07,3,pick,Abyss,GE,GE
595654,2026-02-07,4,ban,Split,GEN,GEN
595654,2026-02-07,5,ban,Bind,GE,GE
595654,2026-02-07,6,decider,Haven,,decider
595655,2026-02-08,0,ban,Haven,FS,FS
595655,2026-02-08,1,ban,Pearl,KRX,KRX
595655,2026-02-08,2,pick,Corrode,FS,FS
595655,2026-02-08,3,pick,Abyss,KRX,KRX
595655,2026-02-08,4,ban,Bind,FS,FS
595655,2026-02-08,5,ban,Breeze,KRX,KRX
595655,2026-02-08,6,decider,Split,,decider
595656,2026-02-08,0,ban,Bind,GE,GE
595656,2026-02-08,1,ban,Abyss,PRX,PRX
595656,2026-02-08,2,pick,Corrode,GE,GE
595656,2026-02-08,3,pick,Breeze,PRX,PRX
595656,2026-02-08,4,ban,Haven,GE,GE
595656,2026-02-08,5,ban,Pearl,PRX,PRX
595656,2026-02-08,6,decider,Split,,decider
595657,2026-02-12,0,ban,Abyss,PRX,PRX
595657,2026-02-12,1,ban,Pearl,KRX,KRX
595657,2026-02-12,2,pick,Haven,PRX,PRX
595657,2026-02-12,3,pick,Corrode,KRX,KRX
595657,2026-02-12,4,ban,Bind,PRX,PRX
595657,2026-02-12,5,ban,Split,KRX,KRX
595657,2026-02-12,6,decider,Breeze,,decider
595649,2026-02-13,0,ban,Corrode,DFM,DFM
595649,2026-02-13,1,ban,Haven,T1,T1
595649,2026-02-13,2,pick,Pearl,DFM,DFM
595649,2026-02-13,3,pick,Split,T1,T1
595649,2026-02-13,4,ban,Breeze,DFM,DFM
595649,2026-02-13,5,ban,Abyss,T1,T1
595649,2026-02-13,6,decider,Bind,,decider
595640,2026-02-13,0,ban,Split,RRQ,RRQ
595640,2026-02-13,1,ban,Pearl,NS,NS
595640,2026-02-13,2,pick,Corrode,RRQ,RRQ
595640,2026-02-13,3,pick,Bind,NS,NS
595640,2026-02-13,4,pick,Haven,RRQ,RRQ
595640,2026-02-13,5,pick,Abyss,NS,NS
595640,2026-02-13,6,decider,Breeze,,decider
595658,2026-02-14,0,ban,Abyss,PRX,PRX
595658,2026-02-14,1,ban,Corrode,DFM,DFM
595658,2026-02-14,2,pick,Haven,PRX,PRX
595658,2026-02-14,3,pick,Split,DFM,DFM
595658,2026-02-14,4,ban,Pearl,PRX,PRX
595658,2026-02-14,5,ban,Breeze,DFM,DFM
595658,2026-02-14,6,decider,Bind,,decider
595650,2026-02-14,0,ban,Split,RRQ,RRQ
595650,2026-02-14,1,ban,Corrode,T1,T1
595650,2026-02-14,2,pick,Pearl,RRQ,RRQ
595650,2026-02-14,3,pick,Breeze,T1,T1
595650,2026-02-14,4,pick,Abyss,RRQ,RRQ
595650,2026-02-14,5,pick,Haven,T1,T1
595650,2026-02-14,6,decider,Bind,,decider
595659,2026-02-15,0,ban,Abyss,PRX,PRX
595659,2026-02-15,1,ban,Split,RRQ,RRQ
595659,2026-02-15,2,pick,Haven,PRX,PRX
595659,2026-02-15,3,pick,Corrode,RRQ,RRQ
595659,2026-02-15,4,pick,Breeze,PRX,PRX
595659,2026-02-15,5,pick,Pearl,RRQ,RRQ
595659,2026-02-15,6,decider,Bind,,decider
594740,2026-01-20,0,ban,Corrode,NAVI,NAVI
594740,2026-01-20,1,ban,Pearl,KC,KC
594740,2026-01-20,2,pick,Split,NAVI,NAVI
594740,2026-01-20,3,pick,Haven,KC,KC
594740,2026-01-20,4,ban,Abyss,NAVI,NAVI
594740,2026-01-20,5,ban,Breeze,KC,KC
594740,2026-01-20,6,decider,Bind,,decider
594741,2026-01-20,0,ban,Haven,FUT,FUT
594741,2026-01-20,1,ban,Breeze,M8,M8
594741,2026-01-20,2,pick,Abyss,FUT,FUT
594741,2026-01-20,3,pick,Split,M8,M8
594741,2026-01-20,4,ban,Pearl,FUT,FUT
594741,2026-01-20,5,ban,Bind,M8,M8
594741,2026-01-20,6,decider,Corrode,,decider
594742,2026-01-21,0,ban,Corrode,BBL,BBL
594742,2026-01-21,1,ban,Haven,PCF,PCF
594742,2026-01-21,2,pick,Breeze,BBL,BBL
594742,2026-01-21,3,pick,Abyss,PCF,PCF
594742,2026-01-21,4,ban,Bind,BBL,BBL
594742,2026-01-21,5,ban,Split,PCF,PCF
594742,2026-01-21,6,decider,Pearl,,decider
594743,2026-01-21,0,ban,Split,VIT,VIT
594743,2026-01-21,1,ban,Bind,ULF,ULF
594743,2026-01-21,2,pick,Breeze,VIT,VIT
594743,2026-01-21,3,pick,Corrode,ULF,ULF
594743,2026-01-21,4,ban,Haven,VIT,VIT
594743,2026-01-21,5,ban,Pearl,ULF,ULF
594743,2026-01-21,6,decider,Abyss,,decider
594744,2026-01-22,0,ban,Corrode,NAVI,NAVI
594744,2026-01-22,1,ban,Abyss,TH,TH
594744,2026-01-22,2,pick,Bind,NAVI,NAVI
594744,2026-01-22,3,pick,Haven,TH,TH
594744,2026-01-22,4,ban,Breeze,NAVI,NAVI
594744,2026-01-22,5,ban,Pearl,TH,TH
594744,2026-01-22,6,decider,Split,,decider
594745,2026-01-22,0,ban,Breeze,M8,M8
594745,2026-01-22,1,ban,Corrode,GX,GX
594745,2026-01-22,2,pick,Pearl,M8,M8
594745,2026-01-22,3,pick,Bind,GX,GX
594745,2026-01-22,4,ban,Haven,M8,M8
594745,2026-01-22,5,ban,Abyss,GX,GX
594745,2026-01-22,6,decider,Split,,decider
594746,2026-01-23,0,ban,Bind,BBL,BBL
594746,2026-01-23,1,ban,Pearl,FNC,FNC
594746,2026-01-23,2,pick,Breeze,BBL,BBL
594746,2026-01-23,3,pick,Haven,FNC,FNC
594746,2026-01-23,4,ban,Corrode,BBL,BBL
594746,2026-01-23,5,ban,Split,FNC,FNC
594746,2026-01-23,6,decider,Abyss,,decider
594747,2026-01-23,0,ban,Split,VIT,VIT
594747,2026-01-23,1,ban,Haven,TL,TL
594747,2026-01-23,2,pick,Breeze,VIT,VIT
594747,2026-01-23,3,pick,Pearl,TL,TL
594747,2026-01-23,4,ban,Bind,VIT,VIT
594747,2026-01-23,5,ban,Abyss,TL,TL
594747,2026-01-23,6,decider,Corrode,,decider
594751,2026-01-27,0,ban,Pearl,KC,KC
594751,2026-01-27,1,ban,Haven,TL,TL
594751,2026-01-27,2,pick,Abyss,KC,KC
594751,2026-01-27,3,pick,Split,TL,TL
594751,2026-01-27,4,ban,Corrode,KC,KC
594751,2026-01-27,5,ban,Bind,TL,TL
594751,2026-01-27,6,decider,Breeze,,decider
594752,2026-01-27,0,ban,Bind,FUT,FUT
594752,2026-01-27,1,ban,Pearl,FNC,FNC
594752,2026-01-27,2,pick,Abyss,FUT,FUT
594752,2026-01-27,3,pick,Corrode,FNC,FNC
594752,2026-01-27,4,ban,Haven,FUT,FUT
594752,2026-01-27,5,ban,Breeze,FNC,FNC
594752,2026-01-27,6,decider,Split,,decider
594753,2026-01-28,0,ban,Haven,PCF,PCF
594753,2026-01-28,1,ban,Corrode,GX,GX
594753,2026-01-28,2,pick,Abyss,PCF,PCF
594753,2026-01-28,3,pick,Bind,GX,GX
594753,2026-01-28,4,ban,Pearl,PCF,PCF
594753,2026-01-28,5,ban,Breeze,GX,GX
594753,2026-01-28,6,decider,Split,,decider
594754,2026-01-28,0,ban,Corrode,ULF,ULF
594754,2026-01-28,1,ban,Pearl,TH,TH
594754,2026-01-28,2,pick,Haven,ULF,ULF
594754,2026-01-28,3,pick,Bind,TH,TH
594754,2026-01-28,4,ban,Abyss,ULF,ULF
594754,2026-01-28,5,ban,Split,TH,TH
594754,2026-01-28,6,decider,Breeze,,decider
594748,2026-01-29,0,ban,Breeze,M8,M8
594748,2026-01-29,1,ban,Corrode,NAVI,NAVI
594748,2026-01-29,2,pick,Abyss,M8,M8
594748,2026-01-29,3,pick,Bind,NAVI,NAVI
594748,2026-01-29,4,ban,Haven,M8,M8
594748,2026-01-29,5,ban,Pearl,NAVI,NAVI
594748,2026-01-29,6,decider,Split,,decider
594749,2026-01-29,0,ban,Bind,BBL,BBL
594749,2026-01-29,1,ban,Pearl,VIT,VIT
594749,2026-01-29,2,pick,Haven,BBL,BBL
594749,2026-01-29,3,pick,Abyss,VIT,VIT
594749,2026-01-29,4,ban,Corrode,BBL,BBL
594749,2026-01-29,5,ban,Split,VIT,VIT
594749,2026-01-29,6,decider,Breeze,,decider
594755,2026-01-30,0,ban,Pearl,FNC,FNC
594755,2026-01-30,1,ban,Haven,TL,TL
594755,2026-01-30,2,pick,Corrode,FNC,FNC
594755,2026-01-30,3,pick,Split,TL,TL
594755,2026-01-30,4,ban,Bind,FNC,FNC
594755,2026-01-30,5,ban,Abyss,TL,TL
594755,2026-01-30,6,decider,Breeze,,decider
594756,2026-01-30,0,ban,Corrode,GX,GX
594756,2026-01-30,1,ban,Pearl,TH,TH
594756,2026-01-30,2,pick,Abyss,GX,GX
594756,2026-01-30,3,pick,Haven,TH,TH
594756,2026-01-30,4,ban,Split,GX,GX
594756,2026-01-30,5,ban,Bind,TH,TH
594756,2026-01-30,6,decider,Breeze,,decider
594761,2026-02-03,0,ban,Corrode,KC,KC
594761,2026-02-03,1,ban,Abyss,FUT,FUT
594761,2026-02-03,2,pick,Haven,KC,KC
594761,2026-02-03,3,pick,Split,FUT,FUT
594761,2026-02-03,4,ban,Breeze,KC,KC
594761,2026-02-03,5,ban,Bind,FUT,FUT
594761,2026-02-03,6,decider,Pearl,,decider
594762,2026-02-03,0,ban,Corrode,ULF,ULF
594762,2026-02-03,1,ban,Haven,PCF,PCF
594762,2026-02-03,2,pick,Split,ULF,ULF
594762,2026-02-03,3,pick,Abyss,PCF,PCF
594762,2026-02-03,4,ban,Pearl,ULF,ULF
594762,2026-02-03,5,ban,Bind,PCF,PCF
594762,2026-02-03,6,decider,Breeze,,decider
594757,2026-02-04,0,ban,Corrode,NAVI,NAVI
594757,2026-02-04,1,ban,Pearl,FNC,FNC
594757,2026-02-04,2,pick,Split,NAVI,NAVI
594757,2026-02-04,3,pick,Breeze,FNC,FNC
594757,2026-02-04,4,ban,Abyss,NAVI,NAVI
594757,2026-02-04,5,ban,Haven,FNC,FNC
594757,2026-02-04,6,decider,Bind,,decider
594758,2026-02-04,0,ban,Corrode,GX,GX
594758,2026-02-04,1,ban,Pearl,VIT,VIT
594758,2026-02-04,2,pick,Abyss,GX,GX
594758,2026-02-04,3,pick,Breeze,VIT,VIT
594758,2026-02-04,4,ban,Split,GX,GX
594758,2026-02-04,5,ban,Bind,VIT,VIT
594758,2026-02-04,6,decider,Haven,,decider
594763,2026-02-05,0,ban,Breeze,KC,KC
594763,2026-02-05,1,ban,Pearl,TH,TH
594763,2026-02-05,2,pick,Abyss,KC,KC
594763,2026-02-05,3,pick,Haven,TH,TH
594763,2026-02-05,4,ban,Split,KC,KC
594763,2026-02-05,5,ban,Bind,TH,TH
594763,2026-02-05,6,decider,Corrode,,decider
594764,2026-02-05,0,ban,Corrode,ULF,ULF
594764,2026-02-05,1,ban,Haven,TL,TL
594764,2026-02-05,2,pick,Split,ULF,ULF
594764,2026-02-05,3,pick,Breeze,TL,TL
594764,2026-02-05,4,ban,Bind,ULF,ULF
594764,2026-02-05,5,ban,Abyss,TL,TL
594764,2026-02-05,6,decider,Pearl,,decider
594765,2026-02-06,0,ban,Split,TH,TH
594765,2026-02-06,1,ban,Corrode,NAVI,NAVI
594765,2026-02-06,2,pick,Haven,TH,TH
594765,2026-02-06,3,pick,Breeze,NAVI,NAVI
594765,2026-02-06,4,ban,Pearl,TH,TH
594765,2026-02-06,5,ban,Abyss,NAVI,NAVI
594765,2026-02-06,6,decider,Bind,,decider
594766,2026-02-06,0,ban,Haven,TL,TL
594766,2026-02-06,1,ban,Corrode,GX,GX
594766,2026-02-06,2,pick,Breeze,TL,TL
594766,2026-02-06,3,pick,Pearl,GX,GX
594766,2026-02-06,4,ban,Split,TL,TL
594766,2026-02-06,5,ban,Abyss,GX,GX
594766,2026-02-06,6,decider,Bind,,decider
594767,2026-02-12,0,ban,Haven,TL,TL
594767,2026-02-12,1,ban,Pearl,TH,TH
594767,2026-02-12,2,pick,Abyss,TL,TL
594767,2026-02-12,3,pick,Bind,TH,TH
594767,2026-02-12,4,ban,Corrode,TL,TL
594767,2026-02-12,5,ban,Split,TH,TH
594767,2026-02-12,6,decider,Breeze,,decider
594759,2026-02-13,0,ban,Split,VIT,VIT
594759,2026-02-13,1,ban,Breeze,FNC,FNC
594759,2026-02-13,2,pick,Abyss,VIT,VIT
594759,2026-02-13,3,pick,Bind,FNC,FNC
594759,2026-02-13,4,ban,Haven,VIT,VIT
594759,2026-02-13,5,ban,Pearl,FNC,FNC
594759,2026-02-13,6,decider,Corrode,,decider
594750,2026-02-13,0,ban,Bind,BBL,BBL
594750,2026-02-13,1,ban,Breeze,M8,M8
594750,2026-02-13,2,pick,Haven,BBL,BBL
594750,2026-02-13,3,pick,Abyss,M8,M8
594750,2026-02-13,4,pick,Pearl,BBL,BBL
594750,2026-02-13,5,pick,Split,M8,M8
594750,2026-02-13,6,decider,Corrode,,decider
594768,2026-02-14,0,ban,Split,VIT,VIT
594768,2026-02-14,1,ban,Haven,TL,TL
594768,2026-02-14,2,pick,Corrode,VIT,VIT
594768,2026-02-14,3,pick,Bind,TL,TL
594768,2026-02-14,4,ban,Pearl,VIT,VIT
594768,2026-02-14,5,ban,Abyss,TL,TL
594768,2026-02-14,6,decider,Breeze,,decider
594760,2026-02-14,0,ban,Breeze,M8,M8
594760,2026-02-14,1,ban,Pearl,FNC,FNC
594760,2026-02-14,2,pick,Abyss,M8,M8
594760,2026-02-14,3,pick,Corrode,FNC,FNC
594760,2026-02-14,4,pick,Split,M8,M8
594760,2026-02-14,5,pick,Bind,FNC,FNC
594760,2026-02-14,6,decider,Haven,,decider
594769,2026-02-15,0,ban,Pearl,FNC,FNC
594769,2026-02-15,1,ban,Haven,TL,TL
594769,2026-02-15,2,pick,Corrode,FNC,FNC
594769,2026-02-15,3,pick,Bind,TL,TL
594769,2026-02-15,4,pick,Abyss,FNC,FNC
594769,2026-02-15,5,pick,Breeze,TL,TL
594769,2026-02-15,6,decider,Split,,decider
598923,2026-01-22,0,ban,Breeze,TE,TE
598923,2026-01-22,1,ban,Corrode,WOL,WOL
598923,2026-01-22,2,pick,Abyss,TE,TE
598923,2026-01-22,3,pick,Haven,WOL,WOL
598923,2026-01-22,4,ban,Pearl,TE,TE
598923,2026-01-22,5,ban,Split,WOL,WOL
598923,2026-01-22,6,decider,Bind,,decider
598924,2026-01-22,0,ban,Bind,TYL,TYL
598924,2026-01-22,1,ban,Split,FPX,FPX
598924,2026-01-22,2,pick,Pearl,TYL,TYL
598924,2026-01-22,3,pick,Haven,FPX,FPX
598924,2026-01-22,4,ban,Breeze,TYL,TYL
598924,2026-01-22,5,ban,Corrode,FPX,FPX
598924,2026-01-22,6,decider,Abyss,,decider
598921,2026-01-23,0,ban,Breeze,AG,AG
598921,2026-01-23,1,ban,Bind,NOVA,NOVA
598921,2026-01-23,2,pick,Split,AG,AG
598921,2026-01-23,3,pick,Pearl,NOVA,NOVA
598921,2026-01-23,4,ban,Haven,AG,AG
598921,2026-01-23,5,ban,Abyss,NOVA,NOVA
598921,2026-01-23,6,decider,Corrode,,decider
598922,2026-01-23,0,ban,Pearl,TEC,TEC
598922,2026-01-23,1,ban,Split,JDG,JDG
598922,2026-01-23,2,pick,Corrode,TEC,TEC
598922,2026-01-23,3,pick,Haven,JDG,JDG
598922,2026-01-23,4,ban,Breeze,TEC,TEC
598922,2026-01-23,5,ban,Bind,JDG,JDG
598922,2026-01-23,6,decider,Abyss,,decider
598927,2026-01-24,0,ban,Corrode,WOL,WOL
598927,2026-01-24,1,ban,Split,XLG,XLG
598927,2026-01-24,2,pick,Breeze,WOL,WOL
598927,2026-01-24,3,pick,Abyss,XLG,XLG
598927,2026-01-24,4,ban,Pearl,WOL,WOL
598927,2026-01-24,5,ban,Haven,XLG,XLG
598927,2026-01-24,6,decider,Bind,,decider
598928,2026-01-24,0,ban,Breeze,TYL,TYL
598928,2026-01-24,1,ban,Split,EDG,EDG
598928,2026-01-24,2,pick,Abyss,TYL,TYL
598928,2026-01-24,3,pick,Bind,EDG,EDG
598928,2026-01-24,4,ban,Corrode,TYL,TYL
598928,2026-01-24,5,ban,Haven,EDG,EDG
598928,2026-01-24,6,decider,Pearl,,decider
598925,2026-01-25,0,ban,Breeze,AG,AG
598925,2026-01-25,1,ban,Corrode,BLG,BLG
598925,2026-01-25,2,pick,Split,AG,AG
598925,2026-01-25,3,pick,Abyss,BLG,BLG
598925,2026-01-25,4,ban,Haven,AG,AG
598925,2026-01-25,5,ban,Pearl,BLG,BLG
598925,2026-01-25,6,decider,Bind,,decider
598926,2026-01-25,0,ban,Haven,DRG,DRG
598926,2026-01-25,1,ban,Pearl,JDG,JDG
598926,2026-01-25,2,pick,Abyss,DRG,DRG
598926,2026-01-25,3,pick,Breeze,JDG,JDG
598926,2026-01-25,4,ban,Split,DRG,DRG
598926,2026-01-25,5,ban,Bind,JDG,JDG
598926,2026-01-25,6,decider,Corrode,,decider
598932,2026-01-28,0,ban,Pearl,TYL,TYL
598932,2026-01-28,1,ban,Bind,NOVA,NOVA
598932,2026-01-28,2,pick,Split,TYL,TYL
598932,2026-01-28,3,pick,Corrode,NOVA,NOVA
598932,2026-01-28,4,ban,Abyss,TYL,TYL
598932,2026-01-28,5,ban,Haven,NOVA,NOVA
598932,2026-01-28,6,decider,Breeze,,decider
598933,2026-01-28,0,ban,Pearl,TEC,TEC
598933,2026-01-28,1,ban,Corrode,WOL,WOL
598933,2026-01-28,2,pick,Breeze,TEC,TEC
598933,2026-01-28,3,pick,Bind,WOL,WOL
598933,2026-01-28,4,ban,Abyss,TEC,TEC
598933,2026-01-28,5,ban,Split,WOL,WOL
598933,2026-01-28,6,decider,Haven,,decider
598934,2026-01-29,0,ban,Breeze,TE,TE
598934,2026-01-29,1,ban,Abyss,JDG,JDG
598934,2026-01-29,2,pick,Split,TE,TE
598934,2026-01-29,3,pick,Pearl,JDG,JDG
598934,2026-01-29,4,ban,Bind,TE,TE
598934,2026-01-29,5,ban,Haven,JDG,JDG
598934,2026-01-29,6,decider,Corrode,,decider
598935,2026-01-29,0,ban,Corrode,BLG,BLG
598935,2026-01-29,1,ban,Split,FPX,FPX
598935,2026-01-29,2,pick,Pearl,BLG,BLG
598935,2026-01-29,3,pick,Bind,FPX,FPX
598935,2026-01-29,4,ban,Haven,BLG,BLG
598935,2026-01-29,5,ban,Abyss,FPX,FPX
598935,2026-01-29,6,decider,Breeze,,decider
598936,2026-01-30,0,ban,Haven,TYL,TYL
598936,2026-01-30,1,ban,Pearl,TEC,TEC
598936,2026-01-30,2,pick,Corrode,TYL,TYL
598936,2026-01-30,3,pick,Breeze,TEC,TEC
598936,2026-01-30,4,ban,Bind,TYL,TYL
598936,2026-01-30,5,ban,Abyss,TEC,TEC
598936,2026-01-30,6,decider,Split,,decider
598937,2026-01-30,0,ban,Pearl,TE,TE
598937,2026-01-30,1,ban,Corrode,BLG,BLG
598937,2026-01-30,2,pick,Abyss,TE,TE
598937,2026-01-30,3,pick,Breeze,BLG,BLG
598937,2026-01-30,4,ban,Bind,TE,TE
598937,2026-01-30,5,ban,Split,BLG,BLG
598937,2026-01-30,6,decider,Haven,,decider
598942,2026-01-31,0,ban,Bind,NOVA,NOVA
598942,2026-01-31,1,ban,Corrode,WOL,WOL
598942,2026-01-31,2,pick,Abyss,NOVA,NOVA
598942,2026-01-31,3,pick,Haven,WOL,WOL
598942,2026-01-31,4,ban,Split,NOVA,NOVA
598942,2026-01-31,5,ban,Breeze,WOL,WOL
598942,2026-01-31,6,decider,Pearl,,decider
598929,2026-01-31,0,ban,Haven,DRG,DRG
598929,2026-01-31,1,ban,Breeze,AG,AG
598929,2026-01-31,2,pick,Corrode,DRG,DRG
598929,2026-01-31,3,pick,Bind,AG,AG
598929,2026-01-31,4,ban,Split,DRG,DRG
598929,2026-01-31,5,ban,Pearl,AG,AG
598929,2026-01-31,6,decider,Abyss,,decider
598943,2026-02-01,0,ban,Breeze,JDG,JDG
598943,2026-02-01,1,ban,Split,FPX,FPX
598943,2026-02-01,2,pick,Pearl,JDG,JDG
598943,2026-02-01,3,pick,Bind,FPX,FPX
598943,2026-02-01,4,ban,Corrode,JDG,JDG
598943,2026-02-01,5,ban,Abyss,FPX,FPX
598943,2026-02-01,6,decider,Haven,,decider
598930,2026-02-01,0,ban,Breeze,EDG,EDG
598930,2026-02-01,1,ban,Corrode,XLG,XLG
598930,2026-02-01,2,pick,Split,EDG,EDG
598930,2026-02-01,3,pick,Pearl,XLG,XLG
598930,2026-02-01,4,ban,Abyss,EDG,EDG
598930,2026-02-01,5,ban,Haven,XLG,XLG
598930,2026-02-01,6,decider,Bind,,decider
598944,2026-02-03,0,ban,Pearl,TE,TE
598944,2026-02-03,1,ban,Corrode,WOL,WOL
598944,2026-02-03,2,pick,Abyss,TE,TE
598944,2026-02-03,3,pick,Bind,WOL,WOL
598944,2026-02-03,4,ban,Haven,TE,TE
598944,2026-02-03,5,ban,Breeze,WOL,WOL
598944,2026-02-03,6,decider,Split,,decider
598938,2026-02-03,0,ban,Haven,DRG,DRG
598938,2026-02-03,1,ban,Abyss,TYL,TYL
598938,2026-02-03,2,pick,Corrode,DRG,DRG
598938,2026-02-03,3,pick,Split,TYL,TYL
598938,2026-02-03,4,ban,Bind,DRG,DRG
598938,2026-02-03,5,ban,Breeze,TYL,TYL
598938,2026-02-03,6,decider,Pearl,,decider
598945,2026-02-04,0,ban,Breeze,JDG,JDG
598945,2026-02-04,1,ban,Pearl,TEC,TEC
598945,2026-02-04,2,pick,Bind,JDG,JDG
598945,2026-02-04,3,pick,Haven,TEC,TEC
598945,2026-02-04,4,ban,Corrode,JDG,JDG
598945,2026-02-04,5,ban,Abyss,TEC,TEC
598945,2026-02-04,6,decider,Split,,decider
598939,2026-02-04,0,ban,Corrode,BLG,BLG
598939,2026-02-04,1,ban,Pearl,EDG,EDG
598939,2026-02-04,2,pick,Abyss,BLG,BLG
598939,2026-02-04,3,pick,Haven,EDG,EDG
598939,2026-02-04,4,ban,Bind,BLG,BLG
598939,2026-02-04,5,ban,Split,EDG,EDG
598939,2026-02-04,6,decider,Breeze,,decider
598946,2026-02-05,0,ban,Split,TYL,TYL
598946,2026-02-05,1,ban,Pearl,TE,TE
598946,2026-02-05,2,pick,Haven,TYL,TYL
598946,2026-02-05,3,pick,Abyss,TE,TE
598946,2026-02-05,4,ban,Corrode,TYL,TYL
598946,2026-02-05,5,ban,Bind,TE,TE
598946,2026-02-05,6,decider,Breeze,,decider
598947,2026-02-05,0,ban,Breeze,JDG,JDG
598947,2026-02-05,1,ban,Pearl,EDG,EDG
598947,2026-02-05,2,pick,Abyss,JDG,JDG
598947,2026-02-05,3,pick,Haven,EDG,EDG
598947,2026-02-05,4,ban,Bind,JDG,JDG
598947,2026-02-05,5,ban,Split,EDG,EDG
598947,2026-02-05,6,decider,Corrode,,decider
598940,2026-02-06,0,ban,Haven,DRG,DRG
598940,2026-02-06,1,ban,Corrode,BLG,BLG
598940,2026-02-06,2,pick,Split,DRG,DRG
598940,2026-02-06,3,pick,Abyss,BLG,BLG
598940,2026-02-06,4,ban,Bind,DRG,DRG
598940,2026-02-06,5,ban,Pearl,BLG,BLG
598940,2026-02-06,6,decider,Breeze,,decider
598948,2026-02-06,0,ban,Breeze,EDG,EDG
598948,2026-02-06,1,ban,Abyss,TYL,TYL
598948,2026-02-06,2,pick,Bind,EDG,EDG
598948,2026-02-06,3,pick,Haven,TYL,TYL
598948,2026-02-06,4,ban,Split,EDG,EDG
598948,2026-02-06,5,ban,Pearl,TYL,TYL
598948,2026-02-06,6,decider,Corrode,,decider
598949,2026-02-07,0,ban,Breeze,EDG,EDG
598949,2026-02-07,1,ban,Abyss,DRG,DRG
598949,2026-02-07,2,pick,Split,EDG,EDG
598949,2026-02-07,3,pick,Pearl,DRG,DRG
598949,2026-02-07,4,ban,Bind,EDG,EDG
598949,2026-02-07,5,ban,Haven,DRG,DRG
598949,2026-02-07,6,decider,Corrode,,decider
598931,2026-02-07,0,ban,Corrode,XLG,XLG
598931,2026-02-07,1,ban,Breeze,AG,AG
598931,2026-02-07,2,pick,Pearl,XLG,XLG
598931,2026-02-07,3,pick,Split,AG,AG
598931,2026-02-07,4,pick,Bind,XLG,XLG
598931,2026-02-07,5,pick,Abyss,AG,AG
598931,2026-02-07,6,decider,Haven,,decider
598941,2026-02-08,0,ban,Haven,BLG,BLG
598941,2026-02-08,1,ban,Corrode,XLG,XLG
598941,2026-02-08,2,pick,Abyss,BLG,BLG
598941,2026-02-08,3,pick,Bind,XLG,XLG
598941,2026-02-08,4,pick,Breeze,BLG,BLG
598941,2026-02-08,5,pick,Pearl,XLG,XLG
598941,2026-02-08,6,decider,Split,,decider
598950,2026-02-09,0,ban,Corrode,BLG,BLG
598950,2026-02-09,1,ban,Breeze,EDG,EDG
598950,2026-02-09,2,pick,Pearl,BLG,BLG
598950,2026-02-09,3,pick,Haven,EDG,EDG
598950,2026-02-09,4,pick,Abyss,BLG,BLG
598950,2026-02-09,5,pick,Split,EDG,EDG
598950,2026-02-09,6,decider,Bind,,decider
625788,2026-02-28,0,ban,Split,EDG,EDG
625788,2026-02-28,1,ban,Breeze,M8,M8
625788,2026-02-28,2,pick,Haven,EDG,EDG
625788,2026-02-28,3,pick,Pearl,M8,M8
625788,2026-02-28,4,ban,Bind,EDG,EDG
625788,2026-02-28,5,ban,Corrode,M8,M8
625788,2026-02-28,6,decider,Abyss,,decider
625791,2026-02-28,0,ban,Bind,NRG,NRG
625791,2026-02-28,1,ban,Corrode,XLG,XLG
625791,2026-02-28,2,pick,Haven,NRG,NRG
625791,2026-02-28,3,pick,Abyss,XLG,XLG
625791,2026-02-28,4,ban,Split,NRG,NRG
625791,2026-02-28,5,ban,Breeze,XLG,XLG
625791,2026-02-28,6,decider,Pearl,,decider
625790,2026-03-01,0,ban,Abyss,PRX,PRX
625790,2026-03-01,1,ban,Haven,G2,G2
625790,2026-03-01,2,pick,Split,PRX,PRX
625790,2026-03-01,3,pick,Corrode,G2,G2
625790,2026-03-01,4,ban,Pearl,PRX,PRX
625790,2026-03-01,5,ban,Bind,G2,G2
625790,2026-03-01,6,decider,Breeze,,decider
625789,2026-03-01,0,ban,Pearl,TL,TL
625789,2026-03-01,1,ban,Bind,T1,T1
625789,2026-03-01,2,pick,Breeze,TL,TL
625789,2026-03-01,3,pick,Split,T1,T1
625789,2026-03-01,4,ban,Abyss,TL,TL
625789,2026-03-01,5,ban,Corrode,T1,T1
625789,2026-03-01,6,decider,Haven,,decider
626529,2026-03-02,0,ban,Abyss,PRX,PRX
626529,2026-03-02,1,ban,Bind,NRG,NRG
626529,2026-03-02,2,pick,Split,PRX,PRX
626529,2026-03-02,3,pick,Pearl,NRG,NRG
626529,2026-03-02,4,ban,Corrode,PRX,PRX
626529,2026-03-02,5,ban,Breeze,NRG,NRG
626529,2026-03-02,6,decider,Haven,,decider
626530,2026-03-02,0,ban,Breeze,M8,M8
626530,2026-03-02,1,ban,Abyss,TL,TL
626530,2026-03-02,2,pick,Pearl,M8,M8
626530,2026-03-02,3,pick,Bind,TL,TL
626530,2026-03-02,4,ban,Corrode,M8,M8
626530,2026-03-02,5,ban,Haven,TL,TL
626530,2026-03-02,6,decider,Split,,decider
626532,2026-03-03,0,ban,Corrode,T1,T1
626532,2026-03-03,1,ban,Breeze,EDG,EDG
626532,2026-03-03,2,pick,Bind,T1,T1
626532,2026-03-03,3,pick,Haven,EDG,EDG
626532,2026-03-03,4,ban,Abyss,T1,T1
626532,2026-03-03,5,ban,Pearl,EDG,EDG
626532,2026-03-03,6,decider,Split,,decider
626533,2026-03-03,0,ban,Corrode,XLG,XLG
626533,2026-03-03,1,ban,Pearl,G2,G2
626533,2026-03-03,2,pick,Abyss,XLG,XLG
626533,2026-03-03,3,pick,Haven,G2,G2
626533,2026-03-03,4,ban,Split,XLG,XLG
626533,2026-03-03,5,ban,Bind,G2,G2
626533,2026-03-03,6,decider,Breeze,,decider
626535,2026-03-04,0,ban,Haven,TL,TL
626535,2026-03-04,1,ban,Bind,NRG,NRG
626535,2026-03-04,2,pick,Breeze,TL,TL
626535,2026-03-04,3,pick,Abyss,NRG,NRG
626535,2026-03-04,4,ban,Corrode,TL,TL
626535,2026-03-04,5,ban,Split,NRG,NRG
626535,2026-03-04,6,decider,Pearl,,decider
626534,2026-03-04,0,ban,Corrode,T1,T1
626534,2026-03-04,1,ban,Bind,G2,G2
626534,2026-03-04,2,pick,Breeze,T1,T1
626534,2026-03-04,3,pick,Haven,G2,G2
626534,2026-03-04,4,ban,Abyss,T1,T1
626534,2026-03-04,5,ban,Pearl,G2,G2
626534,2026-03-04,6,decider,Split,,decider
626539,2026-03-06,0,ban,Abyss,PRX,PRX
626539,2026-03-06,1,ban,Bind,FUR,FUR
626539,2026-03-06,2,pick,Haven,PRX,PRX
626539,2026-03-06,3,pick,Breeze,FUR,FUR
626539,2026-03-06,4,ban,Corrode,PRX,PRX
626539,2026-03-06,5,ban,Pearl,FUR,FUR
626539,2026-03-06,6,decider,Split,,decider
626537,2026-03-06,0,ban,Breeze,M8,M8
626537,2026-03-06,1,ban,Pearl,NS,NS
626537,2026-03-06,2,pick,Haven,M8,M8
626537,2026-03-06,3,pick,Corrode,NS,NS
626537,2026-03-06,4,ban,Split,M8,M8
626537,2026-03-06,5,ban,Abyss,NS,NS
626537,2026-03-06,6,decider,Bind,,decider
626540,2026-03-07,0,ban,Bind,BBL,BBL
626540,2026-03-07,1,ban,Haven,NRG,NRG
626540,2026-03-07,2,pick,Pearl,BBL,BBL
626540,2026-03-07,3,pick,Abyss,NRG,NRG
626540,2026-03-07,4,ban,Corrode,BBL,BBL
626540,2026-03-07,5,ban,Breeze,NRG,NRG
626540,2026-03-07,6,decider,Split,,decider
626538,2026-03-07,0,ban,Haven,AG,AG
626538,2026-03-07,1,ban,Pearl,G2,G2
626538,2026-03-07,2,pick,Split,AG,AG
626538,2026-03-07,3,pick,Abyss,G2,G2
626538,2026-03-07,4,ban,Breeze,AG,AG
626538,2026-03-07,5,ban,Corrode,G2,G2
626538,2026-03-07,6,decider,Bind,,decider
626546,2026-03-08,0,ban,Pearl,FUR,FUR
626546,2026-03-08,1,ban,Bind,BBL,BBL
626546,2026-03-08,2,pick,Haven,FUR,FUR
626546,2026-03-08,3,pick,Breeze,BBL,BBL
626546,2026-03-08,4,ban,Corrode,FUR,FUR
626546,2026-03-08,5,ban,Split,BBL,BBL
626546,2026-03-08,6,decider,Abyss,,decider
626545,2026-03-08,0,ban,Breeze,M8,M8
626545,2026-03-08,1,ban,Haven,AG,AG
626545,2026-03-08,2,pick,Pearl,M8,M8
626545,2026-03-08,3,pick,Split,AG,AG
626545,2026-03-08,4,ban,Corrode,M8,M8
626545,2026-03-08,5,ban,Abyss,AG,AG
626545,2026-03-08,6,decider,Bind,,decider
626541,2026-03-09,0,ban,Bind,G2,G2
626541,2026-03-09,1,ban,Pearl,NS,NS
626541,2026-03-09,2,pick,Abyss,G2,G2
626541,2026-03-09,3,pick,Corrode,NS,NS
626541,2026-03-09,4,ban,Breeze,G2,G2
626541,2026-03-09,5,ban,Haven,NS,NS
626541,2026-03-09,6,decider,Split,,decider
626542,2026-03-09,0,ban,Haven,NRG,NRG
626542,2026-03-09,1,ban,Abyss,PRX,PRX
626542,2026-03-09,2,pick,Pearl,NRG,NRG
626542,2026-03-09,3,pick,Bind,PRX,PRX
626542,2026-03-09,4,ban,Breeze,NRG,NRG
626542,2026-03-09,5,ban,Corrode,PRX,PRX
626542,2026-03-09,6,decider,Split,,decider
626548,2026-03-10,0,ban,Bind,BBL,BBL
626548,2026-03-10,1,ban,Pearl,G2,G2
626548,2026-03-10,2,pick,Haven,BBL,BBL
626548,2026-03-10,3,pick,Breeze,G2,G2
626548,2026-03-10,4,ban,Corrode,BBL,BBL
626548,2026-03-10,5,ban,Split,G2,G2
626548,2026-03-10,6,decider,Abyss,,decider
626547,2026-03-10,0,ban,Haven,AG,AG
626547,2026-03-10,1,ban,Abyss,PRX,PRX
626547,2026-03-10,2,pick,Corrode,AG,AG
626547,2026-03-10,3,pick,Pearl,PRX,PRX
626547,2026-03-10,4,ban,Breeze,AG,AG
626547,2026-03-10,5,ban,Bind,PRX,PRX
626547,2026-03-10,6,decider,Split,,decider
626543,2026-03-13,0,ban,Pearl,NS,NS
626543,2026-03-13,1,ban,Corrode,NRG,NRG
626543,2026-03-13,2,pick,Bind,NS,NS
626543,2026-03-13,3,pick,Abyss,NRG,NRG
626543,2026-03-13,4,ban,Breeze,NS,NS
626543,2026-03-13,5,ban,Split,NRG,NRG
626543,2026-03-13,6,decider,Haven,,decider
626549,2026-03-13,0,ban,Abyss,PRX,PRX
626549,2026-03-13,1,ban,Split,G2,G2
626549,2026-03-13,2,pick,Haven,PRX,PRX
626549,2026-03-13,3,pick,Breeze,G2,G2
626549,2026-03-13,4,ban,Pearl,PRX,PRX
626549,2026-03-13,5,ban,Bind,G2,G2
626549,2026-03-13,6,decider,Corrode,,decider
626550,2026-03-14,0,ban,Bind,NRG,NRG
626550,2026-03-14,1,ban,Abyss,PRX,PRX
626550,2026-03-14,2,pick,Pearl,NRG,NRG
626550,2026-03-14,3,pick,Split,PRX,PRX
626550,2026-03-14,4,pick,Corrode,NRG,NRG
626550,2026-03-14,5,pick,Breeze,PRX,PRX
626550,2026-03-14,6,decider,Haven,,decider
626544,2026-03-15,0,ban,Pearl,NS,NS
626544,2026-03-15,1,ban,Breeze,NS,NS
626544,2026-03-15,2,pick,Corrode,NS,NS
626544,2026-03-15,3,pick,Split,PRX,PRX
626544,2026-03-15,4,pick,Abyss,NS,NS
626544,2026-03-15,5,pick,Haven,PRX,PRX
626544,2026-03-15,6,decider,Bind,,decider
644652,2026-04-03,0,ban,Pearl,GE,GE
644652,2026-04-03,1,ban,Lotus,GEN,GEN
644652,2026-04-03,2,pick,Bind,GE,GE
644652,2026-04-03,3,pick,Split,GEN,GEN
644652,2026-04-03,4,ban,Fracture,GE,GE
644652,2026-04-03,5,ban,Breeze,GEN,GEN
644652,2026-04-03,6,decider,Haven,,decider
644653,2026-04-03,0,ban,Breeze,T1,T1
644653,2026-04-03,1,ban,Bind,VL,VL
644653,2026-04-03,2,pick,Haven,T1,T1
644653,2026-04-03,3,pick,Pearl,VL,VL
644653,2026-04-03,4,ban,Fracture,T1,T1
644653,2026-04-03,5,ban,Split,VL,VL
644653,2026-04-03,6,decider,Lotus,,decider
644654,2026-04-04,0,ban,Bind,PRX,PRX
644654,2026-04-04,1,ban,Breeze,NS,NS
644654,2026-04-04,2,pick,Fracture,PRX,PRX
644654,2026-04-04,3,pick,Split,NS,NS
644654,2026-04-04,4,ban,Pearl,PRX,PRX
644654,2026-04-04,5,ban,Haven,NS,NS
644654,2026-04-04,6,decider,Lotus,,decider
644655,2026-04-04,0,ban,Breeze,DFM,DFM
644655,2026-04-04,1,ban,Lotus,FS,FS
644655,2026-04-04,2,pick,Pearl,DFM,DFM
644655,2026-04-04,3,pick,Bind,FS,FS
644655,2026-04-04,4,ban,Haven,DFM,DFM
644655,2026-04-04,5,ban,Fracture,FS,FS
644655,2026-04-04,6,decider,Split,,decider
644656,2026-04-05,0,ban,Haven,TS,TS
644656,2026-04-05,1,ban,Bind,KRX,KRX
644656,2026-04-05,2,pick,Pearl,TS,TS
644656,2026-04-05,3,pick,Fracture,KRX,KRX
644656,2026-04-05,4,ban,Breeze,TS,TS
644656,2026-04-05,5,ban,Lotus,KRX,KRX
644656,2026-04-05,6,decider,Split,,decider
644657,2026-04-05,0,ban,Pearl,ZETA,ZETA
644657,2026-04-05,1,ban,Breeze,RRQ,RRQ
644657,2026-04-05,2,pick,Split,ZETA,ZETA
644657,2026-04-05,3,pick,Fracture,RRQ,RRQ
644657,2026-04-05,4,ban,Lotus,ZETA,ZETA
644657,2026-04-05,5,ban,Bind,RRQ,RRQ
644657,2026-04-05,6,decider,Haven,,decider
644658,2026-04-10,0,ban,Breeze,DFM,DFM
644658,2026-04-10,1,ban,Haven,T1,T1
644658,2026-04-10,2,pick,Pearl,DFM,DFM
644658,2026-04-10,3,pick,Lotus,T1,T1
644658,2026-04-10,4,ban,Bind,DFM,DFM
644658,2026-04-10,5,ban,Fracture,T1,T1
644658,2026-04-10,6,decider,Split,,decider
644659,2026-04-10,0,ban,Pearl,NS,NS
644659,2026-04-10,1,ban,Bind,KRX,KRX
644659,2026-04-10,2,pick,Haven,NS,NS
644659,2026-04-10,3,pick,Fracture,KRX,KRX
644659,2026-04-10,4,ban,Breeze,NS,NS
644659,2026-04-10,5,ban,Split,KRX,KRX
644659,2026-04-10,6,decider,Lotus,,decider
644660,2026-04-11,0,ban,Fracture,GE,GE
644660,2026-04-11,1,ban,Haven,TS,TS
644660,2026-04-11,2,pick,Split,GE,GE
644660,2026-04-11,3,pick,Lotus,TS,TS
644660,2026-04-11,4,ban,Pearl,GE,GE
644660,2026-04-11,5,ban,Bind,TS,TS
644660,2026-04-11,6,decider,Breeze,,decider
644661,2026-04-11,0,ban,Pearl,VL,VL
644661,2026-04-11,1,ban,Breeze,RRQ,RRQ
644661,2026-04-11,2,pick,Bind,VL,VL
644661,2026-04-11,3,pick,Split,RRQ,RRQ
644661,2026-04-11,4,ban,Lotus,VL,VL
644661,2026-04-11,5,ban,Haven,RRQ,RRQ
644661,2026-04-11,6,decider,Fracture,,decider
644662,2026-04-12,0,ban,Breeze,FS,FS
644662,2026-04-12,1,ban,Pearl,ZETA,ZETA
644662,2026-04-12,2,pick,Fracture,FS,FS
644662,2026-04-12,3,pick,Split,ZETA,ZETA
644662,2026-04-12,4,ban,Haven,FS,FS
644662,2026-04-12,5,ban,Lotus,ZETA,ZETA
644662,2026-04-12,6,decider,Bind,,decider
644663,2026-04-12,0,ban,Split,GEN,GEN
644663,2026-04-12,1,ban,Pearl,PRX,PRX
644663,2026-04-12,2,pick,Haven,GEN,GEN
644663,2026-04-12,3,pick,Fracture,PRX,PRX
644663,2026-04-12,4,ban,Breeze,GEN,GEN
644663,2026-04-12,5,ban,Bind,PRX,PRX
644663,2026-04-12,6,decider,Lotus,,decider
644665,2026-04-17,0,ban,Breeze,FS,FS
644665,2026-04-17,1,ban,Pearl,VL,VL
644665,2026-04-17,2,pick,Haven,FS,FS
644665,2026-04-17,3,pick,Lotus,VL,VL
644665,2026-04-17,4,ban,Fracture,FS,FS
644665,2026-04-17,5,ban,Split,VL,VL
644665,2026-04-17,6,decider,Bind,,decider
644666,2026-04-17,0,ban,Haven,TS,TS
644666,2026-04-17,1,ban,Pearl,PRX,PRX
644666,2026-04-17,2,pick,Breeze,TS,TS
644666,2026-04-17,3,pick,Split,PRX,PRX
644666,2026-04-17,4,ban,Bind,TS,TS
644666,2026-04-17,5,ban,Lotus,PRX,PRX
644666,2026-04-17,6,decider,Fracture,,decider
644667,2026-04-18,0,ban,Bind,KRX,KRX
644667,2026-04-18,1,ban,Pearl,GE,GE
644667,2026-04-18,2,pick,Fracture,KRX,KRX
644667,2026-04-18,3,pick,Haven,GE,GE
644667,2026-04-18,4,ban,Split,KRX,KRX
644667,2026-04-18,5,ban,Breeze,GE,GE
644667,2026-04-18,6,decider,Lotus,,decider
644668,2026-04-18,0,ban,Fracture,ZETA,ZETA
644668,2026-04-18,1,ban,Haven,DFM,DFM
644668,2026-04-18,2,pick,Bind,ZETA,ZETA
644668,2026-04-18,3,pick,Lotus,DFM,DFM
644668,2026-04-18,4,ban,Breeze,ZETA,ZETA
644668,2026-04-18,5,ban,Split,DFM,DFM
644668,2026-04-18,6,decider,Pearl,,decider
644669,2026-04-19,0,ban,Split,RRQ,RRQ
644669,2026-04-19,1,ban,Fracture,T1,T1
644669,2026-04-19,2,pick,Pearl,RRQ,RRQ
644669,2026-04-19,3,pick,Bind,T1,T1
644669,2026-04-19,4,ban,Haven,RRQ,RRQ
644669,2026-04-19,5,ban,Breeze,T1,T1
644669,2026-04-19,6,decider,Lotus,,decider
644670,2026-04-19,0,ban,Lotus,NS,NS
644670,2026-04-19,1,ban,Bind,GEN,GEN
644670,2026-04-19,2,pick,Pearl,NS,NS
644670,2026-04-19,3,pick,Breeze,GEN,GEN
644670,2026-04-19,4,ban,Haven,NS,NS
644670,2026-04-19,5,ban,Fracture,GEN,GEN
644670,2026-04-19,6,decider,Split,,decider
644671,2026-04-24,0,ban,Split,RRQ,RRQ
644671,2026-04-24,1,ban,Breeze,FS,FS
644671,2026-04-24,2,pick,Pearl,RRQ,RRQ
644671,2026-04-24,3,pick,Haven,FS,FS
644671,2026-04-24,4,ban,Bind,RRQ,RRQ
644671,2026-04-24,5,ban,Lotus,FS,FS
644671,2026-04-24,6,decider,Fracture,,decider
644672,2026-04-24,0,ban,Fracture,GE,GE
644672,2026-04-24,1,ban,Bind,PRX,PRX
644672,2026-04-24,2,pick,Split,GE,GE
644672,2026-04-24,3,pick,Pearl,PRX,PRX
644672,2026-04-24,4,ban,Lotus,GE,GE
644672,2026-04-24,5,ban,Breeze,PRX,PRX
644672,2026-04-24,6,decider,Haven,,decider
644673,2026-04-25,0,ban,Fracture,GEN,GEN
644673,2026-04-25,1,ban,Bind,KRX,KRX
644673,2026-04-25,2,pick,Haven,GEN,GEN
644673,2026-04-25,3,pick,Pearl,KRX,KRX
644673,2026-04-25,4,ban,Breeze,GEN,GEN
644673,2026-04-25,5,ban,Split,KRX,KRX
644673,2026-04-25,6,decider,Lotus,,decider
644674,2026-04-25,0,ban,Breeze,DFM,DFM
644674,2026-04-25,1,ban,Pearl,VL,VL
644674,2026-04-25,2,pick,Lotus,DFM,DFM
644674,2026-04-25,3,pick,Haven,VL,VL
644674,2026-04-25,4,ban,Bind,DFM,DFM
644674,2026-04-25,5,ban,Split,VL,VL
644674,2026-04-25,6,decider,Fracture,,decider
644675,2026-04-26,0,ban,Pearl,ZETA,ZETA
644675,2026-04-26,1,ban,Fracture,T1,T1
644675,2026-04-26,2,pick,Haven,ZETA,ZETA
644675,2026-04-26,3,pick,Lotus,T1,T1
644675,2026-04-26,4,ban,Bind,ZETA,ZETA
644675,2026-04-26,5,ban,Breeze,T1,T1
644675,2026-04-26,6,decider,Split,,decider
644676,2026-04-26,0,ban,Lotus,NS,NS
644676,2026-04-26,1,ban,Haven,TS,TS
644676,2026-04-26,2,pick,Breeze,NS,NS
644676,2026-04-26,3,pick,Fracture,TS,TS
644676,2026-04-26,4,ban,Split,NS,NS
644676,2026-04-26,5,ban,Bind,TS,TS
644676,2026-04-26,6,decider,Pearl,,decider
644677,2026-05-01,0,ban,Haven,TS,TS
644677,2026-05-01,1,ban,Fracture,GEN,GEN
644677,2026-05-01,2,pick,Split,TS,TS
644677,2026-05-01,3,pick,Lotus,GEN,GEN
644677,2026-05-01,4,ban,Pearl,TS,TS
644677,2026-05-01,5,ban,Bind,GEN,GEN
644677,2026-05-01,6,decider,Breeze,,decider
644678,2026-05-01,0,ban,Split,VL,VL
644678,2026-05-01,1,ban,Pearl,ZETA,ZETA
644678,2026-05-01,2,pick,Bind,VL,VL
644678,2026-05-01,3,pick,Breeze,ZETA,ZETA
644678,2026-05-01,4,ban,Haven,VL,VL
644678,2026-05-01,5,ban,Lotus,ZETA,ZETA
644678,2026-05-01,6,decider,Fracture,,decider
644679,2026-05-02,0,ban,Lotus,FS,FS
644679,2026-05-02,1,ban,Fracture,T1,T1
644679,2026-05-02,2,pick,Pearl,FS,FS
644679,2026-05-02,3,pick,Bind,T1,T1
644679,2026-05-02,4,ban,Split,FS,FS
644679,2026-05-02,5,ban,Haven,T1,T1
644679,2026-05-02,6,decider,Breeze,,decider
644680,2026-05-02,0,ban,Fracture,NS,NS
644680,2026-05-02,1,ban,Pearl,GE,GE
644680,2026-05-02,2,pick,Breeze,NS,NS
644680,2026-05-02,3,pick,Bind,GE,GE
644680,2026-05-02,4,ban,Split,NS,NS
644680,2026-05-02,5,ban,Lotus,GE,GE
644680,2026-05-02,6,decider,Haven,,decider
644681,2026-05-03,0,ban,Pearl,PRX,PRX
644681,2026-05-03,1,ban,Bind,KRX,KRX
644681,2026-05-03,2,pick,Breeze,PRX,PRX
644681,2026-05-03,3,pick,Lotus,KRX,KRX
644681,2026-05-03,4,ban,Haven,PRX,PRX
644681,2026-05-03,5,ban,Split,KRX,KRX
644681,2026-05-03,6,decider,Fracture,,decider
644682,2026-05-03,0,ban,Bind,DFM,DFM
644682,2026-05-03,1,ban,Split,RRQ,RRQ
644682,2026-05-03,2,pick,Haven,DFM,DFM
644682,2026-05-03,3,pick,Lotus,RRQ,RRQ
644682,2026-05-03,4,ban,Pearl,DFM,DFM
644682,2026-05-03,5,ban,Breeze,RRQ,RRQ
644682,2026-05-03,6,decider,Fracture,,decider
666488,2026-05-07,0,ban,Fracture,GE,GE
666488,2026-05-07,1,ban,Split,RRQ,RRQ
666488,2026-05-07,2,pick,Breeze,GE,GE
666488,2026-05-07,3,pick,Pearl,RRQ,RRQ
666488,2026-05-07,4,ban,Lotus,GE,GE
666488,2026-05-07,5,ban,Haven,RRQ,RRQ
666488,2026-05-07,6,decider,Ascent,,decider
666489,2026-05-07,0,ban,Ascent,FS,FS
666489,2026-05-07,1,ban,Pearl,KRX,KRX
666489,2026-05-07,2,pick,Lotus,FS,FS
666489,2026-05-07,3,pick,Fracture,KRX,KRX
666489,2026-05-07,4,ban,Split,FS,FS
666489,2026-05-07,5,ban,Haven,KRX,KRX
666489,2026-05-07,6,decider,Breeze,,decider
666490,2026-05-08,0,ban,Fracture,GE,GE
666490,2026-05-08,1,ban,Haven,PRX,PRX
666490,2026-05-08,2,pick,Breeze,GE,GE
666490,2026-05-08,3,pick,Lotus,PRX,PRX
666490,2026-05-08,4,ban,Split,GE,GE
666490,2026-05-08,5,ban,Ascent,PRX,PRX
666490,2026-05-08,6,decider,Pearl,,decider
666491,2026-05-08,0,ban,Ascent,FS,FS
666491,2026-05-08,1,ban,Fracture,T1,T1
666491,2026-05-08,2,pick,Pearl,FS,FS
666491,2026-05-08,3,pick,Lotus,T1,T1
666491,2026-05-08,4,ban,Split,FS,FS
666491,2026-05-08,5,ban,Haven,T1,T1
666491,2026-05-08,6,decider,Breeze,,decider
666494,2026-05-09,0,ban,Fracture,DFM,DFM
666494,2026-05-09,1,ban,Split,RRQ,RRQ
666494,2026-05-09,2,pick,Ascent,DFM,DFM
666494,2026-05-09,3,pick,Breeze,RRQ,RRQ
666494,2026-05-09,4,ban,Pearl,DFM,DFM
666494,2026-05-09,5,ban,Haven,RRQ,RRQ
666494,2026-05-09,6,decider,Lotus,,decider
666495,2026-05-09,0,ban,Fracture,NS,NS
666495,2026-05-09,1,ban,Breeze,KRX,KRX
666495,2026-05-09,2,pick,Pearl,NS,NS
666495,2026-05-09,3,pick,Split,KRX,KRX
666495,2026-05-09,4,ban,Lotus,NS,NS
666495,2026-05-09,5,ban,Ascent,KRX,KRX
666495,2026-05-09,6,decider,Haven,,decider
666496,2026-05-10,0,ban,Split,RRQ,RRQ
666496,2026-05-10,1,ban,Fracture,T1,T1
666496,2026-05-10,2,pick,Haven,RRQ,RRQ
666496,2026-05-10,3,pick,Lotus,T1,T1
666496,2026-05-10,4,ban,Pearl,RRQ,RRQ
666496,2026-05-10,5,ban,Ascent,T1,T1
666496,2026-05-10,6,decider,Breeze,,decider
666497,2026-05-10,0,ban,Lotus,KRX,KRX
666497,2026-05-10,1,ban,Pearl,PRX,PRX
666497,2026-05-10,2,pick,Ascent,KRX,KRX
666497,2026-05-10,3,pick,Breeze,PRX,PRX
666497,2026-05-10,4,ban,Fracture,KRX,KRX
666497,2026-05-10,5,ban,Haven,PRX,PRX
666497,2026-05-10,6,decider,Split,,decider
666492,2026-05-15,0,ban,Ascent,FS,FS
666492,2026-05-15,1,ban,Fracture,GE,GE
666492,2026-05-15,2,pick,Split,FS,FS
666492,2026-05-15,3,pick,Breeze,GE,GE
666492,2026-05-15,4,ban,Haven,FS,FS
666492,2026-05-15,5,ban,Pearl,GE,GE
666492,2026-05-15,6,decider,Lotus,,decider
666498,2026-05-15,0,ban,Pearl,PRX,PRX
666498,2026-05-15,1,ban,Fracture,T1,T1
666498,2026-05-15,2,pick,Split,PRX,PRX
666498,2026-05-15,3,pick,Ascent,T1,T1
666498,2026-05-15,4,ban,Haven,PRX,PRX
666498,2026-05-15,5,ban,Lotus,T1,T1
666498,2026-05-15,6,decider,Breeze,,decider
666499,2026-05-16,0,ban,Fracture,GE,GE
666499,2026-05-16,1,ban,Pearl,PRX,PRX
666499,2026-05-16,2,pick,Haven,GE,GE
666499,2026-05-16,3,pick,Lotus,PRX,PRX
666499,2026-05-16,4,pick,Ascent,GE,GE
666499,2026-05-16,5,pick,Split,PRX,PRX
666499,2026-05-16,6,decider,Breeze,,decider
666493,2026-05-17,0,ban,Ascent,FS,FS
666493,2026-05-17,1,ban,Split,FS,FS
666493,2026-05-17,2,pick,Pearl,FS,FS
666493,2026-05-17,3,pick,Lotus,PRX,PRX
666493,2026-05-17,4,pick,Fracture,FS,FS
666493,2026-05-17,5,pick,Haven,PRX,PRX
666493,2026-05-17,6,decider,Breeze,,decider
645474,2026-04-10,0,ban,Fracture,KRÜ,KRÜ
645474,2026-04-10,1,ban,Pearl,SEN,SEN
645474,2026-04-10,2,pick,Lotus,KRÜ,KRÜ
645474,2026-04-10,3,pick,Breeze,SEN,SEN
645474,2026-04-10,4,ban,Haven,KRÜ,KRÜ
645474,2026-04-10,5,ban,Split,SEN,SEN
645474,2026-04-10,6,decider,Bind,,decider
645475,2026-04-10,0,ban,Fracture,G2,G2
645475,2026-04-10,1,ban,Haven,MIBR,MIBR
645475,2026-04-10,2,pick,Lotus,G2,G2
645475,2026-04-10,3,pick,Split,MIBR,MIBR
645475,2026-04-10,4,ban,Breeze,G2,G2
645475,2026-04-10,5,ban,Pearl,MIBR,MIBR
645475,2026-04-10,6,decider,Bind,,decider
645476,2026-04-11,0,ban,Bind,EG,EG
645476,2026-04-11,1,ban,Fracture,100T,100T
645476,2026-04-11,2,pick,Haven,EG,EG
645476,2026-04-11,3,pick,Breeze,100T,100T
645476,2026-04-11,4,ban,Lotus,EG,EG
645476,2026-04-11,5,ban,Pearl,100T,100T
645476,2026-04-11,6,decider,Split,,decider
645477,2026-04-11,0,ban,Split,ENVY,ENVY
645477,2026-04-11,1,ban,Fracture,LOUD,LOUD
645477,2026-04-11,2,pick,Lotus,ENVY,ENVY
645477,2026-04-11,3,pick,Pearl,LOUD,LOUD
645477,2026-04-11,4,ban,Haven,ENVY,ENVY
645477,2026-04-11,5,ban,Bind,LOUD,LOUD
645477,2026-04-11,6,decider,Breeze,,decider
645478,2026-04-12,0,ban,Fracture,C9,C9
645478,2026-04-12,1,ban,Lotus,LEV,LEV
645478,2026-04-12,2,pick,Pearl,C9,C9
645478,2026-04-12,3,pick,Haven,LEV,LEV
645478,2026-04-12,4,ban,Breeze,C9,C9
645478,2026-04-12,5,ban,Bind,LEV,LEV
645478,2026-04-12,6,decider,Split,,decider
645479,2026-04-12,0,ban,Haven,NRG,NRG
645479,2026-04-12,1,ban,Bind,FUR,FUR
645479,2026-04-12,2,pick,Pearl,NRG,NRG
645479,2026-04-12,3,pick,Split,FUR,FUR
645479,2026-04-12,4,ban,Breeze,NRG,NRG
645479,2026-04-12,5,ban,Lotus,FUR,FUR
645479,2026-04-12,6,decider,Fracture,,decider
645480,2026-04-17,0,ban,Fracture,C9,C9
645480,2026-04-17,1,ban,Breeze,ENVY,ENVY
645480,2026-04-17,2,pick,Split,C9,C9
645480,2026-04-17,3,pick,Pearl,ENVY,ENVY
645480,2026-04-17,4,ban,Lotus,C9,C9
645480,2026-04-17,5,ban,Bind,ENVY,ENVY
645480,2026-04-17,6,decider,Haven,,decider
645481,2026-04-17,0,ban,Bind,FUR,FUR
645481,2026-04-17,1,ban,Split,EG,EG
645481,2026-04-17,2,pick,Haven,FUR,FUR
645481,2026-04-17,3,pick,Pearl,EG,EG
645481,2026-04-17,4,ban,Fracture,FUR,FUR
645481,2026-04-17,5,ban,Breeze,EG,EG
645481,2026-04-17,6,decider,Lotus,,decider
645482,2026-04-18,0,ban,Fracture,G2,G2
645482,2026-04-18,1,ban,Lotus,LEV,LEV
645482,2026-04-18,2,pick,Breeze,G2,G2
645482,2026-04-18,3,pick,Split,LEV,LEV
645482,2026-04-18,4,ban,Pearl,G2,G2
645482,2026-04-18,5,ban,Haven,LEV,LEV
645482,2026-04-18,6,decider,Bind,,decider
645483,2026-04-18,0,ban,Fracture,LOUD,LOUD
645483,2026-04-18,1,ban,Pearl,MIBR,MIBR
645483,2026-04-18,2,pick,Haven,LOUD,LOUD
645483,2026-04-18,3,pick,Split,MIBR,MIBR
645483,2026-04-18,4,ban,Bind,LOUD,LOUD
645483,2026-04-18,5,ban,Lotus,MIBR,MIBR
645483,2026-04-18,6,decider,Breeze,,decider
645484,2026-04-19,0,ban,Fracture,KRÜ,KRÜ
645484,2026-04-19,1,ban,Bind,NRG,NRG
645484,2026-04-19,2,pick,Lotus,KRÜ,KRÜ
645484,2026-04-19,3,pick,Split,NRG,NRG
645484,2026-04-19,4,ban,Haven,KRÜ,KRÜ
645484,2026-04-19,5,ban,Breeze,NRG,NRG
645484,2026-04-19,6,decider,Pearl,,decider
645485,2026-04-19,0,ban,Lotus,100T,100T
645485,2026-04-19,1,ban,Pearl,SEN,SEN
645485,2026-04-19,2,pick,Haven,100T,100T
645485,2026-04-19,3,pick,Split,SEN,SEN
645485,2026-04-19,4,ban,Fracture,100T,100T
645485,2026-04-19,5,ban,Breeze,SEN,SEN
645485,2026-04-19,6,decider,Bind,,decider
645486,2026-04-24,0,ban,Split,ENVY,ENVY
645486,2026-04-24,1,ban,Lotus,LEV,LEV
645486,2026-04-24,2,pick,Bind,ENVY,ENVY
645486,2026-04-24,3,pick,Fracture,LEV,LEV
645486,2026-04-24,4,ban,Breeze,ENVY,ENVY
645486,2026-04-24,5,ban,Pearl,LEV,LEV
645486,2026-04-24,6,decider,Haven,,decider
645487,2026-04-24,0,ban,Fracture,G2,G2
645487,2026-04-24,1,ban,Bind,LOUD,LOUD
645487,2026-04-24,2,pick,Haven,G2,G2
645487,2026-04-24,3,pick,Pearl,LOUD,LOUD
645487,2026-04-24,4,ban,Lotus,G2,G2
645487,2026-04-24,5,ban,Split,LOUD,LOUD
645487,2026-04-24,6,decider,Breeze,,decider
645488,2026-04-25,0,ban,Fracture,KRÜ,KRÜ
645488,2026-04-25,1,ban,Bind,FUR,FUR
645488,2026-04-25,2,pick,Lotus,KRÜ,KRÜ
645488,2026-04-25,3,pick,Haven,FUR,FUR
645488,2026-04-25,4,ban,Pearl,KRÜ,KRÜ
645488,2026-04-25,5,ban,Breeze,FUR,FUR
645488,2026-04-25,6,decider,Split,,decider
645489,2026-04-25,0,ban,Bind,NRG,NRG
645489,2026-04-25,1,ban,Fracture,100T,100T
645489,2026-04-25,2,pick,Pearl,NRG,NRG
645489,2026-04-25,3,pick,Lotus,100T,100T
645489,2026-04-25,4,ban,Split,NRG,NRG
645489,2026-04-25,5,ban,Haven,100T,100T
645489,2026-04-25,6,decider,Breeze,,decider
645490,2026-04-26,0,ban,Breeze,EG,EG
645490,2026-04-26,1,ban,Fracture,SEN,SEN
645490,2026-04-26,2,pick,Haven,EG,EG
645490,2026-04-26,3,pick,Bind,SEN,SEN
645490,2026-04-26,4,ban,Split,EG,EG
645490,2026-04-26,5,ban,Lotus,SEN,SEN
645490,2026-04-26,6,decider,Pearl,,decider
645491,2026-04-26,0,ban,Pearl,C9,C9
645491,2026-04-26,1,ban,Fracture,MIBR,MIBR
645491,2026-04-26,2,pick,Breeze,C9,C9
645491,2026-04-26,3,pick,Split,MIBR,MIBR
645491,2026-04-26,4,ban,Lotus,C9,C9
645491,2026-04-26,5,ban,Haven,MIBR,MIBR
645491,2026-04-26,6,decider,Bind,,decider
645492,2026-05-01,0,ban,Breeze,EG,EG
645492,2026-05-01,1,ban,Bind,NRG,NRG
645492,2026-05-01,2,pick,Fracture,EG,EG
645492,2026-05-01,3,pick,Pearl,NRG,NRG
645492,2026-05-01,4,ban,Lotus,EG,EG
645492,2026-05-01,5,ban,Split,NRG,NRG
645492,2026-05-01,6,decider,Haven,,decider
645493,2026-05-01,0,ban,Pearl,MIBR,MIBR
645493,2026-05-01,1,ban,Lotus,LEV,LEV
645493,2026-05-01,2,pick,Breeze,MIBR,MIBR
645493,2026-05-01,3,pick,Haven,LEV,LEV
645493,2026-05-01,4,ban,Fracture,MIBR,MIBR
645493,2026-05-01,5,ban,Split,LEV,LEV
645493,2026-05-01,6,decider,Bind,,decider
645494,2026-05-02,0,ban,Lotus,100T,100T
645494,2026-05-02,1,ban,Fracture,KRÜ,KRÜ
645494,2026-05-02,2,pick,Bind,100T,100T
645494,2026-05-02,3,pick,Haven,KRÜ,KRÜ
645494,2026-05-02,4,ban,Breeze,100T,100T
645494,2026-05-02,5,ban,Pearl,KRÜ,KRÜ
645494,2026-05-02,6,decider,Split,,decider
645495,2026-05-02,0,ban,Bind,FUR,FUR
645495,2026-05-02,1,ban,Pearl,SEN,SEN
645495,2026-05-02,2,pick,Split,FUR,FUR
645495,2026-05-02,3,pick,Breeze,SEN,SEN
645495,2026-05-02,4,ban,Lotus,FUR,FUR
645495,2026-05-02,5,ban,Fracture,SEN,SEN
645495,2026-05-02,6,decider,Haven,,decider
645496,2026-05-03,0,ban,Bind,LOUD,LOUD
645496,2026-05-03,1,ban,Pearl,C9,C9
645496,2026-05-03,2,pick,Lotus,LOUD,LOUD
645496,2026-05-03,3,pick,Split,C9,C9
645496,2026-05-03,4,ban,Fracture,LOUD,LOUD
645496,2026-05-03,5,ban,Haven,C9,C9
645496,2026-05-03,6,decider,Breeze,,decider
645497,2026-05-03,0,ban,Fracture,G2,G2
645497,2026-05-03,1,ban,Breeze,ENVY,ENVY
645497,2026-05-03,2,pick,Haven,G2,G2
645497,2026-05-03,3,pick,Lotus,ENVY,ENVY
645497,2026-05-03,4,ban,Split,G2,G2
645497,2026-05-03,5,ban,Bind,ENVY,ENVY
645497,2026-05-03,6,decider,Pearl,,decider
645498,2026-05-08,0,ban,Breeze,EG,EG
645498,2026-05-08,1,ban,Fracture,KRÜ,KRÜ
645498,2026-05-08,2,pick,Haven,EG,EG
645498,2026-05-08,3,pick,Lotus,KRÜ,KRÜ
645498,2026-05-08,4,ban,Split,EG,EG
645498,2026-05-08,5,ban,Pearl,KRÜ,KRÜ
645498,2026-05-08,6,decider,Bind,,decider
645499,2026-05-08,0,ban,Split,100T,100T
645499,2026-05-08,1,ban,Bind,FUR,FUR
645499,2026-05-08,2,pick,Pearl,100T,100T
645499,2026-05-08,3,pick,Haven,FUR,FUR
645499,2026-05-08,4,ban,Lotus,100T,100T
645499,2026-05-08,5,ban,Fracture,FUR,FUR
645499,2026-05-08,6,decider,Breeze,,decider
645500,2026-05-09,0,ban,Fracture,G2,G2
645500,2026-05-09,1,ban,Pearl,C9,C9
645500,2026-05-09,2,pick,Lotus,G2,G2
645500,2026-05-09,3,pick,Split,C9,C9
645500,2026-05-09,4,ban,Bind,G2,G2
645500,2026-05-09,5,ban,Haven,C9,C9
645500,2026-05-09,6,decider,Breeze,,decider
645501,2026-05-09,0,ban,Split,ENVY,ENVY
645501,2026-05-09,1,ban,Pearl,MIBR,MIBR
645501,2026-05-09,2,pick,Haven,ENVY,ENVY
645501,2026-05-09,3,pick,Bind,MIBR,MIBR
645501,2026-05-09,4,ban,Fracture,ENVY,ENVY
645501,2026-05-09,5,ban,Lotus,MIBR,MIBR
645501,2026-05-09,6,decider,Breeze,,decider
645502,2026-05-10,0,ban,Lotus,LEV,LEV
645502,2026-05-10,1,ban,Fracture,LOUD,LOUD
645502,2026-05-10,2,pick,Bind,LEV,LEV
645502,2026-05-10,3,pick,Breeze,LOUD,LOUD
645502,2026-05-10,4,ban,Pearl,LEV,LEV
645502,2026-05-10,5,ban,Split,LOUD,LOUD
645502,2026-05-10,6,decider,Haven,,decider
645503,2026-05-10,0,ban,Bind,NRG,NRG
645503,2026-05-10,1,ban,Pearl,SEN,SEN
645503,2026-05-10,2,pick,Fracture,NRG,NRG
645503,2026-05-10,3,pick,Breeze,SEN,SEN
645503,2026-05-10,4,ban,Split,NRG,NRG
645503,2026-05-10,5,ban,Haven,SEN,SEN
645503,2026-05-10,6,decider,Lotus,,decider
660369,2026-05-14,0,ban,Lotus,LEV,LEV
660369,2026-05-14,1,ban,Fracture,FUR,FUR
660369,2026-05-14,2,pick,Breeze,LEV,LEV
660369,2026-05-14,3,pick,Split,FUR,FUR
660369,2026-05-14,4,ban,Haven,LEV,LEV
660369,2026-05-14,5,ban,Ascent,FUR,FUR
660369,2026-05-14,6,decider,Pearl,,decider
660370,2026-05-14,0,ban,Haven,100T,100T
660370,2026-05-14,1,ban,Fracture,G2,G2
660370,2026-05-14,2,pick,Pearl,100T,100T
660370,2026-05-14,3,pick,Lotus,G2,G2
660370,2026-05-14,4,ban,Split,100T,100T
660370,2026-05-14,5,ban,Ascent,G2,G2
660370,2026-05-14,6,decider,Breeze,,decider
660371,2026-05-15,0,ban,Pearl,MIBR,MIBR
660371,2026-05-15,1,ban,Lotus,LEV,LEV
660371,2026-05-15,2,pick,Split,MIBR,MIBR
660371,2026-05-15,3,pick,Fracture,LEV,LEV
660371,2026-05-15,4,ban,Haven,MIBR,MIBR
660371,2026-05-15,5,ban,Breeze,LEV,LEV
660371,2026-05-15,6,decider,Ascent,,decider
660372,2026-05-15,0,ban,Pearl,KRÜ,KRÜ
660372,2026-05-15,1,ban,Fracture,G2,G2
660372,2026-05-15,2,pick,Lotus,KRÜ,KRÜ
660372,2026-05-15,3,pick,Breeze,G2,G2
660372,2026-05-15,4,ban,Ascent,KRÜ,KRÜ
660372,2026-05-15,5,ban,Split,G2,G2
660372,2026-05-15,6,decider,Haven,,decider
660375,2026-05-16,0,ban,Split,NRG,NRG
660375,2026-05-16,1,ban,Fracture,FUR,FUR
660375,2026-05-16,2,pick,Lotus,NRG,NRG
660375,2026-05-16,3,pick,Haven,FUR,FUR
660375,2026-05-16,4,ban,Pearl,NRG,NRG
660375,2026-05-16,5,ban,Breeze,FUR,FUR
660375,2026-05-16,6,decider,Ascent,,decider
660376,2026-05-16,0,ban,Fracture,LOUD,LOUD
660376,2026-05-16,1,ban,Lotus,100T,100T
660376,2026-05-16,2,pick,Breeze,LOUD,LOUD
660376,2026-05-16,3,pick,Split,100T,100T
660376,2026-05-16,4,ban,Ascent,LOUD,LOUD
660376,2026-05-16,5,ban,Pearl,100T,100T
660376,2026-05-16,6,decider,Haven,,decider
660377,2026-05-17,0,ban,Split,NRG,NRG
660377,2026-05-17,1,ban,Pearl,KRÜ,KRÜ
660377,2026-05-17,2,pick,Breeze,NRG,NRG
660377,2026-05-17,3,pick,Haven,KRÜ,KRÜ
660377,2026-05-17,4,ban,Lotus,NRG,NRG
660377,2026-05-17,5,ban,Fracture,KRÜ,KRÜ
660377,2026-05-17,6,decider,Ascent,,decider
660378,2026-05-17,0,ban,Pearl,MIBR,MIBR
660378,2026-05-17,1,ban,Lotus,100T,100T
660378,2026-05-17,2,pick,Fracture,MIBR,MIBR
660378,2026-05-17,3,pick,Breeze,100T,100T
660378,2026-05-17,4,ban,Haven,MIBR,MIBR
660378,2026-05-17,5,ban,Split,100T,100T
660378,2026-05-17,6,decider,Ascent,,decider
660373,2026-05-22,0,ban,Lotus,LEV,LEV
660373,2026-05-22,1,ban,Fracture,G2,G2
660373,2026-05-22,2,pick,Ascent,LEV,LEV
660373,2026-05-22,3,pick,Pearl,G2,G2
660373,2026-05-22,4,ban,Breeze,LEV,LEV
660373,2026-05-22,5,ban,Haven,G2,G2
660373,2026-05-22,6,decider,Split,,decider
660379,2026-05-22,0,ban,Split,NRG,NRG
660379,2026-05-22,1,ban,Lotus,100T,100T
660379,2026-05-22,2,pick,Fracture,NRG,NRG
660379,2026-05-22,3,pick,Breeze,100T,100T
660379,2026-05-22,4,ban,Ascent,NRG,NRG
660379,2026-05-22,5,ban,Haven,100T,100T
660379,2026-05-22,6,decider,Pearl,,decider
660380,2026-05-23,0,ban,Fracture,G2,G2
660380,2026-05-23,1,ban,Split,NRG,NRG
660380,2026-05-23,2,pick,Lotus,G2,G2
660380,2026-05-23,3,pick,Breeze,NRG,NRG
660380,2026-05-23,4,pick,Pearl,G2,G2
660380,2026-05-23,5,pick,Haven,NRG,NRG
660380,2026-05-23,6,decider,Ascent,,decider
660374,2026-05-24,0,ban,Lotus,LEV,LEV
660374,2026-05-24,1,ban,Breeze,LEV,LEV
660374,2026-05-24,2,pick,Fracture,LEV,LEV
660374,2026-05-24,3,pick,Haven,G2,G2
660374,2026-05-24,4,pick,Ascent,LEV,LEV
660374,2026-05-24,5,pick,Pearl,G2,G2
660374,2026-05-24,6,decider,Split,,decider
644709,2026-04-01,0,ban,Fracture,EF,EF
644709,2026-04-01,1,ban,Pearl,FNC,FNC
644709,2026-04-01,2,pick,Breeze,EF,EF
644709,2026-04-01,3,pick,Bind,FNC,FNC
644709,2026-04-01,4,ban,Haven,EF,EF
644709,2026-04-01,5,ban,Split,FNC,FNC
644709,2026-04-01,6,decider,Lotus,,decider
644710,2026-04-01,0,ban,Split,KC,KC
644710,2026-04-01,1,ban,Lotus,TL,TL
644710,2026-04-01,2,pick,Haven,KC,KC
644710,2026-04-01,3,pick,Pearl,TL,TL
644710,2026-04-01,4,ban,Breeze,KC,KC
644710,2026-04-01,5,ban,Bind,TL,TL
644710,2026-04-01,6,decider,Fracture,,decider
644711,2026-04-02,0,ban,Fracture,VIT,VIT
644711,2026-04-02,1,ban,Lotus,GX,GX
644711,2026-04-02,2,pick,Haven,VIT,VIT
644711,2026-04-02,3,pick,Pearl,GX,GX
644711,2026-04-02,4,ban,Bind,VIT,VIT
644711,2026-04-02,5,ban,Split,GX,GX
644711,2026-04-02,6,decider,Breeze,,decider
644712,2026-04-02,0,ban,Breeze,M8,M8
644712,2026-04-02,1,ban,Fracture,FUT,FUT
644712,2026-04-02,2,pick,Pearl,M8,M8
644712,2026-04-02,3,pick,Bind,FUT,FUT
644712,2026-04-02,4,ban,Lotus,M8,M8
644712,2026-04-02,5,ban,Split,FUT,FUT
644712,2026-04-02,6,decider,Haven,,decider
644713,2026-04-03,0,ban,Haven,NAVI,NAVI
644713,2026-04-03,1,ban,Split,TH,TH
644713,2026-04-03,2,pick,Pearl,NAVI,NAVI
644713,2026-04-03,3,pick,Lotus,TH,TH
644713,2026-04-03,4,ban,Breeze,NAVI,NAVI
644713,2026-04-03,5,ban,Fracture,TH,TH
644713,2026-04-03,6,decider,Bind,,decider
644714,2026-04-03,0,ban,Haven,PCF,PCF
644714,2026-04-03,1,ban,Fracture,BBL,BBL
644714,2026-04-03,2,pick,Split,PCF,PCF
644714,2026-04-03,3,pick,Breeze,BBL,BBL
644714,2026-04-03,4,ban,Lotus,PCF,PCF
644714,2026-04-03,5,ban,Bind,BBL,BBL
644714,2026-04-03,6,decider,Pearl,,decider
644716,2026-04-08,0,ban,Fracture,GX,GX
644716,2026-04-08,1,ban,Breeze,PCF,PCF
644716,2026-04-08,2,pick,Haven,GX,GX
644716,2026-04-08,3,pick,Pearl,PCF,PCF
644716,2026-04-08,4,ban,Lotus,GX,GX
644716,2026-04-08,5,ban,Bind,PCF,PCF
644716,2026-04-08,6,decider,Split,,decider
644717,2026-04-08,0,ban,Bind,BBL,BBL
644717,2026-04-08,1,ban,Haven,EF,EF
644717,2026-04-08,2,pick,Pearl,BBL,BBL
644717,2026-04-08,3,pick,Split,EF,EF
644717,2026-04-08,4,ban,Lotus,BBL,BBL
644717,2026-04-08,5,ban,Breeze,EF,EF
644717,2026-04-08,6,decider,Fracture,,decider
644718,2026-04-09,0,ban,Pearl,FNC,FNC
644718,2026-04-09,1,ban,Fracture,VIT,VIT
644718,2026-04-09,2,pick,Split,FNC,FNC
644718,2026-04-09,3,pick,Breeze,VIT,VIT
644718,2026-04-09,4,ban,Haven,FNC,FNC
644718,2026-04-09,5,ban,Lotus,VIT,VIT
644718,2026-04-09,6,decider,Bind,,decider
644719,2026-04-09,0,ban,Split,TH,TH
644719,2026-04-09,1,ban,Haven,TL,TL
644719,2026-04-09,2,pick,Pearl,TH,TH
644719,2026-04-09,3,pick,Bind,TL,TL
644719,2026-04-09,4,ban,Lotus,TH,TH
644719,2026-04-09,5,ban,Breeze,TL,TL
644719,2026-04-09,6,decider,Fracture,,decider
644720,2026-04-10,0,ban,Haven,NAVI,NAVI
644720,2026-04-10,1,ban,Pearl,FUT,FUT
644720,2026-04-10,2,pick,Fracture,NAVI,NAVI
644720,2026-04-10,3,pick,Bind,FUT,FUT
644720,2026-04-10,4,ban,Breeze,NAVI,NAVI
644720,2026-04-10,5,ban,Lotus,FUT,FUT
644720,2026-04-10,6,decider,Split,,decider
644721,2026-04-10,0,ban,Split,KC,KC
644721,2026-04-10,1,ban,Bind,M8,M8
644721,2026-04-10,2,pick,Fracture,KC,KC
644721,2026-04-10,3,pick,Haven,M8,M8
644721,2026-04-10,4,ban,Breeze,KC,KC
644721,2026-04-10,5,ban,Lotus,M8,M8
644721,2026-04-10,6,decider,Pearl,,decider
644722,2026-04-15,0,ban,Bind,BBL,BBL
644722,2026-04-15,1,ban,Fracture,GX,GX
644722,2026-04-15,2,pick,Haven,BBL,BBL
644722,2026-04-15,3,pick,Lotus,GX,GX
644722,2026-04-15,4,ban,Pearl,BBL,BBL
644722,2026-04-15,5,ban,Breeze,GX,GX
644722,2026-04-15,6,decider,Split,,decider
644723,2026-04-15,0,ban,Bind,M8,M8
644723,2026-04-15,1,ban,Haven,NAVI,NAVI
644723,2026-04-15,2,pick,Pearl,M8,M8
644723,2026-04-15,3,pick,Lotus,NAVI,NAVI
644723,2026-04-15,4,ban,Breeze,M8,M8
644723,2026-04-15,5,ban,Fracture,NAVI,NAVI
644723,2026-04-15,6,decider,Split,,decider
644724,2026-04-16,0,ban,Haven,EF,EF
644724,2026-04-16,1,ban,Fracture,VIT,VIT
644724,2026-04-16,2,pick,Bind,EF,EF
644724,2026-04-16,3,pick,Lotus,VIT,VIT
644724,2026-04-16,4,ban,Pearl,EF,EF
644724,2026-04-16,5,ban,Split,VIT,VIT
644724,2026-04-16,6,decider,Breeze,,decider
644725,2026-04-16,0,ban,Bind,TH,TH
644725,2026-04-16,1,ban,Pearl,KC,KC
644725,2026-04-16,2,pick,Haven,TH,TH
644725,2026-04-16,3,pick,Lotus,KC,KC
644725,2026-04-16,4,ban,Split,TH,TH
644725,2026-04-16,5,ban,Breeze,KC,KC
644725,2026-04-16,6,decider,Fracture,,decider
644726,2026-04-17,0,ban,Split,TL,TL
644726,2026-04-17,1,ban,Pearl,FUT,FUT
644726,2026-04-17,2,pick,Breeze,TL,TL
644726,2026-04-17,3,pick,Haven,FUT,FUT
644726,2026-04-17,4,ban,Fracture,TL,TL
644726,2026-04-17,5,ban,Bind,FUT,FUT
644726,2026-04-17,6,decider,Lotus,,decider
644727,2026-04-17,0,ban,Breeze,PCF,PCF
644727,2026-04-17,1,ban,Pearl,FNC,FNC
644727,2026-04-17,2,pick,Split,PCF,PCF
644727,2026-04-17,3,pick,Lotus,FNC,FNC
644727,2026-04-17,4,ban,Bind,PCF,PCF
644727,2026-04-17,5,ban,Fracture,FNC,FNC
644727,2026-04-17,6,decider,Haven,,decider
644728,2026-04-22,0,ban,Breeze,PCF,PCF
644728,2026-04-22,1,ban,Haven,EF,EF
644728,2026-04-22,2,pick,Split,PCF,PCF
644728,2026-04-22,3,pick,Fracture,EF,EF
644728,2026-04-22,4,ban,Bind,PCF,PCF
644728,2026-04-22,5,ban,Pearl,EF,EF
644728,2026-04-22,6,decider,Lotus,,decider
644729,2026-04-22,0,ban,Fracture,TL,TL
644729,2026-04-22,1,ban,Haven,NAVI,NAVI
644729,2026-04-22,2,pick,Bind,TL,TL
644729,2026-04-22,3,pick,Split,NAVI,NAVI
644729,2026-04-22,4,ban,Breeze,TL,TL
644729,2026-04-22,5,ban,Pearl,NAVI,NAVI
644729,2026-04-22,6,decider,Lotus,,decider
644730,2026-04-23,0,ban,Fracture,GX,GX
644730,2026-04-23,1,ban,Pearl,FNC,FNC
644730,2026-04-23,2,pick,Haven,GX,GX
644730,2026-04-23,3,pick,Bind,FNC,FNC
644730,2026-04-23,4,ban,Lotus,GX,GX
644730,2026-04-23,5,ban,Split,FNC,FNC
644730,2026-04-23,6,decider,Breeze,,decider
644731,2026-04-23,0,ban,Split,KC,KC
644731,2026-04-23,1,ban,Pearl,FUT,FUT
644731,2026-04-23,2,pick,Haven,KC,KC
644731,2026-04-23,3,pick,Lotus,FUT,FUT
644731,2026-04-23,4,ban,Breeze,KC,KC
644731,2026-04-23,5,ban,Fracture,FUT,FUT
644731,2026-04-23,6,decider,Bind,,decider
644732,2026-04-24,0,ban,Breeze,M8,M8
644732,2026-04-24,1,ban,Pearl,TH,TH
644732,2026-04-24,2,pick,Fracture,M8,M8
644732,2026-04-24,3,pick,Lotus,TH,TH
644732,2026-04-24,4,ban,Bind,M8,M8
644732,2026-04-24,5,ban,Split,TH,TH
644732,2026-04-24,6,decider,Haven,,decider
644733,2026-04-24,0,ban,Fracture,VIT,VIT
644733,2026-04-24,1,ban,Bind,BBL,BBL
644733,2026-04-24,2,pick,Lotus,VIT,VIT
644733,2026-04-24,3,pick,Haven,BBL,BBL
644733,2026-04-24,4,ban,Pearl,VIT,VIT
644733,2026-04-24,5,ban,Split,BBL,BBL
644733,2026-04-24,6,decider,Breeze,,decider
644734,2026-04-29,0,ban,Bind,TH,TH
644734,2026-04-29,1,ban,Fracture,FUT,FUT
644734,2026-04-29,2,pick,Lotus,TH,TH
644734,2026-04-29,3,pick,Split,FUT,FUT
644734,2026-04-29,4,ban,Breeze,TH,TH
644734,2026-04-29,5,ban,Pearl,FUT,FUT
644734,2026-04-29,6,decider,Haven,,decider
644735,2026-04-29,0,ban,Fracture,VIT,VIT
644735,2026-04-29,1,ban,Breeze,PCF,PCF
644735,2026-04-29,2,pick,Haven,VIT,VIT
644735,2026-04-29,3,pick,Split,PCF,PCF
644735,2026-04-29,4,ban,Bind,VIT,VIT
644735,2026-04-29,5,ban,Lotus,PCF,PCF
644735,2026-04-29,6,decider,Pearl,,decider
644736,2026-04-30,0,ban,Split,KC,KC
644736,2026-04-30,1,ban,Haven,NAVI,NAVI
644736,2026-04-30,2,pick,Lotus,KC,KC
644736,2026-04-30,3,pick,Breeze,NAVI,NAVI
644736,2026-04-30,4,ban,Bind,KC,KC
644736,2026-04-30,5,ban,Pearl,NAVI,NAVI
644736,2026-04-30,6,decider,Fracture,,decider
644737,2026-04-30,0,ban,Bind,BBL,BBL
644737,2026-04-30,1,ban,Pearl,FNC,FNC
644737,2026-04-30,2,pick,Haven,BBL,BBL
644737,2026-04-30,3,pick,Fracture,FNC,FNC
644737,2026-04-30,4,ban,Split,BBL,BBL
644737,2026-04-30,5,ban,Breeze,FNC,FNC
644737,2026-04-30,6,decider,Lotus,,decider
644738,2026-05-01,0,ban,Fracture,GX,GX
644738,2026-05-01,1,ban,Haven,EF,EF
644738,2026-05-01,2,pick,Split,GX,GX
644738,2026-05-01,3,pick,Breeze,EF,EF
644738,2026-05-01,4,ban,Bind,GX,GX
644738,2026-05-01,5,ban,Pearl,EF,EF
644738,2026-05-01,6,decider,Lotus,,decider
644739,2026-05-01,0,ban,Breeze,M8,M8
644739,2026-05-01,1,ban,Pearl,TL,TL
644739,2026-05-01,2,pick,Split,M8,M8
644739,2026-05-01,3,pick,Lotus,TL,TL
644739,2026-05-01,4,ban,Fracture,M8,M8
644739,2026-05-01,5,ban,Bind,TL,TL
644739,2026-05-01,6,decider,Haven,,decider
660381,2026-05-07,0,ban,Split,TH,TH
660381,2026-05-07,1,ban,Haven,EF,EF
660381,2026-05-07,2,pick,Fracture,TH,TH
660381,2026-05-07,3,pick,Pearl,EF,EF
660381,2026-05-07,4,ban,Ascent,TH,TH
660381,2026-05-07,5,ban,Breeze,EF,EF
660381,2026-05-07,6,decider,Lotus,,decider
660382,2026-05-07,0,ban,Fracture,VIT,VIT
660382,2026-05-07,1,ban,Haven,TL,TL
660382,2026-05-07,2,pick,Pearl,VIT,VIT
660382,2026-05-07,3,pick,Ascent,TL,TL
660382,2026-05-07,4,ban,Breeze,VIT,VIT
660382,2026-05-07,5,ban,Split,TL,TL
660382,2026-05-07,6,decider,Lotus,,decider
660383,2026-05-08,0,ban,Haven,EF,EF
660383,2026-05-08,1,ban,Fracture,FUT,FUT
660383,2026-05-08,2,pick,Pearl,EF,EF
660383,2026-05-08,3,pick,Ascent,FUT,FUT
660383,2026-05-08,4,ban,Breeze,EF,EF
660383,2026-05-08,5,ban,Lotus,FUT,FUT
660383,2026-05-08,6,decider,Split,,decider
660384,2026-05-08,0,ban,Pearl,FNC,FNC
660384,2026-05-08,1,ban,Fracture,VIT,VIT
660384,2026-05-08,2,pick,Breeze,FNC,FNC
660384,2026-05-08,3,pick,Haven,VIT,VIT
660384,2026-05-08,4,ban,Ascent,FNC,FNC
660384,2026-05-08,5,ban,Split,VIT,VIT
660384,2026-05-08,6,decider,Lotus,,decider
660387,2026-05-09,0,ban,Fracture,BBL,BBL
660387,2026-05-09,1,ban,Pearl,TH,TH
660387,2026-05-09,2,pick,Breeze,BBL,BBL
660387,2026-05-09,3,pick,Ascent,TH,TH
660387,2026-05-09,4,ban,Split,BBL,BBL
660387,2026-05-09,5,ban,Haven,TH,TH
660387,2026-05-09,6,decider,Lotus,,decider
660388,2026-05-09,0,ban,Breeze,M8,M8
660388,2026-05-09,1,ban,Pearl,TL,TL
660388,2026-05-09,2,pick,Split,M8,M8
660388,2026-05-09,3,pick,Ascent,TL,TL
660388,2026-05-09,4,ban,Lotus,M8,M8
660388,2026-05-09,5,ban,Haven,TL,TL
660388,2026-05-09,6,decider,Fracture,,decider
660389,2026-05-10,0,ban,Haven,TH,TH
660389,2026-05-10,1,ban,Pearl,FNC,FNC
660389,2026-05-10,2,pick,Fracture,TH,TH
660389,2026-05-10,3,pick,Lotus,FNC,FNC
660389,2026-05-10,4,ban,Split,TH,TH
660389,2026-05-10,5,ban,Breeze,FNC,FNC
660389,2026-05-10,6,decider,Ascent,,decider
660390,2026-05-10,0,ban,Breeze,M8,M8
660390,2026-05-10,1,ban,Haven,EF,EF
660390,2026-05-10,2,pick,Ascent,M8,M8
660390,2026-05-10,3,pick,Lotus,EF,EF
660390,2026-05-10,4,ban,Split,M8,M8
660390,2026-05-10,5,ban,Fracture,EF,EF
660390,2026-05-10,6,decider,Pearl,,decider
660385,2026-05-15,0,ban,Fracture,VIT,VIT
660385,2026-05-15,1,ban,Breeze,FUT,FUT
660385,2026-05-15,2,pick,Pearl,VIT,VIT
660385,2026-05-15,3,pick,Ascent,FUT,FUT
660385,2026-05-15,4,ban,Haven,VIT,VIT
660385,2026-05-15,5,ban,Lotus,FUT,FUT
660385,2026-05-15,6,decider,Split,,decider
660391,2026-05-15,0,ban,Haven,EF,EF
660391,2026-05-15,1,ban,Pearl,TH,TH
660391,2026-05-15,2,pick,Lotus,EF,EF
660391,2026-05-15,3,pick,Fracture,TH,TH
660391,2026-05-15,4,ban,Split,EF,EF
660391,2026-05-15,5,ban,Breeze,TH,TH
660391,2026-05-15,6,decider,Ascent,,decider
660392,2026-05-16,0,ban,Fracture,FUT,FUT
660392,2026-05-16,1,ban,Pearl,TH,TH
660392,2026-05-16,2,pick,Haven,FUT,FUT
660392,2026-05-16,3,pick,Lotus,TH,TH
660392,2026-05-16,4,pick,Ascent,FUT,FUT
660392,2026-05-16,5,pick,Breeze,TH,TH
660392,2026-05-16,6,decider,Split,,decider
660386,2026-05-17,0,ban,Fracture,VIT,VIT
660386,2026-05-17,1,ban,Ascent,VIT,VIT
660386,2026-05-17,2,pick,Breeze,VIT,VIT
660386,2026-05-17,3,pick,Lotus,TH,TH
660386,2026-05-17,4,pick,Pearl,VIT,VIT
660386,2026-05-17,5,pick,Split,TH,TH
660386,2026-05-17,6,decider,Haven,,decider
642914,2026-03-31,0,ban,Split,TEC,TEC
642914,2026-03-31,1,ban,Haven,AG,AG
642914,2026-03-31,2,pick,Lotus,TEC,TEC
642914,2026-03-31,3,pick,Bind,AG,AG
642914,2026-03-31,4,ban,Pearl,TEC,TEC
642914,2026-03-31,5,ban,Fracture,AG,AG
642914,2026-03-31,6,decider,Breeze,,decider
642915,2026-03-31,0,ban,Pearl,EDG,EDG
642915,2026-03-31,1,ban,Split,NOVA,NOVA
642915,2026-03-31,2,pick,Fracture,EDG,EDG
642915,2026-03-31,3,pick,Breeze,NOVA,NOVA
642915,2026-03-31,4,ban,Lotus,EDG,EDG
642915,2026-03-31,5,ban,Bind,NOVA,NOVA
642915,2026-03-31,6,decider,Haven,,decider
642916,2026-04-01,0,ban,Breeze,JDG,JDG
642916,2026-04-01,1,ban,Haven,FPX,FPX
642916,2026-04-01,2,pick,Lotus,JDG,JDG
642916,2026-04-01,3,pick,Pearl,FPX,FPX
642916,2026-04-01,4,ban,Fracture,JDG,JDG
642916,2026-04-01,5,ban,Bind,FPX,FPX
642916,2026-04-01,6,decider,Split,,decider
642917,2026-04-01,0,ban,Fracture,DRG,DRG
642917,2026-04-01,1,ban,Pearl,XLG,XLG
642917,2026-04-01,2,pick,Lotus,DRG,DRG
642917,2026-04-01,3,pick,Bind,XLG,XLG
642917,2026-04-01,4,ban,Haven,DRG,DRG
642917,2026-04-01,5,ban,Split,XLG,XLG
642917,2026-04-01,6,decider,Breeze,,decider
642918,2026-04-02,0,ban,Split,WOL,WOL
642918,2026-04-02,1,ban,Pearl,TE,TE
642918,2026-04-02,2,pick,Lotus,WOL,WOL
642918,2026-04-02,3,pick,Bind,TE,TE
642918,2026-04-02,4,ban,Haven,WOL,WOL
642918,2026-04-02,5,ban,Breeze,TE,TE
642918,2026-04-02,6,decider,Fracture,,decider
642919,2026-04-02,0,ban,Lotus,TYL,TYL
642919,2026-04-02,1,ban,Split,BLG,BLG
642919,2026-04-02,2,pick,Bind,TYL,TYL
642919,2026-04-02,3,pick,Pearl,BLG,BLG
642919,2026-04-02,4,ban,Haven,TYL,TYL
642919,2026-04-02,5,ban,Fracture,BLG,BLG
642919,2026-04-02,6,decider,Breeze,,decider
642920,2026-04-03,0,ban,Fracture,DRG,DRG
642920,2026-04-03,1,ban,Split,NOVA,NOVA
642920,2026-04-03,2,pick,Breeze,DRG,DRG
642920,2026-04-03,3,pick,Haven,NOVA,NOVA
642920,2026-04-03,4,ban,Pearl,DRG,DRG
642920,2026-04-03,5,ban,Bind,NOVA,NOVA
642920,2026-04-03,6,decider,Lotus,,decider
642921,2026-04-03,0,ban,Fracture,AG,AG
642921,2026-04-03,1,ban,Breeze,FPX,FPX
642921,2026-04-03,2,pick,Split,AG,AG
642921,2026-04-03,3,pick,Pearl,FPX,FPX
642921,2026-04-03,4,ban,Bind,AG,AG
642921,2026-04-03,5,ban,Lotus,FPX,FPX
642921,2026-04-03,6,decider,Haven,,decider
642922,2026-04-04,0,ban,Lotus,TYL,TYL
642922,2026-04-04,1,ban,Bind,TEC,TEC
642922,2026-04-04,2,pick,Split,TYL,TYL
642922,2026-04-04,3,pick,Fracture,TEC,TEC
642922,2026-04-04,4,ban,Haven,TYL,TYL
642922,2026-04-04,5,ban,Pearl,TEC,TEC
642922,2026-04-04,6,decider,Breeze,,decider
642923,2026-04-04,0,ban,Pearl,EDG,EDG
642923,2026-04-04,1,ban,Split,WOL,WOL
642923,2026-04-04,2,pick,Fracture,EDG,EDG
642923,2026-04-04,3,pick,Lotus,WOL,WOL
642923,2026-04-04,4,ban,Breeze,EDG,EDG
642923,2026-04-04,5,ban,Haven,WOL,WOL
642923,2026-04-04,6,decider,Bind,,decider
642924,2026-04-05,0,ban,Pearl,TE,TE
642924,2026-04-05,1,ban,Split,XLG,XLG
642924,2026-04-05,2,pick,Breeze,TE,TE
642924,2026-04-05,3,pick,Lotus,XLG,XLG
642924,2026-04-05,4,ban,Fracture,TE,TE
642924,2026-04-05,5,ban,Haven,XLG,XLG
642924,2026-04-05,6,decider,Bind,,decider
642925,2026-04-05,0,ban,Pearl,JDG,JDG
642925,2026-04-05,1,ban,Split,BLG,BLG
642925,2026-04-05,2,pick,Haven,JDG,JDG
642925,2026-04-05,3,pick,Fracture,BLG,BLG
642925,2026-04-05,4,ban,Breeze,JDG,JDG
642925,2026-04-05,5,ban,Bind,BLG,BLG
642925,2026-04-05,6,decider,Lotus,,decider
642928,2026-04-07,0,ban,Split,BLG,BLG
642928,2026-04-07,1,ban,Pearl,TEC,TEC
642928,2026-04-07,2,pick,Fracture,BLG,BLG
642928,2026-04-07,3,pick,Breeze,TEC,TEC
642928,2026-04-07,4,ban,Bind,BLG,BLG
642928,2026-04-07,5,ban,Haven,TEC,TEC
642928,2026-04-07,6,decider,Lotus,,decider
642929,2026-04-08,0,ban,Breeze,NOVA,NOVA
642929,2026-04-08,1,ban,Pearl,XLG,XLG
642929,2026-04-08,2,pick,Haven,NOVA,NOVA
642929,2026-04-08,3,pick,Bind,XLG,XLG
642929,2026-04-08,4,ban,Fracture,NOVA,NOVA
642929,2026-04-08,5,ban,Lotus,XLG,XLG
642929,2026-04-08,6,decider,Split,,decider
642930,2026-04-08,0,ban,Fracture,TE,TE
642930,2026-04-08,1,ban,Pearl,EDG,EDG
642930,2026-04-08,2,pick,Lotus,TE,TE
642930,2026-04-08,3,pick,Haven,EDG,EDG
642930,2026-04-08,4,ban,Breeze,TE,TE
642930,2026-04-08,5,ban,Split,EDG,EDG
642930,2026-04-08,6,decider,Bind,,decider
642931,2026-04-09,0,ban,Breeze,JDG,JDG
642931,2026-04-09,1,ban,Fracture,AG,AG
642931,2026-04-09,2,pick,Lotus,JDG,JDG
642931,2026-04-09,3,pick,Haven,AG,AG
642931,2026-04-09,4,ban,Pearl,JDG,JDG
642931,2026-04-09,5,ban,Split,AG,AG
642931,2026-04-09,6,decider,Bind,,decider
642932,2026-04-09,0,ban,Fracture,DRG,DRG
642932,2026-04-09,1,ban,Split,WOL,WOL
642932,2026-04-09,2,pick,Breeze,DRG,DRG
642932,2026-04-09,3,pick,Pearl,WOL,WOL
642932,2026-04-09,4,ban,Bind,DRG,DRG
642932,2026-04-09,5,ban,Haven,WOL,WOL
642932,2026-04-09,6,decider,Lotus,,decider
642933,2026-04-10,0,ban,Breeze,NOVA,NOVA
642933,2026-04-10,1,ban,Pearl,TE,TE
642933,2026-04-10,2,pick,Lotus,NOVA,NOVA
642933,2026-04-10,3,pick,Split,TE,TE
642933,2026-04-10,4,ban,Fracture,NOVA,NOVA
642933,2026-04-10,5,ban,Haven,TE,TE
642933,2026-04-10,6,decider,Bind,,decider
642934,2026-04-10,0,ban,Split,BLG,BLG
642934,2026-04-10,1,ban,Haven,FPX,FPX
642934,2026-04-10,2,pick,Lotus,BLG,BLG
642934,2026-04-10,3,pick,Fracture,FPX,FPX
642934,2026-04-10,4,ban,Bind,BLG,BLG
642934,2026-04-10,5,ban,Breeze,FPX,FPX
642934,2026-04-10,6,decider,Pearl,,decider
642935,2026-04-11,0,ban,Lotus,TYL,TYL
642935,2026-04-11,1,ban,Fracture,AG,AG
642935,2026-04-11,2,pick,Bind,TYL,TYL
642935,2026-04-11,3,pick,Haven,AG,AG
642935,2026-04-11,4,ban,Pearl,TYL,TYL
642935,2026-04-11,5,ban,Split,AG,AG
642935,2026-04-11,6,decider,Breeze,,decider
642936,2026-04-11,0,ban,Fracture,DRG,DRG
642936,2026-04-11,1,ban,Pearl,EDG,EDG
642936,2026-04-11,2,pick,Breeze,DRG,DRG
642936,2026-04-11,3,pick,Lotus,EDG,EDG
642936,2026-04-11,4,ban,Bind,DRG,DRG
642936,2026-04-11,5,ban,Haven,EDG,EDG
642936,2026-04-11,6,decider,Split,,decider
642937,2026-04-12,0,ban,Lotus,TEC,TEC
642937,2026-04-12,1,ban,Breeze,JDG,JDG
642937,2026-04-12,2,pick,Fracture,TEC,TEC
642937,2026-04-12,3,pick,Haven,JDG,JDG
642937,2026-04-12,4,ban,Bind,TEC,TEC
642937,2026-04-12,5,ban,Pearl,JDG,JDG
642937,2026-04-12,6,decider,Split,,decider
642938,2026-04-12,0,ban,Breeze,WOL,WOL
642938,2026-04-12,1,ban,Pearl,XLG,XLG
642938,2026-04-12,2,pick,Fracture,WOL,WOL
642938,2026-04-12,3,pick,Bind,XLG,XLG
642938,2026-04-12,4,ban,Haven,WOL,WOL
642938,2026-04-12,5,ban,Split,XLG,XLG
642938,2026-04-12,6,decider,Lotus,,decider
642939,2026-04-14,0,ban,Lotus,TYL,TYL
642939,2026-04-14,1,ban,Breeze,JDG,JDG
642939,2026-04-14,2,pick,Bind,TYL,TYL
642939,2026-04-14,3,pick,Haven,JDG,JDG
642939,2026-04-14,4,ban,Fracture,TYL,TYL
642939,2026-04-14,5,ban,Pearl,JDG,JDG
642939,2026-04-14,6,decider,Split,,decider
642940,2026-04-14,0,ban,Fracture,DRG,DRG
642940,2026-04-14,1,ban,Pearl,TE,TE
642940,2026-04-14,2,pick,Lotus,DRG,DRG
642940,2026-04-14,3,pick,Bind,TE,TE
642940,2026-04-14,4,ban,Split,DRG,DRG
642940,2026-04-14,5,ban,Haven,TE,TE
642940,2026-04-14,6,decider,Breeze,,decider
642941,2026-04-15,0,ban,Lotus,FPX,FPX
642941,2026-04-15,1,ban,Pearl,TEC,TEC
642941,2026-04-15,2,pick,Fracture,FPX,FPX
642941,2026-04-15,3,pick,Split,TEC,TEC
642941,2026-04-15,4,ban,Haven,FPX,FPX
642941,2026-04-15,5,ban,Breeze,TEC,TEC
642941,2026-04-15,6,decider,Bind,,decider
642942,2026-04-15,0,ban,Fracture,AG,AG
642942,2026-04-15,1,ban,Split,BLG,BLG
642942,2026-04-15,2,pick,Lotus,AG,AG
642942,2026-04-15,3,pick,Pearl,BLG,BLG
642942,2026-04-15,4,ban,Breeze,AG,AG
642942,2026-04-15,5,ban,Haven,BLG,BLG
642942,2026-04-15,6,decider,Bind,,decider
642943,2026-04-16,0,ban,Pearl,NOVA,NOVA
642943,2026-04-16,1,ban,Haven,WOL,WOL
642943,2026-04-16,2,pick,Lotus,NOVA,NOVA
642943,2026-04-16,3,pick,Fracture,WOL,WOL
642943,2026-04-16,4,ban,Breeze,NOVA,NOVA
642943,2026-04-16,5,ban,Split,WOL,WOL
642943,2026-04-16,6,decider,Bind,,decider
642944,2026-04-16,0,ban,Fracture,XLG,XLG
642944,2026-04-16,1,ban,Pearl,EDG,EDG
642944,2026-04-16,2,pick,Lotus,XLG,XLG
642944,2026-04-16,3,pick,Haven,EDG,EDG
642944,2026-04-16,4,ban,Breeze,XLG,XLG
642944,2026-04-16,5,ban,Bind,EDG,EDG
642944,2026-04-16,6,decider,Split,,decider
642947,2026-04-18,0,ban,Bind,DRG,DRG
642947,2026-04-18,1,ban,Lotus,TYL,TYL
642947,2026-04-18,2,pick,Haven,DRG,DRG
642947,2026-04-18,3,pick,Breeze,TYL,TYL
642947,2026-04-18,4,ban,Pearl,DRG,DRG
642947,2026-04-18,5,ban,Fracture,TYL,TYL
642947,2026-04-18,6,decider,Split,,decider
642946,2026-04-18,0,ban,Pearl,EDG,EDG
642946,2026-04-18,1,ban,Breeze,JDG,JDG
642946,2026-04-18,2,pick,Fracture,EDG,EDG
642946,2026-04-18,3,pick,Haven,JDG,JDG
642946,2026-04-18,4,ban,Split,EDG,EDG
642946,2026-04-18,5,ban,Lotus,JDG,JDG
642946,2026-04-18,6,decider,Bind,,decider
642948,2026-04-19,0,ban,Haven,TEC,TEC
642948,2026-04-19,1,ban,Pearl,TE,TE
642948,2026-04-19,2,pick,Fracture,TEC,TEC
642948,2026-04-19,3,pick,Split,TE,TE
642948,2026-04-19,4,ban,Bind,TEC,TEC
642948,2026-04-19,5,ban,Lotus,TE,TE
642948,2026-04-19,6,decider,Breeze,,decider
642945,2026-04-19,0,ban,Fracture,AG,AG
642945,2026-04-19,1,ban,Pearl,XLG,XLG
642945,2026-04-19,2,pick,Lotus,AG,AG
642945,2026-04-19,3,pick,Bind,XLG,XLG
642945,2026-04-19,4,ban,Breeze,AG,AG
642945,2026-04-19,5,ban,Haven,XLG,XLG
642945,2026-04-19,6,decider,Split,,decider
659474,2026-05-01,0,ban,Haven,TEC,TEC
659474,2026-05-01,1,ban,Fracture,XLG,XLG
659474,2026-05-01,2,pick,Breeze,TEC,TEC
659474,2026-05-01,3,pick,Lotus,XLG,XLG
659474,2026-05-01,4,ban,Ascent,TEC,TEC
659474,2026-05-01,5,ban,Pearl,XLG,XLG
659474,2026-05-01,6,decider,Split,,decider
659475,2026-05-01,0,ban,Breeze,JDG,JDG
659475,2026-05-01,1,ban,Lotus,TYL,TYL
659475,2026-05-01,2,pick,Haven,JDG,JDG
659475,2026-05-01,3,pick,Fracture,TYL,TYL
659475,2026-05-01,4,ban,Split,JDG,JDG
659475,2026-05-01,5,ban,Ascent,TYL,TYL
659475,2026-05-01,6,decider,Pearl,,decider
659476,2026-05-02,0,ban,Haven,TE,TE
659476,2026-05-02,1,ban,Breeze,AG,AG
659476,2026-05-02,2,pick,Split,TE,TE
659476,2026-05-02,3,pick,Lotus,AG,AG
659476,2026-05-02,4,ban,Pearl,TE,TE
659476,2026-05-02,5,ban,Ascent,AG,AG
659476,2026-05-02,6,decider,Fracture,,decider
659477,2026-05-02,0,ban,Fracture,DRG,DRG
659477,2026-05-02,1,ban,Pearl,EDG,EDG
659477,2026-05-02,2,pick,Lotus,DRG,DRG
659477,2026-05-02,3,pick,Split,EDG,EDG
659477,2026-05-02,4,ban,Haven,DRG,DRG
659477,2026-05-02,5,ban,Ascent,EDG,EDG
659477,2026-05-02,6,decider,Breeze,,decider
659482,2026-05-03,0,ban,Breeze,TEC,TEC
659482,2026-05-03,1,ban,Lotus,TYL,TYL
659482,2026-05-03,2,pick,Pearl,TEC,TEC
659482,2026-05-03,3,pick,Fracture,TYL,TYL
659482,2026-05-03,4,ban,Haven,TEC,TEC
659482,2026-05-03,5,ban,Ascent,TYL,TYL
659482,2026-05-03,6,decider,Split,,decider
659483,2026-05-03,0,ban,Haven,TE,TE
659483,2026-05-03,1,ban,Fracture,DRG,DRG
659483,2026-05-03,2,pick,Ascent,TE,TE
659483,2026-05-03,3,pick,Lotus,DRG,DRG
659483,2026-05-03,4,ban,Pearl,TE,TE
659483,2026-05-03,5,ban,Split,DRG,DRG
659483,2026-05-03,6,decider,Breeze,,decider
659478,2026-05-04,0,ban,Fracture,XLG,XLG
659478,2026-05-04,1,ban,Breeze,JDG,JDG
659478,2026-05-04,2,pick,Lotus,XLG,XLG
659478,2026-05-04,3,pick,Pearl,JDG,JDG
659478,2026-05-04,4,ban,Bind,XLG,XLG
659478,2026-05-04,5,ban,Split,JDG,JDG
659478,2026-05-04,6,decider,Haven,,decider
659479,2026-05-04,0,ban,Pearl,EDG,EDG
659479,2026-05-04,1,ban,Breeze,AG,AG
659479,2026-05-04,2,pick,Fracture,EDG,EDG
659479,2026-05-04,3,pick,Lotus,AG,AG
659479,2026-05-04,4,ban,Ascent,EDG,EDG
659479,2026-05-04,5,ban,Haven,AG,AG
659479,2026-05-04,6,decider,Split,,decider
659485,2026-05-05,0,ban,Breeze,JDG,JDG
659485,2026-05-05,1,ban,Fracture,DRG,DRG
659485,2026-05-05,2,pick,Haven,JDG,JDG
659485,2026-05-05,3,pick,Lotus,DRG,DRG
659485,2026-05-05,4,ban,Split,JDG,JDG
659485,2026-05-05,5,ban,Pearl,DRG,DRG
659485,2026-05-05,6,decider,Ascent,,decider
659484,2026-05-05,0,ban,Lotus,TYL,TYL
659484,2026-05-05,1,ban,Breeze,AG,AG
659484,2026-05-05,2,pick,Fracture,TYL,TYL
659484,2026-05-05,3,pick,Haven,AG,AG
659484,2026-05-05,4,ban,Pearl,TYL,TYL
659484,2026-05-05,5,ban,Ascent,AG,AG
659484,2026-05-05,6,decider,Split,,decider
659480,2026-05-08,0,ban,Fracture,XLG,XLG
659480,2026-05-08,1,ban,Lotus,EDG,EDG
659480,2026-05-08,2,pick,Split,XLG,XLG
659480,2026-05-08,3,pick,Breeze,EDG,EDG
659480,2026-05-08,4,ban,Ascent,XLG,XLG
659480,2026-05-08,5,ban,Pearl,EDG,EDG
659480,2026-05-08,6,decider,Haven,,decider
659486,2026-05-08,0,ban,Fracture,DRG,DRG
659486,2026-05-08,1,ban,Breeze,AG,AG
659486,2026-05-08,2,pick,Lotus,DRG,DRG
659486,2026-05-08,3,pick,Split,AG,AG
659486,2026-05-08,4,ban,Pearl,DRG,DRG
659486,2026-05-08,5,ban,Ascent,AG,AG
659486,2026-05-08,6,decider,Haven,,decider
659487,2026-05-09,0,ban,Fracture,DRG,DRG
659487,2026-05-09,1,ban,Ascent,XLG,XLG
659487,2026-05-09,2,pick,Lotus,DRG,DRG
659487,2026-05-09,3,pick,Breeze,XLG,XLG
659487,2026-05-09,4,pick,Haven,DRG,DRG
659487,2026-05-09,5,pick,Split,XLG,XLG
659487,2026-05-09,6,decider,Pearl,,decider
659481,2026-05-10,0,ban,Lotus,EDG,EDG
659481,2026-05-10,1,ban,Ascent,EDG,EDG
659481,2026-05-10,2,pick,Fracture,EDG,EDG
659481,2026-05-10,3,pick,Split,XLG,XLG
659481,2026-05-10,4,pick,Breeze,EDG,EDG
659481,2026-05-10,5,pick,Haven,XLG,XLG
659481,2026-05-10,6,decider,Pearl,,decider
684613,2026-06-06,0,ban,Split,NRG,NRG
684613,2026-06-06,1,ban,Breeze,XLG,XLG
684613,2026-06-06,2,pick,Pearl,NRG,NRG
684613,2026-06-06,3,pick,Lotus,XLG,XLG
684613,2026-06-06,4,ban,Ascent,NRG,NRG
684613,2026-06-06,5,ban,Haven,XLG,XLG
684613,2026-06-06,6,decider,Fracture,,decider
684610,2026-06-06,0,ban,Pearl,DRG,DRG
684610,2026-06-06,1,ban,Ascent,VIT,VIT
684610,2026-06-06,2,pick,Lotus,DRG,DRG
684610,2026-06-06,3,pick,Breeze,VIT,VIT
684610,2026-06-06,4,ban,Split,DRG,DRG
684610,2026-06-06,5,ban,Fracture,VIT,VIT
684610,2026-06-06,6,decider,Haven,,decider
684611,2026-06-07,0,ban,Ascent,FS,FS
684611,2026-06-07,1,ban,Breeze,FUT,FUT
684611,2026-06-07,2,pick,Fracture,FS,FS
684611,2026-06-07,3,pick,Haven,FUT,FUT
684611,2026-06-07,4,ban,Split,FS,FS
684611,2026-06-07,5,ban,Pearl,FUT,FUT
684611,2026-06-07,6,decider,Lotus,,decider
684612,2026-06-07,0,ban,Ascent,GE,GE
684612,2026-06-07,1,ban,Breeze,LEV,LEV
684612,2026-06-07,2,pick,Pearl,GE,GE
684612,2026-06-07,3,pick,Fracture,LEV,LEV
684612,2026-06-07,4,ban,Haven,GE,GE
684612,2026-06-07,5,ban,Lotus,LEV,LEV
684612,2026-06-07,6,decider,Split,,decider
684614,2026-06-08,0,ban,Ascent,VIT,VIT
684614,2026-06-08,1,ban,Breeze,FUT,FUT
684614,2026-06-08,2,pick,Pearl,VIT,VIT
684614,2026-06-08,3,pick,Haven,FUT,FUT
684614,2026-06-08,4,ban,Split,VIT,VIT
684614,2026-06-08,5,ban,Lotus,FUT,FUT
684614,2026-06-08,6,decider,Fracture,,decider
684615,2026-06-08,0,ban,Breeze,LEV,LEV
684615,2026-06-08,1,ban,Split,NRG,NRG
684615,2026-06-08,2,pick,Ascent,LEV,LEV
684615,2026-06-08,3,pick,Lotus,NRG,NRG
684615,2026-06-08,4,ban,Fracture,LEV,LEV
684615,2026-06-08,5,ban,Haven,NRG,NRG
684615,2026-06-08,6,decider,Pearl,,decider
684616,2026-06-09,0,ban,Lotus,DRG,DRG
684616,2026-06-09,1,ban,Ascent,XLG,XLG
684616,2026-06-09,2,pick,Haven,DRG,DRG
684616,2026-06-09,3,pick,Fracture,XLG,XLG
684616,2026-06-09,4,ban,Breeze,DRG,DRG
684616,2026-06-09,5,ban,Pearl,XLG,XLG
684616,2026-06-09,6,decider,Split,,decider
684617,2026-06-09,0,ban,Lotus,GE,GE
684617,2026-06-09,1,ban,Ascent,FS,FS
684617,2026-06-09,2,pick,Split,GE,GE
684617,2026-06-09,3,pick,Breeze,FS,FS
684617,2026-06-09,4,ban,Fracture,GE,GE
684617,2026-06-09,5,ban,Haven,FS,FS
684617,2026-06-09,6,decider,Pearl,,decider
684619,2026-06-10,0,ban,Split,NRG,NRG
684619,2026-06-10,1,ban,Breeze,FUT,FUT
684619,2026-06-10,2,pick,Lotus,NRG,NRG
684619,2026-06-10,3,pick,Haven,FUT,FUT
684619,2026-06-10,4,ban,Ascent,NRG,NRG
684619,2026-06-10,5,ban,Pearl,FUT,FUT
684619,2026-06-10,6,decider,Fracture,,decider
684618,2026-06-10,0,ban,Fracture,GE,GE
684618,2026-06-10,1,ban,Pearl,XLG,XLG
684618,2026-06-10,2,pick,Haven,GE,GE
684618,2026-06-10,3,pick,Lotus,XLG,XLG
684618,2026-06-10,4,ban,Split,GE,GE
684618,2026-06-10,5,ban,Ascent,XLG,XLG
684618,2026-06-10,6,decider,Breeze,,decider
670466,2026-06-12,0,ban,Breeze,LEV,LEV
670466,2026-06-12,1,ban,Pearl,PRX,PRX
670466,2026-06-12,2,pick,Ascent,LEV,LEV
670466,2026-06-12,3,pick,Lotus,PRX,PRX
670466,2026-06-12,4,ban,Fracture,LEV,LEV
670466,2026-06-12,5,ban,Haven,PRX,PRX
670466,2026-06-12,6,decider,Split,,decider
670467,2026-06-12,0,ban,Haven,VIT,VIT
670467,2026-06-12,1,ban,Pearl,TH,TH
670467,2026-06-12,2,pick,Breeze,VIT,VIT
670467,2026-06-12,3,pick,Lotus,TH,TH
670467,2026-06-12,4,ban,Ascent,VIT,VIT
670467,2026-06-12,5,ban,Split,TH,TH
670467,2026-06-12,6,decider,Fracture,,decider
670465,2026-06-13,0,ban,Breeze,FUT,FUT
670465,2026-06-13,1,ban,Ascent,EDG,EDG
670465,2026-06-13,2,pick,Haven,FUT,FUT
670465,2026-06-13,3,pick,Pearl,EDG,EDG
670465,2026-06-13,4,ban,Lotus,FUT,FUT
670465,2026-06-13,5,ban,Split,EDG,EDG
670465,2026-06-13,6,decider,Fracture,,decider
670464,2026-06-13,0,ban,Haven,XLG,XLG
670464,2026-06-13,1,ban,Fracture,G2,G2
670464,2026-06-13,2,pick,Lotus,XLG,XLG
670464,2026-06-13,3,pick,Ascent,G2,G2
670464,2026-06-13,4,ban,Pearl,XLG,XLG
670464,2026-06-13,5,ban,Breeze,G2,G2
670464,2026-06-13,6,decider,Split,,decider
670473,2026-06-14,0,ban,Breeze,LEV,LEV
670473,2026-06-14,1,ban,Pearl,TH,TH
670473,2026-06-14,2,pick,Split,LEV,LEV
670473,2026-06-14,3,pick,Lotus,TH,TH
670473,2026-06-14,4,ban,Fracture,LEV,LEV
670473,2026-06-14,5,ban,Haven,TH,TH
670473,2026-06-14,6,decider,Ascent,,decider
670472,2026-06-14,0,ban,Breeze,FUT,FUT
670472,2026-06-14,1,ban,Haven,G2,G2
670472,2026-06-14,2,pick,Ascent,FUT,FUT
670472,2026-06-14,3,pick,Lotus,G2,G2
670472,2026-06-14,4,ban,Pearl,FUT,FUT
670472,2026-06-14,5,ban,Fracture,G2,G2
670472,2026-06-14,6,decider,Split,,decider
670468,2026-06-15,0,ban,Pearl,XLG,XLG
670468,2026-06-15,1,ban,Ascent,EDG,EDG
670468,2026-06-15,2,pick,Lotus,XLG,XLG
670468,2026-06-15,3,pick,Breeze,EDG,EDG
670468,2026-06-15,4,ban,Fracture,XLG,XLG
670468,2026-06-15,5,ban,Haven,EDG,EDG
670468,2026-06-15,6,decider,Split,,decider
670469,2026-06-15,0,ban,Ascent,VIT,VIT
670469,2026-06-15,1,ban,Pearl,PRX,PRX
670469,2026-06-15,2,pick,Breeze,VIT,VIT
670469,2026-06-15,3,pick,Split,PRX,PRX
670469,2026-06-15,4,ban,Haven,VIT,VIT
670469,2026-06-15,5,ban,Lotus,PRX,PRX
670469,2026-06-15,6,decider,Fracture,,decider
670475,2026-06-16,0,ban,Breeze,LEV,LEV
670475,2026-06-16,1,ban,Pearl,XLG,XLG
670475,2026-06-16,2,pick,Haven,LEV,LEV
670475,2026-06-16,3,pick,Lotus,XLG,XLG
670475,2026-06-16,4,ban,Fracture,LEV,LEV
670475,2026-06-16,5,ban,Ascent,XLG,XLG
670475,2026-06-16,6,decider,Split,,decider
670474,2026-06-16,0,ban,Haven,VIT,VIT
670474,2026-06-16,1,ban,Breeze,FUT,FUT
670474,2026-06-16,2,pick,Lotus,VIT,VIT
670474,2026-06-16,3,pick,Ascent,FUT,FUT
670474,2026-06-16,4,ban,Fracture,VIT,VIT
670474,2026-06-16,5,ban,Pearl,FUT,FUT
670474,2026-06-16,6,decider,Split,,decider
670470,2026-06-19,0,ban,Pearl,PRX,PRX
670470,2026-06-19,1,ban,Ascent,EDG,EDG
670470,2026-06-19,2,pick,Breeze,PRX,PRX
670470,2026-06-19,3,pick,Fracture,EDG,EDG
670470,2026-06-19,4,ban,Lotus,PRX,PRX
670470,2026-06-19,5,ban,Haven,EDG,EDG
670470,2026-06-19,6,decider,Split,,decider
670476,2026-06-19,0,ban,Haven,VIT,VIT
670476,2026-06-19,1,ban,Breeze,LEV,LEV
670476,2026-06-19,2,pick,Lotus,VIT,VIT
670476,2026-06-19,3,pick,Split,LEV,LEV
670476,2026-06-19,4,ban,Ascent,VIT,VIT
670476,2026-06-19,5,ban,Pearl,LEV,LEV
670476,2026-06-19,6,decider,Fracture,,decider
670477,2026-06-20,0,ban,Breeze,LEV,LEV
670477,2026-06-20,1,ban,Ascent,EDG,EDG
670477,2026-06-20,2,pick,Haven,LEV,LEV
670477,2026-06-20,3,pick,Pearl,EDG,EDG
670477,2026-06-20,4,pick,Split,LEV,LEV
670477,2026-06-20,5,pick,Fracture,EDG,EDG
670477,2026-06-20,6,decider,Lotus,,decider
670471,2026-06-21,0,ban,Pearl,PRX,PRX
670471,2026-06-21,1,ban,Haven,PRX,PRX
670471,2026-06-21,2,pick,Fracture,PRX,PRX
670471,2026-06-21,3,pick,Split,LEV,LEV
670471,2026-06-21,4,pick,Breeze,PRX,PRX
670471,2026-06-21,5,pick,Ascent,LEV,LEV
670471,2026-06-21,6,decider,Lotus,,decider
706754,2026-07-02,0,ban,Split,RRQ,RRQ
706754,2026-07-02,1,ban,Lotus,100T,100T
706754,2026-07-02,2,pick,Ascent,RRQ,RRQ
706754,2026-07-02,3,pick,Breeze,100T,100T
706754,2026-07-02,4,ban,Fracture,RRQ,RRQ
706754,2026-07-02,5,ban,Sunset,100T,100T
706754,2026-07-02,6,decider,Haven,,decider
706755,2026-07-02,0,ban,Fracture,BBL,BBL
706755,2026-07-02,1,ban,Haven,EDG,EDG
706755,2026-07-02,2,pick,Lotus,BBL,BBL
706755,2026-07-02,3,pick,Ascent,EDG,EDG
706755,2026-07-02,4,ban,Split,BBL,BBL
706755,2026-07-02,5,ban,Breeze,EDG,EDG
706755,2026-07-02,6,decider,Sunset,,decider
706759,2026-07-02,0,ban,Split,KC,KC
706759,2026-07-02,1,ban,Fracture,VIT,VIT
706759,2026-07-02,2,pick,Haven,KC,KC
706759,2026-07-02,3,pick,Lotus,VIT,VIT
706759,2026-07-02,4,ban,Breeze,KC,KC
706759,2026-07-02,5,ban,Sunset,VIT,VIT
706759,2026-07-02,6,decider,Ascent,,decider
706760,2026-07-02,0,ban,Haven,PRX,PRX
706760,2026-07-02,1,ban,Split,NRG,NRG
706760,2026-07-02,2,pick,Fracture,PRX,PRX
706760,2026-07-02,3,pick,Lotus,NRG,NRG
706760,2026-07-02,4,ban,Sunset,PRX,PRX
706760,2026-07-02,5,ban,Ascent,NRG,NRG
706760,2026-07-02,6,decider,Breeze,,decider
706769,2026-07-03,0,ban,Sunset,MIBR,MIBR
706769,2026-07-03,1,ban,Fracture,GE,GE
706769,2026-07-03,2,pick,Lotus,MIBR,MIBR
706769,2026-07-03,3,pick,Haven,GE,GE
706769,2026-07-03,4,ban,Breeze,MIBR,MIBR
706769,2026-07-03,5,ban,Split,GE,GE
706769,2026-07-03,6,decider,Ascent,,decider
706770,2026-07-03,0,ban,Breeze,AG,AG
706770,2026-07-03,1,ban,Split,TH,TH
706770,2026-07-03,2,pick,Haven,AG,AG
706770,2026-07-03,3,pick,Ascent,TH,TH
706770,2026-07-03,4,ban,Sunset,AG,AG
706770,2026-07-03,5,ban,Fracture,TH,TH
706770,2026-07-03,6,decider,Lotus,,decider
706764,2026-07-03,0,ban,Sunset,XLG,XLG
706764,2026-07-03,1,ban,Fracture,M8,M8
706764,2026-07-03,2,pick,Breeze,XLG,XLG
706764,2026-07-03,3,pick,Lotus,M8,M8
706764,2026-07-03,4,ban,Ascent,XLG,XLG
706764,2026-07-03,5,ban,Split,M8,M8
706764,2026-07-03,6,decider,Haven,,decider
706765,2026-07-03,0,ban,Fracture,G2,G2
706765,2026-07-03,1,ban,Ascent,NS,NS
706765,2026-07-03,2,pick,Breeze,G2,G2
706765,2026-07-03,3,pick,Sunset,NS,NS
706765,2026-07-03,4,ban,Lotus,G2,G2
706765,2026-07-03,5,ban,Haven,NS,NS
706765,2026-07-03,6,decider,Split,,decider
706756,2026-07-04,0,ban,Fracture,BBL,BBL
706756,2026-07-04,1,ban,Sunset,100T,100T
706756,2026-07-04,2,pick,Lotus,BBL,BBL
706756,2026-07-04,3,pick,Split,100T,100T
706756,2026-07-04,4,ban,Breeze,BBL,BBL
706756,2026-07-04,5,ban,Ascent,100T,100T
706756,2026-07-04,6,decider,Haven,,decider
706757,2026-07-04,0,ban,Split,RRQ,RRQ
706757,2026-07-04,1,ban,Haven,EDG,EDG
706757,2026-07-04,2,pick,Ascent,RRQ,RRQ
706757,2026-07-04,3,pick,Breeze,EDG,EDG
706757,2026-07-04,4,ban,Fracture,RRQ,RRQ
706757,2026-07-04,5,ban,Sunset,EDG,EDG
706757,2026-07-04,6,decider,Lotus,,decider
706761,2026-07-04,0,ban,Fracture,VIT,VIT
706761,2026-07-04,1,ban,Split,NRG,NRG
706761,2026-07-04,2,pick,Ascent,VIT,VIT
706761,2026-07-04,3,pick,Lotus,NRG,NRG
706761,2026-07-04,4,ban,Sunset,VIT,VIT
706761,2026-07-04,5,ban,Haven,NRG,NRG
706761,2026-07-04,6,decider,Breeze,,decider
706762,2026-07-04,0,ban,Split,KC,KC
706762,2026-07-04,1,ban,Haven,PRX,PRX
706762,2026-07-04,2,pick,Sunset,KC,KC
706762,2026-07-04,3,pick,Fracture,PRX,PRX
706762,2026-07-04,4,ban,Breeze,KC,KC
706762,2026-07-04,5,ban,Ascent,PRX,PRX
706762,2026-07-04,6,decider,Lotus,,decider
706771,2026-07-05,0,ban,Split,TH,TH
706771,2026-07-05,1,ban,Sunset,MIBR,MIBR
706771,2026-07-05,2,pick,Lotus,TH,TH
706771,2026-07-05,3,pick,Ascent,MIBR,MIBR
706771,2026-07-05,4,ban,Fracture,TH,TH
706771,2026-07-05,5,ban,Haven,MIBR,MIBR
706771,2026-07-05,6,decider,Breeze,,decider
706772,2026-07-05,0,ban,Lotus,GE,GE
706772,2026-07-05,1,ban,Breeze,AG,AG
706772,2026-07-05,2,pick,Sunset,GE,GE
706772,2026-07-05,3,pick,Split,AG,AG
706772,2026-07-05,4,ban,Fracture,GE,GE
706772,2026-07-05,5,ban,Haven,AG,AG
706772,2026-07-05,6,decider,Ascent,,decider
706766,2026-07-05,0,ban,Breeze,M8,M8
706766,2026-07-05,1,ban,Fracture,NS,NS
706766,2026-07-05,2,pick,Lotus,M8,M8
706766,2026-07-05,3,pick,Haven,NS,NS
706766,2026-07-05,4,ban,Split,M8,M8
706766,2026-07-05,5,ban,Sunset,NS,NS
706766,2026-07-05,6,decider,Ascent,,decider
706767,2026-07-05,0,ban,Ascent,G2,G2
706767,2026-07-05,1,ban,Sunset,XLG,XLG
706767,2026-07-05,2,pick,Lotus,G2,G2
706767,2026-07-05,3,pick,Breeze,XLG,XLG
706767,2026-07-05,4,ban,Split,G2,G2
706767,2026-07-05,5,ban,Haven,XLG,XLG
706767,2026-07-05,6,decider,Fracture,,decider
706758,2026-07-06,0,ban,Fracture,BBL,BBL
706758,2026-07-06,1,ban,Haven,EDG,EDG
706758,2026-07-06,2,pick,Lotus,BBL,BBL
706758,2026-07-06,3,pick,Breeze,EDG,EDG
706758,2026-07-06,4,ban,Split,BBL,BBL
706758,2026-07-06,5,ban,Ascent,EDG,EDG
706758,2026-07-06,6,decider,Sunset,,decider
706763,2026-07-06,0,ban,Sunset,NRG,NRG
706763,2026-07-06,1,ban,Lotus,KC,KC
706763,2026-07-06,2,pick,Breeze,NRG,NRG
706763,2026-07-06,3,pick,Fracture,KC,KC
706763,2026-07-06,4,ban,Split,NRG,NRG
706763,2026-07-06,5,ban,Ascent,KC,KC
706763,2026-07-06,6,decider,Haven,,decider
706773,2026-07-07,0,ban,Sunset,MIBR,MIBR
706773,2026-07-07,1,ban,Breeze,AG,AG
706773,2026-07-07,2,pick,Lotus,MIBR,MIBR
706773,2026-07-07,3,pick,Split,AG,AG
706773,2026-07-07,4,ban,Fracture,MIBR,MIBR
706773,2026-07-07,5,ban,Haven,AG,AG
706773,2026-07-07,6,decider,Ascent,,decider
706768,2026-07-07,0,ban,Fracture,NS,NS
706768,2026-07-07,1,ban,Ascent,G2,G2
706768,2026-07-07,2,pick,Breeze,NS,NS
706768,2026-07-07,3,pick,Sunset,G2,G2
706768,2026-07-07,4,ban,Lotus,NS,NS
706768,2026-07-07,5,ban,Split,G2,G2
706768,2026-07-07,6,decider,Haven,,decider
708422,2026-07-09,0,ban,Fracture,BBL,BBL
708422,2026-07-09,1,ban,Split,TH,TH
708422,2026-07-09,2,pick,Breeze,BBL,BBL
708422,2026-07-09,3,pick,Lotus,TH,TH
708422,2026-07-09,4,ban,Haven,BBL,BBL
708422,2026-07-09,5,ban,Ascent,TH,TH
708422,2026-07-09,6,decider,Sunset,,decider
708423,2026-07-09,0,ban,Fracture,NRG,NRG
708423,2026-07-09,1,ban,Breeze,M8,M8
708423,2026-07-09,2,pick,Haven,NRG,NRG
708423,2026-07-09,3,pick,Ascent,M8,M8
708423,2026-07-09,4,ban,Split,NRG,NRG
708423,2026-07-09,5,ban,Sunset,M8,M8
708423,2026-07-09,6,decider,Lotus,,decider
708421,2026-07-10,0,ban,Fracture,VIT,VIT
708421,2026-07-10,1,ban,Lotus,NS,NS
708421,2026-07-10,2,pick,Ascent,VIT,VIT
708421,2026-07-10,3,pick,Split,NS,NS
708421,2026-07-10,4,ban,Haven,VIT,VIT
708421,2026-07-10,5,ban,Sunset,NS,NS
708421,2026-07-10,6,decider,Breeze,,decider
708420,2026-07-10,0,ban,Sunset,MIBR,MIBR
708420,2026-07-10,1,ban,Lotus,100T,100T
708420,2026-07-10,2,pick,Fracture,MIBR,MIBR
708420,2026-07-10,3,pick,Breeze,100T,100T
708420,2026-07-10,4,ban,Split,MIBR,MIBR
708420,2026-07-10,5,ban,Ascent,100T,100T
708420,2026-07-10,6,decider,Haven,,decider
708424,2026-07-11,0,ban,Fracture,NS,NS
708424,2026-07-11,1,ban,Split,100T,100T
708424,2026-07-11,2,pick,Sunset,NS,NS
708424,2026-07-11,3,pick,Lotus,100T,100T
708424,2026-07-11,4,ban,Ascent,NS,NS
708424,2026-07-11,5,ban,Breeze,100T,100T
708424,2026-07-11,6,decider,Haven,,decider
708425,2026-07-11,0,ban,Split,NRG,NRG
708425,2026-07-11,1,ban,Fracture,BBL,BBL
708425,2026-07-11,2,pick,Haven,NRG,NRG
708425,2026-07-11,3,pick,Breeze,BBL,BBL
708425,2026-07-11,4,ban,Sunset,NRG,NRG
708425,2026-07-11,5,ban,Ascent,BBL,BBL
708425,2026-07-11,6,decider,Lotus,,decider
708427,2026-07-12,0,ban,Sunset,NS,NS
708427,2026-07-12,1,ban,Fracture,BBL,BBL
708427,2026-07-12,2,pick,Breeze,NS,NS
708427,2026-07-12,3,pick,Lotus,BBL,BBL
708427,2026-07-12,4,ban,Ascent,NS,NS
708427,2026-07-12,5,ban,Split,BBL,BBL
708427,2026-07-12,6,decider,Haven,,decider
708426,2026-07-12,0,ban,Fracture,NRG,NRG
708426,2026-07-12,1,ban,Lotus,100T,100T
708426,2026-07-12,2,pick,Breeze,NRG,NRG
708426,2026-07-12,3,pick,Sunset,100T,100T
708426,2026-07-12,4,pick,Haven,NRG,NRG
708426,2026-07-12,5,pick,Ascent,100T,100T
708426,2026-07-12,6,decider,Split,,decider
698884,2026-07-16,0,ban,Summit,ZETA,ZETA
698884,2026-07-16,1,ban,Breeze,GEN,GEN
698884,2026-07-16,2,pick,Ascent,ZETA,ZETA
698884,2026-07-16,3,pick,Sunset,GEN,GEN
698884,2026-07-16,4,ban,Lotus,ZETA,ZETA
698884,2026-07-16,5,ban,Split,GEN,GEN
698884,2026-07-16,6,decider,Haven,,decider
698885,2026-07-16,0,ban,Breeze,VL,VL
698885,2026-07-16,1,ban,Lotus,TS,TS
698885,2026-07-16,2,pick,Split,VL,VL
698885,2026-07-16,3,pick,Haven,TS,TS
698885,2026-07-16,4,ban,Sunset,VL,VL
698885,2026-07-16,5,ban,Ascent,TS,TS
698885,2026-07-16,6,decider,Summit,,decider
698886,2026-07-17,0,ban,Breeze,FS,FS
698886,2026-07-17,1,ban,Summit,NS,NS
698886,2026-07-17,2,pick,Haven,FS,FS
698886,2026-07-17,3,pick,Split,NS,NS
698886,2026-07-17,4,ban,Lotus,FS,FS
698886,2026-07-17,5,ban,Sunset,NS,NS
698886,2026-07-17,6,decider,Ascent,,decider
698887,2026-07-17,0,ban,Lotus,DFM,DFM
698887,2026-07-17,1,ban,Ascent,KRX,KRX
698887,2026-07-17,2,pick,Split,DFM,DFM
698887,2026-07-17,3,pick,Sunset,KRX,KRX
698887,2026-07-17,4,ban,Breeze,DFM,DFM
698887,2026-07-17,5,ban,Haven,KRX,KRX
698887,2026-07-17,6,decider,Summit,,decider
698888,2026-07-18,0,ban,Split,RRQ,RRQ
698888,2026-07-18,1,ban,Lotus,GE,GE
698888,2026-07-18,2,pick,Sunset,RRQ,RRQ
698888,2026-07-18,3,pick,Summit,GE,GE
698888,2026-07-18,4,ban,Haven,RRQ,RRQ
698888,2026-07-18,5,ban,Ascent,GE,GE
698888,2026-07-18,6,decider,Breeze,,decider
698889,2026-07-18,0,ban,Haven,PRX,PRX
698889,2026-07-18,1,ban,Summit,T1,T1
698889,2026-07-18,2,pick,Sunset,PRX,PRX
698889,2026-07-18,3,pick,Ascent,T1,T1
698889,2026-07-18,4,ban,Split,PRX,PRX
698889,2026-07-18,5,ban,Lotus,T1,T1
698889,2026-07-18,6,decider,Breeze,,decider
698890,2026-07-19,0,ban,Summit,NS,NS
698890,2026-07-19,1,ban,Breeze,GEN,GEN
698890,2026-07-19,2,pick,Split,NS,NS
698890,2026-07-19,3,pick,Ascent,GEN,GEN
698890,2026-07-19,4,ban,Sunset,NS,NS
698890,2026-07-19,5,ban,Lotus,GEN,GEN
698890,2026-07-19,6,decider,Haven,,decider
698891,2026-07-19,0,ban,Split,KRX,KRX
698891,2026-07-19,1,ban,Lotus,TS,TS
698891,2026-07-19,2,pick,Sunset,KRX,KRX
698891,2026-07-19,3,pick,Haven,TS,TS
698891,2026-07-19,4,ban,Ascent,KRX,KRX
698891,2026-07-19,5,ban,Breeze,TS,TS
698891,2026-07-19,6,decider,Summit,,decider
698892,2026-07-23,0,ban,Breeze,FS,FS
698892,2026-07-23,1,ban,Lotus,GE,GE
698892,2026-07-23,2,pick,Ascent,FS,FS
698892,2026-07-23,3,pick,Summit,GE,GE
698892,2026-07-23,4,ban,Split,FS,FS
698892,2026-07-23,5,ban,Haven,GE,GE
698892,2026-07-23,6,decider,Sunset,,decider
698893,2026-07-23,0,ban,Breeze,VL,VL
698893,2026-07-23,1,ban,Summit,T1,T1
698893,2026-07-23,2,pick,Split,VL,VL
698893,2026-07-23,3,pick,Haven,T1,T1
698893,2026-07-23,4,ban,Ascent,VL,VL
698893,2026-07-23,5,ban,Lotus,T1,T1
698893,2026-07-23,6,decider,Sunset,,decider
698894,2026-07-24,0,ban,Split,RRQ,RRQ
698894,2026-07-24,1,ban,Summit,ZETA,ZETA
698894,2026-07-24,2,pick,Haven,RRQ,RRQ
698894,2026-07-24,3,pick,Breeze,ZETA,ZETA
698894,2026-07-24,4,ban,Ascent,RRQ,RRQ
698894,2026-07-24,5,ban,Lotus,ZETA,ZETA
698894,2026-07-24,6,decider,Sunset,,decider
698895,2026-07-24,0,ban,Haven,PRX,PRX
698895,2026-07-24,1,ban,Sunset,DFM,DFM
698895,2026-07-24,2,pick,Summit,PRX,PRX
698895,2026-07-24,3,pick,Ascent,DFM,DFM
698895,2026-07-24,4,ban,Breeze,PRX,PRX
698895,2026-07-24,5,ban,Lotus,DFM,DFM
698895,2026-07-24,6,decider,Split,,decider
698897,2026-07-25,0,ban,Lotus,GE,GE
698897,2026-07-25,1,ban,Summit,NS,NS
698897,2026-07-25,2,pick,Ascent,GE,GE
698897,2026-07-25,3,pick,Breeze,NS,NS
698897,2026-07-25,4,ban,Haven,GE,GE
698897,2026-07-25,5,ban,Split,NS,NS
698897,2026-07-25,6,decider,Sunset,,decider
698898,2026-07-25,0,ban,Summit,T1,T1
698898,2026-07-25,1,ban,Lotus,TS,TS
698898,2026-07-25,2,pick,Ascent,T1,T1
698898,2026-07-25,3,pick,Haven,TS,TS
698898,2026-07-25,4,ban,Split,T1,T1
698898,2026-07-25,5,ban,Breeze,TS,TS
698898,2026-07-25,6,decider,Sunset,,decider
698899,2026-07-26,0,ban,Haven,PRX,PRX
698899,2026-07-26,1,ban,Sunset,KRX,KRX
698899,2026-07-26,2,pick,Summit,PRX,PRX
698899,2026-07-26,3,pick,Breeze,KRX,KRX
698899,2026-07-26,4,ban,Lotus,PRX,PRX
698899,2026-07-26,5,ban,Ascent,KRX,KRX
698899,2026-07-26,6,decider,Split,,decider
698901,2026-07-26,0,ban,Split,RRQ,RRQ
698901,2026-07-26,1,ban,Ascent,GEN,GEN
698901,2026-07-26,2,pick,Haven,RRQ,RRQ
698901,2026-07-26,3,pick,Summit,GEN,GEN
698901,2026-07-26,4,ban,Lotus,RRQ,RRQ
698901,2026-07-26,5,ban,Breeze,GEN,GEN
698901,2026-07-26,6,decider,Sunset,,decider
698902,2026-07-30,0,ban,Breeze,VL,VL
698902,2026-07-30,1,ban,Split,DFM,DFM
698902,2026-07-30,2,pick,Lotus,VL,VL
698902,2026-07-30,3,pick,Ascent,DFM,DFM
698902,2026-07-30,4,ban,Sunset,VL,VL
698902,2026-07-30,5,ban,Summit,DFM,DFM
698902,2026-07-30,6,decider,Haven,,decider
698903,2026-07-30,0,ban,Summit,ZETA,ZETA
698903,2026-07-30,1,ban,Breeze,FS,FS
698903,2026-07-30,2,pick,Split,ZETA,ZETA
698903,2026-07-30,3,pick,Sunset,FS,FS
698903,2026-07-30,4,ban,Lotus,ZETA,ZETA
698903,2026-07-30,5,ban,Ascent,FS,FS
698903,2026-07-30,6,decider,Haven,,decider
698904,2026-07-31,0,ban,Haven,PRX,PRX
698904,2026-07-31,1,ban,Lotus,TS,TS
698904,2026-07-31,2,pick,Summit,PRX,PRX
698904,2026-07-31,3,pick,Ascent,TS,TS
698904,2026-07-31,4,ban,Split,PRX,PRX
698904,2026-07-31,5,ban,Breeze,TS,TS
698904,2026-07-31,6,decider,Sunset,,decider
698905,2026-07-31,0,ban,Lotus,GE,GE
698905,2026-07-31,1,ban,Ascent,GEN,GEN
698905,2026-07-31,2,pick,Breeze,GE,GE
698905,2026-07-31,3,pick,Sunset,GEN,GEN
698905,2026-07-31,4,ban,Haven,GE,GE
698905,2026-07-31,5,ban,Split,GEN,GEN
698905,2026-07-31,6,decider,Summit,,decider
698907,2026-08-01,0,ban,Haven,FS,FS
698907,2026-08-01,1,ban,Split,RRQ,RRQ
698907,2026-08-01,2,pick,Summit,FS,FS
698907,2026-08-01,3,pick,Ascent,RRQ,RRQ
698907,2026-08-01,4,ban,Lotus,FS,FS
698907,2026-08-01,5,ban,Breeze,RRQ,RRQ
698907,2026-08-01,6,decider,Sunset,,decider
698908,2026-08-02,0,ban,Breeze,VL,VL
698908,2026-08-02,1,ban,Split,KRX,KRX
698908,2026-08-02,2,pick,Summit,VL,VL
698908,2026-08-02,3,pick,Sunset,KRX,KRX
698908,2026-08-02,4,ban,Lotus,VL,VL
698908,2026-08-02,5,ban,Ascent,KRX,KRX
698908,2026-08-02,6,decider,Haven,,decider
698909,2026-08-02,0,ban,Summit,ZETA,ZETA
698909,2026-08-02,1,ban,Ascent,NS,NS
698909,2026-08-02,2,pick,Sunset,ZETA,ZETA
698909,2026-08-02,3,pick,Breeze,NS,NS
698909,2026-08-02,4,ban,Lotus,ZETA,ZETA
698909,2026-08-02,5,ban,Split,NS,NS
698909,2026-08-02,6,decider,Haven,,decider
698910,2026-08-07,0,ban,Lotus,TS,TS
698910,2026-08-07,1,ban,Haven,DFM,DFM
698910,2026-08-07,2,pick,Breeze,TS,TS
698910,2026-08-07,3,pick,Split,DFM,DFM
698910,2026-08-07,4,ban,Sunset,TS,TS
698910,2026-08-07,5,ban,Summit,DFM,DFM
698910,2026-08-07,6,decider,Ascent,,decider
698911,2026-08-07,0,ban,Breeze,GEN,GEN
698911,2026-08-07,1,ban,Summit,FS,FS
698911,2026-08-07,2,pick,Lotus,GEN,GEN
698911,2026-08-07,3,pick,Sunset,FS,FS
698911,2026-08-07,4,ban,Ascent,GEN,GEN
698911,2026-08-07,5,ban,Haven,FS,FS
698911,2026-08-07,6,decider,Split,,decider
698912,2026-08-08,0,ban,Haven,KRX,KRX
698912,2026-08-08,1,ban,Ascent,T1,T1
698912,2026-08-08,2,pick,Lotus,KRX,KRX
698912,2026-08-08,3,pick,Breeze,T1,T1
698912,2026-08-08,4,ban,Sunset,KRX,KRX
698912,2026-08-08,5,ban,Split,T1,T1
698912,2026-08-08,6,decider,Summit,,decider
698913,2026-08-08,0,ban,Lotus,GE,GE
698913,2026-08-08,1,ban,Summit,ZETA,ZETA
698913,2026-08-08,2,pick,Breeze,GE,GE
698913,2026-08-08,3,pick,Split,ZETA,ZETA
698913,2026-08-08,4,ban,Haven,GE,GE
698913,2026-08-08,5,ban,Ascent,ZETA,ZETA
698913,2026-08-08,6,decider,Sunset,,decider
698914,2026-08-09,0,ban,Breeze,VL,VL
698914,2026-08-09,1,ban,Haven,PRX,PRX
698914,2026-08-09,2,pick,Split,VL,VL
698914,2026-08-09,3,pick,Sunset,PRX,PRX
698914,2026-08-09,4,ban,Summit,VL,VL
698914,2026-08-09,5,ban,Ascent,PRX,PRX
698914,2026-08-09,6,decider,Lotus,,decider
698915,2026-08-09,0,ban,Ascent,NS,NS
698915,2026-08-09,1,ban,Split,RRQ,RRQ
698915,2026-08-09,2,pick,Breeze,NS,NS
698915,2026-08-09,3,pick,Sunset,RRQ,RRQ
698915,2026-08-09,4,ban,Summit,NS,NS
698915,2026-08-09,5,ban,Lotus,RRQ,RRQ
698915,2026-08-09,6,decider,Haven,,decider
730535,2026-08-13,0,ban,Split,KRX,KRX
730535,2026-08-13,1,ban,Summit,ONG,ONG
730535,2026-08-13,2,pick,Lotus,KRX,KRX
730535,2026-08-13,3,pick,Sunset,ONG,ONG
730535,2026-08-13,4,ban,Breeze,KRX,KRX
730535,2026-08-13,5,ban,Ascent,ONG,ONG
730535,2026-08-13,6,decider,Haven,,decider
730536,2026-08-13,0,ban,Split,RRQ,RRQ
730536,2026-08-13,1,ban,Lotus,SP,SP
730536,2026-08-13,2,pick,Haven,RRQ,RRQ
730536,2026-08-13,3,pick,Sunset,SP,SP
730536,2026-08-13,4,ban,Ascent,RRQ,RRQ
730536,2026-08-13,5,ban,Summit,SP,SP
730536,2026-08-13,6,decider,Breeze,,decider
730537,2026-08-14,0,ban,Lotus,FS,FS
730537,2026-08-14,1,ban,Sunset,QTD,QTD
730537,2026-08-14,2,pick,Split,FS,FS
730537,2026-08-14,3,pick,Haven,QTD,QTD
730537,2026-08-14,4,ban,Breeze,FS,FS
730537,2026-08-14,5,ban,Ascent,QTD,QTD
730537,2026-08-14,6,decider,Summit,,decider
730538,2026-08-14,0,ban,Lotus,TS,TS
730538,2026-08-14,1,ban,Breeze,XIP,XIP
730538,2026-08-14,2,pick,Summit,TS,TS
730538,2026-08-14,3,pick,Sunset,XIP,XIP
730538,2026-08-14,4,ban,Haven,TS,TS
730538,2026-08-14,5,ban,Ascent,XIP,XIP
730538,2026-08-14,6,decider,Split,,decider
730539,2026-08-15,0,ban,Split,KRX,KRX
730539,2026-08-15,1,ban,Summit,ZETA,ZETA
730539,2026-08-15,2,pick,Lotus,KRX,KRX
730539,2026-08-15,3,pick,Sunset,ZETA,ZETA
730539,2026-08-15,4,ban,Breeze,KRX,KRX
730539,2026-08-15,5,ban,Ascent,ZETA,ZETA
730539,2026-08-15,6,decider,Haven,,decider
730540,2026-08-15,0,ban,Lotus,SP,SP
730540,2026-08-15,1,ban,Haven,DFM,DFM
730540,2026-08-15,2,pick,Ascent,SP,SP
730540,2026-08-15,3,pick,Sunset,DFM,DFM
730540,2026-08-15,4,ban,Summit,SP,SP
730540,2026-08-15,5,ban,Split,DFM,DFM
730540,2026-08-15,6,decider,Breeze,,decider
730541,2026-08-16,0,ban,Split,T1,T1
730541,2026-08-16,1,ban,Haven,FS,FS
730541,2026-08-16,2,pick,Breeze,T1,T1
730541,2026-08-16,3,pick,Lotus,FS,FS
730541,2026-08-16,4,ban,Summit,T1,T1
730541,2026-08-16,5,ban,Sunset,FS,FS
730541,2026-08-16,6,decider,Ascent,,decider
730542,2026-08-16,0,ban,Lotus,TS,TS
730542,2026-08-16,1,ban,Ascent,NS,NS
730542,2026-08-16,2,pick,Summit,TS,TS
730542,2026-08-16,3,pick,Breeze,NS,NS
730542,2026-08-16,4,ban,Haven,TS,TS
730542,2026-08-16,5,ban,Split,NS,NS
730542,2026-08-16,6,decider,Sunset,,decider
730545,2026-08-19,0,ban,Lotus,TS,TS
730545,2026-08-19,1,ban,Summit,ONG,ONG
730545,2026-08-19,2,pick,Ascent,TS,TS
730545,2026-08-19,3,pick,Split,ONG,ONG
730545,2026-08-19,4,ban,Breeze,TS,TS
730545,2026-08-19,5,ban,Sunset,ONG,ONG
730545,2026-08-19,6,decider,Haven,,decider
730546,2026-08-19,0,ban,Haven,FS,FS
730546,2026-08-19,1,ban,Split,RRQ,RRQ
730546,2026-08-19,2,pick,Summit,FS,FS
730546,2026-08-19,3,pick,Sunset,RRQ,RRQ
730546,2026-08-19,4,ban,Breeze,FS,FS
730546,2026-08-19,5,ban,Ascent,RRQ,RRQ
730546,2026-08-19,6,decider,Lotus,,decider
730547,2026-08-20,0,ban,Haven,DFM,DFM
730547,2026-08-20,1,ban,Sunset,QTD,QTD
730547,2026-08-20,2,pick,Ascent,DFM,DFM
730547,2026-08-20,3,pick,Lotus,QTD,QTD
730547,2026-08-20,4,ban,Split,DFM,DFM
730547,2026-08-20,5,ban,Summit,QTD,QTD
730547,2026-08-20,6,decider,Breeze,,decider
730548,2026-08-20,0,ban,Breeze,XIP,XIP
730548,2026-08-20,1,ban,Summit,ZETA,ZETA
730548,2026-08-20,2,pick,Haven,XIP,XIP
730548,2026-08-20,3,pick,Split,ZETA,ZETA
730548,2026-08-20,4,ban,Ascent,XIP,XIP
730548,2026-08-20,5,ban,Lotus,ZETA,ZETA
730548,2026-08-20,6,decider,Sunset,,decider
730543,2026-08-21,0,ban,Split,KRX,KRX
730543,2026-08-21,1,ban,Lotus,SP,SP
730543,2026-08-21,2,pick,Haven,KRX,KRX
730543,2026-08-21,3,pick,Ascent,SP,SP
730543,2026-08-21,4,ban,Breeze,KRX,KRX
730543,2026-08-21,5,ban,Summit,SP,SP
730543,2026-08-21,6,decider,Sunset,,decider
730544,2026-08-21,0,ban,Split,T1,T1
730544,2026-08-21,1,ban,Lotus,NS,NS
730544,2026-08-21,2,pick,Ascent,T1,T1
730544,2026-08-21,3,pick,Haven,NS,NS
730544,2026-08-21,4,ban,Summit,T1,T1
730544,2026-08-21,5,ban,Breeze,NS,NS
730544,2026-08-21,6,decider,Sunset,,decider
730549,2026-08-22,0,ban,Breeze,FS,FS
730549,2026-08-22,1,ban,Summit,ONG,ONG
730549,2026-08-22,2,pick,Sunset,FS,FS
730549,2026-08-22,3,pick,Haven,ONG,ONG
730549,2026-08-22,4,ban,Split,FS,FS
730549,2026-08-22,5,ban,Ascent,ONG,ONG
730549,2026-08-22,6,decider,Lotus,,decider
730550,2026-08-22,0,ban,Sunset,DFM,DFM
730550,2026-08-22,1,ban,Summit,ZETA,ZETA
730550,2026-08-22,2,pick,Ascent,DFM,DFM
730550,2026-08-22,3,pick,Split,ZETA,ZETA
730550,2026-08-22,4,ban,Haven,DFM,DFM
730550,2026-08-22,5,ban,Lotus,ZETA,ZETA
730550,2026-08-22,6,decider,Breeze,,decider
730551,2026-08-23,0,ban,Lotus,SP,SP
730551,2026-08-23,1,ban,Summit,ONG,ONG
730551,2026-08-23,2,pick,Ascent,SP,SP
730551,2026-08-23,3,pick,Haven,ONG,ONG
730551,2026-08-23,4,ban,Sunset,SP,SP
730551,2026-08-23,5,ban,Split,ONG,ONG
730551,2026-08-23,6,decider,Breeze,,decider
730552,2026-08-23,0,ban,Lotus,DFM,DFM
730552,2026-08-23,1,ban,Split,T1,T1
730552,2026-08-23,2,pick,Ascent,DFM,DFM
730552,2026-08-23,3,pick,Haven,T1,T1
730552,2026-08-23,4,ban,Sunset,DFM,DFM
730552,2026-08-23,5,ban,Summit,T1,T1
730552,2026-08-23,6,decider,Breeze,,decider
742476,2026-08-26,0,ban,Lotus,NS,NS
742476,2026-08-26,1,ban,Haven,PRX,PRX
742476,2026-08-26,2,pick,Abyss,NS,NS
742476,2026-08-26,3,pick,Split,PRX,PRX
742476,2026-08-26,4,ban,Summit,NS,NS
742476,2026-08-26,5,ban,Sunset,PRX,PRX
742476,2026-08-26,6,decider,Ascent,,decider
742477,2026-08-26,0,ban,Summit,KRX,KRX
742477,2026-08-26,1,ban,Haven,GE,GE
742477,2026-08-26,2,pick,Lotus,KRX,KRX
742477,2026-08-26,3,pick,Ascent,GE,GE
742477,2026-08-26,4,ban,Split,KRX,KRX
742477,2026-08-26,5,ban,Sunset,GE,GE
742477,2026-08-26,6,decider,Abyss,,decider
742478,2026-08-27,0,ban,Lotus,NS,NS
742478,2026-08-27,1,ban,Split,GEN,GEN
742478,2026-08-27,2,pick,Ascent,NS,NS
742478,2026-08-27,3,pick,Summit,GEN,GEN
742478,2026-08-27,4,ban,Haven,NS,NS
742478,2026-08-27,5,ban,Abyss,GEN,GEN
742478,2026-08-27,6,decider,Sunset,,decider
742479,2026-08-27,0,ban,Abyss,VL,VL
742479,2026-08-27,1,ban,Sunset,GE,GE
742479,2026-08-27,2,pick,Split,VL,VL
742479,2026-08-27,3,pick,Summit,GE,GE
742479,2026-08-27,4,ban,Lotus,VL,VL
742479,2026-08-27,5,ban,Ascent,GE,GE
742479,2026-08-27,6,decider,Haven,,decider
742482,2026-08-28,0,ban,Summit,ONG,ONG
742482,2026-08-28,1,ban,Haven,PRX,PRX
742482,2026-08-28,2,pick,Abyss,ONG,ONG
742482,2026-08-28,3,pick,Ascent,PRX,PRX
742482,2026-08-28,4,ban,Lotus,ONG,ONG
742482,2026-08-28,5,ban,Sunset,PRX,PRX
742482,2026-08-28,6,decider,Split,,decider
742483,2026-08-28,0,ban,Summit,T1,T1
742483,2026-08-28,1,ban,Haven,KRX,KRX
742483,2026-08-28,2,pick,Lotus,T1,T1
742483,2026-08-28,3,pick,Abyss,KRX,KRX
742483,2026-08-28,4,ban,Ascent,T1,T1
742483,2026-08-28,5,ban,Split,KRX,KRX
742483,2026-08-28,6,decider,Sunset,,decider
742484,2026-08-29,0,ban,Haven,PRX,PRX
742484,2026-08-29,1,ban,Summit,VL,VL
742484,2026-08-29,2,pick,Lotus,PRX,PRX
742484,2026-08-29,3,pick,Split,VL,VL
742484,2026-08-29,4,ban,Abyss,PRX,PRX
742484,2026-08-29,5,ban,Ascent,VL,VL
742484,2026-08-29,6,decider,Sunset,,decider
742485,2026-08-29,0,ban,Summit,T1,T1
742485,2026-08-29,1,ban,Ascent,GEN,GEN
742485,2026-08-29,2,pick,Lotus,T1,T1
742485,2026-08-29,3,pick,Split,GEN,GEN
742485,2026-08-29,4,ban,Sunset,T1,T1
742485,2026-08-29,5,ban,Haven,GEN,GEN
742485,2026-08-29,6,decider,Abyss,,decider
742480,2026-09-04,0,ban,Summit,NS,NS
742480,2026-09-04,1,ban,Sunset,GE,GE
742480,2026-09-04,2,pick,Haven,NS,NS
742480,2026-09-04,3,pick,Ascent,GE,GE
742480,2026-09-04,4,ban,Split,NS,NS
742480,2026-09-04,5,ban,Lotus,GE,GE
742480,2026-09-04,6,decider,Abyss,,decider
742486,2026-09-04,0,ban,Abyss,VL,VL
742486,2026-09-04,1,ban,Summit,T1,T1
742486,2026-09-04,2,pick,Haven,VL,VL
742486,2026-09-04,3,pick,Lotus,T1,T1
742486,2026-09-04,4,ban,Split,VL,VL
742486,2026-09-04,5,ban,Ascent,T1,T1
742486,2026-09-04,6,decider,Sunset,,decider
742487,2026-09-05,0,ban,Abyss,GE,GE
742487,2026-09-05,1,ban,Summit,T1,T1
742487,2026-09-05,2,pick,Split,GE,GE
742487,2026-09-05,3,pick,Lotus,T1,T1
742487,2026-09-05,4,pick,Ascent,GE,GE
742487,2026-09-05,5,pick,Haven,T1,T1
742487,2026-09-05,6,decider,Sunset,,decider
742481,2026-09-06,0,ban,Summit,NS,NS
742481,2026-09-06,1,ban,Ascent,NS,NS
742481,2026-09-06,2,pick,Sunset,NS,NS
742481,2026-09-06,3,pick,Split,GE,GE
742481,2026-09-06,4,pick,Abyss,NS,NS
742481,2026-09-06,5,pick,Lotus,GE,GE
742481,2026-09-06,6,decider,Haven,,decider
712803,2026-07-15,0,ban,Haven,NAVI,NAVI
712803,2026-07-15,1,ban,Breeze,FUT,FUT
712803,2026-07-15,2,pick,Split,NAVI,NAVI
712803,2026-07-15,3,pick,Ascent,FUT,FUT
712803,2026-07-15,4,ban,Lotus,NAVI,NAVI
712803,2026-07-15,5,ban,Summit,FUT,FUT
712803,2026-07-15,6,decider,Sunset,,decider
712804,2026-07-15,0,ban,Sunset,TL,TL
712804,2026-07-15,1,ban,Summit,EF,EF
712804,2026-07-15,2,pick,Split,TL,TL
712804,2026-07-15,3,pick,Lotus,EF,EF
712804,2026-07-15,4,ban,Ascent,TL,TL
712804,2026-07-15,5,ban,Breeze,EF,EF
712804,2026-07-15,6,decider,Haven,,decider
712805,2026-07-16,0,ban,Summit,GX,GX
712805,2026-07-16,1,ban,Haven,FNC,FNC
712805,2026-07-16,2,pick,Ascent,GX,GX
712805,2026-07-16,3,pick,Sunset,FNC,FNC
712805,2026-07-16,4,ban,Breeze,GX,GX
712805,2026-07-16,5,ban,Lotus,FNC,FNC
712805,2026-07-16,6,decider,Split,,decider
712806,2026-07-16,0,ban,Haven,PCF,PCF
712806,2026-07-16,1,ban,Summit,M8,M8
712806,2026-07-16,2,pick,Split,PCF,PCF
712806,2026-07-16,3,pick,Sunset,M8,M8
712806,2026-07-16,4,ban,Lotus,PCF,PCF
712806,2026-07-16,5,ban,Breeze,M8,M8
712806,2026-07-16,6,decider,Ascent,,decider
712807,2026-07-17,0,ban,Breeze,KC,KC
712807,2026-07-17,1,ban,Summit,EF,EF
712807,2026-07-17,2,pick,Sunset,KC,KC
712807,2026-07-17,3,pick,Lotus,EF,EF
712807,2026-07-17,4,ban,Split,KC,KC
712807,2026-07-17,5,ban,Ascent,EF,EF
712807,2026-07-17,6,decider,Haven,,decider
712808,2026-07-17,0,ban,Lotus,NAVI,NAVI
712808,2026-07-17,1,ban,Summit,VIT,VIT
712808,2026-07-17,2,pick,Sunset,NAVI,NAVI
712808,2026-07-17,3,pick,Breeze,VIT,VIT
712808,2026-07-17,4,ban,Haven,NAVI,NAVI
712808,2026-07-17,5,ban,Ascent,VIT,VIT
712808,2026-07-17,6,decider,Split,,decider
712809,2026-07-18,0,ban,Summit,M8,M8
712809,2026-07-18,1,ban,Breeze,FUT,FUT
712809,2026-07-18,2,pick,Sunset,M8,M8
712809,2026-07-18,3,pick,Haven,FUT,FUT
712809,2026-07-18,4,ban,Split,M8,M8
712809,2026-07-18,5,ban,Ascent,FUT,FUT
712809,2026-07-18,6,decider,Lotus,,decider
712810,2026-07-18,0,ban,Sunset,TL,TL
712810,2026-07-18,1,ban,Summit,TH,TH
712810,2026-07-18,2,pick,Breeze,TL,TL
712810,2026-07-18,3,pick,Ascent,TH,TH
712810,2026-07-18,4,ban,Lotus,TL,TL
712810,2026-07-18,5,ban,Split,TH,TH
712810,2026-07-18,6,decider,Haven,,decider
712811,2026-07-19,0,ban,Breeze,KC,KC
712811,2026-07-19,1,ban,Summit,GX,GX
712811,2026-07-19,2,pick,Haven,KC,KC
712811,2026-07-19,3,pick,Ascent,GX,GX
712811,2026-07-19,4,ban,Split,KC,KC
712811,2026-07-19,5,ban,Lotus,GX,GX
712811,2026-07-19,6,decider,Sunset,,decider
712812,2026-07-19,0,ban,Lotus,BBL,BBL
712812,2026-07-19,1,ban,Summit,VIT,VIT
712812,2026-07-19,2,pick,Haven,BBL,BBL
712812,2026-07-19,3,pick,Split,VIT,VIT
712812,2026-07-19,4,ban,Breeze,BBL,BBL
712812,2026-07-19,5,ban,Sunset,VIT,VIT
712812,2026-07-19,6,decider,Ascent,,decider
712814,2026-07-22,0,ban,Haven,PCF,PCF
712814,2026-07-22,1,ban,Breeze,FUT,FUT
712814,2026-07-22,2,pick,Split,PCF,PCF
712814,2026-07-22,3,pick,Lotus,FUT,FUT
712814,2026-07-22,4,ban,Summit,PCF,PCF
712814,2026-07-22,5,ban,Sunset,FUT,FUT
712814,2026-07-22,6,decider,Ascent,,decider
712815,2026-07-22,0,ban,Breeze,KC,KC
712815,2026-07-22,1,ban,Haven,FNC,FNC
712815,2026-07-22,2,pick,Summit,KC,KC
712815,2026-07-22,3,pick,Ascent,FNC,FNC
712815,2026-07-22,4,ban,Sunset,KC,KC
712815,2026-07-22,5,ban,Lotus,FNC,FNC
712815,2026-07-22,6,decider,Split,,decider
712816,2026-07-23,0,ban,Summit,EF,EF
712816,2026-07-23,1,ban,Split,TH,TH
712816,2026-07-23,2,pick,Lotus,EF,EF
712816,2026-07-23,3,pick,Haven,TH,TH
712816,2026-07-23,4,ban,Sunset,EF,EF
712816,2026-07-23,5,ban,Ascent,TH,TH
712816,2026-07-23,6,decider,Breeze,,decider
712817,2026-07-23,0,ban,Lotus,NAVI,NAVI
712817,2026-07-23,1,ban,Split,M8,M8
712817,2026-07-23,2,pick,Sunset,NAVI,NAVI
712817,2026-07-23,3,pick,Haven,M8,M8
712817,2026-07-23,4,ban,Breeze,NAVI,NAVI
712817,2026-07-23,5,ban,Summit,M8,M8
712817,2026-07-23,6,decider,Ascent,,decider
712818,2026-07-24,0,ban,Haven,BBL,BBL
712818,2026-07-24,1,ban,Breeze,FUT,FUT
712818,2026-07-24,2,pick,Lotus,BBL,BBL
712818,2026-07-24,3,pick,Split,FUT,FUT
712818,2026-07-24,4,ban,Summit,BBL,BBL
712818,2026-07-24,5,ban,Ascent,FUT,FUT
712818,2026-07-24,6,decider,Sunset,,decider
712819,2026-07-24,0,ban,Breeze,TL,TL
712819,2026-07-24,1,ban,Sunset,FNC,FNC
712819,2026-07-24,2,pick,Summit,TL,TL
712819,2026-07-24,3,pick,Lotus,FNC,FNC
712819,2026-07-24,4,ban,Haven,TL,TL
712819,2026-07-24,5,ban,Ascent,FNC,FNC
712819,2026-07-24,6,decider,Split,,decider
712820,2026-07-25,0,ban,Summit,VIT,VIT
712820,2026-07-25,1,ban,Breeze,PCF,PCF
712820,2026-07-25,2,pick,Haven,VIT,VIT
712820,2026-07-25,3,pick,Sunset,PCF,PCF
712820,2026-07-25,4,ban,Split,VIT,VIT
712820,2026-07-25,5,ban,Lotus,PCF,PCF
712820,2026-07-25,6,decider,Ascent,,decider
712821,2026-07-25,0,ban,Summit,GX,GX
712821,2026-07-25,1,ban,Haven,EF,EF
712821,2026-07-25,2,pick,Split,GX,GX
712821,2026-07-25,3,pick,Ascent,EF,EF
712821,2026-07-25,4,ban,Lotus,GX,GX
712821,2026-07-25,5,ban,Sunset,EF,EF
712821,2026-07-25,6,decider,Breeze,,decider
712822,2026-07-26,0,ban,Split,BBL,BBL
712822,2026-07-26,1,ban,Lotus,NAVI,NAVI
712822,2026-07-26,2,pick,Haven,BBL,BBL
712822,2026-07-26,3,pick,Ascent,NAVI,NAVI
712822,2026-07-26,4,ban,Summit,BBL,BBL
712822,2026-07-26,5,ban,Breeze,NAVI,NAVI
712822,2026-07-26,6,decider,Sunset,,decider
712823,2026-07-26,0,ban,Breeze,KC,KC
712823,2026-07-26,1,ban,Split,TH,TH
712823,2026-07-26,2,pick,Sunset,KC,KC
712823,2026-07-26,3,pick,Lotus,TH,TH
712823,2026-07-26,4,ban,Summit,KC,KC
712823,2026-07-26,5,ban,Ascent,TH,TH
712823,2026-07-26,6,decider,Haven,,decider
712824,2026-07-29,0,ban,Sunset,TL,TL
712824,2026-07-29,1,ban,Summit,GX,GX
712824,2026-07-29,2,pick,Breeze,TL,TL
712824,2026-07-29,3,pick,Split,GX,GX
712824,2026-07-29,4,ban,Lotus,TL,TL
712824,2026-07-29,5,ban,Haven,GX,GX
712824,2026-07-29,6,decider,Ascent,,decider
712825,2026-07-29,0,ban,Breeze,M8,M8
712825,2026-07-29,1,ban,Summit,VIT,VIT
712825,2026-07-29,2,pick,Haven,M8,M8
712825,2026-07-29,3,pick,Split,VIT,VIT
712825,2026-07-29,4,ban,Lotus,M8,M8
712825,2026-07-29,5,ban,Sunset,VIT,VIT
712825,2026-07-29,6,decider,Ascent,,decider
712826,2026-07-30,0,ban,Lotus,NAVI,NAVI
712826,2026-07-30,1,ban,Haven,PCF,PCF
712826,2026-07-30,2,pick,Ascent,NAVI,NAVI
712826,2026-07-30,3,pick,Summit,PCF,PCF
712826,2026-07-30,4,ban,Split,NAVI,NAVI
712826,2026-07-30,5,ban,Breeze,PCF,PCF
712826,2026-07-30,6,decider,Sunset,,decider
712827,2026-07-30,0,ban,Haven,EF,EF
712827,2026-07-30,1,ban,Breeze,FNC,FNC
712827,2026-07-30,2,pick,Summit,EF,EF
712827,2026-07-30,3,pick,Split,FNC,FNC
712827,2026-07-30,4,ban,Ascent,EF,EF
712827,2026-07-30,5,ban,Lotus,FNC,FNC
712827,2026-07-30,6,decider,Sunset,,decider
712829,2026-07-31,0,ban,Split,TH,TH
712829,2026-07-31,1,ban,Summit,GX,GX
712829,2026-07-31,2,pick,Haven,TH,TH
712829,2026-07-31,3,pick,Ascent,GX,GX
712829,2026-07-31,4,ban,Breeze,TH,TH
712829,2026-07-31,5,ban,Sunset,GX,GX
712829,2026-07-31,6,decider,Lotus,,decider
712830,2026-08-01,0,ban,Summit,VIT,VIT
712830,2026-08-01,1,ban,Breeze,FUT,FUT
712830,2026-08-01,2,pick,Lotus,VIT,VIT
712830,2026-08-01,3,pick,Haven,FUT,FUT
712830,2026-08-01,4,ban,Sunset,VIT,VIT
712830,2026-08-01,5,ban,Ascent,FUT,FUT
712830,2026-08-01,6,decider,Split,,decider
712831,2026-08-01,0,ban,Breeze,KC,KC
712831,2026-08-01,1,ban,Sunset,TL,TL
712831,2026-08-01,2,pick,Lotus,KC,KC
712831,2026-08-01,3,pick,Summit,TL,TL
712831,2026-08-01,4,ban,Split,KC,KC
712831,2026-08-01,5,ban,Ascent,TL,TL
712831,2026-08-01,6,decider,Haven,,decider
712832,2026-08-02,0,ban,Summit,BBL,BBL
712832,2026-08-02,1,ban,Haven,PCF,PCF
712832,2026-08-02,2,pick,Sunset,BBL,BBL
712832,2026-08-02,3,pick,Lotus,PCF,PCF
712832,2026-08-02,4,ban,Split,BBL,BBL
712832,2026-08-02,5,ban,Breeze,PCF,PCF
712832,2026-08-02,6,decider,Ascent,,decider
712833,2026-08-02,0,ban,Haven,FNC,FNC
712833,2026-08-02,1,ban,Split,TH,TH
712833,2026-08-02,2,pick,Summit,FNC,FNC
712833,2026-08-02,3,pick,Ascent,TH,TH
712833,2026-08-02,4,ban,Lotus,FNC,FNC
712833,2026-08-02,5,ban,Breeze,TH,TH
712833,2026-08-02,6,decider,Sunset,,decider
729664,2026-08-06,0,ban,Breeze,SGE,SGE
729664,2026-08-06,1,ban,Haven,GX,GX
729664,2026-08-06,2,pick,Lotus,SGE,SGE
729664,2026-08-06,3,pick,Ascent,GX,GX
729664,2026-08-06,4,ban,Split,SGE,SGE
729664,2026-08-06,5,ban,Sunset,GX,GX
729664,2026-08-06,6,decider,Summit,,decider
729665,2026-08-06,0,ban,Haven,JL,JL
729665,2026-08-06,1,ban,Lotus,NAVI,NAVI
729665,2026-08-06,2,pick,Breeze,JL,JL
729665,2026-08-06,3,pick,Split,NAVI,NAVI
729665,2026-08-06,4,ban,Summit,JL,JL
729665,2026-08-06,5,ban,Sunset,NAVI,NAVI
729665,2026-08-06,6,decider,Ascent,,decider
729666,2026-08-07,0,ban,Breeze,PCF,PCF
729666,2026-08-07,1,ban,Lotus,FF,FF
729666,2026-08-07,2,pick,Summit,PCF,PCF
729666,2026-08-07,3,pick,Split,FF,FF
729666,2026-08-07,4,ban,Sunset,PCF,PCF
729666,2026-08-07,5,ban,Haven,FF,FF
729666,2026-08-07,6,decider,Ascent,,decider
729667,2026-08-07,0,ban,Breeze,EP,EP
729667,2026-08-07,1,ban,Ascent,FNC,FNC
729667,2026-08-07,2,pick,Lotus,EP,EP
729667,2026-08-07,3,pick,Split,FNC,FNC
729667,2026-08-07,4,ban,Sunset,EP,EP
729667,2026-08-07,5,ban,Summit,FNC,FNC
729667,2026-08-07,6,decider,Haven,,decider
729668,2026-08-08,0,ban,Haven,GX,GX
729668,2026-08-08,1,ban,Breeze,FUT,FUT
729668,2026-08-08,2,pick,Split,GX,GX
729668,2026-08-08,3,pick,Sunset,FUT,FUT
729668,2026-08-08,4,ban,Ascent,GX,GX
729668,2026-08-08,5,ban,Summit,FUT,FUT
729668,2026-08-08,6,decider,Lotus,,decider
729669,2026-08-08,0,ban,Summit,JL,JL
729669,2026-08-08,1,ban,Haven,EF,EF
729669,2026-08-08,2,pick,Lotus,JL,JL
729669,2026-08-08,3,pick,Split,EF,EF
729669,2026-08-08,4,ban,Sunset,JL,JL
729669,2026-08-08,5,ban,Breeze,EF,EF
729669,2026-08-08,6,decider,Ascent,,decider
729670,2026-08-09,0,ban,Haven,FF,FF
729670,2026-08-09,1,ban,Split,TH,TH
729670,2026-08-09,2,pick,Summit,FF,FF
729670,2026-08-09,3,pick,Sunset,TH,TH
729670,2026-08-09,4,ban,Lotus,FF,FF
729670,2026-08-09,5,ban,Breeze,TH,TH
729670,2026-08-09,6,decider,Ascent,,decider
729671,2026-08-09,0,ban,Haven,EP,EP
729671,2026-08-09,1,ban,Split,M8,M8
729671,2026-08-09,2,pick,Summit,EP,EP
729671,2026-08-09,3,pick,Lotus,M8,M8
729671,2026-08-09,4,ban,Sunset,EP,EP
729671,2026-08-09,5,ban,Breeze,M8,M8
729671,2026-08-09,6,decider,Ascent,,decider
729674,2026-08-12,0,ban,Summit,SGE,SGE
729674,2026-08-12,1,ban,Lotus,M8,M8
729674,2026-08-12,2,pick,Split,SGE,SGE
729674,2026-08-12,3,pick,Haven,M8,M8
729674,2026-08-12,4,ban,Ascent,SGE,SGE
729674,2026-08-12,5,ban,Breeze,M8,M8
729674,2026-08-12,6,decider,Sunset,,decider
729675,2026-08-12,0,ban,Lotus,NAVI,NAVI
729675,2026-08-12,1,ban,Split,TH,TH
729675,2026-08-12,2,pick,Sunset,NAVI,NAVI
729675,2026-08-12,3,pick,Haven,TH,TH
729675,2026-08-12,4,ban,Ascent,NAVI,NAVI
729675,2026-08-12,5,ban,Breeze,TH,TH
729675,2026-08-12,6,decider,Summit,,decider
729676,2026-08-13,0,ban,Breeze,PCF,PCF
729676,2026-08-13,1,ban,Sunset,JL,JL
729676,2026-08-13,2,pick,Lotus,PCF,PCF
729676,2026-08-13,3,pick,Ascent,JL,JL
729676,2026-08-13,4,ban,Summit,PCF,PCF
729676,2026-08-13,5,ban,Haven,JL,JL
729676,2026-08-13,6,decider,Split,,decider
729677,2026-08-13,0,ban,Ascent,FNC,FNC
729677,2026-08-13,1,ban,Breeze,GX,GX
729677,2026-08-13,2,pick,Sunset,FNC,FNC
729677,2026-08-13,3,pick,Split,GX,GX
729677,2026-08-13,4,ban,Summit,FNC,FNC
729677,2026-08-13,5,ban,Haven,GX,GX
729677,2026-08-13,6,decider,Lotus,,decider
729678,2026-08-14,0,ban,Summit,SGE,SGE
729678,2026-08-14,1,ban,Split,TH,TH
729678,2026-08-14,2,pick,Lotus,SGE,SGE
729678,2026-08-14,3,pick,Haven,TH,TH
729678,2026-08-14,4,ban,Breeze,SGE,SGE
729678,2026-08-14,5,ban,Sunset,TH,TH
729678,2026-08-14,6,decider,Ascent,,decider
729680,2026-08-14,0,ban,Sunset,JL,JL
729680,2026-08-14,1,ban,Ascent,FNC,FNC
729680,2026-08-14,2,pick,Lotus,JL,JL
729680,2026-08-14,3,pick,Breeze,FNC,FNC
729680,2026-08-14,4,ban,Summit,JL,JL
729680,2026-08-14,5,ban,Haven,FNC,FNC
729680,2026-08-14,6,decider,Split,,decider
729673,2026-08-15,0,ban,Breeze,EP,EP
729673,2026-08-15,1,ban,Haven,FF,FF
729673,2026-08-15,2,pick,Lotus,EP,EP
729673,2026-08-15,3,pick,Split,FF,FF
729673,2026-08-15,4,ban,Sunset,EP,EP
729673,2026-08-15,5,ban,Ascent,FF,FF
729673,2026-08-15,6,decider,Summit,,decider
729672,2026-08-15,0,ban,Haven,EF,EF
729672,2026-08-15,1,ban,Summit,FUT,FUT
729672,2026-08-15,2,pick,Lotus,EF,EF
729672,2026-08-15,3,pick,Ascent,FUT,FUT
729672,2026-08-15,4,ban,Sunset,EF,EF
729672,2026-08-15,5,ban,Breeze,FUT,FUT
729672,2026-08-15,6,decider,Split,,decider
729681,2026-08-16,0,ban,Summit,SGE,SGE
729681,2026-08-16,1,ban,Haven,EF,EF
729681,2026-08-16,2,pick,Lotus,SGE,SGE
729681,2026-08-16,3,pick,Split,EF,EF
729681,2026-08-16,4,ban,Breeze,SGE,SGE
729681,2026-08-16,5,ban,Sunset,EF,EF
729681,2026-08-16,6,decider,Ascent,,decider
729682,2026-08-16,0,ban,Breeze,FF,FF
729682,2026-08-16,1,ban,Sunset,JL,JL
729682,2026-08-16,2,pick,Split,FF,FF
729682,2026-08-16,3,pick,Lotus,JL,JL
729682,2026-08-16,4,ban,Ascent,FF,FF
729682,2026-08-16,5,ban,Summit,JL,JL
729682,2026-08-16,6,decider,Haven,,decider
731397,2026-08-20,0,ban,Split,EP,EP
731397,2026-08-20,1,ban,Sunset,VIT,VIT
731397,2026-08-20,2,pick,Summit,EP,EP
731397,2026-08-20,3,pick,Abyss,VIT,VIT
731397,2026-08-20,4,ban,Haven,EP,EP
731397,2026-08-20,5,ban,Ascent,VIT,VIT
731397,2026-08-20,6,decider,Lotus,,decider
731396,2026-08-20,0,ban,Abyss,FUT,FUT
731396,2026-08-20,1,ban,Sunset,TL,TL
731396,2026-08-20,2,pick,Haven,FUT,FUT
731396,2026-08-20,3,pick,Summit,TL,TL
731396,2026-08-20,4,ban,Lotus,FUT,FUT
731396,2026-08-20,5,ban,Split,TL,TL
731396,2026-08-20,6,decider,Ascent,,decider
731399,2026-08-21,0,ban,Split,KC,KC
731399,2026-08-21,1,ban,Sunset,EP,EP
731399,2026-08-21,2,pick,Haven,KC,KC
731399,2026-08-21,3,pick,Abyss,EP,EP
731399,2026-08-21,4,ban,Summit,KC,KC
731399,2026-08-21,5,ban,Ascent,EP,EP
731399,2026-08-21,6,decider,Lotus,,decider
731398,2026-08-21,0,ban,Split,BBL,BBL
731398,2026-08-21,1,ban,Abyss,FUT,FUT
731398,2026-08-21,2,pick,Summit,BBL,BBL
731398,2026-08-21,3,pick,Haven,FUT,FUT
731398,2026-08-21,4,ban,Sunset,BBL,BBL
731398,2026-08-21,5,ban,Lotus,FUT,FUT
731398,2026-08-21,6,decider,Ascent,,decider
731402,2026-08-22,0,ban,Summit,SGE,SGE
731402,2026-08-22,1,ban,Sunset,TL,TL
731402,2026-08-22,2,pick,Lotus,SGE,SGE
731402,2026-08-22,3,pick,Split,TL,TL
731402,2026-08-22,4,ban,Abyss,SGE,SGE
731402,2026-08-22,5,ban,Haven,TL,TL
731402,2026-08-22,6,decider,Ascent,,decider
731403,2026-08-22,0,ban,Haven,FF,FF
731403,2026-08-22,1,ban,Sunset,VIT,VIT
731403,2026-08-22,2,pick,Abyss,FF,FF
731403,2026-08-22,3,pick,Ascent,VIT,VIT
731403,2026-08-22,4,ban,Summit,FF,FF
731403,2026-08-22,5,ban,Lotus,VIT,VIT
731403,2026-08-22,6,decider,Split,,decider
731404,2026-08-23,0,ban,Split,EP,EP
731404,2026-08-23,1,ban,Sunset,TL,TL
731404,2026-08-23,2,pick,Lotus,EP,EP
731404,2026-08-23,3,pick,Abyss,TL,TL
731404,2026-08-23,4,ban,Ascent,EP,EP
731404,2026-08-23,5,ban,Haven,TL,TL
731404,2026-08-23,6,decider,Summit,,decider
731406,2026-08-23,0,ban,Haven,FF,FF
731406,2026-08-23,1,ban,Split,BBL,BBL
731406,2026-08-23,2,pick,Abyss,FF,FF
731406,2026-08-23,3,pick,Summit,BBL,BBL
731406,2026-08-23,4,ban,Ascent,FF,FF
731406,2026-08-23,5,ban,Lotus,BBL,BBL
731406,2026-08-23,6,decider,Sunset,,decider
731400,2026-08-28,0,ban,Split,KC,KC
731400,2026-08-28,1,ban,Abyss,FUT,FUT
731400,2026-08-28,2,pick,Lotus,KC,KC
731400,2026-08-28,3,pick,Haven,FUT,FUT
731400,2026-08-28,4,ban,Summit,KC,KC
731400,2026-08-28,5,ban,Sunset,FUT,FUT
731400,2026-08-28,6,decider,Ascent,,decider
731407,2026-08-28,0,ban,Ascent,FF,FF
731407,2026-08-28,1,ban,Abyss,TL,TL
731407,2026-08-28,2,pick,Haven,FF,FF
731407,2026-08-28,3,pick,Lotus,TL,TL
731407,2026-08-28,4,ban,Summit,FF,FF
731407,2026-08-28,5,ban,Sunset,TL,TL
731407,2026-08-28,6,decider,Split,,decider
731408,2026-08-29,0,ban,Haven,TL,TL
731408,2026-08-29,1,ban,Abyss,FUT,FUT
731408,2026-08-29,2,pick,Split,TL,TL
731408,2026-08-29,3,pick,Ascent,FUT,FUT
731408,2026-08-29,4,pick,Lotus,TL,TL
731408,2026-08-29,5,pick,Sunset,FUT,FUT
731408,2026-08-29,6,decider,Summit,,decider
731401,2026-08-30,0,ban,Split,KC,KC
731401,2026-08-30,1,ban,Abyss,KC,KC
731401,2026-08-30,2,pick,Sunset,KC,KC
731401,2026-08-30,3,pick,Ascent,TL,TL
731401,2026-08-30,4,pick,Lotus,KC,KC
731401,2026-08-30,5,pick,Summit,TL,TL
731401,2026-08-30,6,decider,Haven,,decider
706349,2026-07-16,0,ban,Breeze,LEV,LEV
706349,2026-07-16,1,ban,Lotus,FUR,FUR
706349,2026-07-16,2,pick,Haven,LEV,LEV
706349,2026-07-16,3,pick,Sunset,FUR,FUR
706349,2026-07-16,4,ban,Summit,LEV,LEV
706349,2026-07-16,5,ban,Ascent,FUR,FUR
706349,2026-07-16,6,decider,Split,,decider
706350,2026-07-16,0,ban,Breeze,C9,C9
706350,2026-07-16,1,ban,Split,SEN,SEN
706350,2026-07-16,2,pick,Summit,C9,C9
706350,2026-07-16,3,pick,Haven,SEN,SEN
706350,2026-07-16,4,ban,Ascent,C9,C9
706350,2026-07-16,5,ban,Sunset,SEN,SEN
706350,2026-07-16,6,decider,Lotus,,decider
706351,2026-07-17,0,ban,Haven,ENVY,ENVY
706351,2026-07-17,1,ban,Lotus,EG,EG
706351,2026-07-17,2,pick,Ascent,ENVY,ENVY
706351,2026-07-17,3,pick,Breeze,EG,EG
706351,2026-07-17,4,ban,Sunset,ENVY,ENVY
706351,2026-07-17,5,ban,Summit,EG,EG
706351,2026-07-17,6,decider,Split,,decider
706352,2026-07-17,0,ban,Summit,KRÜ,KRÜ
706352,2026-07-17,1,ban,Split,LOUD,LOUD
706352,2026-07-17,2,pick,Lotus,KRÜ,KRÜ
706352,2026-07-17,3,pick,Breeze,LOUD,LOUD
706352,2026-07-17,4,ban,Haven,KRÜ,KRÜ
706352,2026-07-17,5,ban,Ascent,LOUD,LOUD
706352,2026-07-17,6,decider,Sunset,,decider
706353,2026-07-18,0,ban,Lotus,100T,100T
706353,2026-07-18,1,ban,Ascent,G2,G2
706353,2026-07-18,2,pick,Breeze,100T,100T
706353,2026-07-18,3,pick,Sunset,G2,G2
706353,2026-07-18,4,ban,Summit,100T,100T
706353,2026-07-18,5,ban,Split,G2,G2
706353,2026-07-18,6,decider,Haven,,decider
706354,2026-07-18,0,ban,Lotus,MIBR,MIBR
706354,2026-07-18,1,ban,Split,NRG,NRG
706354,2026-07-18,2,pick,Sunset,MIBR,MIBR
706354,2026-07-18,3,pick,Breeze,NRG,NRG
706354,2026-07-18,4,ban,Ascent,MIBR,MIBR
706354,2026-07-18,5,ban,Haven,NRG,NRG
706354,2026-07-18,6,decider,Summit,,decider
706355,2026-07-23,0,ban,Breeze,LEV,LEV
706355,2026-07-23,1,ban,Lotus,EG,EG
706355,2026-07-23,2,pick,Split,LEV,LEV
706355,2026-07-23,3,pick,Sunset,EG,EG
706355,2026-07-23,4,ban,Summit,LEV,LEV
706355,2026-07-23,5,ban,Ascent,EG,EG
706355,2026-07-23,6,decider,Haven,,decider
706356,2026-07-23,0,ban,Breeze,ENVY,ENVY
706356,2026-07-23,1,ban,Summit,MIBR,MIBR
706356,2026-07-23,2,pick,Haven,ENVY,ENVY
706356,2026-07-23,3,pick,Sunset,MIBR,MIBR
706356,2026-07-23,4,ban,Split,ENVY,ENVY
706356,2026-07-23,5,ban,Ascent,MIBR,MIBR
706356,2026-07-23,6,decider,Lotus,,decider
706357,2026-07-24,0,ban,Sunset,NRG,NRG
706357,2026-07-24,1,ban,Lotus,FUR,FUR
706357,2026-07-24,2,pick,Breeze,NRG,NRG
706357,2026-07-24,3,pick,Summit,FUR,FUR
706357,2026-07-24,4,ban,Ascent,NRG,NRG
706357,2026-07-24,5,ban,Haven,FUR,FUR
706357,2026-07-24,6,decider,Split,,decider
706358,2026-07-24,0,ban,Breeze,KRÜ,KRÜ
706358,2026-07-24,1,ban,Lotus,100T,100T
706358,2026-07-24,2,pick,Split,KRÜ,KRÜ
706358,2026-07-24,3,pick,Ascent,100T,100T
706358,2026-07-24,4,ban,Sunset,KRÜ,KRÜ
706358,2026-07-24,5,ban,Summit,100T,100T
706358,2026-07-24,6,decider,Haven,,decider
706359,2026-07-25,0,ban,Lotus,C9,C9
706359,2026-07-25,1,ban,Summit,G2,G2
706359,2026-07-25,2,pick,Breeze,C9,C9
706359,2026-07-25,3,pick,Sunset,G2,G2
706359,2026-07-25,4,ban,Ascent,C9,C9
706359,2026-07-25,5,ban,Haven,G2,G2
706359,2026-07-25,6,decider,Split,,decider
706360,2026-07-25,0,ban,Split,LOUD,LOUD
706360,2026-07-25,1,ban,Sunset,SEN,SEN
706360,2026-07-25,2,pick,Lotus,LOUD,LOUD
706360,2026-07-25,3,pick,Breeze,SEN,SEN
706360,2026-07-25,4,ban,Haven,LOUD,LOUD
706360,2026-07-25,5,ban,Summit,SEN,SEN
706360,2026-07-25,6,decider,Ascent,,decider
706361,2026-07-26,0,ban,Breeze,LEV,LEV
706361,2026-07-26,1,ban,Lotus,ENVY,ENVY
706361,2026-07-26,2,pick,Split,LEV,LEV
706361,2026-07-26,3,pick,Summit,ENVY,ENVY
706361,2026-07-26,4,ban,Haven,LEV,LEV
706361,2026-07-26,5,ban,Sunset,ENVY,ENVY
706361,2026-07-26,6,decider,Ascent,,decider
706362,2026-07-26,0,ban,Summit,MIBR,MIBR
706362,2026-07-26,1,ban,Lotus,FUR,FUR
706362,2026-07-26,2,pick,Haven,MIBR,MIBR
706362,2026-07-26,3,pick,Breeze,FUR,FUR
706362,2026-07-26,4,ban,Ascent,MIBR,MIBR
706362,2026-07-26,5,ban,Split,FUR,FUR
706362,2026-07-26,6,decider,Sunset,,decider
706364,2026-07-30,0,ban,Sunset,KRÜ,KRÜ
706364,2026-07-30,1,ban,Summit,G2,G2
706364,2026-07-30,2,pick,Breeze,KRÜ,KRÜ
706364,2026-07-30,3,pick,Lotus,G2,G2
706364,2026-07-30,4,ban,Ascent,KRÜ,KRÜ
706364,2026-07-30,5,ban,Haven,G2,G2
706364,2026-07-30,6,decider,Split,,decider
706365,2026-07-30,0,ban,Lotus,100T,100T
706365,2026-07-30,1,ban,Haven,SEN,SEN
706365,2026-07-30,2,pick,Sunset,100T,100T
706365,2026-07-30,3,pick,Ascent,SEN,SEN
706365,2026-07-30,4,ban,Summit,100T,100T
706365,2026-07-30,5,ban,Split,SEN,SEN
706365,2026-07-30,6,decider,Breeze,,decider
706366,2026-07-31,0,ban,Breeze,C9,C9
706366,2026-07-31,1,ban,Split,LOUD,LOUD
706366,2026-07-31,2,pick,Haven,C9,C9
706366,2026-07-31,3,pick,Sunset,LOUD,LOUD
706366,2026-07-31,4,ban,Ascent,C9,C9
706366,2026-07-31,5,ban,Lotus,LOUD,LOUD
706366,2026-07-31,6,decider,Summit,,decider
706367,2026-07-31,0,ban,Summit,MIBR,MIBR
706367,2026-07-31,1,ban,Split,EG,EG
706367,2026-07-31,2,pick,Haven,MIBR,MIBR
706367,2026-07-31,3,pick,Ascent,EG,EG
706367,2026-07-31,4,ban,Sunset,MIBR,MIBR
706367,2026-07-31,5,ban,Lotus,EG,EG
706367,2026-07-31,6,decider,Breeze,,decider
706368,2026-08-01,0,ban,Breeze,ENVY,ENVY
706368,2026-08-01,1,ban,Lotus,FUR,FUR
706368,2026-08-01,2,pick,Haven,ENVY,ENVY
706368,2026-08-01,3,pick,Sunset,FUR,FUR
706368,2026-08-01,4,ban,Split,ENVY,ENVY
706368,2026-08-01,5,ban,Summit,FUR,FUR
706368,2026-08-01,6,decider,Ascent,,decider
706369,2026-08-01,0,ban,Split,NRG,NRG
706369,2026-08-01,1,ban,Breeze,LEV,LEV
706369,2026-08-01,2,pick,Summit,NRG,NRG
706369,2026-08-01,3,pick,Sunset,LEV,LEV
706369,2026-08-01,4,ban,Ascent,NRG,NRG
706369,2026-08-01,5,ban,Lotus,LEV,LEV
706369,2026-08-01,6,decider,Haven,,decider
706370,2026-08-02,0,ban,Sunset,KRÜ,KRÜ
706370,2026-08-02,1,ban,Lotus,C9,C9
706370,2026-08-02,2,pick,Breeze,KRÜ,KRÜ
706370,2026-08-02,3,pick,Split,C9,C9
706370,2026-08-02,4,ban,Ascent,KRÜ,KRÜ
706370,2026-08-02,5,ban,Summit,C9,C9
706370,2026-08-02,6,decider,Haven,,decider
706371,2026-08-02,0,ban,Sunset,SEN,SEN
706371,2026-08-02,1,ban,Summit,G2,G2
706371,2026-08-02,2,pick,Breeze,SEN,SEN
706371,2026-08-02,3,pick,Lotus,G2,G2
706371,2026-08-02,4,ban,Haven,SEN,SEN
706371,2026-08-02,5,ban,Ascent,G2,G2
706371,2026-08-02,6,decider,Split,,decider
706372,2026-08-06,0,ban,Lotus,FUR,FUR
706372,2026-08-06,1,ban,Split,EG,EG
706372,2026-08-06,2,pick,Summit,FUR,FUR
706372,2026-08-06,3,pick,Breeze,EG,EG
706372,2026-08-06,4,ban,Ascent,FUR,FUR
706372,2026-08-06,5,ban,Sunset,EG,EG
706372,2026-08-06,6,decider,Haven,,decider
706373,2026-08-06,0,ban,Ascent,NRG,NRG
706373,2026-08-06,1,ban,Lotus,ENVY,ENVY
706373,2026-08-06,2,pick,Breeze,NRG,NRG
706373,2026-08-06,3,pick,Haven,ENVY,ENVY
706373,2026-08-06,4,ban,Sunset,NRG,NRG
706373,2026-08-06,5,ban,Summit,ENVY,ENVY
706373,2026-08-06,6,decider,Split,,decider
706374,2026-08-07,0,ban,Ascent,C9,C9
706374,2026-08-07,1,ban,Lotus,100T,100T
706374,2026-08-07,2,pick,Split,C9,C9
706374,2026-08-07,3,pick,Breeze,100T,100T
706374,2026-08-07,4,ban,Sunset,C9,C9
706374,2026-08-07,5,ban,Summit,100T,100T
706374,2026-08-07,6,decider,Haven,,decider
706375,2026-08-07,0,ban,Split,LOUD,LOUD
706375,2026-08-07,1,ban,Summit,G2,G2
706375,2026-08-07,2,pick,Sunset,LOUD,LOUD
706375,2026-08-07,3,pick,Lotus,G2,G2
706375,2026-08-07,4,ban,Breeze,LOUD,LOUD
706375,2026-08-07,5,ban,Ascent,G2,G2
706375,2026-08-07,6,decider,Haven,,decider
706376,2026-08-08,0,ban,Haven,KRÜ,KRÜ
706376,2026-08-08,1,ban,Lotus,SEN,SEN
706376,2026-08-08,2,pick,Summit,KRÜ,KRÜ
706376,2026-08-08,3,pick,Sunset,SEN,SEN
706376,2026-08-08,4,ban,Split,KRÜ,KRÜ
706376,2026-08-08,5,ban,Ascent,SEN,SEN
706376,2026-08-08,6,decider,Breeze,,decider
706377,2026-08-08,0,ban,Breeze,LEV,LEV
706377,2026-08-08,1,ban,Summit,MIBR,MIBR
706377,2026-08-08,2,pick,Split,LEV,LEV
706377,2026-08-08,3,pick,Sunset,MIBR,MIBR
706377,2026-08-08,4,ban,Haven,LEV,LEV
706377,2026-08-08,5,ban,Ascent,MIBR,MIBR
706377,2026-08-08,6,decider,Lotus,,decider
706378,2026-08-09,0,ban,Ascent,NRG,NRG
706378,2026-08-09,1,ban,Split,EG,EG
706378,2026-08-09,2,pick,Lotus,NRG,NRG
706378,2026-08-09,3,pick,Breeze,EG,EG
706378,2026-08-09,4,ban,Sunset,NRG,NRG
706378,2026-08-09,5,ban,Summit,EG,EG
706378,2026-08-09,6,decider,Haven,,decider
706379,2026-08-09,0,ban,Split,LOUD,LOUD
706379,2026-08-09,1,ban,Lotus,100T,100T
706379,2026-08-09,2,pick,Summit,LOUD,LOUD
706379,2026-08-09,3,pick,Haven,100T,100T
706379,2026-08-09,4,ban,Breeze,LOUD,LOUD
706379,2026-08-09,5,ban,Sunset,100T,100T
706379,2026-08-09,6,decider,Ascent,,decider
729742,2026-08-13,0,ban,Lotus,BST,BST
729742,2026-08-13,1,ban,Haven,KRÜ,KRÜ
729742,2026-08-13,2,pick,Breeze,BST,BST
729742,2026-08-13,3,pick,Sunset,KRÜ,KRÜ
729742,2026-08-13,4,ban,Ascent,BST,BST
729742,2026-08-13,5,ban,Split,KRÜ,KRÜ
729742,2026-08-13,6,decider,Summit,,decider
729743,2026-08-13,0,ban,Lotus,ENVY,ENVY
729743,2026-08-13,1,ban,Haven,M80,M80
729743,2026-08-13,2,pick,Ascent,ENVY,ENVY
729743,2026-08-13,3,pick,Split,M80,M80
729743,2026-08-13,4,ban,Breeze,ENVY,ENVY
729743,2026-08-13,5,ban,Sunset,M80,M80
729743,2026-08-13,6,decider,Summit,,decider
729744,2026-08-14,0,ban,Summit,2G,2G
729744,2026-08-14,1,ban,Lotus,FUR,FUR
729744,2026-08-14,2,pick,Ascent,2G,2G
729744,2026-08-14,3,pick,Split,FUR,FUR
729744,2026-08-14,4,ban,Breeze,2G,2G
729744,2026-08-14,5,ban,Haven,FUR,FUR
729744,2026-08-14,6,decider,Sunset,,decider
729745,2026-08-14,0,ban,Haven,FX,FX
729745,2026-08-14,1,ban,Summit,C9,C9
729745,2026-08-14,2,pick,Lotus,FX,FX
729745,2026-08-14,3,pick,Breeze,C9,C9
729745,2026-08-14,4,ban,Sunset,FX,FX
729745,2026-08-14,5,ban,Ascent,C9,C9
729745,2026-08-14,6,decider,Split,,decider
729746,2026-08-15,0,ban,Summit,MIBR,MIBR
729746,2026-08-15,1,ban,Haven,KRÜ,KRÜ
729746,2026-08-15,2,pick,Breeze,MIBR,MIBR
729746,2026-08-15,3,pick,Sunset,KRÜ,KRÜ
729746,2026-08-15,4,ban,Split,MIBR,MIBR
729746,2026-08-15,5,ban,Ascent,KRÜ,KRÜ
729746,2026-08-15,6,decider,Lotus,,decider
729747,2026-08-15,0,ban,Breeze,ENVY,ENVY
729747,2026-08-15,1,ban,Haven,SEN,SEN
729747,2026-08-15,2,pick,Ascent,ENVY,ENVY
729747,2026-08-15,3,pick,Summit,SEN,SEN
729747,2026-08-15,4,ban,Lotus,ENVY,ENVY
729747,2026-08-15,5,ban,Split,SEN,SEN
729747,2026-08-15,6,decider,Sunset,,decider
729748,2026-08-16,0,ban,Lotus,FUR,FUR
729748,2026-08-16,1,ban,Summit,G2,G2
729748,2026-08-16,2,pick,Split,FUR,FUR
729748,2026-08-16,3,pick,Haven,G2,G2
729748,2026-08-16,4,ban,Ascent,FUR,FUR
729748,2026-08-16,5,ban,Sunset,G2,G2
729748,2026-08-16,6,decider,Breeze,,decider
729749,2026-08-16,0,ban,Summit,C9,C9
729749,2026-08-16,1,ban,Split,EG,EG
729749,2026-08-16,2,pick,Breeze,C9,C9
729749,2026-08-16,3,pick,Haven,EG,EG
729749,2026-08-16,4,ban,Ascent,C9,C9
729749,2026-08-16,5,ban,Lotus,EG,EG
729749,2026-08-16,6,decider,Sunset,,decider
729752,2026-08-19,0,ban,Sunset,BST,BST
729752,2026-08-19,1,ban,Summit,C9,C9
729752,2026-08-19,2,pick,Lotus,BST,BST
729752,2026-08-19,3,pick,Breeze,C9,C9
729752,2026-08-19,4,ban,Ascent,BST,BST
729752,2026-08-19,5,ban,Haven,C9,C9
729752,2026-08-19,6,decider,Split,,decider
729753,2026-08-19,0,ban,Haven,M80,M80
729753,2026-08-19,1,ban,Summit,G2,G2
729753,2026-08-19,2,pick,Breeze,M80,M80
729753,2026-08-19,3,pick,Sunset,G2,G2
729753,2026-08-19,4,ban,Ascent,M80,M80
729753,2026-08-19,5,ban,Split,G2,G2
729753,2026-08-19,6,decider,Lotus,,decider
729754,2026-08-20,0,ban,Summit,2G,2G
729754,2026-08-20,1,ban,Ascent,SEN,SEN
729754,2026-08-20,2,pick,Haven,2G,2G
729754,2026-08-20,3,pick,Split,SEN,SEN
729754,2026-08-20,4,ban,Breeze,2G,2G
729754,2026-08-20,5,ban,Sunset,SEN,SEN
729754,2026-08-20,6,decider,Lotus,,decider
729755,2026-08-20,0,ban,Breeze,KRÜ,KRÜ
729755,2026-08-20,1,ban,Summit,FX,FX
729755,2026-08-20,2,pick,Lotus,KRÜ,KRÜ
729755,2026-08-20,3,pick,Ascent,FX,FX
729755,2026-08-20,4,ban,Split,KRÜ,KRÜ
729755,2026-08-20,5,ban,Haven,FX,FX
729755,2026-08-20,6,decider,Sunset,,decider
729750,2026-08-21,0,ban,Summit,MIBR,MIBR
729750,2026-08-21,1,ban,Breeze,ENVY,ENVY
729750,2026-08-21,2,pick,Sunset,MIBR,MIBR
729750,2026-08-21,3,pick,Ascent,ENVY,ENVY
729750,2026-08-21,4,ban,Haven,MIBR,MIBR
729750,2026-08-21,5,ban,Lotus,ENVY,ENVY
729750,2026-08-21,6,decider,Split,,decider
729751,2026-08-21,0,ban,Lotus,FUR,FUR
729751,2026-08-21,1,ban,Split,EG,EG
729751,2026-08-21,2,pick,Sunset,FUR,FUR
729751,2026-08-21,3,pick,Breeze,EG,EG
729751,2026-08-21,4,ban,Ascent,FUR,FUR
729751,2026-08-21,5,ban,Summit,EG,EG
729751,2026-08-21,6,decider,Haven,,decider
729756,2026-08-22,0,ban,Sunset,BST,BST
729756,2026-08-22,1,ban,Summit,G2,G2
729756,2026-08-22,2,pick,Breeze,BST,BST
729756,2026-08-22,3,pick,Ascent,G2,G2
729756,2026-08-22,4,ban,Haven,BST,BST
729756,2026-08-22,5,ban,Split,G2,G2
729756,2026-08-22,6,decider,Lotus,,decider
729757,2026-08-22,0,ban,Breeze,KRÜ,KRÜ
729757,2026-08-22,1,ban,Lotus,SEN,SEN
729757,2026-08-22,2,pick,Ascent,KRÜ,KRÜ
729757,2026-08-22,3,pick,Haven,SEN,SEN
729757,2026-08-22,4,ban,Split,KRÜ,KRÜ
729757,2026-08-22,5,ban,Summit,SEN,SEN
729757,2026-08-22,6,decider,Sunset,,decider
729758,2026-08-23,0,ban,Summit,G2,G2
729758,2026-08-23,1,ban,Breeze,ENVY,ENVY
729758,2026-08-23,2,pick,Lotus,G2,G2
729758,2026-08-23,3,pick,Ascent,ENVY,ENVY
729758,2026-08-23,4,ban,Split,G2,G2
729758,2026-08-23,5,ban,Sunset,ENVY,ENVY
729758,2026-08-23,6,decider,Haven,,decider
729759,2026-08-23,0,ban,Breeze,KRÜ,KRÜ
729759,2026-08-23,1,ban,Split,EG,EG
729759,2026-08-23,2,pick,Lotus,KRÜ,KRÜ
729759,2026-08-23,3,pick,Sunset,EG,EG
729759,2026-08-23,4,ban,Haven,KRÜ,KRÜ
729759,2026-08-23,5,ban,Ascent,EG,EG
729759,2026-08-23,6,decider,Summit,,decider
734302,2026-08-27,0,ban,Lotus,FUR,FUR
734302,2026-08-27,1,ban,Split,LOUD,LOUD
734302,2026-08-27,2,pick,Haven,FUR,FUR
734302,2026-08-27,3,pick,Summit,LOUD,LOUD
734302,2026-08-27,4,ban,Sunset,FUR,FUR
734302,2026-08-27,5,ban,Abyss,LOUD,LOUD
734302,2026-08-27,6,decider,Ascent,,decider
734303,2026-08-27,0,ban,Sunset,LEV,LEV
734303,2026-08-27,1,ban,Summit,MIBR,MIBR
734303,2026-08-27,2,pick,Abyss,LEV,LEV
734303,2026-08-27,3,pick,Haven,MIBR,MIBR
734303,2026-08-27,4,ban,Split,LEV,LEV
734303,2026-08-27,5,ban,Ascent,MIBR,MIBR
734303,2026-08-27,6,decider,Lotus,,decider
734304,2026-08-28,0,ban,Split,LOUD,LOUD
734304,2026-08-28,1,ban,Sunset,NRG,NRG
734304,2026-08-28,2,pick,Ascent,LOUD,LOUD
734304,2026-08-28,3,pick,Abyss,NRG,NRG
734304,2026-08-28,4,ban,Summit,LOUD,LOUD
734304,2026-08-28,5,ban,Haven,NRG,NRG
734304,2026-08-28,6,decider,Lotus,,decider
734305,2026-08-28,0,ban,Haven,LEV,LEV
734305,2026-08-28,1,ban,Abyss,100T,100T
734305,2026-08-28,2,pick,Lotus,LEV,LEV
734305,2026-08-28,3,pick,Summit,100T,100T
734305,2026-08-28,4,ban,Split,LEV,LEV
734305,2026-08-28,5,ban,Sunset,100T,100T
734305,2026-08-28,6,decider,Ascent,,decider
734309,2026-08-29,0,ban,Lotus,FUR,FUR
734309,2026-08-29,1,ban,Split,G2,G2
734309,2026-08-29,2,pick,Haven,FUR,FUR
734309,2026-08-29,3,pick,Sunset,G2,G2
734309,2026-08-29,4,ban,Ascent,FUR,FUR
734309,2026-08-29,5,ban,Summit,G2,G2
734309,2026-08-29,6,decider,Abyss,,decider
734310,2026-08-29,0,ban,Summit,MIBR,MIBR
734310,2026-08-29,1,ban,Split,EG,EG
734310,2026-08-29,2,pick,Lotus,MIBR,MIBR
734310,2026-08-29,3,pick,Sunset,EG,EG
734310,2026-08-29,4,ban,Abyss,MIBR,MIBR
734310,2026-08-29,5,ban,Ascent,EG,EG
734310,2026-08-29,6,decider,Haven,,decider
734311,2026-08-30,0,ban,Lotus,LEV,LEV
734311,2026-08-30,1,ban,Haven,G2,G2
734311,2026-08-30,2,pick,Split,LEV,LEV
734311,2026-08-30,3,pick,Abyss,G2,G2
734311,2026-08-30,4,ban,Sunset,LEV,LEV
734311,2026-08-30,5,ban,Ascent,G2,G2
734311,2026-08-30,6,decider,Summit,,decider
734312,2026-08-30,0,ban,Summit,MIBR,MIBR
734312,2026-08-30,1,ban,Split,LOUD,LOUD
734312,2026-08-30,2,pick,Lotus,MIBR,MIBR
734312,2026-08-30,3,pick,Sunset,LOUD,LOUD
734312,2026-08-30,4,ban,Ascent,MIBR,MIBR
734312,2026-08-30,5,ban,Haven,LOUD,LOUD
734312,2026-08-30,6,decider,Abyss,,decider
734307,2026-09-04,0,ban,Split,NRG,NRG
734307,2026-09-04,1,ban,Lotus,100T,100T
734307,2026-09-04,2,pick,Abyss,NRG,NRG
734307,2026-09-04,3,pick,Sunset,100T,100T
734307,2026-09-04,4,ban,Ascent,NRG,NRG
734307,2026-09-04,5,ban,Haven,100T,100T
734307,2026-09-04,6,decider,Summit,,decider
734313,2026-09-04,0,ban,Sunset,G2,G2
734313,2026-09-04,1,ban,Split,LOUD,LOUD
734313,2026-09-04,2,pick,Abyss,G2,G2
734313,2026-09-04,3,pick,Summit,LOUD,LOUD
734313,2026-09-04,4,ban,Haven,G2,G2
734313,2026-09-04,5,ban,Ascent,LOUD,LOUD
734313,2026-09-04,6,decider,Lotus,,decider
734314,2026-09-05,0,ban,Split,NRG,NRG
734314,2026-09-05,1,ban,Ascent,LOUD,LOUD
734314,2026-09-05,2,pick,Abyss,NRG,NRG
734314,2026-09-05,3,pick,Sunset,LOUD,LOUD
734314,2026-09-05,4,pick,Summit,NRG,NRG
734314,2026-09-05,5,pick,Haven,LOUD,LOUD
734314,2026-09-05,6,decider,Lotus,,decider
734308,2026-09-06,0,ban,Abyss,100T,100T
734308,2026-09-06,1,ban,Lotus,100T,100T
734308,2026-09-06,2,pick,Split,100T,100T
734308,2026-09-06,3,pick,Sunset,LOUD,LOUD
734308,2026-09-06,4,pick,Ascent,100T,100T
734308,2026-09-06,5,pick,Summit,LOUD,LOUD
734308,2026-09-06,6,decider,Haven,,decider
701025,2026-07-09,0,ban,Lotus,TEC,TEC
701025,2026-07-09,1,ban,Breeze,WOL,WOL
701025,2026-07-09,2,pick,Sunset,TEC,TEC
701025,2026-07-09,3,pick,Haven,WOL,WOL
701025,2026-07-09,4,ban,Split,TEC,TEC
701025,2026-07-09,5,ban,Summit,WOL,WOL
701025,2026-07-09,6,decider,Ascent,,decider
701026,2026-07-09,0,ban,Summit,DRG,DRG
701026,2026-07-09,1,ban,Sunset,BLG,BLG
701026,2026-07-09,2,pick,Haven,DRG,DRG
701026,2026-07-09,3,pick,Lotus,BLG,BLG
701026,2026-07-09,4,ban,Split,DRG,DRG
701026,2026-07-09,5,ban,Breeze,BLG,BLG
701026,2026-07-09,6,decider,Ascent,,decider
701027,2026-07-10,0,ban,Haven,TE,TE
701027,2026-07-10,1,ban,Breeze,FPX,FPX
701027,2026-07-10,2,pick,Sunset,TE,TE
701027,2026-07-10,3,pick,Summit,FPX,FPX
701027,2026-07-10,4,ban,Split,TE,TE
701027,2026-07-10,5,ban,Ascent,FPX,FPX
701027,2026-07-10,6,decider,Lotus,,decider
701028,2026-07-10,0,ban,Summit,TYL,TYL
701028,2026-07-10,1,ban,Breeze,JDG,JDG
701028,2026-07-10,2,pick,Split,TYL,TYL
701028,2026-07-10,3,pick,Sunset,JDG,JDG
701028,2026-07-10,4,ban,Haven,TYL,TYL
701028,2026-07-10,5,ban,Ascent,JDG,JDG
701028,2026-07-10,6,decider,Lotus,,decider
701029,2026-07-11,0,ban,Lotus,TEC,TEC
701029,2026-07-11,1,ban,Summit,DRG,DRG
701029,2026-07-11,2,pick,Breeze,TEC,TEC
701029,2026-07-11,3,pick,Haven,DRG,DRG
701029,2026-07-11,4,ban,Split,TEC,TEC
701029,2026-07-11,5,ban,Ascent,DRG,DRG
701029,2026-07-11,6,decider,Sunset,,decider
701030,2026-07-11,0,ban,Breeze,WOL,WOL
701030,2026-07-11,1,ban,Sunset,BLG,BLG
701030,2026-07-11,2,pick,Summit,WOL,WOL
701030,2026-07-11,3,pick,Split,BLG,BLG
701030,2026-07-11,4,ban,Ascent,WOL,WOL
701030,2026-07-11,5,ban,Haven,BLG,BLG
701030,2026-07-11,6,decider,Lotus,,decider
701031,2026-07-12,0,ban,Summit,NOVA,NOVA
701031,2026-07-12,1,ban,Haven,FPX,FPX
701031,2026-07-12,2,pick,Lotus,NOVA,NOVA
701031,2026-07-12,3,pick,Sunset,FPX,FPX
701031,2026-07-12,4,ban,Breeze,NOVA,NOVA
701031,2026-07-12,5,ban,Ascent,FPX,FPX
701031,2026-07-12,6,decider,Split,,decider
701032,2026-07-12,0,ban,Haven,TE,TE
701032,2026-07-12,1,ban,Summit,TYL,TYL
701032,2026-07-12,2,pick,Breeze,TE,TE
701032,2026-07-12,3,pick,Sunset,TYL,TYL
701032,2026-07-12,4,ban,Split,TE,TE
701032,2026-07-12,5,ban,Ascent,TYL,TYL
701032,2026-07-12,6,decider,Lotus,,decider
701036,2026-07-14,0,ban,Sunset,AG,AG
701036,2026-07-14,1,ban,Breeze,WOL,WOL
701036,2026-07-14,2,pick,Lotus,AG,AG
701036,2026-07-14,3,pick,Ascent,WOL,WOL
701036,2026-07-14,4,ban,Summit,AG,AG
701036,2026-07-14,5,ban,Split,WOL,WOL
701036,2026-07-14,6,decider,Haven,,decider
701037,2026-07-14,0,ban,Sunset,XLG,XLG
701037,2026-07-14,1,ban,Lotus,TEC,TEC
701037,2026-07-14,2,pick,Summit,XLG,XLG
701037,2026-07-14,3,pick,Ascent,TEC,TEC
701037,2026-07-14,4,ban,Haven,XLG,XLG
701037,2026-07-14,5,ban,Split,TEC,TEC
701037,2026-07-14,6,decider,Breeze,,decider
701038,2026-07-15,0,ban,Summit,JDG,JDG
701038,2026-07-15,1,ban,Haven,FPX,FPX
701038,2026-07-15,2,pick,Breeze,JDG,JDG
701038,2026-07-15,3,pick,Ascent,FPX,FPX
701038,2026-07-15,4,ban,Lotus,JDG,JDG
701038,2026-07-15,5,ban,Sunset,FPX,FPX
701038,2026-07-15,6,decider,Split,,decider
701039,2026-07-15,0,ban,Split,EDG,EDG
701039,2026-07-15,1,ban,Summit,TYL,TYL
701039,2026-07-15,2,pick,Sunset,EDG,EDG
701039,2026-07-15,3,pick,Breeze,TYL,TYL
701039,2026-07-15,4,ban,Haven,EDG,EDG
701039,2026-07-15,5,ban,Ascent,TYL,TYL
701039,2026-07-15,6,decider,Lotus,,decider
701040,2026-07-16,0,ban,Split,BLG,BLG
701040,2026-07-16,1,ban,Breeze,AG,AG
701040,2026-07-16,2,pick,Summit,BLG,BLG
701040,2026-07-16,3,pick,Haven,AG,AG
701040,2026-07-16,4,ban,Ascent,BLG,BLG
701040,2026-07-16,5,ban,Lotus,AG,AG
701040,2026-07-16,6,decider,Sunset,,decider
701041,2026-07-16,0,ban,Sunset,XLG,XLG
701041,2026-07-16,1,ban,Summit,DRG,DRG
701041,2026-07-16,2,pick,Lotus,XLG,XLG
701041,2026-07-16,3,pick,Haven,DRG,DRG
701041,2026-07-16,4,ban,Split,XLG,XLG
701041,2026-07-16,5,ban,Ascent,DRG,DRG
701041,2026-07-16,6,decider,Breeze,,decider
701042,2026-07-17,0,ban,Summit,JDG,JDG
701042,2026-07-17,1,ban,Haven,NOVA,NOVA
701042,2026-07-17,2,pick,Split,JDG,JDG
701042,2026-07-17,3,pick,Lotus,NOVA,NOVA
701042,2026-07-17,4,ban,Ascent,JDG,JDG
701042,2026-07-17,5,ban,Sunset,NOVA,NOVA
701042,2026-07-17,6,decider,Breeze,,decider
701043,2026-07-17,0,ban,Haven,FPX,FPX
701043,2026-07-17,1,ban,Summit,TYL,TYL
701043,2026-07-17,2,pick,Ascent,FPX,FPX
701043,2026-07-17,3,pick,Lotus,TYL,TYL
701043,2026-07-17,4,ban,Sunset,FPX,FPX
701043,2026-07-17,5,ban,Breeze,TYL,TYL
701043,2026-07-17,6,decider,Split,,decider
701044,2026-07-17,0,ban,Summit,EDG,EDG
701044,2026-07-17,1,ban,Haven,TE,TE
701044,2026-07-17,2,pick,Breeze,EDG,EDG
701044,2026-07-17,3,pick,Ascent,TE,TE
701044,2026-07-17,4,ban,Lotus,EDG,EDG
701044,2026-07-17,5,ban,Split,TE,TE
701044,2026-07-17,6,decider,Sunset,,decider
701045,2026-07-18,0,ban,Breeze,BLG,BLG
701045,2026-07-18,1,ban,Lotus,TEC,TEC
701045,2026-07-18,2,pick,Summit,BLG,BLG
701045,2026-07-18,3,pick,Split,TEC,TEC
701045,2026-07-18,4,ban,Ascent,BLG,BLG
701045,2026-07-18,5,ban,Sunset,TEC,TEC
701045,2026-07-18,6,decider,Haven,,decider
701046,2026-07-18,0,ban,Sunset,XLG,XLG
701046,2026-07-18,1,ban,Breeze,AG,AG
701046,2026-07-18,2,pick,Summit,XLG,XLG
701046,2026-07-18,3,pick,Haven,AG,AG
701046,2026-07-18,4,ban,Ascent,XLG,XLG
701046,2026-07-18,5,ban,Lotus,AG,AG
701046,2026-07-18,6,decider,Split,,decider
701047,2026-07-19,0,ban,Haven,TE,TE
701047,2026-07-19,1,ban,Summit,NOVA,NOVA
701047,2026-07-19,2,pick,Ascent,TE,TE
701047,2026-07-19,3,pick,Sunset,NOVA,NOVA
701047,2026-07-19,4,ban,Split,TE,TE
701047,2026-07-19,5,ban,Lotus,NOVA,NOVA
701047,2026-07-19,6,decider,Breeze,,decider
701048,2026-07-19,0,ban,Summit,DRG,DRG
701048,2026-07-19,1,ban,Breeze,WOL,WOL
701048,2026-07-19,2,pick,Sunset,DRG,DRG
701048,2026-07-19,3,pick,Haven,WOL,WOL
701048,2026-07-19,4,ban,Split,DRG,DRG
701048,2026-07-19,5,ban,Ascent,WOL,WOL
701048,2026-07-19,6,decider,Lotus,,decider
701049,2026-07-19,0,ban,Lotus,EDG,EDG
701049,2026-07-19,1,ban,Summit,JDG,JDG
701049,2026-07-19,2,pick,Breeze,EDG,EDG
701049,2026-07-19,3,pick,Haven,JDG,JDG
701049,2026-07-19,4,ban,Split,EDG,EDG
701049,2026-07-19,5,ban,Ascent,JDG,JDG
701049,2026-07-19,6,decider,Sunset,,decider
701050,2026-07-20,0,ban,Breeze,AG,AG
701050,2026-07-20,1,ban,Lotus,TEC,TEC
701050,2026-07-20,2,pick,Split,AG,AG
701050,2026-07-20,3,pick,Summit,TEC,TEC
701050,2026-07-20,4,ban,Sunset,AG,AG
701050,2026-07-20,5,ban,Haven,TEC,TEC
701050,2026-07-20,6,decider,Ascent,,decider
701051,2026-07-20,0,ban,Sunset,XLG,XLG
701051,2026-07-20,1,ban,Breeze,BLG,BLG
701051,2026-07-20,2,pick,Lotus,XLG,XLG
701051,2026-07-20,3,pick,Summit,BLG,BLG
701051,2026-07-20,4,ban,Haven,XLG,XLG
701051,2026-07-20,5,ban,Split,BLG,BLG
701051,2026-07-20,6,decider,Ascent,,decider
701052,2026-07-21,0,ban,Summit,JDG,JDG
701052,2026-07-21,1,ban,Haven,TE,TE
701052,2026-07-21,2,pick,Lotus,JDG,JDG
701052,2026-07-21,3,pick,Ascent,TE,TE
701052,2026-07-21,4,ban,Sunset,JDG,JDG
701052,2026-07-21,5,ban,Breeze,TE,TE
701052,2026-07-21,6,decider,Split,,decider
701053,2026-07-21,0,ban,Ascent,EDG,EDG
701053,2026-07-21,1,ban,Breeze,NOVA,NOVA
701053,2026-07-21,2,pick,Sunset,EDG,EDG
701053,2026-07-21,3,pick,Lotus,NOVA,NOVA
701053,2026-07-21,4,ban,Haven,EDG,EDG
701053,2026-07-21,5,ban,Summit,NOVA,NOVA
701053,2026-07-21,6,decider,Split,,decider
701054,2026-07-22,0,ban,Sunset,XLG,XLG
701054,2026-07-22,1,ban,Breeze,WOL,WOL
701054,2026-07-22,2,pick,Summit,XLG,XLG
701054,2026-07-22,3,pick,Lotus,WOL,WOL
701054,2026-07-22,4,ban,Haven,XLG,XLG
701054,2026-07-22,5,ban,Ascent,WOL,WOL
701054,2026-07-22,6,decider,Split,,decider
701055,2026-07-22,0,ban,Breeze,AG,AG
701055,2026-07-22,1,ban,Summit,DRG,DRG
701055,2026-07-22,2,pick,Split,AG,AG
701055,2026-07-22,3,pick,Haven,DRG,DRG
701055,2026-07-22,4,ban,Sunset,AG,AG
701055,2026-07-22,5,ban,Ascent,DRG,DRG
701055,2026-07-22,6,decider,Lotus,,decider
701056,2026-07-23,0,ban,Ascent,TYL,TYL
701056,2026-07-23,1,ban,Breeze,NOVA,NOVA
701056,2026-07-23,2,pick,Split,TYL,TYL
701056,2026-07-23,3,pick,Summit,NOVA,NOVA
701056,2026-07-23,4,ban,Haven,TYL,TYL
701056,2026-07-23,5,ban,Sunset,NOVA,NOVA
701056,2026-07-23,6,decider,Lotus,,decider
701057,2026-07-23,0,ban,Summit,EDG,EDG
701057,2026-07-23,1,ban,Haven,FPX,FPX
701057,2026-07-23,2,pick,Breeze,EDG,EDG
701057,2026-07-23,3,pick,Ascent,FPX,FPX
701057,2026-07-23,4,ban,Lotus,EDG,EDG
701057,2026-07-23,5,ban,Sunset,FPX,FPX
701057,2026-07-23,6,decider,Split,,decider
701058,2026-07-24,0,ban,Lotus,TEC,TEC
701058,2026-07-24,1,ban,Haven,TE,TE
701058,2026-07-24,2,pick,Breeze,TEC,TEC
701058,2026-07-24,3,pick,Sunset,TE,TE
701058,2026-07-24,4,ban,Summit,TEC,TEC
701058,2026-07-24,5,ban,Split,TE,TE
701058,2026-07-24,6,decider,Ascent,,decider
701059,2026-07-24,0,ban,Lotus,EDG,EDG
701059,2026-07-24,1,ban,Breeze,AG,AG
701059,2026-07-24,2,pick,Sunset,EDG,EDG
701059,2026-07-24,3,pick,Haven,AG,AG
701059,2026-07-24,4,ban,Summit,EDG,EDG
701059,2026-07-24,5,ban,Ascent,AG,AG
701059,2026-07-24,6,decider,Split,,decider
701060,2026-07-25,0,ban,Sunset,JDG,JDG
701060,2026-07-25,1,ban,Summit,DRG,DRG
701060,2026-07-25,2,pick,Split,JDG,JDG
701060,2026-07-25,3,pick,Breeze,DRG,DRG
701060,2026-07-25,4,ban,Lotus,JDG,JDG
701060,2026-07-25,5,ban,Haven,DRG,DRG
701060,2026-07-25,6,decider,Ascent,,decider
701061,2026-07-25,0,ban,Sunset,XLG,XLG
701061,2026-07-25,1,ban,Summit,TYL,TYL
701061,2026-07-25,2,pick,Breeze,XLG,XLG
701061,2026-07-25,3,pick,Lotus,TYL,TYL
701061,2026-07-25,4,ban,Haven,XLG,XLG
701061,2026-07-25,5,ban,Ascent,TYL,TYL
701061,2026-07-25,6,decider,Split,,decider
701062,2026-07-26,0,ban,Haven,FPX,FPX
701062,2026-07-26,1,ban,Breeze,WOL,WOL
701062,2026-07-26,2,pick,Sunset,FPX,FPX
701062,2026-07-26,3,pick,Lotus,WOL,WOL
701062,2026-07-26,4,ban,Split,FPX,FPX
701062,2026-07-26,5,ban,Ascent,WOL,WOL
701062,2026-07-26,6,decider,Summit,,decider
701063,2026-07-26,0,ban,Split,BLG,BLG
701063,2026-07-26,1,ban,Summit,NOVA,NOVA
701063,2026-07-26,2,pick,Breeze,BLG,BLG
701063,2026-07-26,3,pick,Ascent,NOVA,NOVA
701063,2026-07-26,4,ban,Sunset,BLG,BLG
701063,2026-07-26,5,ban,Haven,NOVA,NOVA
701063,2026-07-26,6,decider,Lotus,,decider
724619,2026-08-05,0,ban,Breeze,AT,AT
724619,2026-08-05,1,ban,Haven,TE,TE
724619,2026-08-05,2,pick,Sunset,AT,AT
724619,2026-08-05,3,pick,Lotus,TE,TE
724619,2026-08-05,4,ban,Ascent,AT,AT
724619,2026-08-05,5,ban,Split,TE,TE
724619,2026-08-05,6,decider,Summit,,decider
724621,2026-08-06,0,ban,Ascent,JDG,JDG
724621,2026-08-06,1,ban,Haven,FPX,FPX
724621,2026-08-06,2,pick,Summit,JDG,JDG
724621,2026-08-06,3,pick,Sunset,FPX,FPX
724621,2026-08-06,4,ban,Breeze,JDG,JDG
724621,2026-08-06,5,ban,Lotus,FPX,FPX
724621,2026-08-06,6,decider,Split,,decider
724622,2026-08-06,0,ban,Breeze,WOL,WOL
724622,2026-08-06,1,ban,Sunset,DRG,DRG
724622,2026-08-06,2,pick,Lotus,WOL,WOL
724622,2026-08-06,3,pick,Haven,DRG,DRG
724622,2026-08-06,4,ban,Ascent,WOL,WOL
724622,2026-08-06,5,ban,Split,DRG,DRG
724622,2026-08-06,6,decider,Summit,,decider
724623,2026-08-07,0,ban,Haven,TE,TE
724623,2026-08-07,1,ban,Breeze,AG,AG
724623,2026-08-07,2,pick,Sunset,TE,TE
724623,2026-08-07,3,pick,Split,AG,AG
724623,2026-08-07,4,ban,Ascent,TE,TE
724623,2026-08-07,5,ban,Lotus,AG,AG
724623,2026-08-07,6,decider,Summit,,decider
724624,2026-08-07,0,ban,Summit,EDG,EDG
724624,2026-08-07,1,ban,Lotus,TEC,TEC
724624,2026-08-07,2,pick,Sunset,EDG,EDG
724624,2026-08-07,3,pick,Split,TEC,TEC
724624,2026-08-07,4,ban,Haven,EDG,EDG
724624,2026-08-07,5,ban,Breeze,TEC,TEC
724624,2026-08-07,6,decider,Ascent,,decider
724625,2026-08-08,0,ban,Breeze,WOL,WOL
724625,2026-08-08,1,ban,Lotus,AT,AT
724625,2026-08-08,2,pick,Haven,WOL,WOL
724625,2026-08-08,3,pick,Ascent,AT,AT
724625,2026-08-08,4,ban,Sunset,WOL,WOL
724625,2026-08-08,5,ban,Split,AT,AT
724625,2026-08-08,6,decider,Summit,,decider
724626,2026-08-08,0,ban,Ascent,KBG,KBG
724626,2026-08-08,1,ban,Haven,FPX,FPX
724626,2026-08-08,2,pick,Breeze,KBG,KBG
724626,2026-08-08,3,pick,Sunset,FPX,FPX
724626,2026-08-08,4,ban,Lotus,KBG,KBG
724626,2026-08-08,5,ban,Split,FPX,FPX
724626,2026-08-08,6,decider,Summit,,decider
724627,2026-08-09,0,ban,Breeze,WOL,WOL
724627,2026-08-09,1,ban,Lotus,EDG,EDG
724627,2026-08-09,2,pick,Ascent,WOL,WOL
724627,2026-08-09,3,pick,Sunset,EDG,EDG
724627,2026-08-09,4,ban,Split,WOL,WOL
724627,2026-08-09,5,ban,Summit,EDG,EDG
724627,2026-08-09,6,decider,Haven,,decider
724628,2026-08-09,0,ban,Split,FPX,FPX
724628,2026-08-09,1,ban,Summit,TE,TE
724628,2026-08-09,2,pick,Ascent,FPX,FPX
724628,2026-08-09,3,pick,Lotus,TE,TE
724628,2026-08-09,4,ban,Sunset,FPX,FPX
724628,2026-08-09,5,ban,Haven,TE,TE
724628,2026-08-09,6,decider,Breeze,,decider
724629,2026-08-10,0,ban,Breeze,AG,AG
724629,2026-08-10,1,ban,Ascent,JDG,JDG
724629,2026-08-10,2,pick,Summit,AG,AG
724629,2026-08-10,3,pick,Sunset,JDG,JDG
724629,2026-08-10,4,ban,Lotus,AG,AG
724629,2026-08-10,5,ban,Haven,JDG,JDG
724629,2026-08-10,6,decider,Split,,decider
724630,2026-08-10,0,ban,Breeze,DRG,DRG
724630,2026-08-10,1,ban,Lotus,TEC,TEC
724630,2026-08-10,2,pick,Summit,DRG,DRG
724630,2026-08-10,3,pick,Ascent,TEC,TEC
724630,2026-08-10,4,ban,Split,DRG,DRG
724630,2026-08-10,5,ban,Sunset,TEC,TEC
724630,2026-08-10,6,decider,Haven,,decider
724631,2026-08-11,0,ban,Lotus,EDG,EDG
724631,2026-08-11,1,ban,Ascent,JDG,JDG
724631,2026-08-11,2,pick,Breeze,EDG,EDG
724631,2026-08-11,3,pick,Summit,JDG,JDG
724631,2026-08-11,4,ban,Split,EDG,EDG
724631,2026-08-11,5,ban,Haven,JDG,JDG
724631,2026-08-11,6,decider,Sunset,,decider
724632,2026-08-11,0,ban,Haven,TE,TE
724632,2026-08-11,1,ban,Lotus,DRG,DRG
724632,2026-08-11,2,pick,Sunset,TE,TE
724632,2026-08-11,3,pick,Ascent,DRG,DRG
724632,2026-08-11,4,ban,Split,TE,TE
724632,2026-08-11,5,ban,Breeze,DRG,DRG
724632,2026-08-11,6,decider,Summit,,decider
724633,2026-08-12,0,ban,Lotus,TEC,TEC
724633,2026-08-12,1,ban,Breeze,AG,AG
724633,2026-08-12,2,pick,Sunset,TEC,TEC
724633,2026-08-12,3,pick,Ascent,AG,AG
724633,2026-08-12,4,ban,Split,TEC,TEC
724633,2026-08-12,5,ban,Haven,AG,AG
724633,2026-08-12,6,decider,Summit,,decider
724634,2026-08-12,0,ban,Ascent,JDG,JDG
724634,2026-08-12,1,ban,Haven,TE,TE
724634,2026-08-12,2,pick,Split,JDG,JDG
724634,2026-08-12,3,pick,Sunset,TE,TE
724634,2026-08-12,4,ban,Lotus,JDG,JDG
724634,2026-08-12,5,ban,Summit,TE,TE
724634,2026-08-12,6,decider,Breeze,,decider
724639,2026-08-14,0,ban,Ascent,JDG,JDG
724639,2026-08-14,1,ban,Haven,NOVA,NOVA
724639,2026-08-14,2,pick,Summit,JDG,JDG
724639,2026-08-14,3,pick,Split,NOVA,NOVA
724639,2026-08-14,4,ban,Sunset,JDG,JDG
724639,2026-08-14,5,ban,Breeze,NOVA,NOVA
724639,2026-08-14,6,decider,Lotus,,decider
724638,2026-08-14,0,ban,Breeze,TYL,TYL
724638,2026-08-14,1,ban,Lotus,TEC,TEC
724638,2026-08-14,2,pick,Sunset,TYL,TYL
724638,2026-08-14,3,pick,Haven,TEC,TEC
724638,2026-08-14,4,ban,Split,TYL,TYL
724638,2026-08-14,5,ban,Summit,TEC,TEC
724638,2026-08-14,6,decider,Ascent,,decider
724641,2026-08-15,0,ban,Breeze,BLG,BLG
724641,2026-08-15,1,ban,Haven,TE,TE
724641,2026-08-15,2,pick,Lotus,BLG,BLG
724641,2026-08-15,3,pick,Sunset,TE,TE
724641,2026-08-15,4,ban,Ascent,BLG,BLG
724641,2026-08-15,5,ban,Summit,TE,TE
724641,2026-08-15,6,decider,Split,,decider
724640,2026-08-15,0,ban,Breeze,AG,AG
724640,2026-08-15,1,ban,Haven,XLG,XLG
724640,2026-08-15,2,pick,Split,AG,AG
724640,2026-08-15,3,pick,Lotus,XLG,XLG
724640,2026-08-15,4,ban,Ascent,AG,AG
724640,2026-08-15,5,ban,Summit,XLG,XLG
724640,2026-08-15,6,decider,Sunset,,decider
724646,2026-08-16,0,ban,Lotus,TEC,TEC
724646,2026-08-16,1,ban,Haven,NOVA,NOVA
724646,2026-08-16,2,pick,Summit,TEC,TEC
724646,2026-08-16,3,pick,Sunset,NOVA,NOVA
724646,2026-08-16,4,ban,Breeze,TEC,TEC
724646,2026-08-16,5,ban,Split,NOVA,NOVA
724646,2026-08-16,6,decider,Ascent,,decider
724647,2026-08-16,0,ban,Breeze,AG,AG
724647,2026-08-16,1,ban,Haven,TE,TE
724647,2026-08-16,2,pick,Split,AG,AG
724647,2026-08-16,3,pick,Lotus,TE,TE
724647,2026-08-16,4,ban,Sunset,AG,AG
724647,2026-08-16,5,ban,Summit,TE,TE
724647,2026-08-16,6,decider,Ascent,,decider
724642,2026-08-19,0,ban,Split,TYL,TYL
724642,2026-08-19,1,ban,Sunset,JDG,JDG
724642,2026-08-19,2,pick,Breeze,TYL,TYL
724642,2026-08-19,3,pick,Summit,JDG,JDG
724642,2026-08-19,4,ban,Lotus,TYL,TYL
724642,2026-08-19,5,ban,Haven,JDG,JDG
724642,2026-08-19,6,decider,Ascent,,decider
724643,2026-08-19,0,ban,Summit,XLG,XLG
724643,2026-08-19,1,ban,Breeze,BLG,BLG
724643,2026-08-19,2,pick,Lotus,XLG,XLG
724643,2026-08-19,3,pick,Split,BLG,BLG
724643,2026-08-19,4,ban,Ascent,XLG,XLG
724643,2026-08-19,5,ban,Sunset,BLG,BLG
724643,2026-08-19,6,decider,Haven,,decider
724649,2026-08-20,0,ban,Breeze,AG,AG
724649,2026-08-20,1,ban,Ascent,TYL,TYL
724649,2026-08-20,2,pick,Split,AG,AG
724649,2026-08-20,3,pick,Sunset,TYL,TYL
724649,2026-08-20,4,ban,Lotus,AG,AG
724649,2026-08-20,5,ban,Haven,TYL,TYL
724649,2026-08-20,6,decider,Summit,,decider
724648,2026-08-20,0,ban,Summit,NOVA,NOVA
724648,2026-08-20,1,ban,Ascent,XLG,XLG
724648,2026-08-20,2,pick,Split,NOVA,NOVA
724648,2026-08-20,3,pick,Lotus,XLG,XLG
724648,2026-08-20,4,ban,Haven,NOVA,NOVA
724648,2026-08-20,5,ban,Sunset,XLG,XLG
724648,2026-08-20,6,decider,Breeze,,decider
724644,2026-08-21,0,ban,Breeze,BLG,BLG
724644,2026-08-21,1,ban,Haven,JDG,JDG
724644,2026-08-21,2,pick,Lotus,BLG,BLG
724644,2026-08-21,3,pick,Split,JDG,JDG
724644,2026-08-21,4,ban,Ascent,BLG,BLG
724644,2026-08-21,5,ban,Sunset,JDG,JDG
724644,2026-08-21,6,decider,Summit,,decider
724650,2026-08-21,0,ban,Sunset,NOVA,NOVA
724650,2026-08-21,1,ban,Breeze,TYL,TYL
724650,2026-08-21,2,pick,Ascent,NOVA,NOVA
724650,2026-08-21,3,pick,Summit,TYL,TYL
724650,2026-08-21,4,ban,Haven,NOVA,NOVA
724650,2026-08-21,5,ban,Split,TYL,TYL
724650,2026-08-21,6,decider,Lotus,,decider
724651,2026-08-22,0,ban,Haven,TYL,TYL
724651,2026-08-22,1,ban,Breeze,BLG,BLG
724651,2026-08-22,2,pick,Sunset,TYL,TYL
724651,2026-08-22,3,pick,Summit,BLG,BLG
724651,2026-08-22,4,pick,Split,TYL,TYL
724651,2026-08-22,5,pick,Lotus,BLG,BLG
724651,2026-08-22,6,decider,Ascent,,decider
724645,2026-08-23,0,ban,Haven,JDG,JDG
724645,2026-08-23,1,ban,Sunset,JDG,JDG
724645,2026-08-23,2,pick,Lotus,JDG,JDG
724645,2026-08-23,3,pick,Split,TYL,TYL
724645,2026-08-23,4,pick,Breeze,JDG,JDG
724645,2026-08-23,5,pick,Summit,TYL,TYL
724645,2026-08-23,6,decider,Ascent,,decider
753455,2026-09-24,0,ban,Abyss,PRX,PRX
753455,2026-09-24,1,ban,Sunset,TL,TL
753455,2026-09-24,2,pick,Ascent,PRX,PRX
753455,2026-09-24,3,pick,Haven,TL,TL
753455,2026-09-24,4,ban,Summit,PRX,PRX
753455,2026-09-24,5,ban,Split,TL,TL
753455,2026-09-24,6,decider,Lotus,,decider
753454,2026-09-24,0,ban,Summit,G2,G2
753454,2026-09-24,1,ban,Abyss,TYL,TYL
753454,2026-09-24,2,pick,Lotus,G2,G2
753454,2026-09-24,3,pick,Sunset,TYL,TYL
753454,2026-09-24,4,ban,Split,G2,G2
753454,2026-09-24,5,ban,Ascent,TYL,TYL
753454,2026-09-24,6,decider,Haven,,decider
753460,2026-09-25,0,ban,Abyss,NRG,NRG
753460,2026-09-25,1,ban,Summit,NS,NS
753460,2026-09-25,2,pick,Lotus,NRG,NRG
753460,2026-09-25,3,pick,Split,NS,NS
753460,2026-09-25,4,ban,Ascent,NRG,NRG
753460,2026-09-25,5,ban,Haven,NS,NS
753460,2026-09-25,6,decider,Sunset,,decider
753459,2026-09-25,0,ban,Split,KC,KC
753459,2026-09-25,1,ban,Haven,XLG,XLG
753459,2026-09-25,2,pick,Sunset,KC,KC
753459,2026-09-25,3,pick,Abyss,XLG,XLG
753459,2026-09-25,4,ban,Summit,KC,KC
753459,2026-09-25,5,ban,Lotus,XLG,XLG
753459,2026-09-25,6,decider,Ascent,,decider
753449,2026-09-26,0,ban,Sunset,VIT,VIT
753449,2026-09-26,1,ban,Split,GE,GE
753449,2026-09-26,2,pick,Abyss,VIT,VIT
753449,2026-09-26,3,pick,Ascent,GE,GE
753449,2026-09-26,4,ban,Haven,VIT,VIT
753449,2026-09-26,5,ban,Lotus,GE,GE
753449,2026-09-26,6,decider,Summit,,decider
753450,2026-09-26,0,ban,Ascent,EDG,EDG
753450,2026-09-26,1,ban,Split,LOUD,LOUD
753450,2026-09-26,2,pick,Lotus,EDG,EDG
753450,2026-09-26,3,pick,Summit,LOUD,LOUD
753450,2026-09-26,4,ban,Abyss,EDG,EDG
753450,2026-09-26,5,ban,Haven,LOUD,LOUD
753450,2026-09-26,6,decider,Sunset,,decider
753444,2026-09-27,0,ban,Split,T1,T1
753444,2026-09-27,1,ban,Lotus,100T,100T
753444,2026-09-27,2,pick,Summit,T1,T1
753444,2026-09-27,3,pick,Ascent,100T,100T
753444,2026-09-27,4,ban,Haven,T1,T1
753444,2026-09-27,5,ban,Abyss,100T,100T
753444,2026-09-27,6,decider,Sunset,,decider
753445,2026-09-27,0,ban,Abyss,FUT,FUT
753445,2026-09-27,1,ban,Haven,JDG,JDG
753445,2026-09-27,2,pick,Ascent,FUT,FUT
753445,2026-09-27,3,pick,Summit,JDG,JDG
753445,2026-09-27,4,ban,Lotus,FUT,FUT
753445,2026-09-27,5,ban,Sunset,JDG,JDG
753445,2026-09-27,6,decider,Split,,decider
753456,2026-09-29,0,ban,Abyss,PRX,PRX
753456,2026-09-29,1,ban,Summit,G2,G2
753456,2026-09-29,2,pick,Split,PRX,PRX
753456,2026-09-29,3,pick,Haven,G2,G2
753456,2026-09-29,4,ban,Ascent,PRX,PRX
753456,2026-09-29,5,ban,Sunset,G2,G2
753456,2026-09-29,6,decider,Lotus,,decider
753461,2026-09-29,0,ban,Split,KC,KC
753461,2026-09-29,1,ban,Sunset,NRG,NRG
753461,2026-09-29,2,pick,Ascent,KC,KC
753461,2026-09-29,3,pick,Summit,NRG,NRG
753461,2026-09-29,4,ban,Lotus,KC,KC
753461,2026-09-29,5,ban,Abyss,NRG,NRG
753461,2026-09-29,6,decider,Haven,,decider
753451,2026-09-30,0,ban,Sunset,VIT,VIT
753451,2026-09-30,1,ban,Split,LOUD,LOUD
753451,2026-09-30,2,pick,Ascent,VIT,VIT
753451,2026-09-30,3,pick,Summit,LOUD,LOUD
753451,2026-09-30,4,ban,Abyss,VIT,VIT
753451,2026-09-30,5,ban,Haven,LOUD,LOUD
753451,2026-09-30,6,decider,Lotus,,decider
753446,2026-09-30,0,ban,Abyss,FUT,FUT
753446,2026-09-30,1,ban,Haven,100T,100T
753446,2026-09-30,2,pick,Split,FUT,FUT
753446,2026-09-30,3,pick,Lotus,100T,100T
753446,2026-09-30,4,ban,Summit,FUT,FUT
753446,2026-09-30,5,ban,Ascent,100T,100T
753446,2026-09-30,6,decider,Sunset,,decider
753457,2026-10-01,0,ban,Sunset,TL,TL
753457,2026-10-01,1,ban,Haven,TYL,TYL
753457,2026-10-01,2,pick,Split,TL,TL
753457,2026-10-01,3,pick,Summit,TYL,TYL
753457,2026-10-01,4,ban,Ascent,TL,TL
753457,2026-10-01,5,ban,Abyss,TYL,TYL
753457,2026-10-01,6,decider,Lotus,,decider
753462,2026-10-01,0,ban,Haven,XLG,XLG
753462,2026-10-01,1,ban,Lotus,NS,NS
753462,2026-10-01,2,pick,Summit,XLG,XLG
753462,2026-10-01,3,pick,Sunset,NS,NS
753462,2026-10-01,4,ban,Ascent,XLG,XLG
753462,2026-10-01,5,ban,Split,NS,NS
753462,2026-10-01,6,decider,Abyss,,decider
753452,2026-10-02,0,ban,Split,GE,GE
753452,2026-10-02,1,ban,Ascent,EDG,EDG
753452,2026-10-02,2,pick,Summit,GE,GE
753452,2026-10-02,3,pick,Sunset,EDG,EDG
753452,2026-10-02,4,ban,Haven,GE,GE
753452,2026-10-02,5,ban,Abyss,EDG,EDG
753452,2026-10-02,6,decider,Lotus,,decider
753447,2026-10-02,0,ban,Split,T1,T1
753447,2026-10-02,1,ban,Ascent,JDG,JDG
753447,2026-10-02,2,pick,Lotus,T1,T1
753447,2026-10-02,3,pick,Abyss,JDG,JDG
753447,2026-10-02,4,ban,Summit,T1,T1
753447,2026-10-02,5,ban,Sunset,JDG,JDG
753447,2026-10-02,6,decider,Haven,,decider
753458,2026-10-03,0,ban,Sunset,TL,TL
753458,2026-10-03,1,ban,Haven,G2,G2
753458,2026-10-03,2,pick,Split,TL,TL
753458,2026-10-03,3,pick,Abyss,G2,G2
753458,2026-10-03,4,ban,Summit,TL,TL
753458,2026-10-03,5,ban,Lotus,G2,G2
753458,2026-10-03,6,decider,Ascent,,decider
753463,2026-10-03,0,ban,Split,KC,KC
753463,2026-10-03,1,ban,Lotus,NS,NS
753463,2026-10-03,2,pick,Sunset,KC,KC
753463,2026-10-03,3,pick,Summit,NS,NS
753463,2026-10-03,4,ban,Abyss,KC,KC
753463,2026-10-03,5,ban,Ascent,NS,NS
753463,2026-10-03,6,decider,Haven,,decider
753453,2026-10-04,0,ban,Lotus,GE,GE
753453,2026-10-04,1,ban,Ascent,LOUD,LOUD
753453,2026-10-04,2,pick,Split,GE,GE
753453,2026-10-04,3,pick,Sunset,LOUD,LOUD
753453,2026-10-04,4,ban,Summit,GE,GE
753453,2026-10-04,5,ban,Haven,LOUD,LOUD
753453,2026-10-04,6,decider,Abyss,,decider
753448,2026-10-04,0,ban,Split,T1,T1
753448,2026-10-04,1,ban,Lotus,FUT,FUT
753448,2026-10-04,2,pick,Sunset,T1,T1
753448,2026-10-04,3,pick,Ascent,FUT,FUT
753448,2026-10-04,4,ban,Haven,T1,T1
753448,2026-10-04,5,ban,Abyss,FUT,FUT
753448,2026-10-04,6,decider,Summit,,decider
